=== Rusticl warning: Patched Mesa libclc not detected. Upstream libclc may contain known bugs or breaking changes and isn't guaranteed to work reliably. Please visit https://gitlab.freedesktop.org/karolherbst/mesa-libclc for more information. ===

**************************
***    !! WARNING !!   ***
*** Wimpy mode enabled ***
**************************

 Initializing random seed to 0.
Requesting Default device based on command line for platform index 0 and device index 0
Compute Device Name = Apple M1 (G13G B1), Compute Device Vendor = Apple, Compute Device Version = OpenCL 3.0 , CL C Version = OpenCL C 1.2 
Device latest conformance version passed: v2024-08-08-00
Supports single precision denormals: NO
sizeof( void*) = 8  (host)
sizeof( void*) = 8  (device)
1D...
---- Supported 1D read formats for this device ---- 
  CL_R    CL_SNORM_INT8            1
  CL_R    CL_SNORM_INT16           1
  CL_R    CL_UNORM_INT8            1
  CL_R    CL_UNORM_INT16           1
  CL_R    CL_SIGNED_INT8           1
  CL_R    CL_SIGNED_INT16          1
  CL_R    CL_SIGNED_INT32          1
  CL_R    CL_UNSIGNED_INT8         1
  CL_R    CL_UNSIGNED_INT16        1
  CL_R    CL_UNSIGNED_INT32        1
  CL_R    CL_HALF_FLOAT            1
  CL_R    CL_FLOAT                 1
  CL_RG   CL_SNORM_INT8            2
  CL_RG   CL_SNORM_INT16           2
  CL_RG   CL_UNORM_INT8            2
  CL_RG   CL_UNORM_INT16           2
  CL_RG   CL_SIGNED_INT8           2
  CL_RG   CL_SIGNED_INT16          2
  CL_RG   CL_SIGNED_INT32          2
  CL_RG   CL_UNSIGNED_INT8         2
  CL_RG   CL_UNSIGNED_INT16        2
  CL_RG   CL_UNSIGNED_INT32        2
  CL_RG   CL_HALF_FLOAT            2
  CL_RG   CL_FLOAT                 2
  CL_RGBA CL_SNORM_INT8            4
  CL_RGBA CL_SNORM_INT16           4
  CL_RGBA CL_UNORM_INT8            4
  CL_RGBA CL_UNORM_INT16           4
  CL_RGBA CL_SIGNED_INT8           4
  CL_RGBA CL_SIGNED_INT16          4
  CL_RGBA CL_SIGNED_INT32          4
  CL_RGBA CL_UNSIGNED_INT8         4
  CL_RGBA CL_UNSIGNED_INT16        4
  CL_RGBA CL_UNSIGNED_INT32        4
  CL_RGBA CL_HALF_FLOAT            4
  CL_RGBA CL_FLOAT                 4
  CL_BGRA CL_SNORM_INT8            4
  CL_BGRA CL_UNORM_INT8            4
  CL_BGRA CL_SIGNED_INT8           4
  CL_BGRA CL_UNSIGNED_INT8         4
  CL_ARGB CL_SNORM_INT8            4
  CL_ARGB CL_UNORM_INT8            4
  CL_sRGBA CL_UNORM_INT8            4
  CL_sBGRA CL_UNORM_INT8            4
  CL_ABGR CL_SNORM_INT8            4
  CL_ABGR CL_UNORM_INT8            4
  CL_ABGR CL_UNORM_INT_2_101010_EXT 4
------------------------------------------- 
read_image (integer coords, int results) *****************************
[CL_R    CL_SIGNED_INT8           1] - CL_FILTER_NEAREST - CL_ADDRESS_CLAMP_TO_EDGE - UNNORMALIZED
[CL_R    CL_SIGNED_INT8           1] - CL_FILTER_NEAREST - CL_ADDRESS_CLAMP - UNNORMALIZED
[CL_R    CL_SIGNED_INT16          1] - CL_FILTER_NEAREST - CL_ADDRESS_CLAMP_TO_EDGE - UNNORMALIZED
[CL_R    CL_SIGNED_INT16          1] - CL_FILTER_NEAREST - CL_ADDRESS_CLAMP - UNNORMALIZED
[CL_R    CL_SIGNED_INT32          1] - CL_FILTER_NEAREST - CL_ADDRESS_CLAMP_TO_EDGE - UNNORMALIZED
[CL_R    CL_SIGNED_INT32          1] - CL_FILTER_NEAREST - CL_ADDRESS_CLAMP - UNNORMALIZED
[CL_RG   CL_SIGNED_INT8           2] - CL_FILTER_NEAREST - CL_ADDRESS_CLAMP_TO_EDGE - UNNORMALIZED
[CL_RG   CL_SIGNED_INT8           2] - CL_FILTER_NEAREST - CL_ADDRESS_CLAMP - UNNORMALIZED
[CL_RG   CL_SIGNED_INT16          2] - CL_FILTER_NEAREST - CL_ADDRESS_CLAMP_TO_EDGE - UNNORMALIZED
[CL_RG   CL_SIGNED_INT16          2] - CL_FILTER_NEAREST - CL_ADDRESS_CLAMP - UNNORMALIZED
[CL_RG   CL_SIGNED_INT32          2] - CL_FILTER_NEAREST - CL_ADDRESS_CLAMP_TO_EDGE - UNNORMALIZED
[CL_RG   CL_SIGNED_INT32          2] - CL_FILTER_NEAREST - CL_ADDRESS_CLAMP - UNNORMALIZED
[CL_RGBA CL_SIGNED_INT8           4] - CL_FILTER_NEAREST - CL_ADDRESS_CLAMP_TO_EDGE - UNNORMALIZED
[CL_RGBA CL_SIGNED_INT8           4] - CL_FILTER_NEAREST - CL_ADDRESS_CLAMP - UNNORMALIZED
[CL_RGBA CL_SIGNED_INT16          4] - CL_FILTER_NEAREST - CL_ADDRESS_CLAMP_TO_EDGE - UNNORMALIZED
[CL_RGBA CL_SIGNED_INT16          4] - CL_FILTER_NEAREST - CL_ADDRESS_CLAMP - UNNORMALIZED
[CL_RGBA CL_SIGNED_INT32          4] - CL_FILTER_NEAREST - CL_ADDRESS_CLAMP_TO_EDGE - UNNORMALIZED
[CL_RGBA CL_SIGNED_INT32          4] - CL_FILTER_NEAREST - CL_ADDRESS_CLAMP - UNNORMALIZED
[CL_BGRA CL_SIGNED_INT8           4] - CL_FILTER_NEAREST - CL_ADDRESS_CLAMP_TO_EDGE - UNNORMALIZED
[CL_BGRA CL_SIGNED_INT8           4] - CL_FILTER_NEAREST - CL_ADDRESS_CLAMP - UNNORMALIZED
read_image (unnormalized float coords, int results) *****************************
[CL_R    CL_SIGNED_INT8           1] - CL_FILTER_NEAREST - CL_ADDRESS_CLAMP_TO_EDGE - UNNORMALIZED
[CL_R    CL_SIGNED_INT8           1] - CL_FILTER_NEAREST - CL_ADDRESS_CLAMP - UNNORMALIZED
[CL_R    CL_SIGNED_INT16          1] - CL_FILTER_NEAREST - CL_ADDRESS_CLAMP_TO_EDGE - UNNORMALIZED
[CL_R    CL_SIGNED_INT16          1] - CL_FILTER_NEAREST - CL_ADDRESS_CLAMP - UNNORMALIZED
[CL_R    CL_SIGNED_INT32          1] - CL_FILTER_NEAREST - CL_ADDRESS_CLAMP_TO_EDGE - UNNORMALIZED
[CL_R    CL_SIGNED_INT32          1] - CL_FILTER_NEAREST - CL_ADDRESS_CLAMP - UNNORMALIZED
[CL_RG   CL_SIGNED_INT8           2] - CL_FILTER_NEAREST - CL_ADDRESS_CLAMP_TO_EDGE - UNNORMALIZED
[CL_RG   CL_SIGNED_INT8           2] - CL_FILTER_NEAREST - CL_ADDRESS_CLAMP - UNNORMALIZED
[CL_RG   CL_SIGNED_INT16          2] - CL_FILTER_NEAREST - CL_ADDRESS_CLAMP_TO_EDGE - UNNORMALIZED
[CL_RG   CL_SIGNED_INT16          2] - CL_FILTER_NEAREST - CL_ADDRESS_CLAMP - UNNORMALIZED
[CL_RG   CL_SIGNED_INT32          2] - CL_FILTER_NEAREST - CL_ADDRESS_CLAMP_TO_EDGE - UNNORMALIZED
[CL_RG   CL_SIGNED_INT32          2] - CL_FILTER_NEAREST - CL_ADDRESS_CLAMP - UNNORMALIZED
[CL_RGBA CL_SIGNED_INT8           4] - CL_FILTER_NEAREST - CL_ADDRESS_CLAMP_TO_EDGE - UNNORMALIZED
[CL_RGBA CL_SIGNED_INT8           4] - CL_FILTER_NEAREST - CL_ADDRESS_CLAMP - UNNORMALIZED
[CL_RGBA CL_SIGNED_INT16          4] - CL_FILTER_NEAREST - CL_ADDRESS_CLAMP_TO_EDGE - UNNORMALIZED
[CL_RGBA CL_SIGNED_INT16          4] - CL_FILTER_NEAREST - CL_ADDRESS_CLAMP - UNNORMALIZED
[CL_RGBA CL_SIGNED_INT32          4] - CL_FILTER_NEAREST - CL_ADDRESS_CLAMP_TO_EDGE - UNNORMALIZED
[CL_RGBA CL_SIGNED_INT32          4] - CL_FILTER_NEAREST - CL_ADDRESS_CLAMP - UNNORMALIZED
[CL_BGRA CL_SIGNED_INT8           4] - CL_FILTER_NEAREST - CL_ADDRESS_CLAMP_TO_EDGE - UNNORMALIZED
[CL_BGRA CL_SIGNED_INT8           4] - CL_FILTER_NEAREST - CL_ADDRESS_CLAMP - UNNORMALIZED
read_image (normalized float coords, int results) *****************************
[CL_R    CL_SIGNED_INT8           1] - CL_FILTER_NEAREST - CL_ADDRESS_CLAMP_TO_EDGE - NORMALIZED
[CL_R    CL_SIGNED_INT8           1] - CL_FILTER_NEAREST - CL_ADDRESS_CLAMP - NORMALIZED
[CL_R    CL_SIGNED_INT8           1] - CL_FILTER_NEAREST - CL_ADDRESS_REPEAT - NORMALIZED
[CL_R    CL_SIGNED_INT8           1] - CL_FILTER_NEAREST - CL_ADDRESS_MIRRORED_REPEAT - NORMALIZED
[CL_R    CL_SIGNED_INT16          1] - CL_FILTER_NEAREST - CL_ADDRESS_CLAMP_TO_EDGE - NORMALIZED
[CL_R    CL_SIGNED_INT16          1] - CL_FILTER_NEAREST - CL_ADDRESS_CLAMP - NORMALIZED
[CL_R    CL_SIGNED_INT16          1] - CL_FILTER_NEAREST - CL_ADDRESS_REPEAT - NORMALIZED
[CL_R    CL_SIGNED_INT16          1] - CL_FILTER_NEAREST - CL_ADDRESS_MIRRORED_REPEAT - NORMALIZED
[CL_R    CL_SIGNED_INT32          1] - CL_FILTER_NEAREST - CL_ADDRESS_CLAMP_TO_EDGE - NORMALIZED
[CL_R    CL_SIGNED_INT32          1] - CL_FILTER_NEAREST - CL_ADDRESS_CLAMP - NORMALIZED
[CL_R    CL_SIGNED_INT32          1] - CL_FILTER_NEAREST - CL_ADDRESS_REPEAT - NORMALIZED
[CL_R    CL_SIGNED_INT32          1] - CL_FILTER_NEAREST - CL_ADDRESS_MIRRORED_REPEAT - NORMALIZED
[CL_RG   CL_SIGNED_INT8           2] - CL_FILTER_NEAREST - CL_ADDRESS_CLAMP_TO_EDGE - NORMALIZED
[CL_RG   CL_SIGNED_INT8           2] - CL_FILTER_NEAREST - CL_ADDRESS_CLAMP - NORMALIZED
[CL_RG   CL_SIGNED_INT8           2] - CL_FILTER_NEAREST - CL_ADDRESS_REPEAT - NORMALIZED
[CL_RG   CL_SIGNED_INT8           2] - CL_FILTER_NEAREST - CL_ADDRESS_MIRRORED_REPEAT - NORMALIZED
[CL_RG   CL_SIGNED_INT16          2] - CL_FILTER_NEAREST - CL_ADDRESS_CLAMP_TO_EDGE - NORMALIZED
[CL_RG   CL_SIGNED_INT16          2] - CL_FILTER_NEAREST - CL_ADDRESS_CLAMP - NORMALIZED
[CL_RG   CL_SIGNED_INT16          2] - CL_FILTER_NEAREST - CL_ADDRESS_REPEAT - NORMALIZED
[CL_RG   CL_SIGNED_INT16          2] - CL_FILTER_NEAREST - CL_ADDRESS_MIRRORED_REPEAT - NORMALIZED
[CL_RG   CL_SIGNED_INT32          2] - CL_FILTER_NEAREST - CL_ADDRESS_CLAMP_TO_EDGE - NORMALIZED
[CL_RG   CL_SIGNED_INT32          2] - CL_FILTER_NEAREST - CL_ADDRESS_CLAMP - NORMALIZED
[CL_RG   CL_SIGNED_INT32          2] - CL_FILTER_NEAREST - CL_ADDRESS_REPEAT - NORMALIZED
[CL_RG   CL_SIGNED_INT32          2] - CL_FILTER_NEAREST - CL_ADDRESS_MIRRORED_REPEAT - NORMALIZED
[CL_RGBA CL_SIGNED_INT8           4] - CL_FILTER_NEAREST - CL_ADDRESS_CLAMP_TO_EDGE - NORMALIZED
[CL_RGBA CL_SIGNED_INT8           4] - CL_FILTER_NEAREST - CL_ADDRESS_CLAMP - NORMALIZED
[CL_RGBA CL_SIGNED_INT8           4] - CL_FILTER_NEAREST - CL_ADDRESS_REPEAT - NORMALIZED
[CL_RGBA CL_SIGNED_INT8           4] - CL_FILTER_NEAREST - CL_ADDRESS_MIRRORED_REPEAT - NORMALIZED
[CL_RGBA CL_SIGNED_INT16          4] - CL_FILTER_NEAREST - CL_ADDRESS_CLAMP_TO_EDGE - NORMALIZED
[CL_RGBA CL_SIGNED_INT16          4] - CL_FILTER_NEAREST - CL_ADDRESS_CLAMP - NORMALIZED
[CL_RGBA CL_SIGNED_INT16          4] - CL_FILTER_NEAREST - CL_ADDRESS_REPEAT - NORMALIZED
[CL_RGBA CL_SIGNED_INT16          4] - CL_FILTER_NEAREST - CL_ADDRESS_MIRRORED_REPEAT - NORMALIZED
[CL_RGBA CL_SIGNED_INT32          4] - CL_FILTER_NEAREST - CL_ADDRESS_CLAMP_TO_EDGE - NORMALIZED
[CL_RGBA CL_SIGNED_INT32          4] - CL_FILTER_NEAREST - CL_ADDRESS_CLAMP - NORMALIZED
[CL_RGBA CL_SIGNED_INT32          4] - CL_FILTER_NEAREST - CL_ADDRESS_REPEAT - NORMALIZED
[CL_RGBA CL_SIGNED_INT32          4] - CL_FILTER_NEAREST - CL_ADDRESS_MIRRORED_REPEAT - NORMALIZED
[CL_BGRA CL_SIGNED_INT8           4] - CL_FILTER_NEAREST - CL_ADDRESS_CLAMP_TO_EDGE - NORMALIZED
[CL_BGRA CL_SIGNED_INT8           4] - CL_FILTER_NEAREST - CL_ADDRESS_CLAMP - NORMALIZED
[CL_BGRA CL_SIGNED_INT8           4] - CL_FILTER_NEAREST - CL_ADDRESS_REPEAT - NORMALIZED
[CL_BGRA CL_SIGNED_INT8           4] - CL_FILTER_NEAREST - CL_ADDRESS_MIRRORED_REPEAT - NORMALIZED
read_image (integer coords, uint results) *****************************
[CL_R    CL_UNSIGNED_INT8         1] - CL_FILTER_NEAREST - CL_ADDRESS_CLAMP_TO_EDGE - UNNORMALIZED
[CL_R    CL_UNSIGNED_INT8         1] - CL_FILTER_NEAREST - CL_ADDRESS_CLAMP - UNNORMALIZED
[CL_R    CL_UNSIGNED_INT16        1] - CL_FILTER_NEAREST - CL_ADDRESS_CLAMP_TO_EDGE - UNNORMALIZED
[CL_R    CL_UNSIGNED_INT16        1] - CL_FILTER_NEAREST - CL_ADDRESS_CLAMP - UNNORMALIZED
[CL_R    CL_UNSIGNED_INT32        1] - CL_FILTER_NEAREST - CL_ADDRESS_CLAMP_TO_EDGE - UNNORMALIZED
[CL_R    CL_UNSIGNED_INT32        1] - CL_FILTER_NEAREST - CL_ADDRESS_CLAMP - UNNORMALIZED
[CL_RG   CL_UNSIGNED_INT8         2] - CL_FILTER_NEAREST - CL_ADDRESS_CLAMP_TO_EDGE - UNNORMALIZED
[CL_RG   CL_UNSIGNED_INT8         2] - CL_FILTER_NEAREST - CL_ADDRESS_CLAMP - UNNORMALIZED
[CL_RG   CL_UNSIGNED_INT16        2] - CL_FILTER_NEAREST - CL_ADDRESS_CLAMP_TO_EDGE - UNNORMALIZED
[CL_RG   CL_UNSIGNED_INT16        2] - CL_FILTER_NEAREST - CL_ADDRESS_CLAMP - UNNORMALIZED
[CL_RG   CL_UNSIGNED_INT32        2] - CL_FILTER_NEAREST - CL_ADDRESS_CLAMP_TO_EDGE - UNNORMALIZED
[CL_RG   CL_UNSIGNED_INT32        2] - CL_FILTER_NEAREST - CL_ADDRESS_CLAMP - UNNORMALIZED
[CL_RGBA CL_UNSIGNED_INT8         4] - CL_FILTER_NEAREST - CL_ADDRESS_CLAMP_TO_EDGE - UNNORMALIZED
[CL_RGBA CL_UNSIGNED_INT8         4] - CL_FILTER_NEAREST - CL_ADDRESS_CLAMP - UNNORMALIZED
[CL_RGBA CL_UNSIGNED_INT16        4] - CL_FILTER_NEAREST - CL_ADDRESS_CLAMP_TO_EDGE - UNNORMALIZED
[CL_RGBA CL_UNSIGNED_INT16        4] - CL_FILTER_NEAREST - CL_ADDRESS_CLAMP - UNNORMALIZED
[CL_RGBA CL_UNSIGNED_INT32        4] - CL_FILTER_NEAREST - CL_ADDRESS_CLAMP_TO_EDGE - UNNORMALIZED
[CL_RGBA CL_UNSIGNED_INT32        4] - CL_FILTER_NEAREST - CL_ADDRESS_CLAMP - UNNORMALIZED
[CL_BGRA CL_UNSIGNED_INT8         4] - CL_FILTER_NEAREST - CL_ADDRESS_CLAMP_TO_EDGE - UNNORMALIZED
[CL_BGRA CL_UNSIGNED_INT8         4] - CL_FILTER_NEAREST - CL_ADDRESS_CLAMP - UNNORMALIZED
read_image (unnormalized float coords, uint results) *****************************
[CL_R    CL_UNSIGNED_INT8         1] - CL_FILTER_NEAREST - CL_ADDRESS_CLAMP_TO_EDGE - UNNORMALIZED
[CL_R    CL_UNSIGNED_INT8         1] - CL_FILTER_NEAREST - CL_ADDRESS_CLAMP - UNNORMALIZED
[CL_R    CL_UNSIGNED_INT16        1] - CL_FILTER_NEAREST - CL_ADDRESS_CLAMP_TO_EDGE - UNNORMALIZED
[CL_R    CL_UNSIGNED_INT16        1] - CL_FILTER_NEAREST - CL_ADDRESS_CLAMP - UNNORMALIZED
[CL_R    CL_UNSIGNED_INT32        1] - CL_FILTER_NEAREST - CL_ADDRESS_CLAMP_TO_EDGE - UNNORMALIZED
[CL_R    CL_UNSIGNED_INT32        1] - CL_FILTER_NEAREST - CL_ADDRESS_CLAMP - UNNORMALIZED
[CL_RG   CL_UNSIGNED_INT8         2] - CL_FILTER_NEAREST - CL_ADDRESS_CLAMP_TO_EDGE - UNNORMALIZED
[CL_RG   CL_UNSIGNED_INT8         2] - CL_FILTER_NEAREST - CL_ADDRESS_CLAMP - UNNORMALIZED
[CL_RG   CL_UNSIGNED_INT16        2] - CL_FILTER_NEAREST - CL_ADDRESS_CLAMP_TO_EDGE - UNNORMALIZED
[CL_RG   CL_UNSIGNED_INT16        2] - CL_FILTER_NEAREST - CL_ADDRESS_CLAMP - UNNORMALIZED
[CL_RG   CL_UNSIGNED_INT32        2] - CL_FILTER_NEAREST - CL_ADDRESS_CLAMP_TO_EDGE - UNNORMALIZED
[CL_RG   CL_UNSIGNED_INT32        2] - CL_FILTER_NEAREST - CL_ADDRESS_CLAMP - UNNORMALIZED
[CL_RGBA CL_UNSIGNED_INT8         4] - CL_FILTER_NEAREST - CL_ADDRESS_CLAMP_TO_EDGE - UNNORMALIZED
[CL_RGBA CL_UNSIGNED_INT8         4] - CL_FILTER_NEAREST - CL_ADDRESS_CLAMP - UNNORMALIZED
[CL_RGBA CL_UNSIGNED_INT16        4] - CL_FILTER_NEAREST - CL_ADDRESS_CLAMP_TO_EDGE - UNNORMALIZED
[CL_RGBA CL_UNSIGNED_INT16        4] - CL_FILTER_NEAREST - CL_ADDRESS_CLAMP - UNNORMALIZED
[CL_RGBA CL_UNSIGNED_INT32        4] - CL_FILTER_NEAREST - CL_ADDRESS_CLAMP_TO_EDGE - UNNORMALIZED
[CL_RGBA CL_UNSIGNED_INT32        4] - CL_FILTER_NEAREST - CL_ADDRESS_CLAMP - UNNORMALIZED
[CL_BGRA CL_UNSIGNED_INT8         4] - CL_FILTER_NEAREST - CL_ADDRESS_CLAMP_TO_EDGE - UNNORMALIZED
[CL_BGRA CL_UNSIGNED_INT8         4] - CL_FILTER_NEAREST - CL_ADDRESS_CLAMP - UNNORMALIZED
read_image (normalized float coords, uint results) *****************************
[CL_R    CL_UNSIGNED_INT8         1] - CL_FILTER_NEAREST - CL_ADDRESS_CLAMP_TO_EDGE - NORMALIZED
[CL_R    CL_UNSIGNED_INT8         1] - CL_FILTER_NEAREST - CL_ADDRESS_CLAMP - NORMALIZED
[CL_R    CL_UNSIGNED_INT8         1] - CL_FILTER_NEAREST - CL_ADDRESS_REPEAT - NORMALIZED
[CL_R    CL_UNSIGNED_INT8         1] - CL_FILTER_NEAREST - CL_ADDRESS_MIRRORED_REPEAT - NORMALIZED
[CL_R    CL_UNSIGNED_INT16        1] - CL_FILTER_NEAREST - CL_ADDRESS_CLAMP_TO_EDGE - NORMALIZED
[CL_R    CL_UNSIGNED_INT16        1] - CL_FILTER_NEAREST - CL_ADDRESS_CLAMP - NORMALIZED
[CL_R    CL_UNSIGNED_INT16        1] - CL_FILTER_NEAREST - CL_ADDRESS_REPEAT - NORMALIZED
[CL_R    CL_UNSIGNED_INT16        1] - CL_FILTER_NEAREST - CL_ADDRESS_MIRRORED_REPEAT - NORMALIZED
[CL_R    CL_UNSIGNED_INT32        1] - CL_FILTER_NEAREST - CL_ADDRESS_CLAMP_TO_EDGE - NORMALIZED
[CL_R    CL_UNSIGNED_INT32        1] - CL_FILTER_NEAREST - CL_ADDRESS_CLAMP - NORMALIZED
[CL_R    CL_UNSIGNED_INT32        1] - CL_FILTER_NEAREST - CL_ADDRESS_REPEAT - NORMALIZED
[CL_R    CL_UNSIGNED_INT32        1] - CL_FILTER_NEAREST - CL_ADDRESS_MIRRORED_REPEAT - NORMALIZED
[CL_RG   CL_UNSIGNED_INT8         2] - CL_FILTER_NEAREST - CL_ADDRESS_CLAMP_TO_EDGE - NORMALIZED
[CL_RG   CL_UNSIGNED_INT8         2] - CL_FILTER_NEAREST - CL_ADDRESS_CLAMP - NORMALIZED
[CL_RG   CL_UNSIGNED_INT8         2] - CL_FILTER_NEAREST - CL_ADDRESS_REPEAT - NORMALIZED
[CL_RG   CL_UNSIGNED_INT8         2] - CL_FILTER_NEAREST - CL_ADDRESS_MIRRORED_REPEAT - NORMALIZED
[CL_RG   CL_UNSIGNED_INT16        2] - CL_FILTER_NEAREST - CL_ADDRESS_CLAMP_TO_EDGE - NORMALIZED
[CL_RG   CL_UNSIGNED_INT16        2] - CL_FILTER_NEAREST - CL_ADDRESS_CLAMP - NORMALIZED
[CL_RG   CL_UNSIGNED_INT16        2] - CL_FILTER_NEAREST - CL_ADDRESS_REPEAT - NORMALIZED
[CL_RG   CL_UNSIGNED_INT16        2] - CL_FILTER_NEAREST - CL_ADDRESS_MIRRORED_REPEAT - NORMALIZED
[CL_RG   CL_UNSIGNED_INT32        2] - CL_FILTER_NEAREST - CL_ADDRESS_CLAMP_TO_EDGE - NORMALIZED
[CL_RG   CL_UNSIGNED_INT32        2] - CL_FILTER_NEAREST - CL_ADDRESS_CLAMP - NORMALIZED
[CL_RG   CL_UNSIGNED_INT32        2] - CL_FILTER_NEAREST - CL_ADDRESS_REPEAT - NORMALIZED
[CL_RG   CL_UNSIGNED_INT32        2] - CL_FILTER_NEAREST - CL_ADDRESS_MIRRORED_REPEAT - NORMALIZED
[CL_RGBA CL_UNSIGNED_INT8         4] - CL_FILTER_NEAREST - CL_ADDRESS_CLAMP_TO_EDGE - NORMALIZED
[CL_RGBA CL_UNSIGNED_INT8         4] - CL_FILTER_NEAREST - CL_ADDRESS_CLAMP - NORMALIZED
[CL_RGBA CL_UNSIGNED_INT8         4] - CL_FILTER_NEAREST - CL_ADDRESS_REPEAT - NORMALIZED
[CL_RGBA CL_UNSIGNED_INT8         4] - CL_FILTER_NEAREST - CL_ADDRESS_MIRRORED_REPEAT - NORMALIZED
[CL_RGBA CL_UNSIGNED_INT16        4] - CL_FILTER_NEAREST - CL_ADDRESS_CLAMP_TO_EDGE - NORMALIZED
[CL_RGBA CL_UNSIGNED_INT16        4] - CL_FILTER_NEAREST - CL_ADDRESS_CLAMP - NORMALIZED
[CL_RGBA CL_UNSIGNED_INT16        4] - CL_FILTER_NEAREST - CL_ADDRESS_REPEAT - NORMALIZED
[CL_RGBA CL_UNSIGNED_INT16        4] - CL_FILTER_NEAREST - CL_ADDRESS_MIRRORED_REPEAT - NORMALIZED
[CL_RGBA CL_UNSIGNED_INT32        4] - CL_FILTER_NEAREST - CL_ADDRESS_CLAMP_TO_EDGE - NORMALIZED
[CL_RGBA CL_UNSIGNED_INT32        4] - CL_FILTER_NEAREST - CL_ADDRESS_CLAMP - NORMALIZED
[CL_RGBA CL_UNSIGNED_INT32        4] - CL_FILTER_NEAREST - CL_ADDRESS_REPEAT - NORMALIZED
[CL_RGBA CL_UNSIGNED_INT32        4] - CL_FILTER_NEAREST - CL_ADDRESS_MIRRORED_REPEAT - NORMALIZED
[CL_BGRA CL_UNSIGNED_INT8         4] - CL_FILTER_NEAREST - CL_ADDRESS_CLAMP_TO_EDGE - NORMALIZED
[CL_BGRA CL_UNSIGNED_INT8         4] - CL_FILTER_NEAREST - CL_ADDRESS_CLAMP - NORMALIZED
[CL_BGRA CL_UNSIGNED_INT8         4] - CL_FILTER_NEAREST - CL_ADDRESS_REPEAT - NORMALIZED
[CL_BGRA CL_UNSIGNED_INT8         4] - CL_FILTER_NEAREST - CL_ADDRESS_MIRRORED_REPEAT - NORMALIZED
read_image (integer coords, float results) *****************************
[CL_R    CL_SNORM_INT8            1] - CL_FILTER_NEAREST - CL_ADDRESS_CLAMP_TO_EDGE - UNNORMALIZED
[CL_R    CL_SNORM_INT8            1] - CL_FILTER_NEAREST - CL_ADDRESS_CLAMP - UNNORMALIZED
[CL_R    CL_SNORM_INT16           1] - CL_FILTER_NEAREST - CL_ADDRESS_CLAMP_TO_EDGE - UNNORMALIZED
[CL_R    CL_SNORM_INT16           1] - CL_FILTER_NEAREST - CL_ADDRESS_CLAMP - UNNORMALIZED
[CL_R    CL_UNORM_INT8            1] - CL_FILTER_NEAREST - CL_ADDRESS_CLAMP_TO_EDGE - UNNORMALIZED
[CL_R    CL_UNORM_INT8            1] - CL_FILTER_NEAREST - CL_ADDRESS_CLAMP - UNNORMALIZED
[CL_R    CL_UNORM_INT16           1] - CL_FILTER_NEAREST - CL_ADDRESS_CLAMP_TO_EDGE - UNNORMALIZED
[CL_R    CL_UNORM_INT16           1] - CL_FILTER_NEAREST - CL_ADDRESS_CLAMP - UNNORMALIZED
[CL_R    CL_HALF_FLOAT            1] - CL_FILTER_NEAREST - CL_ADDRESS_CLAMP_TO_EDGE - UNNORMALIZED
Autodetected float->half rounding mode to be rte
Half rounding mode successfully detected.
[CL_R    CL_HALF_FLOAT            1] - CL_FILTER_NEAREST - CL_ADDRESS_CLAMP - UNNORMALIZED
[CL_R    CL_FLOAT                 1] - CL_FILTER_NEAREST - CL_ADDRESS_CLAMP_TO_EDGE - UNNORMALIZED
[CL_R    CL_FLOAT                 1] - CL_FILTER_NEAREST - CL_ADDRESS_CLAMP - UNNORMALIZED
[CL_RG   CL_SNORM_INT8            2] - CL_FILTER_NEAREST - CL_ADDRESS_CLAMP_TO_EDGE - UNNORMALIZED
[CL_RG   CL_SNORM_INT8            2] - CL_FILTER_NEAREST - CL_ADDRESS_CLAMP - UNNORMALIZED
[CL_RG   CL_SNORM_INT16           2] - CL_FILTER_NEAREST - CL_ADDRESS_CLAMP_TO_EDGE - UNNORMALIZED
[CL_RG   CL_SNORM_INT16           2] - CL_FILTER_NEAREST - CL_ADDRESS_CLAMP - UNNORMALIZED
[CL_RG   CL_UNORM_INT8            2] - CL_FILTER_NEAREST - CL_ADDRESS_CLAMP_TO_EDGE - UNNORMALIZED
[CL_RG   CL_UNORM_INT8            2] - CL_FILTER_NEAREST - CL_ADDRESS_CLAMP - UNNORMALIZED
[CL_RG   CL_UNORM_INT16           2] - CL_FILTER_NEAREST - CL_ADDRESS_CLAMP_TO_EDGE - UNNORMALIZED
[CL_RG   CL_UNORM_INT16           2] - CL_FILTER_NEAREST - CL_ADDRESS_CLAMP - UNNORMALIZED
[CL_RG   CL_HALF_FLOAT            2] - CL_FILTER_NEAREST - CL_ADDRESS_CLAMP_TO_EDGE - UNNORMALIZED
[CL_RG   CL_HALF_FLOAT            2] - CL_FILTER_NEAREST - CL_ADDRESS_CLAMP - UNNORMALIZED
[CL_RG   CL_FLOAT                 2] - CL_FILTER_NEAREST - CL_ADDRESS_CLAMP_TO_EDGE - UNNORMALIZED
[CL_RG   CL_FLOAT                 2] - CL_FILTER_NEAREST - CL_ADDRESS_CLAMP - UNNORMALIZED
[CL_RGBA CL_SNORM_INT8            4] - CL_FILTER_NEAREST - CL_ADDRESS_CLAMP_TO_EDGE - UNNORMALIZED
[CL_RGBA CL_SNORM_INT8            4] - CL_FILTER_NEAREST - CL_ADDRESS_CLAMP - UNNORMALIZED
[CL_RGBA CL_SNORM_INT16           4] - CL_FILTER_NEAREST - CL_ADDRESS_CLAMP_TO_EDGE - UNNORMALIZED
[CL_RGBA CL_SNORM_INT16           4] - CL_FILTER_NEAREST - CL_ADDRESS_CLAMP - UNNORMALIZED
[CL_RGBA CL_UNORM_INT8            4] - CL_FILTER_NEAREST - CL_ADDRESS_CLAMP_TO_EDGE - UNNORMALIZED
[CL_RGBA CL_UNORM_INT8            4] - CL_FILTER_NEAREST - CL_ADDRESS_CLAMP - UNNORMALIZED
[CL_RGBA CL_UNORM_INT16           4] - CL_FILTER_NEAREST - CL_ADDRESS_CLAMP_TO_EDGE - UNNORMALIZED
[CL_RGBA CL_UNORM_INT16           4] - CL_FILTER_NEAREST - CL_ADDRESS_CLAMP - UNNORMALIZED
[CL_RGBA CL_HALF_FLOAT            4] - CL_FILTER_NEAREST - CL_ADDRESS_CLAMP_TO_EDGE - UNNORMALIZED
[CL_RGBA CL_HALF_FLOAT            4] - CL_FILTER_NEAREST - CL_ADDRESS_CLAMP - UNNORMALIZED
[CL_RGBA CL_FLOAT                 4] - CL_FILTER_NEAREST - CL_ADDRESS_CLAMP_TO_EDGE - UNNORMALIZED
[CL_RGBA CL_FLOAT                 4] - CL_FILTER_NEAREST - CL_ADDRESS_CLAMP - UNNORMALIZED
[CL_BGRA CL_SNORM_INT8            4] - CL_FILTER_NEAREST - CL_ADDRESS_CLAMP_TO_EDGE - UNNORMALIZED
[CL_BGRA CL_SNORM_INT8            4] - CL_FILTER_NEAREST - CL_ADDRESS_CLAMP - UNNORMALIZED
[CL_BGRA CL_UNORM_INT8            4] - CL_FILTER_NEAREST - CL_ADDRESS_CLAMP_TO_EDGE - UNNORMALIZED
[CL_BGRA CL_UNORM_INT8            4] - CL_FILTER_NEAREST - CL_ADDRESS_CLAMP - UNNORMALIZED
[CL_ARGB CL_SNORM_INT8            4] - CL_FILTER_NEAREST - CL_ADDRESS_CLAMP_TO_EDGE - UNNORMALIZED
[CL_ARGB CL_SNORM_INT8            4] - CL_FILTER_NEAREST - CL_ADDRESS_CLAMP - UNNORMALIZED
[CL_ARGB CL_UNORM_INT8            4] - CL_FILTER_NEAREST - CL_ADDRESS_CLAMP_TO_EDGE - UNNORMALIZED
[CL_ARGB CL_UNORM_INT8            4] - CL_FILTER_NEAREST - CL_ADDRESS_CLAMP - UNNORMALIZED
[CL_sRGBA CL_UNORM_INT8            4] - CL_FILTER_NEAREST - CL_ADDRESS_CLAMP_TO_EDGE - UNNORMALIZED
[CL_sRGBA CL_UNORM_INT8            4] - CL_FILTER_NEAREST - CL_ADDRESS_CLAMP - UNNORMALIZED
[CL_sBGRA CL_UNORM_INT8            4] - CL_FILTER_NEAREST - CL_ADDRESS_CLAMP_TO_EDGE - UNNORMALIZED
[CL_sBGRA CL_UNORM_INT8            4] - CL_FILTER_NEAREST - CL_ADDRESS_CLAMP - UNNORMALIZED
[CL_ABGR CL_SNORM_INT8            4] - CL_FILTER_NEAREST - CL_ADDRESS_CLAMP_TO_EDGE - UNNORMALIZED
[CL_ABGR CL_SNORM_INT8            4] - CL_FILTER_NEAREST - CL_ADDRESS_CLAMP - UNNORMALIZED
[CL_ABGR CL_UNORM_INT8            4] - CL_FILTER_NEAREST - CL_ADDRESS_CLAMP_TO_EDGE - UNNORMALIZED
[CL_ABGR CL_UNORM_INT8            4] - CL_FILTER_NEAREST - CL_ADDRESS_CLAMP - UNNORMALIZED
[CL_ABGR CL_UNORM_INT_2_101010_EXT 4] - CL_FILTER_NEAREST - CL_ADDRESS_CLAMP_TO_EDGE - UNNORMALIZED
[CL_ABGR CL_UNORM_INT_2_101010_EXT 4] - CL_FILTER_NEAREST - CL_ADDRESS_CLAMP - UNNORMALIZED
read_image (unnormalized float coords, float results) *****************************
[CL_R    CL_SNORM_INT8            1] - CL_FILTER_NEAREST - CL_ADDRESS_CLAMP_TO_EDGE - UNNORMALIZED
[CL_R    CL_SNORM_INT8            1] - CL_FILTER_NEAREST - CL_ADDRESS_CLAMP - UNNORMALIZED
[CL_R    CL_SNORM_INT16           1] - CL_FILTER_NEAREST - CL_ADDRESS_CLAMP_TO_EDGE - UNNORMALIZED
[CL_R    CL_SNORM_INT16           1] - CL_FILTER_NEAREST - CL_ADDRESS_CLAMP - UNNORMALIZED
[CL_R    CL_UNORM_INT8            1] - CL_FILTER_NEAREST - CL_ADDRESS_CLAMP_TO_EDGE - UNNORMALIZED
[CL_R    CL_UNORM_INT8            1] - CL_FILTER_NEAREST - CL_ADDRESS_CLAMP - UNNORMALIZED
[CL_R    CL_UNORM_INT16           1] - CL_FILTER_NEAREST - CL_ADDRESS_CLAMP_TO_EDGE - UNNORMALIZED
[CL_R    CL_UNORM_INT16           1] - CL_FILTER_NEAREST - CL_ADDRESS_CLAMP - UNNORMALIZED
[CL_R    CL_HALF_FLOAT            1] - CL_FILTER_NEAREST - CL_ADDRESS_CLAMP_TO_EDGE - UNNORMALIZED
[CL_R    CL_HALF_FLOAT            1] - CL_FILTER_NEAREST - CL_ADDRESS_CLAMP - UNNORMALIZED
[CL_R    CL_FLOAT                 1] - CL_FILTER_NEAREST - CL_ADDRESS_CLAMP_TO_EDGE - UNNORMALIZED
[CL_R    CL_FLOAT                 1] - CL_FILTER_NEAREST - CL_ADDRESS_CLAMP - UNNORMALIZED
[CL_RG   CL_SNORM_INT8            2] - CL_FILTER_NEAREST - CL_ADDRESS_CLAMP_TO_EDGE - UNNORMALIZED
[CL_RG   CL_SNORM_INT8            2] - CL_FILTER_NEAREST - CL_ADDRESS_CLAMP - UNNORMALIZED
[CL_RG   CL_SNORM_INT16           2] - CL_FILTER_NEAREST - CL_ADDRESS_CLAMP_TO_EDGE - UNNORMALIZED
[CL_RG   CL_SNORM_INT16           2] - CL_FILTER_NEAREST - CL_ADDRESS_CLAMP - UNNORMALIZED
[CL_RG   CL_UNORM_INT8            2] - CL_FILTER_NEAREST - CL_ADDRESS_CLAMP_TO_EDGE - UNNORMALIZED
[CL_RG   CL_UNORM_INT8            2] - CL_FILTER_NEAREST - CL_ADDRESS_CLAMP - UNNORMALIZED
[CL_RG   CL_UNORM_INT16           2] - CL_FILTER_NEAREST - CL_ADDRESS_CLAMP_TO_EDGE - UNNORMALIZED
[CL_RG   CL_UNORM_INT16           2] - CL_FILTER_NEAREST - CL_ADDRESS_CLAMP - UNNORMALIZED
[CL_RG   CL_HALF_FLOAT            2] - CL_FILTER_NEAREST - CL_ADDRESS_CLAMP_TO_EDGE - UNNORMALIZED
[CL_RG   CL_HALF_FLOAT            2] - CL_FILTER_NEAREST - CL_ADDRESS_CLAMP - UNNORMALIZED
[CL_RG   CL_FLOAT                 2] - CL_FILTER_NEAREST - CL_ADDRESS_CLAMP_TO_EDGE - UNNORMALIZED
[CL_RG   CL_FLOAT                 2] - CL_FILTER_NEAREST - CL_ADDRESS_CLAMP - UNNORMALIZED
[CL_RGBA CL_SNORM_INT8            4] - CL_FILTER_NEAREST - CL_ADDRESS_CLAMP_TO_EDGE - UNNORMALIZED
[CL_RGBA CL_SNORM_INT8            4] - CL_FILTER_NEAREST - CL_ADDRESS_CLAMP - UNNORMALIZED
[CL_RGBA CL_SNORM_INT16           4] - CL_FILTER_NEAREST - CL_ADDRESS_CLAMP_TO_EDGE - UNNORMALIZED
[CL_RGBA CL_SNORM_INT16           4] - CL_FILTER_NEAREST - CL_ADDRESS_CLAMP - UNNORMALIZED
[CL_RGBA CL_UNORM_INT8            4] - CL_FILTER_NEAREST - CL_ADDRESS_CLAMP_TO_EDGE - UNNORMALIZED
[CL_RGBA CL_UNORM_INT8            4] - CL_FILTER_NEAREST - CL_ADDRESS_CLAMP - UNNORMALIZED
[CL_RGBA CL_UNORM_INT16           4] - CL_FILTER_NEAREST - CL_ADDRESS_CLAMP_TO_EDGE - UNNORMALIZED
[CL_RGBA CL_UNORM_INT16           4] - CL_FILTER_NEAREST - CL_ADDRESS_CLAMP - UNNORMALIZED
[CL_RGBA CL_HALF_FLOAT            4] - CL_FILTER_NEAREST - CL_ADDRESS_CLAMP_TO_EDGE - UNNORMALIZED
[CL_RGBA CL_HALF_FLOAT            4] - CL_FILTER_NEAREST - CL_ADDRESS_CLAMP - UNNORMALIZED
[CL_RGBA CL_FLOAT                 4] - CL_FILTER_NEAREST - CL_ADDRESS_CLAMP_TO_EDGE - UNNORMALIZED
[CL_RGBA CL_FLOAT                 4] - CL_FILTER_NEAREST - CL_ADDRESS_CLAMP - UNNORMALIZED
[CL_BGRA CL_SNORM_INT8            4] - CL_FILTER_NEAREST - CL_ADDRESS_CLAMP_TO_EDGE - UNNORMALIZED
[CL_BGRA CL_SNORM_INT8            4] - CL_FILTER_NEAREST - CL_ADDRESS_CLAMP - UNNORMALIZED
[CL_BGRA CL_UNORM_INT8            4] - CL_FILTER_NEAREST - CL_ADDRESS_CLAMP_TO_EDGE - UNNORMALIZED
[CL_BGRA CL_UNORM_INT8            4] - CL_FILTER_NEAREST - CL_ADDRESS_CLAMP - UNNORMALIZED
[CL_ARGB CL_SNORM_INT8            4] - CL_FILTER_NEAREST - CL_ADDRESS_CLAMP_TO_EDGE - UNNORMALIZED
[CL_ARGB CL_SNORM_INT8            4] - CL_FILTER_NEAREST - CL_ADDRESS_CLAMP - UNNORMALIZED
[CL_ARGB CL_UNORM_INT8            4] - CL_FILTER_NEAREST - CL_ADDRESS_CLAMP_TO_EDGE - UNNORMALIZED
[CL_ARGB CL_UNORM_INT8            4] - CL_FILTER_NEAREST - CL_ADDRESS_CLAMP - UNNORMALIZED
[CL_sRGBA CL_UNORM_INT8            4] - CL_FILTER_NEAREST - CL_ADDRESS_CLAMP_TO_EDGE - UNNORMALIZED
[CL_sRGBA CL_UNORM_INT8            4] - CL_FILTER_NEAREST - CL_ADDRESS_CLAMP - UNNORMALIZED
[CL_sBGRA CL_UNORM_INT8            4] - CL_FILTER_NEAREST - CL_ADDRESS_CLAMP_TO_EDGE - UNNORMALIZED
[CL_sBGRA CL_UNORM_INT8            4] - CL_FILTER_NEAREST - CL_ADDRESS_CLAMP - UNNORMALIZED
[CL_ABGR CL_SNORM_INT8            4] - CL_FILTER_NEAREST - CL_ADDRESS_CLAMP_TO_EDGE - UNNORMALIZED
[CL_ABGR CL_SNORM_INT8            4] - CL_FILTER_NEAREST - CL_ADDRESS_CLAMP - UNNORMALIZED
[CL_ABGR CL_UNORM_INT8            4] - CL_FILTER_NEAREST - CL_ADDRESS_CLAMP_TO_EDGE - UNNORMALIZED
[CL_ABGR CL_UNORM_INT8            4] - CL_FILTER_NEAREST - CL_ADDRESS_CLAMP - UNNORMALIZED
[CL_ABGR CL_UNORM_INT_2_101010_EXT 4] - CL_FILTER_NEAREST - CL_ADDRESS_CLAMP_TO_EDGE - UNNORMALIZED
[CL_ABGR CL_UNORM_INT_2_101010_EXT 4] - CL_FILTER_NEAREST - CL_ADDRESS_CLAMP - UNNORMALIZED
read_image (normalized float coords, float results) *****************************
[CL_R    CL_SNORM_INT8            1] - CL_FILTER_NEAREST - CL_ADDRESS_CLAMP_TO_EDGE - NORMALIZED
[CL_R    CL_SNORM_INT8            1] - CL_FILTER_NEAREST - CL_ADDRESS_CLAMP - NORMALIZED
[CL_R    CL_SNORM_INT8            1] - CL_FILTER_NEAREST - CL_ADDRESS_REPEAT - NORMALIZED
[CL_R    CL_SNORM_INT8            1] - CL_FILTER_NEAREST - CL_ADDRESS_MIRRORED_REPEAT - NORMALIZED
[CL_R    CL_SNORM_INT16           1] - CL_FILTER_NEAREST - CL_ADDRESS_CLAMP_TO_EDGE - NORMALIZED
[CL_R    CL_SNORM_INT16           1] - CL_FILTER_NEAREST - CL_ADDRESS_CLAMP - NORMALIZED
[CL_R    CL_SNORM_INT16           1] - CL_FILTER_NEAREST - CL_ADDRESS_REPEAT - NORMALIZED
[CL_R    CL_SNORM_INT16           1] - CL_FILTER_NEAREST - CL_ADDRESS_MIRRORED_REPEAT - NORMALIZED
[CL_R    CL_UNORM_INT8            1] - CL_FILTER_NEAREST - CL_ADDRESS_CLAMP_TO_EDGE - NORMALIZED
[CL_R    CL_UNORM_INT8            1] - CL_FILTER_NEAREST - CL_ADDRESS_CLAMP - NORMALIZED
[CL_R    CL_UNORM_INT8            1] - CL_FILTER_NEAREST - CL_ADDRESS_REPEAT - NORMALIZED
[CL_R    CL_UNORM_INT8            1] - CL_FILTER_NEAREST - CL_ADDRESS_MIRRORED_REPEAT - NORMALIZED
[CL_R    CL_UNORM_INT16           1] - CL_FILTER_NEAREST - CL_ADDRESS_CLAMP_TO_EDGE - NORMALIZED
[CL_R    CL_UNORM_INT16           1] - CL_FILTER_NEAREST - CL_ADDRESS_CLAMP - NORMALIZED
[CL_R    CL_UNORM_INT16           1] - CL_FILTER_NEAREST - CL_ADDRESS_REPEAT - NORMALIZED
[CL_R    CL_UNORM_INT16           1] - CL_FILTER_NEAREST - CL_ADDRESS_MIRRORED_REPEAT - NORMALIZED
[CL_R    CL_HALF_FLOAT            1] - CL_FILTER_NEAREST - CL_ADDRESS_CLAMP_TO_EDGE - NORMALIZED
[CL_R    CL_HALF_FLOAT            1] - CL_FILTER_NEAREST - CL_ADDRESS_CLAMP - NORMALIZED
[CL_R    CL_HALF_FLOAT            1] - CL_FILTER_NEAREST - CL_ADDRESS_REPEAT - NORMALIZED
[CL_R    CL_HALF_FLOAT            1] - CL_FILTER_NEAREST - CL_ADDRESS_MIRRORED_REPEAT - NORMALIZED
[CL_R    CL_FLOAT                 1] - CL_FILTER_NEAREST - CL_ADDRESS_CLAMP_TO_EDGE - NORMALIZED
[CL_R    CL_FLOAT                 1] - CL_FILTER_NEAREST - CL_ADDRESS_CLAMP - NORMALIZED
[CL_R    CL_FLOAT                 1] - CL_FILTER_NEAREST - CL_ADDRESS_REPEAT - NORMALIZED
[CL_R    CL_FLOAT                 1] - CL_FILTER_NEAREST - CL_ADDRESS_MIRRORED_REPEAT - NORMALIZED
[CL_RG   CL_SNORM_INT8            2] - CL_FILTER_NEAREST - CL_ADDRESS_CLAMP_TO_EDGE - NORMALIZED
[CL_RG   CL_SNORM_INT8            2] - CL_FILTER_NEAREST - CL_ADDRESS_CLAMP - NORMALIZED
[CL_RG   CL_SNORM_INT8            2] - CL_FILTER_NEAREST - CL_ADDRESS_REPEAT - NORMALIZED
[CL_RG   CL_SNORM_INT8            2] - CL_FILTER_NEAREST - CL_ADDRESS_MIRRORED_REPEAT - NORMALIZED
[CL_RG   CL_SNORM_INT16           2] - CL_FILTER_NEAREST - CL_ADDRESS_CLAMP_TO_EDGE - NORMALIZED
[CL_RG   CL_SNORM_INT16           2] - CL_FILTER_NEAREST - CL_ADDRESS_CLAMP - NORMALIZED
[CL_RG   CL_SNORM_INT16           2] - CL_FILTER_NEAREST - CL_ADDRESS_REPEAT - NORMALIZED
[CL_RG   CL_SNORM_INT16           2] - CL_FILTER_NEAREST - CL_ADDRESS_MIRRORED_REPEAT - NORMALIZED
[CL_RG   CL_UNORM_INT8            2] - CL_FILTER_NEAREST - CL_ADDRESS_CLAMP_TO_EDGE - NORMALIZED
[CL_RG   CL_UNORM_INT8            2] - CL_FILTER_NEAREST - CL_ADDRESS_CLAMP - NORMALIZED
[CL_RG   CL_UNORM_INT8            2] - CL_FILTER_NEAREST - CL_ADDRESS_REPEAT - NORMALIZED
[CL_RG   CL_UNORM_INT8            2] - CL_FILTER_NEAREST - CL_ADDRESS_MIRRORED_REPEAT - NORMALIZED
[CL_RG   CL_UNORM_INT16           2] - CL_FILTER_NEAREST - CL_ADDRESS_CLAMP_TO_EDGE - NORMALIZED
[CL_RG   CL_UNORM_INT16           2] - CL_FILTER_NEAREST - CL_ADDRESS_CLAMP - NORMALIZED
[CL_RG   CL_UNORM_INT16           2] - CL_FILTER_NEAREST - CL_ADDRESS_REPEAT - NORMALIZED
[CL_RG   CL_UNORM_INT16           2] - CL_FILTER_NEAREST - CL_ADDRESS_MIRRORED_REPEAT - NORMALIZED
[CL_RG   CL_HALF_FLOAT            2] - CL_FILTER_NEAREST - CL_ADDRESS_CLAMP_TO_EDGE - NORMALIZED
[CL_RG   CL_HALF_FLOAT            2] - CL_FILTER_NEAREST - CL_ADDRESS_CLAMP - NORMALIZED
[CL_RG   CL_HALF_FLOAT            2] - CL_FILTER_NEAREST - CL_ADDRESS_REPEAT - NORMALIZED
[CL_RG   CL_HALF_FLOAT            2] - CL_FILTER_NEAREST - CL_ADDRESS_MIRRORED_REPEAT - NORMALIZED
[CL_RG   CL_FLOAT                 2] - CL_FILTER_NEAREST - CL_ADDRESS_CLAMP_TO_EDGE - NORMALIZED
[CL_RG   CL_FLOAT                 2] - CL_FILTER_NEAREST - CL_ADDRESS_CLAMP - NORMALIZED
[CL_RG   CL_FLOAT                 2] - CL_FILTER_NEAREST - CL_ADDRESS_REPEAT - NORMALIZED
[CL_RG   CL_FLOAT                 2] - CL_FILTER_NEAREST - CL_ADDRESS_MIRRORED_REPEAT - NORMALIZED
[CL_RGBA CL_SNORM_INT8            4] - CL_FILTER_NEAREST - CL_ADDRESS_CLAMP_TO_EDGE - NORMALIZED
[CL_RGBA CL_SNORM_INT8            4] - CL_FILTER_NEAREST - CL_ADDRESS_CLAMP - NORMALIZED
[CL_RGBA CL_SNORM_INT8            4] - CL_FILTER_NEAREST - CL_ADDRESS_REPEAT - NORMALIZED
[CL_RGBA CL_SNORM_INT8            4] - CL_FILTER_NEAREST - CL_ADDRESS_MIRRORED_REPEAT - NORMALIZED
[CL_RGBA CL_SNORM_INT16           4] - CL_FILTER_NEAREST - CL_ADDRESS_CLAMP_TO_EDGE - NORMALIZED
[CL_RGBA CL_SNORM_INT16           4] - CL_FILTER_NEAREST - CL_ADDRESS_CLAMP - NORMALIZED
[CL_RGBA CL_SNORM_INT16           4] - CL_FILTER_NEAREST - CL_ADDRESS_REPEAT - NORMALIZED
[CL_RGBA CL_SNORM_INT16           4] - CL_FILTER_NEAREST - CL_ADDRESS_MIRRORED_REPEAT - NORMALIZED
[CL_RGBA CL_UNORM_INT8            4] - CL_FILTER_NEAREST - CL_ADDRESS_CLAMP_TO_EDGE - NORMALIZED
[CL_RGBA CL_UNORM_INT8            4] - CL_FILTER_NEAREST - CL_ADDRESS_CLAMP - NORMALIZED
[CL_RGBA CL_UNORM_INT8            4] - CL_FILTER_NEAREST - CL_ADDRESS_REPEAT - NORMALIZED
[CL_RGBA CL_UNORM_INT8            4] - CL_FILTER_NEAREST - CL_ADDRESS_MIRRORED_REPEAT - NORMALIZED
[CL_RGBA CL_UNORM_INT16           4] - CL_FILTER_NEAREST - CL_ADDRESS_CLAMP_TO_EDGE - NORMALIZED
[CL_RGBA CL_UNORM_INT16           4] - CL_FILTER_NEAREST - CL_ADDRESS_CLAMP - NORMALIZED
[CL_RGBA CL_UNORM_INT16           4] - CL_FILTER_NEAREST - CL_ADDRESS_REPEAT - NORMALIZED
[CL_RGBA CL_UNORM_INT16           4] - CL_FILTER_NEAREST - CL_ADDRESS_MIRRORED_REPEAT - NORMALIZED
[CL_RGBA CL_HALF_FLOAT            4] - CL_FILTER_NEAREST - CL_ADDRESS_CLAMP_TO_EDGE - NORMALIZED
[CL_RGBA CL_HALF_FLOAT            4] - CL_FILTER_NEAREST - CL_ADDRESS_CLAMP - NORMALIZED
[CL_RGBA CL_HALF_FLOAT            4] - CL_FILTER_NEAREST - CL_ADDRESS_REPEAT - NORMALIZED
[CL_RGBA CL_HALF_FLOAT            4] - CL_FILTER_NEAREST - CL_ADDRESS_MIRRORED_REPEAT - NORMALIZED
[CL_RGBA CL_FLOAT                 4] - CL_FILTER_NEAREST - CL_ADDRESS_CLAMP_TO_EDGE - NORMALIZED
[CL_RGBA CL_FLOAT                 4] - CL_FILTER_NEAREST - CL_ADDRESS_CLAMP - NORMALIZED
[CL_RGBA CL_FLOAT                 4] - CL_FILTER_NEAREST - CL_ADDRESS_REPEAT - NORMALIZED
[CL_RGBA CL_FLOAT                 4] - CL_FILTER_NEAREST - CL_ADDRESS_MIRRORED_REPEAT - NORMALIZED
[CL_BGRA CL_SNORM_INT8            4] - CL_FILTER_NEAREST - CL_ADDRESS_CLAMP_TO_EDGE - NORMALIZED
[CL_BGRA CL_SNORM_INT8            4] - CL_FILTER_NEAREST - CL_ADDRESS_CLAMP - NORMALIZED
[CL_BGRA CL_SNORM_INT8            4] - CL_FILTER_NEAREST - CL_ADDRESS_REPEAT - NORMALIZED
[CL_BGRA CL_SNORM_INT8            4] - CL_FILTER_NEAREST - CL_ADDRESS_MIRRORED_REPEAT - NORMALIZED
[CL_BGRA CL_UNORM_INT8            4] - CL_FILTER_NEAREST - CL_ADDRESS_CLAMP_TO_EDGE - NORMALIZED
[CL_BGRA CL_UNORM_INT8            4] - CL_FILTER_NEAREST - CL_ADDRESS_CLAMP - NORMALIZED
[CL_BGRA CL_UNORM_INT8            4] - CL_FILTER_NEAREST - CL_ADDRESS_REPEAT - NORMALIZED
[CL_BGRA CL_UNORM_INT8            4] - CL_FILTER_NEAREST - CL_ADDRESS_MIRRORED_REPEAT - NORMALIZED
[CL_ARGB CL_SNORM_INT8            4] - CL_FILTER_NEAREST - CL_ADDRESS_CLAMP_TO_EDGE - NORMALIZED
[CL_ARGB CL_SNORM_INT8            4] - CL_FILTER_NEAREST - CL_ADDRESS_CLAMP - NORMALIZED
[CL_ARGB CL_SNORM_INT8            4] - CL_FILTER_NEAREST - CL_ADDRESS_REPEAT - NORMALIZED
[CL_ARGB CL_SNORM_INT8            4] - CL_FILTER_NEAREST - CL_ADDRESS_MIRRORED_REPEAT - NORMALIZED
[CL_ARGB CL_UNORM_INT8            4] - CL_FILTER_NEAREST - CL_ADDRESS_CLAMP_TO_EDGE - NORMALIZED
[CL_ARGB CL_UNORM_INT8            4] - CL_FILTER_NEAREST - CL_ADDRESS_CLAMP - NORMALIZED
[CL_ARGB CL_UNORM_INT8            4] - CL_FILTER_NEAREST - CL_ADDRESS_REPEAT - NORMALIZED
[CL_ARGB CL_UNORM_INT8            4] - CL_FILTER_NEAREST - CL_ADDRESS_MIRRORED_REPEAT - NORMALIZED
[CL_sRGBA CL_UNORM_INT8            4] - CL_FILTER_NEAREST - CL_ADDRESS_CLAMP_TO_EDGE - NORMALIZED
[CL_sRGBA CL_UNORM_INT8            4] - CL_FILTER_NEAREST - CL_ADDRESS_CLAMP - NORMALIZED
[CL_sRGBA CL_UNORM_INT8            4] - CL_FILTER_NEAREST - CL_ADDRESS_REPEAT - NORMALIZED
[CL_sRGBA CL_UNORM_INT8            4] - CL_FILTER_NEAREST - CL_ADDRESS_MIRRORED_REPEAT - NORMALIZED
[CL_sBGRA CL_UNORM_INT8            4] - CL_FILTER_NEAREST - CL_ADDRESS_CLAMP_TO_EDGE - NORMALIZED
[CL_sBGRA CL_UNORM_INT8            4] - CL_FILTER_NEAREST - CL_ADDRESS_CLAMP - NORMALIZED
[CL_sBGRA CL_UNORM_INT8            4] - CL_FILTER_NEAREST - CL_ADDRESS_REPEAT - NORMALIZED
[CL_sBGRA CL_UNORM_INT8            4] - CL_FILTER_NEAREST - CL_ADDRESS_MIRRORED_REPEAT - NORMALIZED
[CL_ABGR CL_SNORM_INT8            4] - CL_FILTER_NEAREST - CL_ADDRESS_CLAMP_TO_EDGE - NORMALIZED
[CL_ABGR CL_SNORM_INT8            4] - CL_FILTER_NEAREST - CL_ADDRESS_CLAMP - NORMALIZED
[CL_ABGR CL_SNORM_INT8            4] - CL_FILTER_NEAREST - CL_ADDRESS_REPEAT - NORMALIZED
[CL_ABGR CL_SNORM_INT8            4] - CL_FILTER_NEAREST - CL_ADDRESS_MIRRORED_REPEAT - NORMALIZED
[CL_ABGR CL_UNORM_INT8            4] - CL_FILTER_NEAREST - CL_ADDRESS_CLAMP_TO_EDGE - NORMALIZED
[CL_ABGR CL_UNORM_INT8            4] - CL_FILTER_NEAREST - CL_ADDRESS_CLAMP - NORMALIZED
[CL_ABGR CL_UNORM_INT8            4] - CL_FILTER_NEAREST - CL_ADDRESS_REPEAT - NORMALIZED
[CL_ABGR CL_UNORM_INT8            4] - CL_FILTER_NEAREST - CL_ADDRESS_MIRRORED_REPEAT - NORMALIZED
[CL_ABGR CL_UNORM_INT_2_101010_EXT 4] - CL_FILTER_NEAREST - CL_ADDRESS_CLAMP_TO_EDGE - NORMALIZED
[CL_ABGR CL_UNORM_INT_2_101010_EXT 4] - CL_FILTER_NEAREST - CL_ADDRESS_CLAMP - NORMALIZED
[CL_ABGR CL_UNORM_INT_2_101010_EXT 4] - CL_FILTER_NEAREST - CL_ADDRESS_REPEAT - NORMALIZED
[CL_ABGR CL_UNORM_INT_2_101010_EXT 4] - CL_FILTER_NEAREST - CL_ADDRESS_MIRRORED_REPEAT - NORMALIZED
read_image (unnormalized float coords, float results) *****************************
[CL_R    CL_SNORM_INT8            1] - CL_FILTER_LINEAR - CL_ADDRESS_CLAMP_TO_EDGE - UNNORMALIZED
[CL_R    CL_SNORM_INT8            1] - CL_FILTER_LINEAR - CL_ADDRESS_CLAMP - UNNORMALIZED
[CL_R    CL_SNORM_INT16           1] - CL_FILTER_LINEAR - CL_ADDRESS_CLAMP_TO_EDGE - UNNORMALIZED
[CL_R    CL_SNORM_INT16           1] - CL_FILTER_LINEAR - CL_ADDRESS_CLAMP - UNNORMALIZED
[CL_R    CL_UNORM_INT8            1] - CL_FILTER_LINEAR - CL_ADDRESS_CLAMP_TO_EDGE - UNNORMALIZED
[CL_R    CL_UNORM_INT8            1] - CL_FILTER_LINEAR - CL_ADDRESS_CLAMP - UNNORMALIZED
[CL_R    CL_UNORM_INT16           1] - CL_FILTER_LINEAR - CL_ADDRESS_CLAMP_TO_EDGE - UNNORMALIZED
[CL_R    CL_UNORM_INT16           1] - CL_FILTER_LINEAR - CL_ADDRESS_CLAMP - UNNORMALIZED
[CL_R    CL_HALF_FLOAT            1] - CL_FILTER_LINEAR - CL_ADDRESS_CLAMP_TO_EDGE - UNNORMALIZED
[CL_R    CL_HALF_FLOAT            1] - CL_FILTER_LINEAR - CL_ADDRESS_CLAMP - UNNORMALIZED
[CL_R    CL_FLOAT                 1] - CL_FILTER_LINEAR - CL_ADDRESS_CLAMP_TO_EDGE - UNNORMALIZED
[CL_R    CL_FLOAT                 1] - CL_FILTER_LINEAR - CL_ADDRESS_CLAMP - UNNORMALIZED
[CL_RG   CL_SNORM_INT8            2] - CL_FILTER_LINEAR - CL_ADDRESS_CLAMP_TO_EDGE - UNNORMALIZED
[CL_RG   CL_SNORM_INT8            2] - CL_FILTER_LINEAR - CL_ADDRESS_CLAMP - UNNORMALIZED
[CL_RG   CL_SNORM_INT16           2] - CL_FILTER_LINEAR - CL_ADDRESS_CLAMP_TO_EDGE - UNNORMALIZED
[CL_RG   CL_SNORM_INT16           2] - CL_FILTER_LINEAR - CL_ADDRESS_CLAMP - UNNORMALIZED
[CL_RG   CL_UNORM_INT8            2] - CL_FILTER_LINEAR - CL_ADDRESS_CLAMP_TO_EDGE - UNNORMALIZED
[CL_RG   CL_UNORM_INT8            2] - CL_FILTER_LINEAR - CL_ADDRESS_CLAMP - UNNORMALIZED
[CL_RG   CL_UNORM_INT16           2] - CL_FILTER_LINEAR - CL_ADDRESS_CLAMP_TO_EDGE - UNNORMALIZED
[CL_RG   CL_UNORM_INT16           2] - CL_FILTER_LINEAR - CL_ADDRESS_CLAMP - UNNORMALIZED
[CL_RG   CL_HALF_FLOAT            2] - CL_FILTER_LINEAR - CL_ADDRESS_CLAMP_TO_EDGE - UNNORMALIZED
[CL_RG   CL_HALF_FLOAT            2] - CL_FILTER_LINEAR - CL_ADDRESS_CLAMP - UNNORMALIZED
[CL_RG   CL_FLOAT                 2] - CL_FILTER_LINEAR - CL_ADDRESS_CLAMP_TO_EDGE - UNNORMALIZED
[CL_RG   CL_FLOAT                 2] - CL_FILTER_LINEAR - CL_ADDRESS_CLAMP - UNNORMALIZED
[CL_RGBA CL_SNORM_INT8            4] - CL_FILTER_LINEAR - CL_ADDRESS_CLAMP_TO_EDGE - UNNORMALIZED
[CL_RGBA CL_SNORM_INT8            4] - CL_FILTER_LINEAR - CL_ADDRESS_CLAMP - UNNORMALIZED
[CL_RGBA CL_SNORM_INT16           4] - CL_FILTER_LINEAR - CL_ADDRESS_CLAMP_TO_EDGE - UNNORMALIZED
[CL_RGBA CL_SNORM_INT16           4] - CL_FILTER_LINEAR - CL_ADDRESS_CLAMP - UNNORMALIZED
[CL_RGBA CL_UNORM_INT8            4] - CL_FILTER_LINEAR - CL_ADDRESS_CLAMP_TO_EDGE - UNNORMALIZED
[CL_RGBA CL_UNORM_INT8            4] - CL_FILTER_LINEAR - CL_ADDRESS_CLAMP - UNNORMALIZED
[CL_RGBA CL_UNORM_INT16           4] - CL_FILTER_LINEAR - CL_ADDRESS_CLAMP_TO_EDGE - UNNORMALIZED
[CL_RGBA CL_UNORM_INT16           4] - CL_FILTER_LINEAR - CL_ADDRESS_CLAMP - UNNORMALIZED
[CL_RGBA CL_HALF_FLOAT            4] - CL_FILTER_LINEAR - CL_ADDRESS_CLAMP_TO_EDGE - UNNORMALIZED
[CL_RGBA CL_HALF_FLOAT            4] - CL_FILTER_LINEAR - CL_ADDRESS_CLAMP - UNNORMALIZED
[CL_RGBA CL_FLOAT                 4] - CL_FILTER_LINEAR - CL_ADDRESS_CLAMP_TO_EDGE - UNNORMALIZED
[CL_RGBA CL_FLOAT                 4] - CL_FILTER_LINEAR - CL_ADDRESS_CLAMP - UNNORMALIZED
[CL_BGRA CL_SNORM_INT8            4] - CL_FILTER_LINEAR - CL_ADDRESS_CLAMP_TO_EDGE - UNNORMALIZED
[CL_BGRA CL_SNORM_INT8            4] - CL_FILTER_LINEAR - CL_ADDRESS_CLAMP - UNNORMALIZED
[CL_BGRA CL_UNORM_INT8            4] - CL_FILTER_LINEAR - CL_ADDRESS_CLAMP_TO_EDGE - UNNORMALIZED
[CL_BGRA CL_UNORM_INT8            4] - CL_FILTER_LINEAR - CL_ADDRESS_CLAMP - UNNORMALIZED
[CL_ARGB CL_SNORM_INT8            4] - CL_FILTER_LINEAR - CL_ADDRESS_CLAMP_TO_EDGE - UNNORMALIZED
[CL_ARGB CL_SNORM_INT8            4] - CL_FILTER_LINEAR - CL_ADDRESS_CLAMP - UNNORMALIZED
[CL_ARGB CL_UNORM_INT8            4] - CL_FILTER_LINEAR - CL_ADDRESS_CLAMP_TO_EDGE - UNNORMALIZED
[CL_ARGB CL_UNORM_INT8            4] - CL_FILTER_LINEAR - CL_ADDRESS_CLAMP - UNNORMALIZED
[CL_sRGBA CL_UNORM_INT8            4] - CL_FILTER_LINEAR - CL_ADDRESS_CLAMP_TO_EDGE - UNNORMALIZED
Test error: we should have detected this passing above.
Test error: we should have detected this passing above.
Test error: we should have detected this passing above.
Test error: we should have detected this passing above.
Test error: we should have detected this passing above.
Test error: we should have detected this passing above.
[CL_sRGBA CL_UNORM_INT8            4] - CL_FILTER_LINEAR - CL_ADDRESS_CLAMP - UNNORMALIZED
Test error: we should have detected this passing above.
Test error: we should have detected this passing above.
Test error: we should have detected this passing above.
Test error: we should have detected this passing above.
Test error: we should have detected this passing above.
Test error: we should have detected this passing above.
[CL_sBGRA CL_UNORM_INT8            4] - CL_FILTER_LINEAR - CL_ADDRESS_CLAMP_TO_EDGE - UNNORMALIZED
Test error: we should have detected this passing above.
Test error: we should have detected this passing above.
Test error: we should have detected this passing above.
Test error: we should have detected this passing above.
Test error: we should have detected this passing above.
Test error: we should have detected this passing above.
[CL_sBGRA CL_UNORM_INT8            4] - CL_FILTER_LINEAR - CL_ADDRESS_CLAMP - UNNORMALIZED
Test error: we should have detected this passing above.
Test error: we should have detected this passing above.
Test error: we should have detected this passing above.
Test error: we should have detected this passing above.
Test error: we should have detected this passing above.
Test error: we should have detected this passing above.
[CL_ABGR CL_SNORM_INT8            4] - CL_FILTER_LINEAR - CL_ADDRESS_CLAMP_TO_EDGE - UNNORMALIZED
[CL_ABGR CL_SNORM_INT8            4] - CL_FILTER_LINEAR - CL_ADDRESS_CLAMP - UNNORMALIZED
[CL_ABGR CL_UNORM_INT8            4] - CL_FILTER_LINEAR - CL_ADDRESS_CLAMP_TO_EDGE - UNNORMALIZED
[CL_ABGR CL_UNORM_INT8            4] - CL_FILTER_LINEAR - CL_ADDRESS_CLAMP - UNNORMALIZED
[CL_ABGR CL_UNORM_INT_2_101010_EXT 4] - CL_FILTER_LINEAR - CL_ADDRESS_CLAMP_TO_EDGE - UNNORMALIZED
[CL_ABGR CL_UNORM_INT_2_101010_EXT 4] - CL_FILTER_LINEAR - CL_ADDRESS_CLAMP - UNNORMALIZED
read_image (normalized float coords, float results) *****************************
[CL_R    CL_SNORM_INT8            1] - CL_FILTER_LINEAR - CL_ADDRESS_CLAMP_TO_EDGE - NORMALIZED
[CL_R    CL_SNORM_INT8            1] - CL_FILTER_LINEAR - CL_ADDRESS_CLAMP - NORMALIZED
[CL_R    CL_SNORM_INT8            1] - CL_FILTER_LINEAR - CL_ADDRESS_REPEAT - NORMALIZED
[CL_R    CL_SNORM_INT8            1] - CL_FILTER_LINEAR - CL_ADDRESS_MIRRORED_REPEAT - NORMALIZED
[CL_R    CL_SNORM_INT16           1] - CL_FILTER_LINEAR - CL_ADDRESS_CLAMP_TO_EDGE - NORMALIZED
[CL_R    CL_SNORM_INT16           1] - CL_FILTER_LINEAR - CL_ADDRESS_CLAMP - NORMALIZED
[CL_R    CL_SNORM_INT16           1] - CL_FILTER_LINEAR - CL_ADDRESS_REPEAT - NORMALIZED
[CL_R    CL_SNORM_INT16           1] - CL_FILTER_LINEAR - CL_ADDRESS_MIRRORED_REPEAT - NORMALIZED
[CL_R    CL_UNORM_INT8            1] - CL_FILTER_LINEAR - CL_ADDRESS_CLAMP_TO_EDGE - NORMALIZED
[CL_R    CL_UNORM_INT8            1] - CL_FILTER_LINEAR - CL_ADDRESS_CLAMP - NORMALIZED
[CL_R    CL_UNORM_INT8            1] - CL_FILTER_LINEAR - CL_ADDRESS_REPEAT - NORMALIZED
[CL_R    CL_UNORM_INT8            1] - CL_FILTER_LINEAR - CL_ADDRESS_MIRRORED_REPEAT - NORMALIZED
[CL_R    CL_UNORM_INT16           1] - CL_FILTER_LINEAR - CL_ADDRESS_CLAMP_TO_EDGE - NORMALIZED
[CL_R    CL_UNORM_INT16           1] - CL_FILTER_LINEAR - CL_ADDRESS_CLAMP - NORMALIZED
[CL_R    CL_UNORM_INT16           1] - CL_FILTER_LINEAR - CL_ADDRESS_REPEAT - NORMALIZED
[CL_R    CL_UNORM_INT16           1] - CL_FILTER_LINEAR - CL_ADDRESS_MIRRORED_REPEAT - NORMALIZED
[CL_R    CL_HALF_FLOAT            1] - CL_FILTER_LINEAR - CL_ADDRESS_CLAMP_TO_EDGE - NORMALIZED
[CL_R    CL_HALF_FLOAT            1] - CL_FILTER_LINEAR - CL_ADDRESS_CLAMP - NORMALIZED
[CL_R    CL_HALF_FLOAT            1] - CL_FILTER_LINEAR - CL_ADDRESS_REPEAT - NORMALIZED
[CL_R    CL_HALF_FLOAT            1] - CL_FILTER_LINEAR - CL_ADDRESS_MIRRORED_REPEAT - NORMALIZED
[CL_R    CL_FLOAT                 1] - CL_FILTER_LINEAR - CL_ADDRESS_CLAMP_TO_EDGE - NORMALIZED
[CL_R    CL_FLOAT                 1] - CL_FILTER_LINEAR - CL_ADDRESS_CLAMP - NORMALIZED
[CL_R    CL_FLOAT                 1] - CL_FILTER_LINEAR - CL_ADDRESS_REPEAT - NORMALIZED
[CL_R    CL_FLOAT                 1] - CL_FILTER_LINEAR - CL_ADDRESS_MIRRORED_REPEAT - NORMALIZED
[CL_RG   CL_SNORM_INT8            2] - CL_FILTER_LINEAR - CL_ADDRESS_CLAMP_TO_EDGE - NORMALIZED
[CL_RG   CL_SNORM_INT8            2] - CL_FILTER_LINEAR - CL_ADDRESS_CLAMP - NORMALIZED
[CL_RG   CL_SNORM_INT8            2] - CL_FILTER_LINEAR - CL_ADDRESS_REPEAT - NORMALIZED
[CL_RG   CL_SNORM_INT8            2] - CL_FILTER_LINEAR - CL_ADDRESS_MIRRORED_REPEAT - NORMALIZED
[CL_RG   CL_SNORM_INT16           2] - CL_FILTER_LINEAR - CL_ADDRESS_CLAMP_TO_EDGE - NORMALIZED
[CL_RG   CL_SNORM_INT16           2] - CL_FILTER_LINEAR - CL_ADDRESS_CLAMP - NORMALIZED
[CL_RG   CL_SNORM_INT16           2] - CL_FILTER_LINEAR - CL_ADDRESS_REPEAT - NORMALIZED
[CL_RG   CL_SNORM_INT16           2] - CL_FILTER_LINEAR - CL_ADDRESS_MIRRORED_REPEAT - NORMALIZED
[CL_RG   CL_UNORM_INT8            2] - CL_FILTER_LINEAR - CL_ADDRESS_CLAMP_TO_EDGE - NORMALIZED
[CL_RG   CL_UNORM_INT8            2] - CL_FILTER_LINEAR - CL_ADDRESS_CLAMP - NORMALIZED
[CL_RG   CL_UNORM_INT8            2] - CL_FILTER_LINEAR - CL_ADDRESS_REPEAT - NORMALIZED
[CL_RG   CL_UNORM_INT8            2] - CL_FILTER_LINEAR - CL_ADDRESS_MIRRORED_REPEAT - NORMALIZED
[CL_RG   CL_UNORM_INT16           2] - CL_FILTER_LINEAR - CL_ADDRESS_CLAMP_TO_EDGE - NORMALIZED
[CL_RG   CL_UNORM_INT16           2] - CL_FILTER_LINEAR - CL_ADDRESS_CLAMP - NORMALIZED
[CL_RG   CL_UNORM_INT16           2] - CL_FILTER_LINEAR - CL_ADDRESS_REPEAT - NORMALIZED
[CL_RG   CL_UNORM_INT16           2] - CL_FILTER_LINEAR - CL_ADDRESS_MIRRORED_REPEAT - NORMALIZED
[CL_RG   CL_HALF_FLOAT            2] - CL_FILTER_LINEAR - CL_ADDRESS_CLAMP_TO_EDGE - NORMALIZED
[CL_RG   CL_HALF_FLOAT            2] - CL_FILTER_LINEAR - CL_ADDRESS_CLAMP - NORMALIZED
[CL_RG   CL_HALF_FLOAT            2] - CL_FILTER_LINEAR - CL_ADDRESS_REPEAT - NORMALIZED
[CL_RG   CL_HALF_FLOAT            2] - CL_FILTER_LINEAR - CL_ADDRESS_MIRRORED_REPEAT - NORMALIZED
[CL_RG   CL_FLOAT                 2] - CL_FILTER_LINEAR - CL_ADDRESS_CLAMP_TO_EDGE - NORMALIZED
[CL_RG   CL_FLOAT                 2] - CL_FILTER_LINEAR - CL_ADDRESS_CLAMP - NORMALIZED
[CL_RG   CL_FLOAT                 2] - CL_FILTER_LINEAR - CL_ADDRESS_REPEAT - NORMALIZED
[CL_RG   CL_FLOAT                 2] - CL_FILTER_LINEAR - CL_ADDRESS_MIRRORED_REPEAT - NORMALIZED
[CL_RGBA CL_SNORM_INT8            4] - CL_FILTER_LINEAR - CL_ADDRESS_CLAMP_TO_EDGE - NORMALIZED
[CL_RGBA CL_SNORM_INT8            4] - CL_FILTER_LINEAR - CL_ADDRESS_CLAMP - NORMALIZED
[CL_RGBA CL_SNORM_INT8            4] - CL_FILTER_LINEAR - CL_ADDRESS_REPEAT - NORMALIZED
[CL_RGBA CL_SNORM_INT8            4] - CL_FILTER_LINEAR - CL_ADDRESS_MIRRORED_REPEAT - NORMALIZED
[CL_RGBA CL_SNORM_INT16           4] - CL_FILTER_LINEAR - CL_ADDRESS_CLAMP_TO_EDGE - NORMALIZED
[CL_RGBA CL_SNORM_INT16           4] - CL_FILTER_LINEAR - CL_ADDRESS_CLAMP - NORMALIZED
[CL_RGBA CL_SNORM_INT16           4] - CL_FILTER_LINEAR - CL_ADDRESS_REPEAT - NORMALIZED
[CL_RGBA CL_SNORM_INT16           4] - CL_FILTER_LINEAR - CL_ADDRESS_MIRRORED_REPEAT - NORMALIZED
[CL_RGBA CL_UNORM_INT8            4] - CL_FILTER_LINEAR - CL_ADDRESS_CLAMP_TO_EDGE - NORMALIZED
[CL_RGBA CL_UNORM_INT8            4] - CL_FILTER_LINEAR - CL_ADDRESS_CLAMP - NORMALIZED
[CL_RGBA CL_UNORM_INT8            4] - CL_FILTER_LINEAR - CL_ADDRESS_REPEAT - NORMALIZED
[CL_RGBA CL_UNORM_INT8            4] - CL_FILTER_LINEAR - CL_ADDRESS_MIRRORED_REPEAT - NORMALIZED
[CL_RGBA CL_UNORM_INT16           4] - CL_FILTER_LINEAR - CL_ADDRESS_CLAMP_TO_EDGE - NORMALIZED
[CL_RGBA CL_UNORM_INT16           4] - CL_FILTER_LINEAR - CL_ADDRESS_CLAMP - NORMALIZED
[CL_RGBA CL_UNORM_INT16           4] - CL_FILTER_LINEAR - CL_ADDRESS_REPEAT - NORMALIZED
[CL_RGBA CL_UNORM_INT16           4] - CL_FILTER_LINEAR - CL_ADDRESS_MIRRORED_REPEAT - NORMALIZED
[CL_RGBA CL_HALF_FLOAT            4] - CL_FILTER_LINEAR - CL_ADDRESS_CLAMP_TO_EDGE - NORMALIZED
[CL_RGBA CL_HALF_FLOAT            4] - CL_FILTER_LINEAR - CL_ADDRESS_CLAMP - NORMALIZED
[CL_RGBA CL_HALF_FLOAT            4] - CL_FILTER_LINEAR - CL_ADDRESS_REPEAT - NORMALIZED
[CL_RGBA CL_HALF_FLOAT            4] - CL_FILTER_LINEAR - CL_ADDRESS_MIRRORED_REPEAT - NORMALIZED
[CL_RGBA CL_FLOAT                 4] - CL_FILTER_LINEAR - CL_ADDRESS_CLAMP_TO_EDGE - NORMALIZED
[CL_RGBA CL_FLOAT                 4] - CL_FILTER_LINEAR - CL_ADDRESS_CLAMP - NORMALIZED
[CL_RGBA CL_FLOAT                 4] - CL_FILTER_LINEAR - CL_ADDRESS_REPEAT - NORMALIZED
[CL_RGBA CL_FLOAT                 4] - CL_FILTER_LINEAR - CL_ADDRESS_MIRRORED_REPEAT - NORMALIZED
[CL_BGRA CL_SNORM_INT8            4] - CL_FILTER_LINEAR - CL_ADDRESS_CLAMP_TO_EDGE - NORMALIZED
[CL_BGRA CL_SNORM_INT8            4] - CL_FILTER_LINEAR - CL_ADDRESS_CLAMP - NORMALIZED
[CL_BGRA CL_SNORM_INT8            4] - CL_FILTER_LINEAR - CL_ADDRESS_REPEAT - NORMALIZED
[CL_BGRA CL_SNORM_INT8            4] - CL_FILTER_LINEAR - CL_ADDRESS_MIRRORED_REPEAT - NORMALIZED
[CL_BGRA CL_UNORM_INT8            4] - CL_FILTER_LINEAR - CL_ADDRESS_CLAMP_TO_EDGE - NORMALIZED
[CL_BGRA CL_UNORM_INT8            4] - CL_FILTER_LINEAR - CL_ADDRESS_CLAMP - NORMALIZED
[CL_BGRA CL_UNORM_INT8            4] - CL_FILTER_LINEAR - CL_ADDRESS_REPEAT - NORMALIZED
[CL_BGRA CL_UNORM_INT8            4] - CL_FILTER_LINEAR - CL_ADDRESS_MIRRORED_REPEAT - NORMALIZED
[CL_ARGB CL_SNORM_INT8            4] - CL_FILTER_LINEAR - CL_ADDRESS_CLAMP_TO_EDGE - NORMALIZED
[CL_ARGB CL_SNORM_INT8            4] - CL_FILTER_LINEAR - CL_ADDRESS_CLAMP - NORMALIZED
[CL_ARGB CL_SNORM_INT8            4] - CL_FILTER_LINEAR - CL_ADDRESS_REPEAT - NORMALIZED
[CL_ARGB CL_SNORM_INT8            4] - CL_FILTER_LINEAR - CL_ADDRESS_MIRRORED_REPEAT - NORMALIZED
[CL_ARGB CL_UNORM_INT8            4] - CL_FILTER_LINEAR - CL_ADDRESS_CLAMP_TO_EDGE - NORMALIZED
[CL_ARGB CL_UNORM_INT8            4] - CL_FILTER_LINEAR - CL_ADDRESS_CLAMP - NORMALIZED
[CL_ARGB CL_UNORM_INT8            4] - CL_FILTER_LINEAR - CL_ADDRESS_REPEAT - NORMALIZED
[CL_ARGB CL_UNORM_INT8            4] - CL_FILTER_LINEAR - CL_ADDRESS_MIRRORED_REPEAT - NORMALIZED
[CL_sRGBA CL_UNORM_INT8            4] - CL_FILTER_LINEAR - CL_ADDRESS_CLAMP_TO_EDGE - NORMALIZED
Test error: we should have detected this passing above.
Test error: we should have detected this passing above.
Test error: we should have detected this passing above.
Test error: we should have detected this passing above.
Test error: we should have detected this passing above.
Test error: we should have detected this passing above.
[CL_sRGBA CL_UNORM_INT8            4] - CL_FILTER_LINEAR - CL_ADDRESS_CLAMP - NORMALIZED
Test error: we should have detected this passing above.
Test error: we should have detected this passing above.
Test error: we should have detected this passing above.
Test error: we should have detected this passing above.
Test error: we should have detected this passing above.
Test error: we should have detected this passing above.
[CL_sRGBA CL_UNORM_INT8            4] - CL_FILTER_LINEAR - CL_ADDRESS_REPEAT - NORMALIZED
Test error: we should have detected this passing above.
Test error: we should have detected this passing above.
Test error: we should have detected this passing above.
Test error: we should have detected this passing above.
Test error: we should have detected this passing above.
Test error: we should have detected this passing above.
[CL_sRGBA CL_UNORM_INT8            4] - CL_FILTER_LINEAR - CL_ADDRESS_MIRRORED_REPEAT - NORMALIZED
Test error: we should have detected this passing above.
Test error: we should have detected this passing above.
Test error: we should have detected this passing above.
Test error: we should have detected this passing above.
Test error: we should have detected this passing above.
Test error: we should have detected this passing above.
[CL_sBGRA CL_UNORM_INT8            4] - CL_FILTER_LINEAR - CL_ADDRESS_CLAMP_TO_EDGE - NORMALIZED
Test error: we should have detected this passing above.
Test error: we should have detected this passing above.
Test error: we should have detected this passing above.
Test error: we should have detected this passing above.
Test error: we should have detected this passing above.
Test error: we should have detected this passing above.
[CL_sBGRA CL_UNORM_INT8            4] - CL_FILTER_LINEAR - CL_ADDRESS_CLAMP - NORMALIZED
Test error: we should have detected this passing above.
Test error: we should have detected this passing above.
Test error: we should have detected this passing above.
Test error: we should have detected this passing above.
Test error: we should have detected this passing above.
Test error: we should have detected this passing above.
[CL_sBGRA CL_UNORM_INT8            4] - CL_FILTER_LINEAR - CL_ADDRESS_REPEAT - NORMALIZED
Test error: we should have detected this passing above.
Test error: we should have detected this passing above.
Test error: we should have detected this passing above.
Test error: we should have detected this passing above.
Test error: we should have detected this passing above.
Test error: we should have detected this passing above.
[CL_sBGRA CL_UNORM_INT8            4] - CL_FILTER_LINEAR - CL_ADDRESS_MIRRORED_REPEAT - NORMALIZED
Test error: we should have detected this passing above.
Test error: we should have detected this passing above.
Test error: we should have detected this passing above.
Test error: we should have detected this passing above.
Test error: we should have detected this passing above.
Test error: we should have detected this passing above.
[CL_ABGR CL_SNORM_INT8            4] - CL_FILTER_LINEAR - CL_ADDRESS_CLAMP_TO_EDGE - NORMALIZED
[CL_ABGR CL_SNORM_INT8            4] - CL_FILTER_LINEAR - CL_ADDRESS_CLAMP - NORMALIZED
[CL_ABGR CL_SNORM_INT8            4] - CL_FILTER_LINEAR - CL_ADDRESS_REPEAT - NORMALIZED
[CL_ABGR CL_SNORM_INT8            4] - CL_FILTER_LINEAR - CL_ADDRESS_MIRRORED_REPEAT - NORMALIZED
[CL_ABGR CL_UNORM_INT8            4] - CL_FILTER_LINEAR - CL_ADDRESS_CLAMP_TO_EDGE - NORMALIZED
[CL_ABGR CL_UNORM_INT8            4] - CL_FILTER_LINEAR - CL_ADDRESS_CLAMP - NORMALIZED
[CL_ABGR CL_UNORM_INT8            4] - CL_FILTER_LINEAR - CL_ADDRESS_REPEAT - NORMALIZED
[CL_ABGR CL_UNORM_INT8            4] - CL_FILTER_LINEAR - CL_ADDRESS_MIRRORED_REPEAT - NORMALIZED
[CL_ABGR CL_UNORM_INT_2_101010_EXT 4] - CL_FILTER_LINEAR - CL_ADDRESS_CLAMP_TO_EDGE - NORMALIZED
[CL_ABGR CL_UNORM_INT_2_101010_EXT 4] - CL_FILTER_LINEAR - CL_ADDRESS_CLAMP - NORMALIZED
[CL_ABGR CL_UNORM_INT_2_101010_EXT 4] - CL_FILTER_LINEAR - CL_ADDRESS_REPEAT - NORMALIZED
[CL_ABGR CL_UNORM_INT_2_101010_EXT 4] - CL_FILTER_LINEAR - CL_ADDRESS_MIRRORED_REPEAT - NORMALIZED
---- Supported 1D write formats for this device ---- 
  CL_R    CL_SNORM_INT8            1
  CL_R    CL_SNORM_INT16           1
  CL_R    CL_UNORM_INT8            1
  CL_R    CL_UNORM_INT16           1
  CL_R    CL_SIGNED_INT8           1
  CL_R    CL_SIGNED_INT16          1
  CL_R    CL_SIGNED_INT32          1
  CL_R    CL_UNSIGNED_INT8         1
  CL_R    CL_UNSIGNED_INT16        1
  CL_R    CL_UNSIGNED_INT32        1
  CL_R    CL_HALF_FLOAT            1
  CL_R    CL_FLOAT                 1
  CL_RG   CL_SNORM_INT8            2
  CL_RG   CL_SNORM_INT16           2
  CL_RG   CL_UNORM_INT8            2
  CL_RG   CL_UNORM_INT16           2
  CL_RG   CL_SIGNED_INT8           2
  CL_RG   CL_SIGNED_INT16          2
  CL_RG   CL_SIGNED_INT32          2
  CL_RG   CL_UNSIGNED_INT8         2
  CL_RG   CL_UNSIGNED_INT16        2
  CL_RG   CL_UNSIGNED_INT32        2
  CL_RG   CL_HALF_FLOAT            2
  CL_RG   CL_FLOAT                 2
  CL_RGBA CL_SNORM_INT8            4
  CL_RGBA CL_SNORM_INT16           4
  CL_RGBA CL_UNORM_INT8            4
  CL_RGBA CL_UNORM_INT16           4
  CL_RGBA CL_SIGNED_INT8           4
  CL_RGBA CL_SIGNED_INT16          4
  CL_RGBA CL_SIGNED_INT32          4
  CL_RGBA CL_UNSIGNED_INT8         4
  CL_RGBA CL_UNSIGNED_INT16        4
  CL_RGBA CL_UNSIGNED_INT32        4
  CL_RGBA CL_HALF_FLOAT            4
  CL_RGBA CL_FLOAT                 4
  CL_BGRA CL_SNORM_INT8            4
  CL_BGRA CL_UNORM_INT8            4
  CL_BGRA CL_SIGNED_INT8           4
  CL_BGRA CL_UNSIGNED_INT8         4
  CL_ARGB CL_SNORM_INT8            4
  CL_ARGB CL_UNORM_INT8            4
  CL_ABGR CL_SNORM_INT8            4
  CL_ABGR CL_UNORM_INT8            4
  CL_ABGR CL_UNORM_INT_2_101010_EXT 4
------------------------------------------- 
write_image (int input) *****************************
[CL_R    CL_SIGNED_INT8           1]
[CL_R    CL_SIGNED_INT16          1]
[CL_R    CL_SIGNED_INT32          1]
[CL_RG   CL_SIGNED_INT8           2]
[CL_RG   CL_SIGNED_INT16          2]
[CL_RG   CL_SIGNED_INT32          2]
[CL_RGBA CL_SIGNED_INT8           4]
[CL_RGBA CL_SIGNED_INT16          4]
[CL_RGBA CL_SIGNED_INT32          4]
[CL_BGRA CL_SIGNED_INT8           4]
write_image (uint input) *****************************
[CL_R    CL_UNSIGNED_INT8         1]
[CL_R    CL_UNSIGNED_INT16        1]
[CL_R    CL_UNSIGNED_INT32        1]
[CL_RG   CL_UNSIGNED_INT8         2]
[CL_RG   CL_UNSIGNED_INT16        2]
[CL_RG   CL_UNSIGNED_INT32        2]
[CL_RGBA CL_UNSIGNED_INT8         4]
[CL_RGBA CL_UNSIGNED_INT16        4]
[CL_RGBA CL_UNSIGNED_INT32        4]
[CL_BGRA CL_UNSIGNED_INT8         4]
write_image (float input) *****************************
[CL_R    CL_SNORM_INT8            1]
[CL_R    CL_SNORM_INT16           1]
[CL_R    CL_UNORM_INT8            1]
[CL_R    CL_UNORM_INT16           1]
[CL_R    CL_HALF_FLOAT            1]
[CL_R    CL_FLOAT                 1]
[CL_RG   CL_SNORM_INT8            2]
[CL_RG   CL_SNORM_INT16           2]
[CL_RG   CL_UNORM_INT8            2]
[CL_RG   CL_UNORM_INT16           2]
[CL_RG   CL_HALF_FLOAT            2]
[CL_RG   CL_FLOAT                 2]
[CL_RGBA CL_SNORM_INT8            4]
[CL_RGBA CL_SNORM_INT16           4]
[CL_RGBA CL_UNORM_INT8            4]
[CL_RGBA CL_UNORM_INT16           4]
[CL_RGBA CL_HALF_FLOAT            4]
[CL_RGBA CL_FLOAT                 4]
[CL_BGRA CL_SNORM_INT8            4]
[CL_BGRA CL_UNORM_INT8            4]
[CL_ARGB CL_SNORM_INT8            4]
[CL_ARGB CL_UNORM_INT8            4]
[CL_ABGR CL_SNORM_INT8            4]
[CL_ABGR CL_UNORM_INT8            4]
[CL_ABGR CL_UNORM_INT_2_101010_EXT 4]
---- Supported 1D read_write formats for this device ---- 
  CL_R    CL_SNORM_INT8            1
  CL_R    CL_SNORM_INT16           1
  CL_R    CL_UNORM_INT8            1
  CL_R    CL_UNORM_INT16           1
  CL_R    CL_SIGNED_INT8           1
  CL_R    CL_SIGNED_INT16          1
  CL_R    CL_SIGNED_INT32          1
  CL_R    CL_UNSIGNED_INT8         1
  CL_R    CL_UNSIGNED_INT16        1
  CL_R    CL_UNSIGNED_INT32        1
  CL_R    CL_HALF_FLOAT            1
  CL_R    CL_FLOAT                 1
  CL_RG   CL_SNORM_INT8            2
  CL_RG   CL_SNORM_INT16           2
  CL_RG   CL_UNORM_INT8            2
  CL_RG   CL_UNORM_INT16           2
  CL_RG   CL_SIGNED_INT8           2
  CL_RG   CL_SIGNED_INT16          2
  CL_RG   CL_SIGNED_INT32          2
  CL_RG   CL_UNSIGNED_INT8         2
  CL_RG   CL_UNSIGNED_INT16        2
  CL_RG   CL_UNSIGNED_INT32        2
  CL_RG   CL_HALF_FLOAT            2
  CL_RG   CL_FLOAT                 2
  CL_RGBA CL_SNORM_INT8            4
  CL_RGBA CL_SNORM_INT16           4
  CL_RGBA CL_UNORM_INT8            4
  CL_RGBA CL_UNORM_INT16           4
  CL_RGBA CL_SIGNED_INT8           4
  CL_RGBA CL_SIGNED_INT16          4
  CL_RGBA CL_SIGNED_INT32          4
  CL_RGBA CL_UNSIGNED_INT8         4
  CL_RGBA CL_UNSIGNED_INT16        4
  CL_RGBA CL_UNSIGNED_INT32        4
  CL_RGBA CL_HALF_FLOAT            4
  CL_RGBA CL_FLOAT                 4
  CL_BGRA CL_SNORM_INT8            4
  CL_BGRA CL_UNORM_INT8            4
  CL_BGRA CL_SIGNED_INT8           4
  CL_BGRA CL_UNSIGNED_INT8         4
  CL_ARGB CL_SNORM_INT8            4
  CL_ARGB CL_UNORM_INT8            4
  CL_ABGR CL_SNORM_INT8            4
  CL_ABGR CL_UNORM_INT8            4
  CL_ABGR CL_UNORM_INT_2_101010_EXT 4
------------------------------------------- 
read_image (integer coords, int results) *****************************
[CL_R    CL_SIGNED_INT8           1] - CL_FILTER_NEAREST - CL_ADDRESS_NONE - UNNORMALIZED
[CL_R    CL_SIGNED_INT16          1] - CL_FILTER_NEAREST - CL_ADDRESS_NONE - UNNORMALIZED
[CL_R    CL_SIGNED_INT32          1] - CL_FILTER_NEAREST - CL_ADDRESS_NONE - UNNORMALIZED
[CL_RG   CL_SIGNED_INT8           2] - CL_FILTER_NEAREST - CL_ADDRESS_NONE - UNNORMALIZED
[CL_RG   CL_SIGNED_INT16          2] - CL_FILTER_NEAREST - CL_ADDRESS_NONE - UNNORMALIZED
[CL_RG   CL_SIGNED_INT32          2] - CL_FILTER_NEAREST - CL_ADDRESS_NONE - UNNORMALIZED
[CL_RGBA CL_SIGNED_INT8           4] - CL_FILTER_NEAREST - CL_ADDRESS_NONE - UNNORMALIZED
[CL_RGBA CL_SIGNED_INT16          4] - CL_FILTER_NEAREST - CL_ADDRESS_NONE - UNNORMALIZED
[CL_RGBA CL_SIGNED_INT32          4] - CL_FILTER_NEAREST - CL_ADDRESS_NONE - UNNORMALIZED
[CL_BGRA CL_SIGNED_INT8           4] - CL_FILTER_NEAREST - CL_ADDRESS_NONE - UNNORMALIZED
read_image (integer coords, uint results) *****************************
[CL_R    CL_UNSIGNED_INT8         1] - CL_FILTER_NEAREST - CL_ADDRESS_NONE - UNNORMALIZED
[CL_R    CL_UNSIGNED_INT16        1] - CL_FILTER_NEAREST - CL_ADDRESS_NONE - UNNORMALIZED
[CL_R    CL_UNSIGNED_INT32        1] - CL_FILTER_NEAREST - CL_ADDRESS_NONE - UNNORMALIZED
[CL_RG   CL_UNSIGNED_INT8         2] - CL_FILTER_NEAREST - CL_ADDRESS_NONE - UNNORMALIZED
[CL_RG   CL_UNSIGNED_INT16        2] - CL_FILTER_NEAREST - CL_ADDRESS_NONE - UNNORMALIZED
[CL_RG   CL_UNSIGNED_INT32        2] - CL_FILTER_NEAREST - CL_ADDRESS_NONE - UNNORMALIZED
[CL_RGBA CL_UNSIGNED_INT8         4] - CL_FILTER_NEAREST - CL_ADDRESS_NONE - UNNORMALIZED
[CL_RGBA CL_UNSIGNED_INT16        4] - CL_FILTER_NEAREST - CL_ADDRESS_NONE - UNNORMALIZED
[CL_RGBA CL_UNSIGNED_INT32        4] - CL_FILTER_NEAREST - CL_ADDRESS_NONE - UNNORMALIZED
[CL_BGRA CL_UNSIGNED_INT8         4] - CL_FILTER_NEAREST - CL_ADDRESS_NONE - UNNORMALIZED
read_image (integer coords, float results) *****************************
[CL_R    CL_SNORM_INT8            1] - CL_FILTER_NEAREST - CL_ADDRESS_NONE - UNNORMALIZED
[CL_R    CL_SNORM_INT16           1] - CL_FILTER_NEAREST - CL_ADDRESS_NONE - UNNORMALIZED
[CL_R    CL_UNORM_INT8            1] - CL_FILTER_NEAREST - CL_ADDRESS_NONE - UNNORMALIZED
[CL_R    CL_UNORM_INT16           1] - CL_FILTER_NEAREST - CL_ADDRESS_NONE - UNNORMALIZED
[CL_R    CL_HALF_FLOAT            1] - CL_FILTER_NEAREST - CL_ADDRESS_NONE - UNNORMALIZED
[CL_R    CL_FLOAT                 1] - CL_FILTER_NEAREST - CL_ADDRESS_NONE - UNNORMALIZED
[CL_RG   CL_SNORM_INT8            2] - CL_FILTER_NEAREST - CL_ADDRESS_NONE - UNNORMALIZED
[CL_RG   CL_SNORM_INT16           2] - CL_FILTER_NEAREST - CL_ADDRESS_NONE - UNNORMALIZED
[CL_RG   CL_UNORM_INT8            2] - CL_FILTER_NEAREST - CL_ADDRESS_NONE - UNNORMALIZED
[CL_RG   CL_UNORM_INT16           2] - CL_FILTER_NEAREST - CL_ADDRESS_NONE - UNNORMALIZED
[CL_RG   CL_HALF_FLOAT            2] - CL_FILTER_NEAREST - CL_ADDRESS_NONE - UNNORMALIZED
[CL_RG   CL_FLOAT                 2] - CL_FILTER_NEAREST - CL_ADDRESS_NONE - UNNORMALIZED
[CL_RGBA CL_SNORM_INT8            4] - CL_FILTER_NEAREST - CL_ADDRESS_NONE - UNNORMALIZED
[CL_RGBA CL_SNORM_INT16           4] - CL_FILTER_NEAREST - CL_ADDRESS_NONE - UNNORMALIZED
[CL_RGBA CL_UNORM_INT8            4] - CL_FILTER_NEAREST - CL_ADDRESS_NONE - UNNORMALIZED
[CL_RGBA CL_UNORM_INT16           4] - CL_FILTER_NEAREST - CL_ADDRESS_NONE - UNNORMALIZED
[CL_RGBA CL_HALF_FLOAT            4] - CL_FILTER_NEAREST - CL_ADDRESS_NONE - UNNORMALIZED
[CL_RGBA CL_FLOAT                 4] - CL_FILTER_NEAREST - CL_ADDRESS_NONE - UNNORMALIZED
[CL_BGRA CL_SNORM_INT8            4] - CL_FILTER_NEAREST - CL_ADDRESS_NONE - UNNORMALIZED
[CL_BGRA CL_UNORM_INT8            4] - CL_FILTER_NEAREST - CL_ADDRESS_NONE - UNNORMALIZED
[CL_ARGB CL_SNORM_INT8            4] - CL_FILTER_NEAREST - CL_ADDRESS_NONE - UNNORMALIZED
[CL_ARGB CL_UNORM_INT8            4] - CL_FILTER_NEAREST - CL_ADDRESS_NONE - UNNORMALIZED
[CL_ABGR CL_SNORM_INT8            4] - CL_FILTER_NEAREST - CL_ADDRESS_NONE - UNNORMALIZED
[CL_ABGR CL_UNORM_INT8            4] - CL_FILTER_NEAREST - CL_ADDRESS_NONE - UNNORMALIZED
[CL_ABGR CL_UNORM_INT_2_101010_EXT 4] - CL_FILTER_NEAREST - CL_ADDRESS_NONE - UNNORMALIZED
---- Supported 1D read_write formats for this device ---- 
  CL_R    CL_SNORM_INT8            1
  CL_R    CL_SNORM_INT16           1
  CL_R    CL_UNORM_INT8            1
  CL_R    CL_UNORM_INT16           1
  CL_R    CL_SIGNED_INT8           1
  CL_R    CL_SIGNED_INT16          1
  CL_R    CL_SIGNED_INT32          1
  CL_R    CL_UNSIGNED_INT8         1
  CL_R    CL_UNSIGNED_INT16        1
  CL_R    CL_UNSIGNED_INT32        1
  CL_R    CL_HALF_FLOAT            1
  CL_R    CL_FLOAT                 1
  CL_RG   CL_SNORM_INT8            2
  CL_RG   CL_SNORM_INT16           2
  CL_RG   CL_UNORM_INT8            2
  CL_RG   CL_UNORM_INT16           2
  CL_RG   CL_SIGNED_INT8           2
  CL_RG   CL_SIGNED_INT16          2
  CL_RG   CL_SIGNED_INT32          2
  CL_RG   CL_UNSIGNED_INT8         2
  CL_RG   CL_UNSIGNED_INT16        2
  CL_RG   CL_UNSIGNED_INT32        2
  CL_RG   CL_HALF_FLOAT            2
  CL_RG   CL_FLOAT                 2
  CL_RGBA CL_SNORM_INT8            4
  CL_RGBA CL_SNORM_INT16           4
  CL_RGBA CL_UNORM_INT8            4
  CL_RGBA CL_UNORM_INT16           4
  CL_RGBA CL_SIGNED_INT8           4
  CL_RGBA CL_SIGNED_INT16          4
  CL_RGBA CL_SIGNED_INT32          4
  CL_RGBA CL_UNSIGNED_INT8         4
  CL_RGBA CL_UNSIGNED_INT16        4
  CL_RGBA CL_UNSIGNED_INT32        4
  CL_RGBA CL_HALF_FLOAT            4
  CL_RGBA CL_FLOAT                 4
  CL_BGRA CL_SNORM_INT8            4
  CL_BGRA CL_UNORM_INT8            4
  CL_BGRA CL_SIGNED_INT8           4
  CL_BGRA CL_UNSIGNED_INT8         4
  CL_ARGB CL_SNORM_INT8            4
  CL_ARGB CL_UNORM_INT8            4
  CL_ABGR CL_SNORM_INT8            4
  CL_ABGR CL_UNORM_INT8            4
  CL_ABGR CL_UNORM_INT_2_101010_EXT 4
------------------------------------------- 
write_image (int input) *****************************
[CL_R    CL_SIGNED_INT8           1]
[CL_R    CL_SIGNED_INT16          1]
[CL_R    CL_SIGNED_INT32          1]
[CL_RG   CL_SIGNED_INT8           2]
[CL_RG   CL_SIGNED_INT16          2]
[CL_RG   CL_SIGNED_INT32          2]
[CL_RGBA CL_SIGNED_INT8           4]
[CL_RGBA CL_SIGNED_INT16          4]
[CL_RGBA CL_SIGNED_INT32          4]
[CL_BGRA CL_SIGNED_INT8           4]
write_image (uint input) *****************************
[CL_R    CL_UNSIGNED_INT8         1]
[CL_R    CL_UNSIGNED_INT16        1]
[CL_R    CL_UNSIGNED_INT32        1]
[CL_RG   CL_UNSIGNED_INT8         2]
[CL_RG   CL_UNSIGNED_INT16        2]
[CL_RG   CL_UNSIGNED_INT32        2]
[CL_RGBA CL_UNSIGNED_INT8         4]
[CL_RGBA CL_UNSIGNED_INT16        4]
[CL_RGBA CL_UNSIGNED_INT32        4]
[CL_BGRA CL_UNSIGNED_INT8         4]
write_image (float input) *****************************
[CL_R    CL_SNORM_INT8            1]
[CL_R    CL_SNORM_INT16           1]
[CL_R    CL_UNORM_INT8            1]
[CL_R    CL_UNORM_INT16           1]
[CL_R    CL_HALF_FLOAT            1]
[CL_R    CL_FLOAT                 1]
[CL_RG   CL_SNORM_INT8            2]
[CL_RG   CL_SNORM_INT16           2]
[CL_RG   CL_UNORM_INT8            2]
[CL_RG   CL_UNORM_INT16           2]
[CL_RG   CL_HALF_FLOAT            2]
[CL_RG   CL_FLOAT                 2]
[CL_RGBA CL_SNORM_INT8            4]
[CL_RGBA CL_SNORM_INT16           4]
[CL_RGBA CL_UNORM_INT8            4]
[CL_RGBA CL_UNORM_INT16           4]
[CL_RGBA CL_HALF_FLOAT            4]
[CL_RGBA CL_FLOAT                 4]
[CL_BGRA CL_SNORM_INT8            4]
[CL_BGRA CL_UNORM_INT8            4]
[CL_ARGB CL_SNORM_INT8            4]
[CL_ARGB CL_UNORM_INT8            4]
[CL_ABGR CL_SNORM_INT8            4]
[CL_ABGR CL_UNORM_INT8            4]
[CL_ABGR CL_UNORM_INT_2_101010_EXT 4]
1D passed
2D...
---- Supported 2D read formats for this device ---- 
  CL_R    CL_SNORM_INT8            1
  CL_R    CL_SNORM_INT16           1
  CL_R    CL_UNORM_INT8            1
  CL_R    CL_UNORM_INT16           1
  CL_R    CL_SIGNED_INT8           1
  CL_R    CL_SIGNED_INT16          1
  CL_R    CL_SIGNED_INT32          1
  CL_R    CL_UNSIGNED_INT8         1
  CL_R    CL_UNSIGNED_INT16        1
  CL_R    CL_UNSIGNED_INT32        1
  CL_R    CL_HALF_FLOAT            1
  CL_R    CL_FLOAT                 1
  CL_RG   CL_SNORM_INT8            2
  CL_RG   CL_SNORM_INT16           2
  CL_RG   CL_UNORM_INT8            2
  CL_RG   CL_UNORM_INT16           2
  CL_RG   CL_SIGNED_INT8           2
  CL_RG   CL_SIGNED_INT16          2
  CL_RG   CL_SIGNED_INT32          2
  CL_RG   CL_UNSIGNED_INT8         2
  CL_RG   CL_UNSIGNED_INT16        2
  CL_RG   CL_UNSIGNED_INT32        2
  CL_RG   CL_HALF_FLOAT            2
  CL_RG   CL_FLOAT                 2
  CL_RGBA CL_SNORM_INT8            4
  CL_RGBA CL_SNORM_INT16           4
  CL_RGBA CL_UNORM_INT8            4
  CL_RGBA CL_UNORM_INT16           4
  CL_RGBA CL_SIGNED_INT8           4
  CL_RGBA CL_SIGNED_INT16          4
  CL_RGBA CL_SIGNED_INT32          4
  CL_RGBA CL_UNSIGNED_INT8         4
  CL_RGBA CL_UNSIGNED_INT16        4
  CL_RGBA CL_UNSIGNED_INT32        4
  CL_RGBA CL_HALF_FLOAT            4
  CL_RGBA CL_FLOAT                 4
  CL_BGRA CL_SNORM_INT8            4
  CL_BGRA CL_UNORM_INT8            4
  CL_BGRA CL_SIGNED_INT8           4
  CL_BGRA CL_UNSIGNED_INT8         4
  CL_ARGB CL_SNORM_INT8            4
  CL_ARGB CL_UNORM_INT8            4
  CL_DEPTH CL_UNORM_INT16           1
  CL_DEPTH CL_FLOAT                 1
  CL_sRGBA CL_UNORM_INT8            4
  CL_sBGRA CL_UNORM_INT8            4
  CL_ABGR CL_SNORM_INT8            4
  CL_ABGR CL_UNORM_INT8            4
  CL_ABGR CL_UNORM_INT_2_101010_EXT 4
------------------------------------------- 
read_image (integer coords, int results) *****************************
[CL_R    CL_SIGNED_INT8           1] - CL_FILTER_NEAREST - CL_ADDRESS_CLAMP_TO_EDGE - UNNORMALIZED
[CL_R    CL_SIGNED_INT8           1] - CL_FILTER_NEAREST - CL_ADDRESS_CLAMP - UNNORMALIZED
[CL_R    CL_SIGNED_INT16          1] - CL_FILTER_NEAREST - CL_ADDRESS_CLAMP_TO_EDGE - UNNORMALIZED
[CL_R    CL_SIGNED_INT16          1] - CL_FILTER_NEAREST - CL_ADDRESS_CLAMP - UNNORMALIZED
[CL_R    CL_SIGNED_INT32          1] - CL_FILTER_NEAREST - CL_ADDRESS_CLAMP_TO_EDGE - UNNORMALIZED
[CL_R    CL_SIGNED_INT32          1] - CL_FILTER_NEAREST - CL_ADDRESS_CLAMP - UNNORMALIZED
[CL_RG   CL_SIGNED_INT8           2] - CL_FILTER_NEAREST - CL_ADDRESS_CLAMP_TO_EDGE - UNNORMALIZED
[CL_RG   CL_SIGNED_INT8           2] - CL_FILTER_NEAREST - CL_ADDRESS_CLAMP - UNNORMALIZED
[CL_RG   CL_SIGNED_INT16          2] - CL_FILTER_NEAREST - CL_ADDRESS_CLAMP_TO_EDGE - UNNORMALIZED
[CL_RG   CL_SIGNED_INT16          2] - CL_FILTER_NEAREST - CL_ADDRESS_CLAMP - UNNORMALIZED
[CL_RG   CL_SIGNED_INT32          2] - CL_FILTER_NEAREST - CL_ADDRESS_CLAMP_TO_EDGE - UNNORMALIZED
[CL_RG   CL_SIGNED_INT32          2] - CL_FILTER_NEAREST - CL_ADDRESS_CLAMP - UNNORMALIZED
[CL_RGBA CL_SIGNED_INT8           4] - CL_FILTER_NEAREST - CL_ADDRESS_CLAMP_TO_EDGE - UNNORMALIZED
[CL_RGBA CL_SIGNED_INT8           4] - CL_FILTER_NEAREST - CL_ADDRESS_CLAMP - UNNORMALIZED
[CL_RGBA CL_SIGNED_INT16          4] - CL_FILTER_NEAREST - CL_ADDRESS_CLAMP_TO_EDGE - UNNORMALIZED
[CL_RGBA CL_SIGNED_INT16          4] - CL_FILTER_NEAREST - CL_ADDRESS_CLAMP - UNNORMALIZED
[CL_RGBA CL_SIGNED_INT32          4] - CL_FILTER_NEAREST - CL_ADDRESS_CLAMP_TO_EDGE - UNNORMALIZED
[CL_RGBA CL_SIGNED_INT32          4] - CL_FILTER_NEAREST - CL_ADDRESS_CLAMP - UNNORMALIZED
[CL_BGRA CL_SIGNED_INT8           4] - CL_FILTER_NEAREST - CL_ADDRESS_CLAMP_TO_EDGE - UNNORMALIZED
[CL_BGRA CL_SIGNED_INT8           4] - CL_FILTER_NEAREST - CL_ADDRESS_CLAMP - UNNORMALIZED
read_image (unnormalized float coords, int results) *****************************
[CL_R    CL_SIGNED_INT8           1] - CL_FILTER_NEAREST - CL_ADDRESS_CLAMP_TO_EDGE - UNNORMALIZED
[CL_R    CL_SIGNED_INT8           1] - CL_FILTER_NEAREST - CL_ADDRESS_CLAMP - UNNORMALIZED
[CL_R    CL_SIGNED_INT16          1] - CL_FILTER_NEAREST - CL_ADDRESS_CLAMP_TO_EDGE - UNNORMALIZED
[CL_R    CL_SIGNED_INT16          1] - CL_FILTER_NEAREST - CL_ADDRESS_CLAMP - UNNORMALIZED
[CL_R    CL_SIGNED_INT32          1] - CL_FILTER_NEAREST - CL_ADDRESS_CLAMP_TO_EDGE - UNNORMALIZED
[CL_R    CL_SIGNED_INT32          1] - CL_FILTER_NEAREST - CL_ADDRESS_CLAMP - UNNORMALIZED
[CL_RG   CL_SIGNED_INT8           2] - CL_FILTER_NEAREST - CL_ADDRESS_CLAMP_TO_EDGE - UNNORMALIZED
[CL_RG   CL_SIGNED_INT8           2] - CL_FILTER_NEAREST - CL_ADDRESS_CLAMP - UNNORMALIZED
[CL_RG   CL_SIGNED_INT16          2] - CL_FILTER_NEAREST - CL_ADDRESS_CLAMP_TO_EDGE - UNNORMALIZED
[CL_RG   CL_SIGNED_INT16          2] - CL_FILTER_NEAREST - CL_ADDRESS_CLAMP - UNNORMALIZED
[CL_RG   CL_SIGNED_INT32          2] - CL_FILTER_NEAREST - CL_ADDRESS_CLAMP_TO_EDGE - UNNORMALIZED
[CL_RG   CL_SIGNED_INT32          2] - CL_FILTER_NEAREST - CL_ADDRESS_CLAMP - UNNORMALIZED
[CL_RGBA CL_SIGNED_INT8           4] - CL_FILTER_NEAREST - CL_ADDRESS_CLAMP_TO_EDGE - UNNORMALIZED
[CL_RGBA CL_SIGNED_INT8           4] - CL_FILTER_NEAREST - CL_ADDRESS_CLAMP - UNNORMALIZED
[CL_RGBA CL_SIGNED_INT16          4] - CL_FILTER_NEAREST - CL_ADDRESS_CLAMP_TO_EDGE - UNNORMALIZED
[CL_RGBA CL_SIGNED_INT16          4] - CL_FILTER_NEAREST - CL_ADDRESS_CLAMP - UNNORMALIZED
[CL_RGBA CL_SIGNED_INT32          4] - CL_FILTER_NEAREST - CL_ADDRESS_CLAMP_TO_EDGE - UNNORMALIZED
[CL_RGBA CL_SIGNED_INT32          4] - CL_FILTER_NEAREST - CL_ADDRESS_CLAMP - UNNORMALIZED
[CL_BGRA CL_SIGNED_INT8           4] - CL_FILTER_NEAREST - CL_ADDRESS_CLAMP_TO_EDGE - UNNORMALIZED
[CL_BGRA CL_SIGNED_INT8           4] - CL_FILTER_NEAREST - CL_ADDRESS_CLAMP - UNNORMALIZED
read_image (normalized float coords, int results) *****************************
[CL_R    CL_SIGNED_INT8           1] - CL_FILTER_NEAREST - CL_ADDRESS_CLAMP_TO_EDGE - NORMALIZED
[CL_R    CL_SIGNED_INT8           1] - CL_FILTER_NEAREST - CL_ADDRESS_CLAMP - NORMALIZED
[CL_R    CL_SIGNED_INT8           1] - CL_FILTER_NEAREST - CL_ADDRESS_REPEAT - NORMALIZED
[CL_R    CL_SIGNED_INT8           1] - CL_FILTER_NEAREST - CL_ADDRESS_MIRRORED_REPEAT - NORMALIZED
[CL_R    CL_SIGNED_INT16          1] - CL_FILTER_NEAREST - CL_ADDRESS_CLAMP_TO_EDGE - NORMALIZED
[CL_R    CL_SIGNED_INT16          1] - CL_FILTER_NEAREST - CL_ADDRESS_CLAMP - NORMALIZED
[CL_R    CL_SIGNED_INT16          1] - CL_FILTER_NEAREST - CL_ADDRESS_REPEAT - NORMALIZED
[CL_R    CL_SIGNED_INT16          1] - CL_FILTER_NEAREST - CL_ADDRESS_MIRRORED_REPEAT - NORMALIZED
[CL_R    CL_SIGNED_INT32          1] - CL_FILTER_NEAREST - CL_ADDRESS_CLAMP_TO_EDGE - NORMALIZED
[CL_R    CL_SIGNED_INT32          1] - CL_FILTER_NEAREST - CL_ADDRESS_CLAMP - NORMALIZED
[CL_R    CL_SIGNED_INT32          1] - CL_FILTER_NEAREST - CL_ADDRESS_REPEAT - NORMALIZED
[CL_R    CL_SIGNED_INT32          1] - CL_FILTER_NEAREST - CL_ADDRESS_MIRRORED_REPEAT - NORMALIZED
[CL_RG   CL_SIGNED_INT8           2] - CL_FILTER_NEAREST - CL_ADDRESS_CLAMP_TO_EDGE - NORMALIZED
[CL_RG   CL_SIGNED_INT8           2] - CL_FILTER_NEAREST - CL_ADDRESS_CLAMP - NORMALIZED
[CL_RG   CL_SIGNED_INT8           2] - CL_FILTER_NEAREST - CL_ADDRESS_REPEAT - NORMALIZED
[CL_RG   CL_SIGNED_INT8           2] - CL_FILTER_NEAREST - CL_ADDRESS_MIRRORED_REPEAT - NORMALIZED
[CL_RG   CL_SIGNED_INT16          2] - CL_FILTER_NEAREST - CL_ADDRESS_CLAMP_TO_EDGE - NORMALIZED
[CL_RG   CL_SIGNED_INT16          2] - CL_FILTER_NEAREST - CL_ADDRESS_CLAMP - NORMALIZED
[CL_RG   CL_SIGNED_INT16          2] - CL_FILTER_NEAREST - CL_ADDRESS_REPEAT - NORMALIZED
[CL_RG   CL_SIGNED_INT16          2] - CL_FILTER_NEAREST - CL_ADDRESS_MIRRORED_REPEAT - NORMALIZED
[CL_RG   CL_SIGNED_INT32          2] - CL_FILTER_NEAREST - CL_ADDRESS_CLAMP_TO_EDGE - NORMALIZED
[CL_RG   CL_SIGNED_INT32          2] - CL_FILTER_NEAREST - CL_ADDRESS_CLAMP - NORMALIZED
[CL_RG   CL_SIGNED_INT32          2] - CL_FILTER_NEAREST - CL_ADDRESS_REPEAT - NORMALIZED
[CL_RG   CL_SIGNED_INT32          2] - CL_FILTER_NEAREST - CL_ADDRESS_MIRRORED_REPEAT - NORMALIZED
[CL_RGBA CL_SIGNED_INT8           4] - CL_FILTER_NEAREST - CL_ADDRESS_CLAMP_TO_EDGE - NORMALIZED
[CL_RGBA CL_SIGNED_INT8           4] - CL_FILTER_NEAREST - CL_ADDRESS_CLAMP - NORMALIZED
[CL_RGBA CL_SIGNED_INT8           4] - CL_FILTER_NEAREST - CL_ADDRESS_REPEAT - NORMALIZED
[CL_RGBA CL_SIGNED_INT8           4] - CL_FILTER_NEAREST - CL_ADDRESS_MIRRORED_REPEAT - NORMALIZED
[CL_RGBA CL_SIGNED_INT16          4] - CL_FILTER_NEAREST - CL_ADDRESS_CLAMP_TO_EDGE - NORMALIZED
[CL_RGBA CL_SIGNED_INT16          4] - CL_FILTER_NEAREST - CL_ADDRESS_CLAMP - NORMALIZED
[CL_RGBA CL_SIGNED_INT16          4] - CL_FILTER_NEAREST - CL_ADDRESS_REPEAT - NORMALIZED
[CL_RGBA CL_SIGNED_INT16          4] - CL_FILTER_NEAREST - CL_ADDRESS_MIRRORED_REPEAT - NORMALIZED
[CL_RGBA CL_SIGNED_INT32          4] - CL_FILTER_NEAREST - CL_ADDRESS_CLAMP_TO_EDGE - NORMALIZED
[CL_RGBA CL_SIGNED_INT32          4] - CL_FILTER_NEAREST - CL_ADDRESS_CLAMP - NORMALIZED
[CL_RGBA CL_SIGNED_INT32          4] - CL_FILTER_NEAREST - CL_ADDRESS_REPEAT - NORMALIZED
[CL_RGBA CL_SIGNED_INT32          4] - CL_FILTER_NEAREST - CL_ADDRESS_MIRRORED_REPEAT - NORMALIZED
[CL_BGRA CL_SIGNED_INT8           4] - CL_FILTER_NEAREST - CL_ADDRESS_CLAMP_TO_EDGE - NORMALIZED
[CL_BGRA CL_SIGNED_INT8           4] - CL_FILTER_NEAREST - CL_ADDRESS_CLAMP - NORMALIZED
[CL_BGRA CL_SIGNED_INT8           4] - CL_FILTER_NEAREST - CL_ADDRESS_REPEAT - NORMALIZED
[CL_BGRA CL_SIGNED_INT8           4] - CL_FILTER_NEAREST - CL_ADDRESS_MIRRORED_REPEAT - NORMALIZED
read_image (integer coords, uint results) *****************************
[CL_R    CL_UNSIGNED_INT8         1] - CL_FILTER_NEAREST - CL_ADDRESS_CLAMP_TO_EDGE - UNNORMALIZED
[CL_R    CL_UNSIGNED_INT8         1] - CL_FILTER_NEAREST - CL_ADDRESS_CLAMP - UNNORMALIZED
[CL_R    CL_UNSIGNED_INT16        1] - CL_FILTER_NEAREST - CL_ADDRESS_CLAMP_TO_EDGE - UNNORMALIZED
[CL_R    CL_UNSIGNED_INT16        1] - CL_FILTER_NEAREST - CL_ADDRESS_CLAMP - UNNORMALIZED
[CL_R    CL_UNSIGNED_INT32        1] - CL_FILTER_NEAREST - CL_ADDRESS_CLAMP_TO_EDGE - UNNORMALIZED
[CL_R    CL_UNSIGNED_INT32        1] - CL_FILTER_NEAREST - CL_ADDRESS_CLAMP - UNNORMALIZED
[CL_RG   CL_UNSIGNED_INT8         2] - CL_FILTER_NEAREST - CL_ADDRESS_CLAMP_TO_EDGE - UNNORMALIZED
[CL_RG   CL_UNSIGNED_INT8         2] - CL_FILTER_NEAREST - CL_ADDRESS_CLAMP - UNNORMALIZED
[CL_RG   CL_UNSIGNED_INT16        2] - CL_FILTER_NEAREST - CL_ADDRESS_CLAMP_TO_EDGE - UNNORMALIZED
[CL_RG   CL_UNSIGNED_INT16        2] - CL_FILTER_NEAREST - CL_ADDRESS_CLAMP - UNNORMALIZED
[CL_RG   CL_UNSIGNED_INT32        2] - CL_FILTER_NEAREST - CL_ADDRESS_CLAMP_TO_EDGE - UNNORMALIZED
[CL_RG   CL_UNSIGNED_INT32        2] - CL_FILTER_NEAREST - CL_ADDRESS_CLAMP - UNNORMALIZED
[CL_RGBA CL_UNSIGNED_INT8         4] - CL_FILTER_NEAREST - CL_ADDRESS_CLAMP_TO_EDGE - UNNORMALIZED
[CL_RGBA CL_UNSIGNED_INT8         4] - CL_FILTER_NEAREST - CL_ADDRESS_CLAMP - UNNORMALIZED
[CL_RGBA CL_UNSIGNED_INT16        4] - CL_FILTER_NEAREST - CL_ADDRESS_CLAMP_TO_EDGE - UNNORMALIZED
[CL_RGBA CL_UNSIGNED_INT16        4] - CL_FILTER_NEAREST - CL_ADDRESS_CLAMP - UNNORMALIZED
[CL_RGBA CL_UNSIGNED_INT32        4] - CL_FILTER_NEAREST - CL_ADDRESS_CLAMP_TO_EDGE - UNNORMALIZED
[CL_RGBA CL_UNSIGNED_INT32        4] - CL_FILTER_NEAREST - CL_ADDRESS_CLAMP - UNNORMALIZED
[CL_BGRA CL_UNSIGNED_INT8         4] - CL_FILTER_NEAREST - CL_ADDRESS_CLAMP_TO_EDGE - UNNORMALIZED
[CL_BGRA CL_UNSIGNED_INT8         4] - CL_FILTER_NEAREST - CL_ADDRESS_CLAMP - UNNORMALIZED
read_image (unnormalized float coords, uint results) *****************************
[CL_R    CL_UNSIGNED_INT8         1] - CL_FILTER_NEAREST - CL_ADDRESS_CLAMP_TO_EDGE - UNNORMALIZED
[CL_R    CL_UNSIGNED_INT8         1] - CL_FILTER_NEAREST - CL_ADDRESS_CLAMP - UNNORMALIZED
[CL_R    CL_UNSIGNED_INT16        1] - CL_FILTER_NEAREST - CL_ADDRESS_CLAMP_TO_EDGE - UNNORMALIZED
[CL_R    CL_UNSIGNED_INT16        1] - CL_FILTER_NEAREST - CL_ADDRESS_CLAMP - UNNORMALIZED
[CL_R    CL_UNSIGNED_INT32        1] - CL_FILTER_NEAREST - CL_ADDRESS_CLAMP_TO_EDGE - UNNORMALIZED
[CL_R    CL_UNSIGNED_INT32        1] - CL_FILTER_NEAREST - CL_ADDRESS_CLAMP - UNNORMALIZED
[CL_RG   CL_UNSIGNED_INT8         2] - CL_FILTER_NEAREST - CL_ADDRESS_CLAMP_TO_EDGE - UNNORMALIZED
[CL_RG   CL_UNSIGNED_INT8         2] - CL_FILTER_NEAREST - CL_ADDRESS_CLAMP - UNNORMALIZED
[CL_RG   CL_UNSIGNED_INT16        2] - CL_FILTER_NEAREST - CL_ADDRESS_CLAMP_TO_EDGE - UNNORMALIZED
[CL_RG   CL_UNSIGNED_INT16        2] - CL_FILTER_NEAREST - CL_ADDRESS_CLAMP - UNNORMALIZED
[CL_RG   CL_UNSIGNED_INT32        2] - CL_FILTER_NEAREST - CL_ADDRESS_CLAMP_TO_EDGE - UNNORMALIZED
[CL_RG   CL_UNSIGNED_INT32        2] - CL_FILTER_NEAREST - CL_ADDRESS_CLAMP - UNNORMALIZED
[CL_RGBA CL_UNSIGNED_INT8         4] - CL_FILTER_NEAREST - CL_ADDRESS_CLAMP_TO_EDGE - UNNORMALIZED
[CL_RGBA CL_UNSIGNED_INT8         4] - CL_FILTER_NEAREST - CL_ADDRESS_CLAMP - UNNORMALIZED
[CL_RGBA CL_UNSIGNED_INT16        4] - CL_FILTER_NEAREST - CL_ADDRESS_CLAMP_TO_EDGE - UNNORMALIZED
[CL_RGBA CL_UNSIGNED_INT16        4] - CL_FILTER_NEAREST - CL_ADDRESS_CLAMP - UNNORMALIZED
[CL_RGBA CL_UNSIGNED_INT32        4] - CL_FILTER_NEAREST - CL_ADDRESS_CLAMP_TO_EDGE - UNNORMALIZED
[CL_RGBA CL_UNSIGNED_INT32        4] - CL_FILTER_NEAREST - CL_ADDRESS_CLAMP - UNNORMALIZED
[CL_BGRA CL_UNSIGNED_INT8         4] - CL_FILTER_NEAREST - CL_ADDRESS_CLAMP_TO_EDGE - UNNORMALIZED
[CL_BGRA CL_UNSIGNED_INT8         4] - CL_FILTER_NEAREST - CL_ADDRESS_CLAMP - UNNORMALIZED
read_image (normalized float coords, uint results) *****************************
[CL_R    CL_UNSIGNED_INT8         1] - CL_FILTER_NEAREST - CL_ADDRESS_CLAMP_TO_EDGE - NORMALIZED
[CL_R    CL_UNSIGNED_INT8         1] - CL_FILTER_NEAREST - CL_ADDRESS_CLAMP - NORMALIZED
[CL_R    CL_UNSIGNED_INT8         1] - CL_FILTER_NEAREST - CL_ADDRESS_REPEAT - NORMALIZED
[CL_R    CL_UNSIGNED_INT8         1] - CL_FILTER_NEAREST - CL_ADDRESS_MIRRORED_REPEAT - NORMALIZED
[CL_R    CL_UNSIGNED_INT16        1] - CL_FILTER_NEAREST - CL_ADDRESS_CLAMP_TO_EDGE - NORMALIZED
[CL_R    CL_UNSIGNED_INT16        1] - CL_FILTER_NEAREST - CL_ADDRESS_CLAMP - NORMALIZED
[CL_R    CL_UNSIGNED_INT16        1] - CL_FILTER_NEAREST - CL_ADDRESS_REPEAT - NORMALIZED
[CL_R    CL_UNSIGNED_INT16        1] - CL_FILTER_NEAREST - CL_ADDRESS_MIRRORED_REPEAT - NORMALIZED
[CL_R    CL_UNSIGNED_INT32        1] - CL_FILTER_NEAREST - CL_ADDRESS_CLAMP_TO_EDGE - NORMALIZED
[CL_R    CL_UNSIGNED_INT32        1] - CL_FILTER_NEAREST - CL_ADDRESS_CLAMP - NORMALIZED
[CL_R    CL_UNSIGNED_INT32        1] - CL_FILTER_NEAREST - CL_ADDRESS_REPEAT - NORMALIZED
[CL_R    CL_UNSIGNED_INT32        1] - CL_FILTER_NEAREST - CL_ADDRESS_MIRRORED_REPEAT - NORMALIZED
[CL_RG   CL_UNSIGNED_INT8         2] - CL_FILTER_NEAREST - CL_ADDRESS_CLAMP_TO_EDGE - NORMALIZED
[CL_RG   CL_UNSIGNED_INT8         2] - CL_FILTER_NEAREST - CL_ADDRESS_CLAMP - NORMALIZED
[CL_RG   CL_UNSIGNED_INT8         2] - CL_FILTER_NEAREST - CL_ADDRESS_REPEAT - NORMALIZED
[CL_RG   CL_UNSIGNED_INT8         2] - CL_FILTER_NEAREST - CL_ADDRESS_MIRRORED_REPEAT - NORMALIZED
[CL_RG   CL_UNSIGNED_INT16        2] - CL_FILTER_NEAREST - CL_ADDRESS_CLAMP_TO_EDGE - NORMALIZED
[CL_RG   CL_UNSIGNED_INT16        2] - CL_FILTER_NEAREST - CL_ADDRESS_CLAMP - NORMALIZED
[CL_RG   CL_UNSIGNED_INT16        2] - CL_FILTER_NEAREST - CL_ADDRESS_REPEAT - NORMALIZED
[CL_RG   CL_UNSIGNED_INT16        2] - CL_FILTER_NEAREST - CL_ADDRESS_MIRRORED_REPEAT - NORMALIZED
[CL_RG   CL_UNSIGNED_INT32        2] - CL_FILTER_NEAREST - CL_ADDRESS_CLAMP_TO_EDGE - NORMALIZED
[CL_RG   CL_UNSIGNED_INT32        2] - CL_FILTER_NEAREST - CL_ADDRESS_CLAMP - NORMALIZED
[CL_RG   CL_UNSIGNED_INT32        2] - CL_FILTER_NEAREST - CL_ADDRESS_REPEAT - NORMALIZED
[CL_RG   CL_UNSIGNED_INT32        2] - CL_FILTER_NEAREST - CL_ADDRESS_MIRRORED_REPEAT - NORMALIZED
[CL_RGBA CL_UNSIGNED_INT8         4] - CL_FILTER_NEAREST - CL_ADDRESS_CLAMP_TO_EDGE - NORMALIZED
[CL_RGBA CL_UNSIGNED_INT8         4] - CL_FILTER_NEAREST - CL_ADDRESS_CLAMP - NORMALIZED
[CL_RGBA CL_UNSIGNED_INT8         4] - CL_FILTER_NEAREST - CL_ADDRESS_REPEAT - NORMALIZED
[CL_RGBA CL_UNSIGNED_INT8         4] - CL_FILTER_NEAREST - CL_ADDRESS_MIRRORED_REPEAT - NORMALIZED
[CL_RGBA CL_UNSIGNED_INT16        4] - CL_FILTER_NEAREST - CL_ADDRESS_CLAMP_TO_EDGE - NORMALIZED
[CL_RGBA CL_UNSIGNED_INT16        4] - CL_FILTER_NEAREST - CL_ADDRESS_CLAMP - NORMALIZED
[CL_RGBA CL_UNSIGNED_INT16        4] - CL_FILTER_NEAREST - CL_ADDRESS_REPEAT - NORMALIZED
[CL_RGBA CL_UNSIGNED_INT16        4] - CL_FILTER_NEAREST - CL_ADDRESS_MIRRORED_REPEAT - NORMALIZED
[CL_RGBA CL_UNSIGNED_INT32        4] - CL_FILTER_NEAREST - CL_ADDRESS_CLAMP_TO_EDGE - NORMALIZED
[CL_RGBA CL_UNSIGNED_INT32        4] - CL_FILTER_NEAREST - CL_ADDRESS_CLAMP - NORMALIZED
[CL_RGBA CL_UNSIGNED_INT32        4] - CL_FILTER_NEAREST - CL_ADDRESS_REPEAT - NORMALIZED
[CL_RGBA CL_UNSIGNED_INT32        4] - CL_FILTER_NEAREST - CL_ADDRESS_MIRRORED_REPEAT - NORMALIZED
[CL_BGRA CL_UNSIGNED_INT8         4] - CL_FILTER_NEAREST - CL_ADDRESS_CLAMP_TO_EDGE - NORMALIZED
[CL_BGRA CL_UNSIGNED_INT8         4] - CL_FILTER_NEAREST - CL_ADDRESS_CLAMP - NORMALIZED
[CL_BGRA CL_UNSIGNED_INT8         4] - CL_FILTER_NEAREST - CL_ADDRESS_REPEAT - NORMALIZED
[CL_BGRA CL_UNSIGNED_INT8         4] - CL_FILTER_NEAREST - CL_ADDRESS_MIRRORED_REPEAT - NORMALIZED
read_image (integer coords, float results) *****************************
[CL_R    CL_SNORM_INT8            1] - CL_FILTER_NEAREST - CL_ADDRESS_CLAMP_TO_EDGE - UNNORMALIZED
[CL_R    CL_SNORM_INT8            1] - CL_FILTER_NEAREST - CL_ADDRESS_CLAMP - UNNORMALIZED
[CL_R    CL_SNORM_INT16           1] - CL_FILTER_NEAREST - CL_ADDRESS_CLAMP_TO_EDGE - UNNORMALIZED
[CL_R    CL_SNORM_INT16           1] - CL_FILTER_NEAREST - CL_ADDRESS_CLAMP - UNNORMALIZED
[CL_R    CL_UNORM_INT8            1] - CL_FILTER_NEAREST - CL_ADDRESS_CLAMP_TO_EDGE - UNNORMALIZED
[CL_R    CL_UNORM_INT8            1] - CL_FILTER_NEAREST - CL_ADDRESS_CLAMP - UNNORMALIZED
[CL_R    CL_UNORM_INT16           1] - CL_FILTER_NEAREST - CL_ADDRESS_CLAMP_TO_EDGE - UNNORMALIZED
[CL_R    CL_UNORM_INT16           1] - CL_FILTER_NEAREST - CL_ADDRESS_CLAMP - UNNORMALIZED
[CL_R    CL_HALF_FLOAT            1] - CL_FILTER_NEAREST - CL_ADDRESS_CLAMP_TO_EDGE - UNNORMALIZED
Half rounding mode successfully detected.
[CL_R    CL_HALF_FLOAT            1] - CL_FILTER_NEAREST - CL_ADDRESS_CLAMP - UNNORMALIZED
[CL_R    CL_FLOAT                 1] - CL_FILTER_NEAREST - CL_ADDRESS_CLAMP_TO_EDGE - UNNORMALIZED
[CL_R    CL_FLOAT                 1] - CL_FILTER_NEAREST - CL_ADDRESS_CLAMP - UNNORMALIZED
[CL_RG   CL_SNORM_INT8            2] - CL_FILTER_NEAREST - CL_ADDRESS_CLAMP_TO_EDGE - UNNORMALIZED
[CL_RG   CL_SNORM_INT8            2] - CL_FILTER_NEAREST - CL_ADDRESS_CLAMP - UNNORMALIZED
[CL_RG   CL_SNORM_INT16           2] - CL_FILTER_NEAREST - CL_ADDRESS_CLAMP_TO_EDGE - UNNORMALIZED
[CL_RG   CL_SNORM_INT16           2] - CL_FILTER_NEAREST - CL_ADDRESS_CLAMP - UNNORMALIZED
[CL_RG   CL_UNORM_INT8            2] - CL_FILTER_NEAREST - CL_ADDRESS_CLAMP_TO_EDGE - UNNORMALIZED
[CL_RG   CL_UNORM_INT8            2] - CL_FILTER_NEAREST - CL_ADDRESS_CLAMP - UNNORMALIZED
[CL_RG   CL_UNORM_INT16           2] - CL_FILTER_NEAREST - CL_ADDRESS_CLAMP_TO_EDGE - UNNORMALIZED
[CL_RG   CL_UNORM_INT16           2] - CL_FILTER_NEAREST - CL_ADDRESS_CLAMP - UNNORMALIZED
[CL_RG   CL_HALF_FLOAT            2] - CL_FILTER_NEAREST - CL_ADDRESS_CLAMP_TO_EDGE - UNNORMALIZED
[CL_RG   CL_HALF_FLOAT            2] - CL_FILTER_NEAREST - CL_ADDRESS_CLAMP - UNNORMALIZED
[CL_RG   CL_FLOAT                 2] - CL_FILTER_NEAREST - CL_ADDRESS_CLAMP_TO_EDGE - UNNORMALIZED
[CL_RG   CL_FLOAT                 2] - CL_FILTER_NEAREST - CL_ADDRESS_CLAMP - UNNORMALIZED
[CL_RGBA CL_SNORM_INT8            4] - CL_FILTER_NEAREST - CL_ADDRESS_CLAMP_TO_EDGE - UNNORMALIZED
[CL_RGBA CL_SNORM_INT8            4] - CL_FILTER_NEAREST - CL_ADDRESS_CLAMP - UNNORMALIZED
[CL_RGBA CL_SNORM_INT16           4] - CL_FILTER_NEAREST - CL_ADDRESS_CLAMP_TO_EDGE - UNNORMALIZED
[CL_RGBA CL_SNORM_INT16           4] - CL_FILTER_NEAREST - CL_ADDRESS_CLAMP - UNNORMALIZED
[CL_RGBA CL_UNORM_INT8            4] - CL_FILTER_NEAREST - CL_ADDRESS_CLAMP_TO_EDGE - UNNORMALIZED
[CL_RGBA CL_UNORM_INT8            4] - CL_FILTER_NEAREST - CL_ADDRESS_CLAMP - UNNORMALIZED
[CL_RGBA CL_UNORM_INT16           4] - CL_FILTER_NEAREST - CL_ADDRESS_CLAMP_TO_EDGE - UNNORMALIZED
[CL_RGBA CL_UNORM_INT16           4] - CL_FILTER_NEAREST - CL_ADDRESS_CLAMP - UNNORMALIZED
[CL_RGBA CL_HALF_FLOAT            4] - CL_FILTER_NEAREST - CL_ADDRESS_CLAMP_TO_EDGE - UNNORMALIZED
[CL_RGBA CL_HALF_FLOAT            4] - CL_FILTER_NEAREST - CL_ADDRESS_CLAMP - UNNORMALIZED
[CL_RGBA CL_FLOAT                 4] - CL_FILTER_NEAREST - CL_ADDRESS_CLAMP_TO_EDGE - UNNORMALIZED
[CL_RGBA CL_FLOAT                 4] - CL_FILTER_NEAREST - CL_ADDRESS_CLAMP - UNNORMALIZED
[CL_BGRA CL_SNORM_INT8            4] - CL_FILTER_NEAREST - CL_ADDRESS_CLAMP_TO_EDGE - UNNORMALIZED
[CL_BGRA CL_SNORM_INT8            4] - CL_FILTER_NEAREST - CL_ADDRESS_CLAMP - UNNORMALIZED
[CL_BGRA CL_UNORM_INT8            4] - CL_FILTER_NEAREST - CL_ADDRESS_CLAMP_TO_EDGE - UNNORMALIZED
[CL_BGRA CL_UNORM_INT8            4] - CL_FILTER_NEAREST - CL_ADDRESS_CLAMP - UNNORMALIZED
[CL_ARGB CL_SNORM_INT8            4] - CL_FILTER_NEAREST - CL_ADDRESS_CLAMP_TO_EDGE - UNNORMALIZED
[CL_ARGB CL_SNORM_INT8            4] - CL_FILTER_NEAREST - CL_ADDRESS_CLAMP - UNNORMALIZED
[CL_ARGB CL_UNORM_INT8            4] - CL_FILTER_NEAREST - CL_ADDRESS_CLAMP_TO_EDGE - UNNORMALIZED
[CL_ARGB CL_UNORM_INT8            4] - CL_FILTER_NEAREST - CL_ADDRESS_CLAMP - UNNORMALIZED
[CL_DEPTH CL_UNORM_INT16           1] - CL_FILTER_NEAREST - CL_ADDRESS_CLAMP_TO_EDGE - UNNORMALIZED
[CL_DEPTH CL_UNORM_INT16           1] - CL_FILTER_NEAREST - CL_ADDRESS_CLAMP - UNNORMALIZED
[CL_DEPTH CL_FLOAT                 1] - CL_FILTER_NEAREST - CL_ADDRESS_CLAMP_TO_EDGE - UNNORMALIZED
[CL_DEPTH CL_FLOAT                 1] - CL_FILTER_NEAREST - CL_ADDRESS_CLAMP - UNNORMALIZED
[CL_sRGBA CL_UNORM_INT8            4] - CL_FILTER_NEAREST - CL_ADDRESS_CLAMP_TO_EDGE - UNNORMALIZED
[CL_sRGBA CL_UNORM_INT8            4] - CL_FILTER_NEAREST - CL_ADDRESS_CLAMP - UNNORMALIZED
[CL_sBGRA CL_UNORM_INT8            4] - CL_FILTER_NEAREST - CL_ADDRESS_CLAMP_TO_EDGE - UNNORMALIZED
[CL_sBGRA CL_UNORM_INT8            4] - CL_FILTER_NEAREST - CL_ADDRESS_CLAMP - UNNORMALIZED
[CL_ABGR CL_SNORM_INT8            4] - CL_FILTER_NEAREST - CL_ADDRESS_CLAMP_TO_EDGE - UNNORMALIZED
[CL_ABGR CL_SNORM_INT8            4] - CL_FILTER_NEAREST - CL_ADDRESS_CLAMP - UNNORMALIZED
[CL_ABGR CL_UNORM_INT8            4] - CL_FILTER_NEAREST - CL_ADDRESS_CLAMP_TO_EDGE - UNNORMALIZED
[CL_ABGR CL_UNORM_INT8            4] - CL_FILTER_NEAREST - CL_ADDRESS_CLAMP - UNNORMALIZED
[CL_ABGR CL_UNORM_INT_2_101010_EXT 4] - CL_FILTER_NEAREST - CL_ADDRESS_CLAMP_TO_EDGE - UNNORMALIZED
[CL_ABGR CL_UNORM_INT_2_101010_EXT 4] - CL_FILTER_NEAREST - CL_ADDRESS_CLAMP - UNNORMALIZED
read_image (unnormalized float coords, float results) *****************************
[CL_R    CL_SNORM_INT8            1] - CL_FILTER_NEAREST - CL_ADDRESS_CLAMP_TO_EDGE - UNNORMALIZED
[CL_R    CL_SNORM_INT8            1] - CL_FILTER_NEAREST - CL_ADDRESS_CLAMP - UNNORMALIZED
[CL_R    CL_SNORM_INT16           1] - CL_FILTER_NEAREST - CL_ADDRESS_CLAMP_TO_EDGE - UNNORMALIZED
[CL_R    CL_SNORM_INT16           1] - CL_FILTER_NEAREST - CL_ADDRESS_CLAMP - UNNORMALIZED
[CL_R    CL_UNORM_INT8            1] - CL_FILTER_NEAREST - CL_ADDRESS_CLAMP_TO_EDGE - UNNORMALIZED
[CL_R    CL_UNORM_INT8            1] - CL_FILTER_NEAREST - CL_ADDRESS_CLAMP - UNNORMALIZED
[CL_R    CL_UNORM_INT16           1] - CL_FILTER_NEAREST - CL_ADDRESS_CLAMP_TO_EDGE - UNNORMALIZED
[CL_R    CL_UNORM_INT16           1] - CL_FILTER_NEAREST - CL_ADDRESS_CLAMP - UNNORMALIZED
[CL_R    CL_HALF_FLOAT            1] - CL_FILTER_NEAREST - CL_ADDRESS_CLAMP_TO_EDGE - UNNORMALIZED
[CL_R    CL_HALF_FLOAT            1] - CL_FILTER_NEAREST - CL_ADDRESS_CLAMP - UNNORMALIZED
[CL_R    CL_FLOAT                 1] - CL_FILTER_NEAREST - CL_ADDRESS_CLAMP_TO_EDGE - UNNORMALIZED
[CL_R    CL_FLOAT                 1] - CL_FILTER_NEAREST - CL_ADDRESS_CLAMP - UNNORMALIZED
[CL_RG   CL_SNORM_INT8            2] - CL_FILTER_NEAREST - CL_ADDRESS_CLAMP_TO_EDGE - UNNORMALIZED
[CL_RG   CL_SNORM_INT8            2] - CL_FILTER_NEAREST - CL_ADDRESS_CLAMP - UNNORMALIZED
[CL_RG   CL_SNORM_INT16           2] - CL_FILTER_NEAREST - CL_ADDRESS_CLAMP_TO_EDGE - UNNORMALIZED
[CL_RG   CL_SNORM_INT16           2] - CL_FILTER_NEAREST - CL_ADDRESS_CLAMP - UNNORMALIZED
[CL_RG   CL_UNORM_INT8            2] - CL_FILTER_NEAREST - CL_ADDRESS_CLAMP_TO_EDGE - UNNORMALIZED
[CL_RG   CL_UNORM_INT8            2] - CL_FILTER_NEAREST - CL_ADDRESS_CLAMP - UNNORMALIZED
[CL_RG   CL_UNORM_INT16           2] - CL_FILTER_NEAREST - CL_ADDRESS_CLAMP_TO_EDGE - UNNORMALIZED
[CL_RG   CL_UNORM_INT16           2] - CL_FILTER_NEAREST - CL_ADDRESS_CLAMP - UNNORMALIZED
[CL_RG   CL_HALF_FLOAT            2] - CL_FILTER_NEAREST - CL_ADDRESS_CLAMP_TO_EDGE - UNNORMALIZED
[CL_RG   CL_HALF_FLOAT            2] - CL_FILTER_NEAREST - CL_ADDRESS_CLAMP - UNNORMALIZED
[CL_RG   CL_FLOAT                 2] - CL_FILTER_NEAREST - CL_ADDRESS_CLAMP_TO_EDGE - UNNORMALIZED
[CL_RG   CL_FLOAT                 2] - CL_FILTER_NEAREST - CL_ADDRESS_CLAMP - UNNORMALIZED
[CL_RGBA CL_SNORM_INT8            4] - CL_FILTER_NEAREST - CL_ADDRESS_CLAMP_TO_EDGE - UNNORMALIZED
[CL_RGBA CL_SNORM_INT8            4] - CL_FILTER_NEAREST - CL_ADDRESS_CLAMP - UNNORMALIZED
[CL_RGBA CL_SNORM_INT16           4] - CL_FILTER_NEAREST - CL_ADDRESS_CLAMP_TO_EDGE - UNNORMALIZED
[CL_RGBA CL_SNORM_INT16           4] - CL_FILTER_NEAREST - CL_ADDRESS_CLAMP - UNNORMALIZED
[CL_RGBA CL_UNORM_INT8            4] - CL_FILTER_NEAREST - CL_ADDRESS_CLAMP_TO_EDGE - UNNORMALIZED
[CL_RGBA CL_UNORM_INT8            4] - CL_FILTER_NEAREST - CL_ADDRESS_CLAMP - UNNORMALIZED
[CL_RGBA CL_UNORM_INT16           4] - CL_FILTER_NEAREST - CL_ADDRESS_CLAMP_TO_EDGE - UNNORMALIZED
[CL_RGBA CL_UNORM_INT16           4] - CL_FILTER_NEAREST - CL_ADDRESS_CLAMP - UNNORMALIZED
[CL_RGBA CL_HALF_FLOAT            4] - CL_FILTER_NEAREST - CL_ADDRESS_CLAMP_TO_EDGE - UNNORMALIZED
[CL_RGBA CL_HALF_FLOAT            4] - CL_FILTER_NEAREST - CL_ADDRESS_CLAMP - UNNORMALIZED
[CL_RGBA CL_FLOAT                 4] - CL_FILTER_NEAREST - CL_ADDRESS_CLAMP_TO_EDGE - UNNORMALIZED
[CL_RGBA CL_FLOAT                 4] - CL_FILTER_NEAREST - CL_ADDRESS_CLAMP - UNNORMALIZED
[CL_BGRA CL_SNORM_INT8            4] - CL_FILTER_NEAREST - CL_ADDRESS_CLAMP_TO_EDGE - UNNORMALIZED
[CL_BGRA CL_SNORM_INT8            4] - CL_FILTER_NEAREST - CL_ADDRESS_CLAMP - UNNORMALIZED
[CL_BGRA CL_UNORM_INT8            4] - CL_FILTER_NEAREST - CL_ADDRESS_CLAMP_TO_EDGE - UNNORMALIZED
[CL_BGRA CL_UNORM_INT8            4] - CL_FILTER_NEAREST - CL_ADDRESS_CLAMP - UNNORMALIZED
[CL_ARGB CL_SNORM_INT8            4] - CL_FILTER_NEAREST - CL_ADDRESS_CLAMP_TO_EDGE - UNNORMALIZED
[CL_ARGB CL_SNORM_INT8            4] - CL_FILTER_NEAREST - CL_ADDRESS_CLAMP - UNNORMALIZED
[CL_ARGB CL_UNORM_INT8            4] - CL_FILTER_NEAREST - CL_ADDRESS_CLAMP_TO_EDGE - UNNORMALIZED
[CL_ARGB CL_UNORM_INT8            4] - CL_FILTER_NEAREST - CL_ADDRESS_CLAMP - UNNORMALIZED
[CL_DEPTH CL_UNORM_INT16           1] - CL_FILTER_NEAREST - CL_ADDRESS_CLAMP_TO_EDGE - UNNORMALIZED
[CL_DEPTH CL_UNORM_INT16           1] - CL_FILTER_NEAREST - CL_ADDRESS_CLAMP - UNNORMALIZED
[CL_DEPTH CL_FLOAT                 1] - CL_FILTER_NEAREST - CL_ADDRESS_CLAMP_TO_EDGE - UNNORMALIZED
[CL_DEPTH CL_FLOAT                 1] - CL_FILTER_NEAREST - CL_ADDRESS_CLAMP - UNNORMALIZED
[CL_sRGBA CL_UNORM_INT8            4] - CL_FILTER_NEAREST - CL_ADDRESS_CLAMP_TO_EDGE - UNNORMALIZED
[CL_sRGBA CL_UNORM_INT8            4] - CL_FILTER_NEAREST - CL_ADDRESS_CLAMP - UNNORMALIZED
[CL_sBGRA CL_UNORM_INT8            4] - CL_FILTER_NEAREST - CL_ADDRESS_CLAMP_TO_EDGE - UNNORMALIZED
[CL_sBGRA CL_UNORM_INT8            4] - CL_FILTER_NEAREST - CL_ADDRESS_CLAMP - UNNORMALIZED
[CL_ABGR CL_SNORM_INT8            4] - CL_FILTER_NEAREST - CL_ADDRESS_CLAMP_TO_EDGE - UNNORMALIZED
[CL_ABGR CL_SNORM_INT8            4] - CL_FILTER_NEAREST - CL_ADDRESS_CLAMP - UNNORMALIZED
[CL_ABGR CL_UNORM_INT8            4] - CL_FILTER_NEAREST - CL_ADDRESS_CLAMP_TO_EDGE - UNNORMALIZED
[CL_ABGR CL_UNORM_INT8            4] - CL_FILTER_NEAREST - CL_ADDRESS_CLAMP - UNNORMALIZED
[CL_ABGR CL_UNORM_INT_2_101010_EXT 4] - CL_FILTER_NEAREST - CL_ADDRESS_CLAMP_TO_EDGE - UNNORMALIZED
[CL_ABGR CL_UNORM_INT_2_101010_EXT 4] - CL_FILTER_NEAREST - CL_ADDRESS_CLAMP - UNNORMALIZED
read_image (normalized float coords, float results) *****************************
[CL_R    CL_SNORM_INT8            1] - CL_FILTER_NEAREST - CL_ADDRESS_CLAMP_TO_EDGE - NORMALIZED
[CL_R    CL_SNORM_INT8            1] - CL_FILTER_NEAREST - CL_ADDRESS_CLAMP - NORMALIZED
[CL_R    CL_SNORM_INT8            1] - CL_FILTER_NEAREST - CL_ADDRESS_REPEAT - NORMALIZED
[CL_R    CL_SNORM_INT8            1] - CL_FILTER_NEAREST - CL_ADDRESS_MIRRORED_REPEAT - NORMALIZED
[CL_R    CL_SNORM_INT16           1] - CL_FILTER_NEAREST - CL_ADDRESS_CLAMP_TO_EDGE - NORMALIZED
[CL_R    CL_SNORM_INT16           1] - CL_FILTER_NEAREST - CL_ADDRESS_CLAMP - NORMALIZED
[CL_R    CL_SNORM_INT16           1] - CL_FILTER_NEAREST - CL_ADDRESS_REPEAT - NORMALIZED
[CL_R    CL_SNORM_INT16           1] - CL_FILTER_NEAREST - CL_ADDRESS_MIRRORED_REPEAT - NORMALIZED
[CL_R    CL_UNORM_INT8            1] - CL_FILTER_NEAREST - CL_ADDRESS_CLAMP_TO_EDGE - NORMALIZED
[CL_R    CL_UNORM_INT8            1] - CL_FILTER_NEAREST - CL_ADDRESS_CLAMP - NORMALIZED
[CL_R    CL_UNORM_INT8            1] - CL_FILTER_NEAREST - CL_ADDRESS_REPEAT - NORMALIZED
[CL_R    CL_UNORM_INT8            1] - CL_FILTER_NEAREST - CL_ADDRESS_MIRRORED_REPEAT - NORMALIZED
[CL_R    CL_UNORM_INT16           1] - CL_FILTER_NEAREST - CL_ADDRESS_CLAMP_TO_EDGE - NORMALIZED
[CL_R    CL_UNORM_INT16           1] - CL_FILTER_NEAREST - CL_ADDRESS_CLAMP - NORMALIZED
[CL_R    CL_UNORM_INT16           1] - CL_FILTER_NEAREST - CL_ADDRESS_REPEAT - NORMALIZED
[CL_R    CL_UNORM_INT16           1] - CL_FILTER_NEAREST - CL_ADDRESS_MIRRORED_REPEAT - NORMALIZED
[CL_R    CL_HALF_FLOAT            1] - CL_FILTER_NEAREST - CL_ADDRESS_CLAMP_TO_EDGE - NORMALIZED
[CL_R    CL_HALF_FLOAT            1] - CL_FILTER_NEAREST - CL_ADDRESS_CLAMP - NORMALIZED
[CL_R    CL_HALF_FLOAT            1] - CL_FILTER_NEAREST - CL_ADDRESS_REPEAT - NORMALIZED
[CL_R    CL_HALF_FLOAT            1] - CL_FILTER_NEAREST - CL_ADDRESS_MIRRORED_REPEAT - NORMALIZED
[CL_R    CL_FLOAT                 1] - CL_FILTER_NEAREST - CL_ADDRESS_CLAMP_TO_EDGE - NORMALIZED
[CL_R    CL_FLOAT                 1] - CL_FILTER_NEAREST - CL_ADDRESS_CLAMP - NORMALIZED
[CL_R    CL_FLOAT                 1] - CL_FILTER_NEAREST - CL_ADDRESS_REPEAT - NORMALIZED
[CL_R    CL_FLOAT                 1] - CL_FILTER_NEAREST - CL_ADDRESS_MIRRORED_REPEAT - NORMALIZED
[CL_RG   CL_SNORM_INT8            2] - CL_FILTER_NEAREST - CL_ADDRESS_CLAMP_TO_EDGE - NORMALIZED
[CL_RG   CL_SNORM_INT8            2] - CL_FILTER_NEAREST - CL_ADDRESS_CLAMP - NORMALIZED
[CL_RG   CL_SNORM_INT8            2] - CL_FILTER_NEAREST - CL_ADDRESS_REPEAT - NORMALIZED
[CL_RG   CL_SNORM_INT8            2] - CL_FILTER_NEAREST - CL_ADDRESS_MIRRORED_REPEAT - NORMALIZED
[CL_RG   CL_SNORM_INT16           2] - CL_FILTER_NEAREST - CL_ADDRESS_CLAMP_TO_EDGE - NORMALIZED
[CL_RG   CL_SNORM_INT16           2] - CL_FILTER_NEAREST - CL_ADDRESS_CLAMP - NORMALIZED
[CL_RG   CL_SNORM_INT16           2] - CL_FILTER_NEAREST - CL_ADDRESS_REPEAT - NORMALIZED
[CL_RG   CL_SNORM_INT16           2] - CL_FILTER_NEAREST - CL_ADDRESS_MIRRORED_REPEAT - NORMALIZED
[CL_RG   CL_UNORM_INT8            2] - CL_FILTER_NEAREST - CL_ADDRESS_CLAMP_TO_EDGE - NORMALIZED
[CL_RG   CL_UNORM_INT8            2] - CL_FILTER_NEAREST - CL_ADDRESS_CLAMP - NORMALIZED
[CL_RG   CL_UNORM_INT8            2] - CL_FILTER_NEAREST - CL_ADDRESS_REPEAT - NORMALIZED
[CL_RG   CL_UNORM_INT8            2] - CL_FILTER_NEAREST - CL_ADDRESS_MIRRORED_REPEAT - NORMALIZED
[CL_RG   CL_UNORM_INT16           2] - CL_FILTER_NEAREST - CL_ADDRESS_CLAMP_TO_EDGE - NORMALIZED
[CL_RG   CL_UNORM_INT16           2] - CL_FILTER_NEAREST - CL_ADDRESS_CLAMP - NORMALIZED
[CL_RG   CL_UNORM_INT16           2] - CL_FILTER_NEAREST - CL_ADDRESS_REPEAT - NORMALIZED
[CL_RG   CL_UNORM_INT16           2] - CL_FILTER_NEAREST - CL_ADDRESS_MIRRORED_REPEAT - NORMALIZED
[CL_RG   CL_HALF_FLOAT            2] - CL_FILTER_NEAREST - CL_ADDRESS_CLAMP_TO_EDGE - NORMALIZED
[CL_RG   CL_HALF_FLOAT            2] - CL_FILTER_NEAREST - CL_ADDRESS_CLAMP - NORMALIZED
[CL_RG   CL_HALF_FLOAT            2] - CL_FILTER_NEAREST - CL_ADDRESS_REPEAT - NORMALIZED
[CL_RG   CL_HALF_FLOAT            2] - CL_FILTER_NEAREST - CL_ADDRESS_MIRRORED_REPEAT - NORMALIZED
[CL_RG   CL_FLOAT                 2] - CL_FILTER_NEAREST - CL_ADDRESS_CLAMP_TO_EDGE - NORMALIZED
[CL_RG   CL_FLOAT                 2] - CL_FILTER_NEAREST - CL_ADDRESS_CLAMP - NORMALIZED
[CL_RG   CL_FLOAT                 2] - CL_FILTER_NEAREST - CL_ADDRESS_REPEAT - NORMALIZED
[CL_RG   CL_FLOAT                 2] - CL_FILTER_NEAREST - CL_ADDRESS_MIRRORED_REPEAT - NORMALIZED
[CL_RGBA CL_SNORM_INT8            4] - CL_FILTER_NEAREST - CL_ADDRESS_CLAMP_TO_EDGE - NORMALIZED
[CL_RGBA CL_SNORM_INT8            4] - CL_FILTER_NEAREST - CL_ADDRESS_CLAMP - NORMALIZED
[CL_RGBA CL_SNORM_INT8            4] - CL_FILTER_NEAREST - CL_ADDRESS_REPEAT - NORMALIZED
[CL_RGBA CL_SNORM_INT8            4] - CL_FILTER_NEAREST - CL_ADDRESS_MIRRORED_REPEAT - NORMALIZED
[CL_RGBA CL_SNORM_INT16           4] - CL_FILTER_NEAREST - CL_ADDRESS_CLAMP_TO_EDGE - NORMALIZED
[CL_RGBA CL_SNORM_INT16           4] - CL_FILTER_NEAREST - CL_ADDRESS_CLAMP - NORMALIZED
[CL_RGBA CL_SNORM_INT16           4] - CL_FILTER_NEAREST - CL_ADDRESS_REPEAT - NORMALIZED
[CL_RGBA CL_SNORM_INT16           4] - CL_FILTER_NEAREST - CL_ADDRESS_MIRRORED_REPEAT - NORMALIZED
[CL_RGBA CL_UNORM_INT8            4] - CL_FILTER_NEAREST - CL_ADDRESS_CLAMP_TO_EDGE - NORMALIZED
[CL_RGBA CL_UNORM_INT8            4] - CL_FILTER_NEAREST - CL_ADDRESS_CLAMP - NORMALIZED
[CL_RGBA CL_UNORM_INT8            4] - CL_FILTER_NEAREST - CL_ADDRESS_REPEAT - NORMALIZED
[CL_RGBA CL_UNORM_INT8            4] - CL_FILTER_NEAREST - CL_ADDRESS_MIRRORED_REPEAT - NORMALIZED
[CL_RGBA CL_UNORM_INT16           4] - CL_FILTER_NEAREST - CL_ADDRESS_CLAMP_TO_EDGE - NORMALIZED
[CL_RGBA CL_UNORM_INT16           4] - CL_FILTER_NEAREST - CL_ADDRESS_CLAMP - NORMALIZED
[CL_RGBA CL_UNORM_INT16           4] - CL_FILTER_NEAREST - CL_ADDRESS_REPEAT - NORMALIZED
[CL_RGBA CL_UNORM_INT16           4] - CL_FILTER_NEAREST - CL_ADDRESS_MIRRORED_REPEAT - NORMALIZED
[CL_RGBA CL_HALF_FLOAT            4] - CL_FILTER_NEAREST - CL_ADDRESS_CLAMP_TO_EDGE - NORMALIZED
[CL_RGBA CL_HALF_FLOAT            4] - CL_FILTER_NEAREST - CL_ADDRESS_CLAMP - NORMALIZED
[CL_RGBA CL_HALF_FLOAT            4] - CL_FILTER_NEAREST - CL_ADDRESS_REPEAT - NORMALIZED
[CL_RGBA CL_HALF_FLOAT            4] - CL_FILTER_NEAREST - CL_ADDRESS_MIRRORED_REPEAT - NORMALIZED
[CL_RGBA CL_FLOAT                 4] - CL_FILTER_NEAREST - CL_ADDRESS_CLAMP_TO_EDGE - NORMALIZED
[CL_RGBA CL_FLOAT                 4] - CL_FILTER_NEAREST - CL_ADDRESS_CLAMP - NORMALIZED
[CL_RGBA CL_FLOAT                 4] - CL_FILTER_NEAREST - CL_ADDRESS_REPEAT - NORMALIZED
[CL_RGBA CL_FLOAT                 4] - CL_FILTER_NEAREST - CL_ADDRESS_MIRRORED_REPEAT - NORMALIZED
[CL_BGRA CL_SNORM_INT8            4] - CL_FILTER_NEAREST - CL_ADDRESS_CLAMP_TO_EDGE - NORMALIZED
[CL_BGRA CL_SNORM_INT8            4] - CL_FILTER_NEAREST - CL_ADDRESS_CLAMP - NORMALIZED
[CL_BGRA CL_SNORM_INT8            4] - CL_FILTER_NEAREST - CL_ADDRESS_REPEAT - NORMALIZED
[CL_BGRA CL_SNORM_INT8            4] - CL_FILTER_NEAREST - CL_ADDRESS_MIRRORED_REPEAT - NORMALIZED
[CL_BGRA CL_UNORM_INT8            4] - CL_FILTER_NEAREST - CL_ADDRESS_CLAMP_TO_EDGE - NORMALIZED
[CL_BGRA CL_UNORM_INT8            4] - CL_FILTER_NEAREST - CL_ADDRESS_CLAMP - NORMALIZED
[CL_BGRA CL_UNORM_INT8            4] - CL_FILTER_NEAREST - CL_ADDRESS_REPEAT - NORMALIZED
[CL_BGRA CL_UNORM_INT8            4] - CL_FILTER_NEAREST - CL_ADDRESS_MIRRORED_REPEAT - NORMALIZED
[CL_ARGB CL_SNORM_INT8            4] - CL_FILTER_NEAREST - CL_ADDRESS_CLAMP_TO_EDGE - NORMALIZED
[CL_ARGB CL_SNORM_INT8            4] - CL_FILTER_NEAREST - CL_ADDRESS_CLAMP - NORMALIZED
[CL_ARGB CL_SNORM_INT8            4] - CL_FILTER_NEAREST - CL_ADDRESS_REPEAT - NORMALIZED
[CL_ARGB CL_SNORM_INT8            4] - CL_FILTER_NEAREST - CL_ADDRESS_MIRRORED_REPEAT - NORMALIZED
[CL_ARGB CL_UNORM_INT8            4] - CL_FILTER_NEAREST - CL_ADDRESS_CLAMP_TO_EDGE - NORMALIZED
[CL_ARGB CL_UNORM_INT8            4] - CL_FILTER_NEAREST - CL_ADDRESS_CLAMP - NORMALIZED
[CL_ARGB CL_UNORM_INT8            4] - CL_FILTER_NEAREST - CL_ADDRESS_REPEAT - NORMALIZED
[CL_ARGB CL_UNORM_INT8            4] - CL_FILTER_NEAREST - CL_ADDRESS_MIRRORED_REPEAT - NORMALIZED
[CL_DEPTH CL_UNORM_INT16           1] - CL_FILTER_NEAREST - CL_ADDRESS_CLAMP_TO_EDGE - NORMALIZED
[CL_DEPTH CL_UNORM_INT16           1] - CL_FILTER_NEAREST - CL_ADDRESS_CLAMP - NORMALIZED
[CL_DEPTH CL_UNORM_INT16           1] - CL_FILTER_NEAREST - CL_ADDRESS_REPEAT - NORMALIZED
[CL_DEPTH CL_UNORM_INT16           1] - CL_FILTER_NEAREST - CL_ADDRESS_MIRRORED_REPEAT - NORMALIZED
[CL_DEPTH CL_FLOAT                 1] - CL_FILTER_NEAREST - CL_ADDRESS_CLAMP_TO_EDGE - NORMALIZED
[CL_DEPTH CL_FLOAT                 1] - CL_FILTER_NEAREST - CL_ADDRESS_CLAMP - NORMALIZED
[CL_DEPTH CL_FLOAT                 1] - CL_FILTER_NEAREST - CL_ADDRESS_REPEAT - NORMALIZED
[CL_DEPTH CL_FLOAT                 1] - CL_FILTER_NEAREST - CL_ADDRESS_MIRRORED_REPEAT - NORMALIZED
[CL_sRGBA CL_UNORM_INT8            4] - CL_FILTER_NEAREST - CL_ADDRESS_CLAMP_TO_EDGE - NORMALIZED
[CL_sRGBA CL_UNORM_INT8            4] - CL_FILTER_NEAREST - CL_ADDRESS_CLAMP - NORMALIZED
[CL_sRGBA CL_UNORM_INT8            4] - CL_FILTER_NEAREST - CL_ADDRESS_REPEAT - NORMALIZED
[CL_sRGBA CL_UNORM_INT8            4] - CL_FILTER_NEAREST - CL_ADDRESS_MIRRORED_REPEAT - NORMALIZED
[CL_sBGRA CL_UNORM_INT8            4] - CL_FILTER_NEAREST - CL_ADDRESS_CLAMP_TO_EDGE - NORMALIZED
[CL_sBGRA CL_UNORM_INT8            4] - CL_FILTER_NEAREST - CL_ADDRESS_CLAMP - NORMALIZED
[CL_sBGRA CL_UNORM_INT8            4] - CL_FILTER_NEAREST - CL_ADDRESS_REPEAT - NORMALIZED
[CL_sBGRA CL_UNORM_INT8            4] - CL_FILTER_NEAREST - CL_ADDRESS_MIRRORED_REPEAT - NORMALIZED
[CL_ABGR CL_SNORM_INT8            4] - CL_FILTER_NEAREST - CL_ADDRESS_CLAMP_TO_EDGE - NORMALIZED
[CL_ABGR CL_SNORM_INT8            4] - CL_FILTER_NEAREST - CL_ADDRESS_CLAMP - NORMALIZED
[CL_ABGR CL_SNORM_INT8            4] - CL_FILTER_NEAREST - CL_ADDRESS_REPEAT - NORMALIZED
[CL_ABGR CL_SNORM_INT8            4] - CL_FILTER_NEAREST - CL_ADDRESS_MIRRORED_REPEAT - NORMALIZED
[CL_ABGR CL_UNORM_INT8            4] - CL_FILTER_NEAREST - CL_ADDRESS_CLAMP_TO_EDGE - NORMALIZED
[CL_ABGR CL_UNORM_INT8            4] - CL_FILTER_NEAREST - CL_ADDRESS_CLAMP - NORMALIZED
[CL_ABGR CL_UNORM_INT8            4] - CL_FILTER_NEAREST - CL_ADDRESS_REPEAT - NORMALIZED
[CL_ABGR CL_UNORM_INT8            4] - CL_FILTER_NEAREST - CL_ADDRESS_MIRRORED_REPEAT - NORMALIZED
[CL_ABGR CL_UNORM_INT_2_101010_EXT 4] - CL_FILTER_NEAREST - CL_ADDRESS_CLAMP_TO_EDGE - NORMALIZED
[CL_ABGR CL_UNORM_INT_2_101010_EXT 4] - CL_FILTER_NEAREST - CL_ADDRESS_CLAMP - NORMALIZED
[CL_ABGR CL_UNORM_INT_2_101010_EXT 4] - CL_FILTER_NEAREST - CL_ADDRESS_REPEAT - NORMALIZED
[CL_ABGR CL_UNORM_INT_2_101010_EXT 4] - CL_FILTER_NEAREST - CL_ADDRESS_MIRRORED_REPEAT - NORMALIZED
read_image (unnormalized float coords, float results) *****************************
[CL_R    CL_SNORM_INT8            1] - CL_FILTER_LINEAR - CL_ADDRESS_CLAMP_TO_EDGE - UNNORMALIZED
[CL_R    CL_SNORM_INT8            1] - CL_FILTER_LINEAR - CL_ADDRESS_CLAMP - UNNORMALIZED
[CL_R    CL_SNORM_INT16           1] - CL_FILTER_LINEAR - CL_ADDRESS_CLAMP_TO_EDGE - UNNORMALIZED
[CL_R    CL_SNORM_INT16           1] - CL_FILTER_LINEAR - CL_ADDRESS_CLAMP - UNNORMALIZED
[CL_R    CL_UNORM_INT8            1] - CL_FILTER_LINEAR - CL_ADDRESS_CLAMP_TO_EDGE - UNNORMALIZED
[CL_R    CL_UNORM_INT8            1] - CL_FILTER_LINEAR - CL_ADDRESS_CLAMP - UNNORMALIZED
[CL_R    CL_UNORM_INT16           1] - CL_FILTER_LINEAR - CL_ADDRESS_CLAMP_TO_EDGE - UNNORMALIZED
[CL_R    CL_UNORM_INT16           1] - CL_FILTER_LINEAR - CL_ADDRESS_CLAMP - UNNORMALIZED
[CL_R    CL_HALF_FLOAT            1] - CL_FILTER_LINEAR - CL_ADDRESS_CLAMP_TO_EDGE - UNNORMALIZED
[CL_R    CL_HALF_FLOAT            1] - CL_FILTER_LINEAR - CL_ADDRESS_CLAMP - UNNORMALIZED
[CL_R    CL_FLOAT                 1] - CL_FILTER_LINEAR - CL_ADDRESS_CLAMP_TO_EDGE - UNNORMALIZED
[CL_R    CL_FLOAT                 1] - CL_FILTER_LINEAR - CL_ADDRESS_CLAMP - UNNORMALIZED
[CL_RG   CL_SNORM_INT8            2] - CL_FILTER_LINEAR - CL_ADDRESS_CLAMP_TO_EDGE - UNNORMALIZED
[CL_RG   CL_SNORM_INT8            2] - CL_FILTER_LINEAR - CL_ADDRESS_CLAMP - UNNORMALIZED
[CL_RG   CL_SNORM_INT16           2] - CL_FILTER_LINEAR - CL_ADDRESS_CLAMP_TO_EDGE - UNNORMALIZED
[CL_RG   CL_SNORM_INT16           2] - CL_FILTER_LINEAR - CL_ADDRESS_CLAMP - UNNORMALIZED
[CL_RG   CL_UNORM_INT8            2] - CL_FILTER_LINEAR - CL_ADDRESS_CLAMP_TO_EDGE - UNNORMALIZED
[CL_RG   CL_UNORM_INT8            2] - CL_FILTER_LINEAR - CL_ADDRESS_CLAMP - UNNORMALIZED
[CL_RG   CL_UNORM_INT16           2] - CL_FILTER_LINEAR - CL_ADDRESS_CLAMP_TO_EDGE - UNNORMALIZED
[CL_RG   CL_UNORM_INT16           2] - CL_FILTER_LINEAR - CL_ADDRESS_CLAMP - UNNORMALIZED
[CL_RG   CL_HALF_FLOAT            2] - CL_FILTER_LINEAR - CL_ADDRESS_CLAMP_TO_EDGE - UNNORMALIZED
[CL_RG   CL_HALF_FLOAT            2] - CL_FILTER_LINEAR - CL_ADDRESS_CLAMP - UNNORMALIZED
[CL_RG   CL_FLOAT                 2] - CL_FILTER_LINEAR - CL_ADDRESS_CLAMP_TO_EDGE - UNNORMALIZED
[CL_RG   CL_FLOAT                 2] - CL_FILTER_LINEAR - CL_ADDRESS_CLAMP - UNNORMALIZED
[CL_RGBA CL_SNORM_INT8            4] - CL_FILTER_LINEAR - CL_ADDRESS_CLAMP_TO_EDGE - UNNORMALIZED
[CL_RGBA CL_SNORM_INT8            4] - CL_FILTER_LINEAR - CL_ADDRESS_CLAMP - UNNORMALIZED
[CL_RGBA CL_SNORM_INT16           4] - CL_FILTER_LINEAR - CL_ADDRESS_CLAMP_TO_EDGE - UNNORMALIZED
[CL_RGBA CL_SNORM_INT16           4] - CL_FILTER_LINEAR - CL_ADDRESS_CLAMP - UNNORMALIZED
[CL_RGBA CL_UNORM_INT8            4] - CL_FILTER_LINEAR - CL_ADDRESS_CLAMP_TO_EDGE - UNNORMALIZED
[CL_RGBA CL_UNORM_INT8            4] - CL_FILTER_LINEAR - CL_ADDRESS_CLAMP - UNNORMALIZED
[CL_RGBA CL_UNORM_INT16           4] - CL_FILTER_LINEAR - CL_ADDRESS_CLAMP_TO_EDGE - UNNORMALIZED
[CL_RGBA CL_UNORM_INT16           4] - CL_FILTER_LINEAR - CL_ADDRESS_CLAMP - UNNORMALIZED
[CL_RGBA CL_HALF_FLOAT            4] - CL_FILTER_LINEAR - CL_ADDRESS_CLAMP_TO_EDGE - UNNORMALIZED
[CL_RGBA CL_HALF_FLOAT            4] - CL_FILTER_LINEAR - CL_ADDRESS_CLAMP - UNNORMALIZED
[CL_RGBA CL_FLOAT                 4] - CL_FILTER_LINEAR - CL_ADDRESS_CLAMP_TO_EDGE - UNNORMALIZED
[CL_RGBA CL_FLOAT                 4] - CL_FILTER_LINEAR - CL_ADDRESS_CLAMP - UNNORMALIZED
[CL_BGRA CL_SNORM_INT8            4] - CL_FILTER_LINEAR - CL_ADDRESS_CLAMP_TO_EDGE - UNNORMALIZED
[CL_BGRA CL_SNORM_INT8            4] - CL_FILTER_LINEAR - CL_ADDRESS_CLAMP - UNNORMALIZED
[CL_BGRA CL_UNORM_INT8            4] - CL_FILTER_LINEAR - CL_ADDRESS_CLAMP_TO_EDGE - UNNORMALIZED
[CL_BGRA CL_UNORM_INT8            4] - CL_FILTER_LINEAR - CL_ADDRESS_CLAMP - UNNORMALIZED
[CL_ARGB CL_SNORM_INT8            4] - CL_FILTER_LINEAR - CL_ADDRESS_CLAMP_TO_EDGE - UNNORMALIZED
[CL_ARGB CL_SNORM_INT8            4] - CL_FILTER_LINEAR - CL_ADDRESS_CLAMP - UNNORMALIZED
[CL_ARGB CL_UNORM_INT8            4] - CL_FILTER_LINEAR - CL_ADDRESS_CLAMP_TO_EDGE - UNNORMALIZED
[CL_ARGB CL_UNORM_INT8            4] - CL_FILTER_LINEAR - CL_ADDRESS_CLAMP - UNNORMALIZED
[CL_DEPTH CL_UNORM_INT16           1] - CL_FILTER_LINEAR - CL_ADDRESS_CLAMP_TO_EDGE - UNNORMALIZED
[CL_DEPTH CL_UNORM_INT16           1] - CL_FILTER_LINEAR - CL_ADDRESS_CLAMP - UNNORMALIZED
[CL_DEPTH CL_FLOAT                 1] - CL_FILTER_LINEAR - CL_ADDRESS_CLAMP_TO_EDGE - UNNORMALIZED
[CL_DEPTH CL_FLOAT                 1] - CL_FILTER_LINEAR - CL_ADDRESS_CLAMP - UNNORMALIZED
[CL_sRGBA CL_UNORM_INT8            4] - CL_FILTER_LINEAR - CL_ADDRESS_CLAMP_TO_EDGE - UNNORMALIZED
FAILED norm_offsets: 0 , 0:
Sample 25215: coord {168.000000(0x1.500000p+7), 160.000000(0x1.400000p+7)} did not validate!
	Expected (0.31715,0.00345082,0.229272,0.323529),
	got      (0.317216,0.003663,0.229304,0.323529), error of 0
img size 167,177 (pitch 668) which would clamp to 166,160

Step by step:
Starting coordinate: 168.000000, 160.000000
	Actual integer coords used (i = floor(x-.5)): i0:{ 166, 159 } and i1:{ 166, 160 }
	Array coordinate is 0.000000
	Sampled pixels (rgba order):
		p00: 0.456411, 0.002125, 0.082283, 0.600000
		p01: 0.456411, 0.002125, 0.082283, 0.600000
		p10: 0.177888, 0.004777, 0.376262, 0.047059
		p11: 0.177888, 0.004777, 0.376262, 0.047059
	frac( x - 0.5f ) = 0.500000,  frac( y - 0.5f ) = 0.500000
	ulps: 2228.00, 911317.00, 2120.00, 0.00  (max allowed: 5033165.00)

FAILED: [CL_sRGBA CL_UNORM_INT8            4] - CL_FILTER_LINEAR - CL_ADDRESS_CLAMP_TO_EDGE - UNNORMALIZED

[CL_sRGBA CL_UNORM_INT8            4] - CL_FILTER_LINEAR - CL_ADDRESS_CLAMP - UNNORMALIZED
Test error: we should have detected this passing above.
Test error: we should have detected this passing above.
Test error: we should have detected this passing above.
Test error: we should have detected this passing above.
FAILED norm_offsets: 0 , 0:
Sample 4057: coord {43.700001(0x1.5d999ap+5), 30.299999(0x1.e4ccccp+4)} did not validate!
	Expected (0.00288082,0.698347,0.539561,0.655215),
	got      (0.0026862,0.698657,0.539683,0.655637), error of 0
img size 167,177 (pitch 668) which would clamp to 43,30

Step by step:
Starting coordinate: 43.700001, 30.299999
	Actual integer coords used (i = floor(x-.5)): i0:{ 43, 29 } and i1:{ 44, 30 }
	Array coordinate is 0.000000
	Sampled pixels (rgba order):
		p00: 0.013702, 0.274677, 0.122139, 0.149020
		p01: 0.007499, 0.061246, 0.863157, 0.647059
		p10: 0.000607, 0.806952, 0.644480, 0.807843
		p11: 0.000000, 0.846873, 0.456411, 0.552941
	frac( x - 0.5f ) = 0.200001,  frac( y - 0.5f ) = 0.799999
	ulps: -835862.00, 5200.00, 2040.00, 7081.00  (max allowed: 5033165.00)

FAILED: [CL_sRGBA CL_UNORM_INT8            4] - CL_FILTER_LINEAR - CL_ADDRESS_CLAMP - UNNORMALIZED

[CL_sBGRA CL_UNORM_INT8            4] - CL_FILTER_LINEAR - CL_ADDRESS_CLAMP_TO_EDGE - UNNORMALIZED
FAILED norm_offsets: 0 , 0:
Sample 25215: coord {168.000000(0x1.500000p+7), 160.000000(0x1.400000p+7)} did not validate!
	Expected (0.229272,0.00345082,0.31715,0.323529),
	got      (0.229304,0.003663,0.317216,0.323529), error of 0
img size 167,177 (pitch 668) which would clamp to 166,160

Step by step:
Starting coordinate: 168.000000, 160.000000
	Actual integer coords used (i = floor(x-.5)): i0:{ 166, 159 } and i1:{ 166, 160 }
	Array coordinate is 0.000000
	Sampled pixels (rgba order):
		p00: 0.082283, 0.002125, 0.456411, 0.600000
		p01: 0.082283, 0.002125, 0.456411, 0.600000
		p10: 0.376262, 0.004777, 0.177888, 0.047059
		p11: 0.376262, 0.004777, 0.177888, 0.047059
	frac( x - 0.5f ) = 0.500000,  frac( y - 0.5f ) = 0.500000
	ulps: 2120.00, 911317.00, 2228.00, 0.00  (max allowed: 5033165.00)

FAILED: [CL_sBGRA CL_UNORM_INT8            4] - CL_FILTER_LINEAR - CL_ADDRESS_CLAMP_TO_EDGE - UNNORMALIZED

[CL_sBGRA CL_UNORM_INT8            4] - CL_FILTER_LINEAR - CL_ADDRESS_CLAMP - UNNORMALIZED
Test error: we should have detected this passing above.
Test error: we should have detected this passing above.
Test error: we should have detected this passing above.
Test error: we should have detected this passing above.
FAILED norm_offsets: 0 , 0:
Sample 4057: coord {43.700001(0x1.5d999ap+5), 30.299999(0x1.e4ccccp+4)} did not validate!
	Expected (0.539561,0.698347,0.00288082,0.655215),
	got      (0.539683,0.698657,0.0026862,0.655637), error of 0
img size 167,177 (pitch 668) which would clamp to 43,30

Step by step:
Starting coordinate: 43.700001, 30.299999
	Actual integer coords used (i = floor(x-.5)): i0:{ 43, 29 } and i1:{ 44, 30 }
	Array coordinate is 0.000000
	Sampled pixels (rgba order):
		p00: 0.122139, 0.274677, 0.013702, 0.149020
		p01: 0.863157, 0.061246, 0.007499, 0.647059
		p10: 0.644480, 0.806952, 0.000607, 0.807843
		p11: 0.456411, 0.846873, 0.000000, 0.552941
	frac( x - 0.5f ) = 0.200001,  frac( y - 0.5f ) = 0.799999
	ulps: 2040.00, 5200.00, -835862.00, 7081.00  (max allowed: 5033165.00)

FAILED: [CL_sBGRA CL_UNORM_INT8            4] - CL_FILTER_LINEAR - CL_ADDRESS_CLAMP - UNNORMALIZED

[CL_ABGR CL_SNORM_INT8            4] - CL_FILTER_LINEAR - CL_ADDRESS_CLAMP_TO_EDGE - UNNORMALIZED
[CL_ABGR CL_SNORM_INT8            4] - CL_FILTER_LINEAR - CL_ADDRESS_CLAMP - UNNORMALIZED
[CL_ABGR CL_UNORM_INT8            4] - CL_FILTER_LINEAR - CL_ADDRESS_CLAMP_TO_EDGE - UNNORMALIZED
[CL_ABGR CL_UNORM_INT8            4] - CL_FILTER_LINEAR - CL_ADDRESS_CLAMP - UNNORMALIZED
[CL_ABGR CL_UNORM_INT_2_101010_EXT 4] - CL_FILTER_LINEAR - CL_ADDRESS_CLAMP_TO_EDGE - UNNORMALIZED
[CL_ABGR CL_UNORM_INT_2_101010_EXT 4] - CL_FILTER_LINEAR - CL_ADDRESS_CLAMP - UNNORMALIZED
read_image (normalized float coords, float results) *****************************
[CL_R    CL_SNORM_INT8            1] - CL_FILTER_LINEAR - CL_ADDRESS_CLAMP_TO_EDGE - NORMALIZED
[CL_R    CL_SNORM_INT8            1] - CL_FILTER_LINEAR - CL_ADDRESS_CLAMP - NORMALIZED
[CL_R    CL_SNORM_INT8            1] - CL_FILTER_LINEAR - CL_ADDRESS_REPEAT - NORMALIZED
[CL_R    CL_SNORM_INT8            1] - CL_FILTER_LINEAR - CL_ADDRESS_MIRRORED_REPEAT - NORMALIZED
[CL_R    CL_SNORM_INT16           1] - CL_FILTER_LINEAR - CL_ADDRESS_CLAMP_TO_EDGE - NORMALIZED
[CL_R    CL_SNORM_INT16           1] - CL_FILTER_LINEAR - CL_ADDRESS_CLAMP - NORMALIZED
[CL_R    CL_SNORM_INT16           1] - CL_FILTER_LINEAR - CL_ADDRESS_REPEAT - NORMALIZED
[CL_R    CL_SNORM_INT16           1] - CL_FILTER_LINEAR - CL_ADDRESS_MIRRORED_REPEAT - NORMALIZED
[CL_R    CL_UNORM_INT8            1] - CL_FILTER_LINEAR - CL_ADDRESS_CLAMP_TO_EDGE - NORMALIZED
[CL_R    CL_UNORM_INT8            1] - CL_FILTER_LINEAR - CL_ADDRESS_CLAMP - NORMALIZED
[CL_R    CL_UNORM_INT8            1] - CL_FILTER_LINEAR - CL_ADDRESS_REPEAT - NORMALIZED
[CL_R    CL_UNORM_INT8            1] - CL_FILTER_LINEAR - CL_ADDRESS_MIRRORED_REPEAT - NORMALIZED
[CL_R    CL_UNORM_INT16           1] - CL_FILTER_LINEAR - CL_ADDRESS_CLAMP_TO_EDGE - NORMALIZED
[CL_R    CL_UNORM_INT16           1] - CL_FILTER_LINEAR - CL_ADDRESS_CLAMP - NORMALIZED
[CL_R    CL_UNORM_INT16           1] - CL_FILTER_LINEAR - CL_ADDRESS_REPEAT - NORMALIZED
[CL_R    CL_UNORM_INT16           1] - CL_FILTER_LINEAR - CL_ADDRESS_MIRRORED_REPEAT - NORMALIZED
[CL_R    CL_HALF_FLOAT            1] - CL_FILTER_LINEAR - CL_ADDRESS_CLAMP_TO_EDGE - NORMALIZED
[CL_R    CL_HALF_FLOAT            1] - CL_FILTER_LINEAR - CL_ADDRESS_CLAMP - NORMALIZED
[CL_R    CL_HALF_FLOAT            1] - CL_FILTER_LINEAR - CL_ADDRESS_REPEAT - NORMALIZED
[CL_R    CL_HALF_FLOAT            1] - CL_FILTER_LINEAR - CL_ADDRESS_MIRRORED_REPEAT - NORMALIZED
[CL_R    CL_FLOAT                 1] - CL_FILTER_LINEAR - CL_ADDRESS_CLAMP_TO_EDGE - NORMALIZED
[CL_R    CL_FLOAT                 1] - CL_FILTER_LINEAR - CL_ADDRESS_CLAMP - NORMALIZED
[CL_R    CL_FLOAT                 1] - CL_FILTER_LINEAR - CL_ADDRESS_REPEAT - NORMALIZED
[CL_R    CL_FLOAT                 1] - CL_FILTER_LINEAR - CL_ADDRESS_MIRRORED_REPEAT - NORMALIZED
[CL_RG   CL_SNORM_INT8            2] - CL_FILTER_LINEAR - CL_ADDRESS_CLAMP_TO_EDGE - NORMALIZED
[CL_RG   CL_SNORM_INT8            2] - CL_FILTER_LINEAR - CL_ADDRESS_CLAMP - NORMALIZED
[CL_RG   CL_SNORM_INT8            2] - CL_FILTER_LINEAR - CL_ADDRESS_REPEAT - NORMALIZED
[CL_RG   CL_SNORM_INT8            2] - CL_FILTER_LINEAR - CL_ADDRESS_MIRRORED_REPEAT - NORMALIZED
[CL_RG   CL_SNORM_INT16           2] - CL_FILTER_LINEAR - CL_ADDRESS_CLAMP_TO_EDGE - NORMALIZED
[CL_RG   CL_SNORM_INT16           2] - CL_FILTER_LINEAR - CL_ADDRESS_CLAMP - NORMALIZED
[CL_RG   CL_SNORM_INT16           2] - CL_FILTER_LINEAR - CL_ADDRESS_REPEAT - NORMALIZED
[CL_RG   CL_SNORM_INT16           2] - CL_FILTER_LINEAR - CL_ADDRESS_MIRRORED_REPEAT - NORMALIZED
[CL_RG   CL_UNORM_INT8            2] - CL_FILTER_LINEAR - CL_ADDRESS_CLAMP_TO_EDGE - NORMALIZED
[CL_RG   CL_UNORM_INT8            2] - CL_FILTER_LINEAR - CL_ADDRESS_CLAMP - NORMALIZED
[CL_RG   CL_UNORM_INT8            2] - CL_FILTER_LINEAR - CL_ADDRESS_REPEAT - NORMALIZED
[CL_RG   CL_UNORM_INT8            2] - CL_FILTER_LINEAR - CL_ADDRESS_MIRRORED_REPEAT - NORMALIZED
[CL_RG   CL_UNORM_INT16           2] - CL_FILTER_LINEAR - CL_ADDRESS_CLAMP_TO_EDGE - NORMALIZED
[CL_RG   CL_UNORM_INT16           2] - CL_FILTER_LINEAR - CL_ADDRESS_CLAMP - NORMALIZED
[CL_RG   CL_UNORM_INT16           2] - CL_FILTER_LINEAR - CL_ADDRESS_REPEAT - NORMALIZED
[CL_RG   CL_UNORM_INT16           2] - CL_FILTER_LINEAR - CL_ADDRESS_MIRRORED_REPEAT - NORMALIZED
[CL_RG   CL_HALF_FLOAT            2] - CL_FILTER_LINEAR - CL_ADDRESS_CLAMP_TO_EDGE - NORMALIZED
[CL_RG   CL_HALF_FLOAT            2] - CL_FILTER_LINEAR - CL_ADDRESS_CLAMP - NORMALIZED
[CL_RG   CL_HALF_FLOAT            2] - CL_FILTER_LINEAR - CL_ADDRESS_REPEAT - NORMALIZED
[CL_RG   CL_HALF_FLOAT            2] - CL_FILTER_LINEAR - CL_ADDRESS_MIRRORED_REPEAT - NORMALIZED
[CL_RG   CL_FLOAT                 2] - CL_FILTER_LINEAR - CL_ADDRESS_CLAMP_TO_EDGE - NORMALIZED
[CL_RG   CL_FLOAT                 2] - CL_FILTER_LINEAR - CL_ADDRESS_CLAMP - NORMALIZED
[CL_RG   CL_FLOAT                 2] - CL_FILTER_LINEAR - CL_ADDRESS_REPEAT - NORMALIZED
[CL_RG   CL_FLOAT                 2] - CL_FILTER_LINEAR - CL_ADDRESS_MIRRORED_REPEAT - NORMALIZED
[CL_RGBA CL_SNORM_INT8            4] - CL_FILTER_LINEAR - CL_ADDRESS_CLAMP_TO_EDGE - NORMALIZED
[CL_RGBA CL_SNORM_INT8            4] - CL_FILTER_LINEAR - CL_ADDRESS_CLAMP - NORMALIZED
[CL_RGBA CL_SNORM_INT8            4] - CL_FILTER_LINEAR - CL_ADDRESS_REPEAT - NORMALIZED
[CL_RGBA CL_SNORM_INT8            4] - CL_FILTER_LINEAR - CL_ADDRESS_MIRRORED_REPEAT - NORMALIZED
[CL_RGBA CL_SNORM_INT16           4] - CL_FILTER_LINEAR - CL_ADDRESS_CLAMP_TO_EDGE - NORMALIZED
[CL_RGBA CL_SNORM_INT16           4] - CL_FILTER_LINEAR - CL_ADDRESS_CLAMP - NORMALIZED
[CL_RGBA CL_SNORM_INT16           4] - CL_FILTER_LINEAR - CL_ADDRESS_REPEAT - NORMALIZED
[CL_RGBA CL_SNORM_INT16           4] - CL_FILTER_LINEAR - CL_ADDRESS_MIRRORED_REPEAT - NORMALIZED
[CL_RGBA CL_UNORM_INT8            4] - CL_FILTER_LINEAR - CL_ADDRESS_CLAMP_TO_EDGE - NORMALIZED
[CL_RGBA CL_UNORM_INT8            4] - CL_FILTER_LINEAR - CL_ADDRESS_CLAMP - NORMALIZED
[CL_RGBA CL_UNORM_INT8            4] - CL_FILTER_LINEAR - CL_ADDRESS_REPEAT - NORMALIZED
[CL_RGBA CL_UNORM_INT8            4] - CL_FILTER_LINEAR - CL_ADDRESS_MIRRORED_REPEAT - NORMALIZED
[CL_RGBA CL_UNORM_INT16           4] - CL_FILTER_LINEAR - CL_ADDRESS_CLAMP_TO_EDGE - NORMALIZED
[CL_RGBA CL_UNORM_INT16           4] - CL_FILTER_LINEAR - CL_ADDRESS_CLAMP - NORMALIZED
[CL_RGBA CL_UNORM_INT16           4] - CL_FILTER_LINEAR - CL_ADDRESS_REPEAT - NORMALIZED
[CL_RGBA CL_UNORM_INT16           4] - CL_FILTER_LINEAR - CL_ADDRESS_MIRRORED_REPEAT - NORMALIZED
[CL_RGBA CL_HALF_FLOAT            4] - CL_FILTER_LINEAR - CL_ADDRESS_CLAMP_TO_EDGE - NORMALIZED
[CL_RGBA CL_HALF_FLOAT            4] - CL_FILTER_LINEAR - CL_ADDRESS_CLAMP - NORMALIZED
[CL_RGBA CL_HALF_FLOAT            4] - CL_FILTER_LINEAR - CL_ADDRESS_REPEAT - NORMALIZED
[CL_RGBA CL_HALF_FLOAT            4] - CL_FILTER_LINEAR - CL_ADDRESS_MIRRORED_REPEAT - NORMALIZED
[CL_RGBA CL_FLOAT                 4] - CL_FILTER_LINEAR - CL_ADDRESS_CLAMP_TO_EDGE - NORMALIZED
[CL_RGBA CL_FLOAT                 4] - CL_FILTER_LINEAR - CL_ADDRESS_CLAMP - NORMALIZED
[CL_RGBA CL_FLOAT                 4] - CL_FILTER_LINEAR - CL_ADDRESS_REPEAT - NORMALIZED
[CL_RGBA CL_FLOAT                 4] - CL_FILTER_LINEAR - CL_ADDRESS_MIRRORED_REPEAT - NORMALIZED
[CL_BGRA CL_SNORM_INT8            4] - CL_FILTER_LINEAR - CL_ADDRESS_CLAMP_TO_EDGE - NORMALIZED
[CL_BGRA CL_SNORM_INT8            4] - CL_FILTER_LINEAR - CL_ADDRESS_CLAMP - NORMALIZED
[CL_BGRA CL_SNORM_INT8            4] - CL_FILTER_LINEAR - CL_ADDRESS_REPEAT - NORMALIZED
[CL_BGRA CL_SNORM_INT8            4] - CL_FILTER_LINEAR - CL_ADDRESS_MIRRORED_REPEAT - NORMALIZED
[CL_BGRA CL_UNORM_INT8            4] - CL_FILTER_LINEAR - CL_ADDRESS_CLAMP_TO_EDGE - NORMALIZED
[CL_BGRA CL_UNORM_INT8            4] - CL_FILTER_LINEAR - CL_ADDRESS_CLAMP - NORMALIZED
[CL_BGRA CL_UNORM_INT8            4] - CL_FILTER_LINEAR - CL_ADDRESS_REPEAT - NORMALIZED
[CL_BGRA CL_UNORM_INT8            4] - CL_FILTER_LINEAR - CL_ADDRESS_MIRRORED_REPEAT - NORMALIZED
[CL_ARGB CL_SNORM_INT8            4] - CL_FILTER_LINEAR - CL_ADDRESS_CLAMP_TO_EDGE - NORMALIZED
[CL_ARGB CL_SNORM_INT8            4] - CL_FILTER_LINEAR - CL_ADDRESS_CLAMP - NORMALIZED
[CL_ARGB CL_SNORM_INT8            4] - CL_FILTER_LINEAR - CL_ADDRESS_REPEAT - NORMALIZED
[CL_ARGB CL_SNORM_INT8            4] - CL_FILTER_LINEAR - CL_ADDRESS_MIRRORED_REPEAT - NORMALIZED
[CL_ARGB CL_UNORM_INT8            4] - CL_FILTER_LINEAR - CL_ADDRESS_CLAMP_TO_EDGE - NORMALIZED
[CL_ARGB CL_UNORM_INT8            4] - CL_FILTER_LINEAR - CL_ADDRESS_CLAMP - NORMALIZED
[CL_ARGB CL_UNORM_INT8            4] - CL_FILTER_LINEAR - CL_ADDRESS_REPEAT - NORMALIZED
[CL_ARGB CL_UNORM_INT8            4] - CL_FILTER_LINEAR - CL_ADDRESS_MIRRORED_REPEAT - NORMALIZED
[CL_DEPTH CL_UNORM_INT16           1] - CL_FILTER_LINEAR - CL_ADDRESS_CLAMP_TO_EDGE - NORMALIZED
[CL_DEPTH CL_UNORM_INT16           1] - CL_FILTER_LINEAR - CL_ADDRESS_CLAMP - NORMALIZED
[CL_DEPTH CL_UNORM_INT16           1] - CL_FILTER_LINEAR - CL_ADDRESS_REPEAT - NORMALIZED
[CL_DEPTH CL_UNORM_INT16           1] - CL_FILTER_LINEAR - CL_ADDRESS_MIRRORED_REPEAT - NORMALIZED
[CL_DEPTH CL_FLOAT                 1] - CL_FILTER_LINEAR - CL_ADDRESS_CLAMP_TO_EDGE - NORMALIZED
[CL_DEPTH CL_FLOAT                 1] - CL_FILTER_LINEAR - CL_ADDRESS_CLAMP - NORMALIZED
[CL_DEPTH CL_FLOAT                 1] - CL_FILTER_LINEAR - CL_ADDRESS_REPEAT - NORMALIZED
[CL_DEPTH CL_FLOAT                 1] - CL_FILTER_LINEAR - CL_ADDRESS_MIRRORED_REPEAT - NORMALIZED
[CL_sRGBA CL_UNORM_INT8            4] - CL_FILTER_LINEAR - CL_ADDRESS_CLAMP_TO_EDGE - NORMALIZED
FAILED norm_offsets: -0 , -0:
Sample 25215: coord {1.005988(0x1.01886ep+0), 0.903955(0x1.ced32ap-1)} did not validate!
	Expected (0.31715,0.00345082,0.229272,0.323529),
	got      (0.317216,0.003663,0.229304,0.323529), error of 0
img size 167,177 (pitch 668) which would clamp to 166,160

Step by step:
	Filter denormalizes x to 168.000000 (1.005988 * 167.000000)
	Filter denormalizes y to 160.000000 (0.903955 * 177.000000)
	Filter denormalizes z to 0.000000 (0.000000 * 0.000000)
	Actual integer coords used (i = floor(x-.5)): i0:{ 166, 159 } and i1:{ 166, 160 }
	Array coordinate is 0.000000
	Sampled pixels (rgba order):
		p00: 0.456411, 0.002125, 0.082283, 0.600000
		p01: 0.456411, 0.002125, 0.082283, 0.600000
		p10: 0.177888, 0.004777, 0.376262, 0.047059
		p11: 0.177888, 0.004777, 0.376262, 0.047059
	frac( x - 0.5f ) = 0.500000,  frac( y - 0.5f ) = 0.500000
	ulps: 2228.00, 911317.00, 2120.00, 0.00  (max allowed: 5033165.00)

FAILED: [CL_sRGBA CL_UNORM_INT8            4] - CL_FILTER_LINEAR - CL_ADDRESS_CLAMP_TO_EDGE - NORMALIZED

[CL_sRGBA CL_UNORM_INT8            4] - CL_FILTER_LINEAR - CL_ADDRESS_CLAMP - NORMALIZED
Test error: we should have detected this passing above.
Test error: we should have detected this passing above.
Test error: we should have detected this passing above.
Test error: we should have detected this passing above.
FAILED norm_offsets: -0 , -0:
Sample 4057: coord {0.261677(0x1.0bf4f6p-2), 0.171186(0x1.5e96fep-3)} did not validate!
	Expected (0.00288082,0.698347,0.539561,0.655216),
	got      (0.0026862,0.698657,0.539683,0.655637), error of 0
img size 167,177 (pitch 668) which would clamp to 43,30

Step by step:
	Filter denormalizes x to 43.699997 (0.261677 * 167.000000)
	Filter denormalizes y to 30.299999 (0.171186 * 177.000000)
	Filter denormalizes z to 0.000000 (0.000000 * 0.000000)
	Actual integer coords used (i = floor(x-.5)): i0:{ 43, 29 } and i1:{ 44, 30 }
	Array coordinate is 0.000000
	Sampled pixels (rgba order):
		p00: 0.013702, 0.274677, 0.122139, 0.149020
		p01: 0.007499, 0.061246, 0.863157, 0.647059
		p10: 0.000607, 0.806952, 0.644480, 0.807843
		p11: 0.000000, 0.846873, 0.456411, 0.552941
	frac( x - 0.5f ) = 0.199997,  frac( y - 0.5f ) = 0.799999
	ulps: -835890.00, 5200.00, 2039.00, 7074.00  (max allowed: 5033165.00)

FAILED: [CL_sRGBA CL_UNORM_INT8            4] - CL_FILTER_LINEAR - CL_ADDRESS_CLAMP - NORMALIZED

[CL_sRGBA CL_UNORM_INT8            4] - CL_FILTER_LINEAR - CL_ADDRESS_REPEAT - NORMALIZED
Test error: we should have detected this passing above.
Test error: we should have detected this passing above.
Test error: we should have detected this passing above.
Test error: we should have detected this passing above.
FAILED norm_offsets: -0 , -0:
Sample 4057: coord {0.261677(0x1.0bf4f6p-2), 0.171186(0x1.5e96fep-3)} did not validate!
	Expected (0.00288082,0.698347,0.539561,0.655216),
	got      (0.0026862,0.698657,0.539683,0.655637), error of 0
img size 167,177 (pitch 668) which would clamp to 43,30

Step by step:
	Repeat filter denormalizes x (0.261677) to 43.699997
	Repeat filter denormalizes y (0.171186) to 30.299999
	Repeat filter denormalizes z (0.000000) to 0.000000
	Actual integer coords used (i = floor(x-.5)): i0:{ 43, 29 } and i1:{ 44, 30 }
	Array coordinate is 0.000000
	Sampled pixels (rgba order):
		p00: 0.013702, 0.274677, 0.122139, 0.149020
		p01: 0.007499, 0.061246, 0.863157, 0.647059
		p10: 0.000607, 0.806952, 0.644480, 0.807843
		p11: 0.000000, 0.846873, 0.456411, 0.552941
	frac( x - 0.5f ) = 0.199997,  frac( y - 0.5f ) = 0.799999
	ulps: -835890.00, 5200.00, 2039.00, 7074.00  (max allowed: 5033165.00)

FAILED: [CL_sRGBA CL_UNORM_INT8            4] - CL_FILTER_LINEAR - CL_ADDRESS_REPEAT - NORMALIZED

[CL_sRGBA CL_UNORM_INT8            4] - CL_FILTER_LINEAR - CL_ADDRESS_MIRRORED_REPEAT - NORMALIZED
FAILED norm_offsets: -0 , -0:
Sample 27882: coord {1.000000(0x1.000000p+0), 0.903955(0x1.ced32ap-1)} did not validate!
	Expected (0.31715,0.00345082,0.229272,0.323529),
	got      (0.317216,0.003663,0.229304,0.323529), error of 0
img size 167,177 (pitch 668) which would clamp to 166,160

Step by step:
	Mirrored repeat filter denormalizes x (1.000000) to 167.000000
	Mirrored repeat filter denormalizes y (0.903955) to 160.000000
	Mirrored repeat filter denormalizes z (0.000000) to 0.000000
	Actual integer coords used (i = floor(x-.5)): i0:{ 166, 159 } and i1:{ 166, 160 }
	Array coordinate is 0.000000
	Sampled pixels (rgba order):
		p00: 0.456411, 0.002125, 0.082283, 0.600000
		p01: 0.456411, 0.002125, 0.082283, 0.600000
		p10: 0.177888, 0.004777, 0.376262, 0.047059
		p11: 0.177888, 0.004777, 0.376262, 0.047059
	frac( x - 0.5f ) = 0.500000,  frac( y - 0.5f ) = 0.500000
	ulps: 2228.00, 911317.00, 2120.00, 0.00  (max allowed: 5033165.00)

FAILED: [CL_sRGBA CL_UNORM_INT8            4] - CL_FILTER_LINEAR - CL_ADDRESS_MIRRORED_REPEAT - NORMALIZED

[CL_sBGRA CL_UNORM_INT8            4] - CL_FILTER_LINEAR - CL_ADDRESS_CLAMP_TO_EDGE - NORMALIZED
FAILED norm_offsets: -0 , -0:
Sample 25215: coord {1.005988(0x1.01886ep+0), 0.903955(0x1.ced32ap-1)} did not validate!
	Expected (0.229272,0.00345082,0.31715,0.323529),
	got      (0.229304,0.003663,0.317216,0.323529), error of 0
img size 167,177 (pitch 668) which would clamp to 166,160

Step by step:
	Filter denormalizes x to 168.000000 (1.005988 * 167.000000)
	Filter denormalizes y to 160.000000 (0.903955 * 177.000000)
	Filter denormalizes z to 0.000000 (0.000000 * 0.000000)
	Actual integer coords used (i = floor(x-.5)): i0:{ 166, 159 } and i1:{ 166, 160 }
	Array coordinate is 0.000000
	Sampled pixels (rgba order):
		p00: 0.082283, 0.002125, 0.456411, 0.600000
		p01: 0.082283, 0.002125, 0.456411, 0.600000
		p10: 0.376262, 0.004777, 0.177888, 0.047059
		p11: 0.376262, 0.004777, 0.177888, 0.047059
	frac( x - 0.5f ) = 0.500000,  frac( y - 0.5f ) = 0.500000
	ulps: 2120.00, 911317.00, 2228.00, 0.00  (max allowed: 5033165.00)

FAILED: [CL_sBGRA CL_UNORM_INT8            4] - CL_FILTER_LINEAR - CL_ADDRESS_CLAMP_TO_EDGE - NORMALIZED

[CL_sBGRA CL_UNORM_INT8            4] - CL_FILTER_LINEAR - CL_ADDRESS_CLAMP - NORMALIZED
Test error: we should have detected this passing above.
Test error: we should have detected this passing above.
Test error: we should have detected this passing above.
Test error: we should have detected this passing above.
FAILED norm_offsets: -0 , -0:
Sample 4057: coord {0.261677(0x1.0bf4f6p-2), 0.171186(0x1.5e96fep-3)} did not validate!
	Expected (0.539561,0.698347,0.00288082,0.655216),
	got      (0.539683,0.698657,0.0026862,0.655637), error of 0
img size 167,177 (pitch 668) which would clamp to 43,30

Step by step:
	Filter denormalizes x to 43.699997 (0.261677 * 167.000000)
	Filter denormalizes y to 30.299999 (0.171186 * 177.000000)
	Filter denormalizes z to 0.000000 (0.000000 * 0.000000)
	Actual integer coords used (i = floor(x-.5)): i0:{ 43, 29 } and i1:{ 44, 30 }
	Array coordinate is 0.000000
	Sampled pixels (rgba order):
		p00: 0.122139, 0.274677, 0.013702, 0.149020
		p01: 0.863157, 0.061246, 0.007499, 0.647059
		p10: 0.644480, 0.806952, 0.000607, 0.807843
		p11: 0.456411, 0.846873, 0.000000, 0.552941
	frac( x - 0.5f ) = 0.199997,  frac( y - 0.5f ) = 0.799999
	ulps: 2039.00, 5200.00, -835890.00, 7074.00  (max allowed: 5033165.00)

FAILED: [CL_sBGRA CL_UNORM_INT8            4] - CL_FILTER_LINEAR - CL_ADDRESS_CLAMP - NORMALIZED

[CL_sBGRA CL_UNORM_INT8            4] - CL_FILTER_LINEAR - CL_ADDRESS_REPEAT - NORMALIZED
Test error: we should have detected this passing above.
Test error: we should have detected this passing above.
Test error: we should have detected this passing above.
Test error: we should have detected this passing above.
FAILED norm_offsets: -0 , -0:
Sample 4057: coord {0.261677(0x1.0bf4f6p-2), 0.171186(0x1.5e96fep-3)} did not validate!
	Expected (0.539561,0.698347,0.00288082,0.655216),
	got      (0.539683,0.698657,0.0026862,0.655637), error of 0
img size 167,177 (pitch 668) which would clamp to 43,30

Step by step:
	Repeat filter denormalizes x (0.261677) to 43.699997
	Repeat filter denormalizes y (0.171186) to 30.299999
	Repeat filter denormalizes z (0.000000) to 0.000000
	Actual integer coords used (i = floor(x-.5)): i0:{ 43, 29 } and i1:{ 44, 30 }
	Array coordinate is 0.000000
	Sampled pixels (rgba order):
		p00: 0.122139, 0.274677, 0.013702, 0.149020
		p01: 0.863157, 0.061246, 0.007499, 0.647059
		p10: 0.644480, 0.806952, 0.000607, 0.807843
		p11: 0.456411, 0.846873, 0.000000, 0.552941
	frac( x - 0.5f ) = 0.199997,  frac( y - 0.5f ) = 0.799999
	ulps: 2039.00, 5200.00, -835890.00, 7074.00  (max allowed: 5033165.00)

FAILED: [CL_sBGRA CL_UNORM_INT8            4] - CL_FILTER_LINEAR - CL_ADDRESS_REPEAT - NORMALIZED

[CL_sBGRA CL_UNORM_INT8            4] - CL_FILTER_LINEAR - CL_ADDRESS_MIRRORED_REPEAT - NORMALIZED
FAILED norm_offsets: -0 , -0:
Sample 27882: coord {1.000000(0x1.000000p+0), 0.903955(0x1.ced32ap-1)} did not validate!
	Expected (0.229272,0.00345082,0.31715,0.323529),
	got      (0.229304,0.003663,0.317216,0.323529), error of 0
img size 167,177 (pitch 668) which would clamp to 166,160

Step by step:
	Mirrored repeat filter denormalizes x (1.000000) to 167.000000
	Mirrored repeat filter denormalizes y (0.903955) to 160.000000
	Mirrored repeat filter denormalizes z (0.000000) to 0.000000
	Actual integer coords used (i = floor(x-.5)): i0:{ 166, 159 } and i1:{ 166, 160 }
	Array coordinate is 0.000000
	Sampled pixels (rgba order):
		p00: 0.082283, 0.002125, 0.456411, 0.600000
		p01: 0.082283, 0.002125, 0.456411, 0.600000
		p10: 0.376262, 0.004777, 0.177888, 0.047059
		p11: 0.376262, 0.004777, 0.177888, 0.047059
	frac( x - 0.5f ) = 0.500000,  frac( y - 0.5f ) = 0.500000
	ulps: 2120.00, 911317.00, 2228.00, 0.00  (max allowed: 5033165.00)

FAILED: [CL_sBGRA CL_UNORM_INT8            4] - CL_FILTER_LINEAR - CL_ADDRESS_MIRRORED_REPEAT - NORMALIZED

[CL_ABGR CL_SNORM_INT8            4] - CL_FILTER_LINEAR - CL_ADDRESS_CLAMP_TO_EDGE - NORMALIZED
[CL_ABGR CL_SNORM_INT8            4] - CL_FILTER_LINEAR - CL_ADDRESS_CLAMP - NORMALIZED
[CL_ABGR CL_SNORM_INT8            4] - CL_FILTER_LINEAR - CL_ADDRESS_REPEAT - NORMALIZED
[CL_ABGR CL_SNORM_INT8            4] - CL_FILTER_LINEAR - CL_ADDRESS_MIRRORED_REPEAT - NORMALIZED
[CL_ABGR CL_UNORM_INT8            4] - CL_FILTER_LINEAR - CL_ADDRESS_CLAMP_TO_EDGE - NORMALIZED
[CL_ABGR CL_UNORM_INT8            4] - CL_FILTER_LINEAR - CL_ADDRESS_CLAMP - NORMALIZED
[CL_ABGR CL_UNORM_INT8            4] - CL_FILTER_LINEAR - CL_ADDRESS_REPEAT - NORMALIZED
[CL_ABGR CL_UNORM_INT8            4] - CL_FILTER_LINEAR - CL_ADDRESS_MIRRORED_REPEAT - NORMALIZED
[CL_ABGR CL_UNORM_INT_2_101010_EXT 4] - CL_FILTER_LINEAR - CL_ADDRESS_CLAMP_TO_EDGE - NORMALIZED
[CL_ABGR CL_UNORM_INT_2_101010_EXT 4] - CL_FILTER_LINEAR - CL_ADDRESS_CLAMP - NORMALIZED
[CL_ABGR CL_UNORM_INT_2_101010_EXT 4] - CL_FILTER_LINEAR - CL_ADDRESS_REPEAT - NORMALIZED
[CL_ABGR CL_UNORM_INT_2_101010_EXT 4] - CL_FILTER_LINEAR - CL_ADDRESS_MIRRORED_REPEAT - NORMALIZED
---- Supported 2D write formats for this device ---- 
  CL_R    CL_SNORM_INT8            1
  CL_R    CL_SNORM_INT16           1
  CL_R    CL_UNORM_INT8            1
  CL_R    CL_UNORM_INT16           1
  CL_R    CL_SIGNED_INT8           1
  CL_R    CL_SIGNED_INT16          1
  CL_R    CL_SIGNED_INT32          1
  CL_R    CL_UNSIGNED_INT8         1
  CL_R    CL_UNSIGNED_INT16        1
  CL_R    CL_UNSIGNED_INT32        1
  CL_R    CL_HALF_FLOAT            1
  CL_R    CL_FLOAT                 1
  CL_RG   CL_SNORM_INT8            2
  CL_RG   CL_SNORM_INT16           2
  CL_RG   CL_UNORM_INT8            2
  CL_RG   CL_UNORM_INT16           2
  CL_RG   CL_SIGNED_INT8           2
  CL_RG   CL_SIGNED_INT16          2
  CL_RG   CL_SIGNED_INT32          2
  CL_RG   CL_UNSIGNED_INT8         2
  CL_RG   CL_UNSIGNED_INT16        2
  CL_RG   CL_UNSIGNED_INT32        2
  CL_RG   CL_HALF_FLOAT            2
  CL_RG   CL_FLOAT                 2
  CL_RGBA CL_SNORM_INT8            4
  CL_RGBA CL_SNORM_INT16           4
  CL_RGBA CL_UNORM_INT8            4
  CL_RGBA CL_UNORM_INT16           4
  CL_RGBA CL_SIGNED_INT8           4
  CL_RGBA CL_SIGNED_INT16          4
  CL_RGBA CL_SIGNED_INT32          4
  CL_RGBA CL_UNSIGNED_INT8         4
  CL_RGBA CL_UNSIGNED_INT16        4
  CL_RGBA CL_UNSIGNED_INT32        4
  CL_RGBA CL_HALF_FLOAT            4
  CL_RGBA CL_FLOAT                 4
  CL_BGRA CL_SNORM_INT8            4
  CL_BGRA CL_UNORM_INT8            4
  CL_BGRA CL_SIGNED_INT8           4
  CL_BGRA CL_UNSIGNED_INT8         4
  CL_ARGB CL_SNORM_INT8            4
  CL_ARGB CL_UNORM_INT8            4
  CL_DEPTH CL_UNORM_INT16           1
  CL_DEPTH CL_FLOAT                 1
  CL_ABGR CL_SNORM_INT8            4
  CL_ABGR CL_UNORM_INT8            4
  CL_ABGR CL_UNORM_INT_2_101010_EXT 4
------------------------------------------- 
write_image (int input) *****************************
[CL_R    CL_SIGNED_INT8           1]
[CL_R    CL_SIGNED_INT16          1]
[CL_R    CL_SIGNED_INT32          1]
[CL_RG   CL_SIGNED_INT8           2]
[CL_RG   CL_SIGNED_INT16          2]
[CL_RG   CL_SIGNED_INT32          2]
[CL_RGBA CL_SIGNED_INT8           4]
[CL_RGBA CL_SIGNED_INT16          4]
[CL_RGBA CL_SIGNED_INT32          4]
[CL_BGRA CL_SIGNED_INT8           4]
write_image (uint input) *****************************
[CL_R    CL_UNSIGNED_INT8         1]
[CL_R    CL_UNSIGNED_INT16        1]
[CL_R    CL_UNSIGNED_INT32        1]
[CL_RG   CL_UNSIGNED_INT8         2]
[CL_RG   CL_UNSIGNED_INT16        2]
[CL_RG   CL_UNSIGNED_INT32        2]
[CL_RGBA CL_UNSIGNED_INT8         4]
[CL_RGBA CL_UNSIGNED_INT16        4]
[CL_RGBA CL_UNSIGNED_INT32        4]
[CL_BGRA CL_UNSIGNED_INT8         4]
write_image (float input) *****************************
[CL_R    CL_SNORM_INT8            1]
[CL_R    CL_SNORM_INT16           1]
[CL_R    CL_UNORM_INT8            1]
[CL_R    CL_UNORM_INT16           1]
[CL_R    CL_HALF_FLOAT            1]
[CL_R    CL_FLOAT                 1]
[CL_RG   CL_SNORM_INT8            2]
[CL_RG   CL_SNORM_INT16           2]
[CL_RG   CL_UNORM_INT8            2]
[CL_RG   CL_UNORM_INT16           2]
[CL_RG   CL_HALF_FLOAT            2]
[CL_RG   CL_FLOAT                 2]
[CL_RGBA CL_SNORM_INT8            4]
[CL_RGBA CL_SNORM_INT16           4]
[CL_RGBA CL_UNORM_INT8            4]
[CL_RGBA CL_UNORM_INT16           4]
[CL_RGBA CL_HALF_FLOAT            4]
[CL_RGBA CL_FLOAT                 4]
[CL_BGRA CL_SNORM_INT8            4]
[CL_BGRA CL_UNORM_INT8            4]
[CL_ARGB CL_SNORM_INT8            4]
[CL_ARGB CL_UNORM_INT8            4]
[CL_DEPTH CL_UNORM_INT16           1]
[CL_DEPTH CL_FLOAT                 1]
[CL_ABGR CL_SNORM_INT8            4]
[CL_ABGR CL_UNORM_INT8            4]
[CL_ABGR CL_UNORM_INT_2_101010_EXT 4]
---- Supported 2D read_write formats for this device ---- 
  CL_R    CL_SNORM_INT8            1
  CL_R    CL_SNORM_INT16           1
  CL_R    CL_UNORM_INT8            1
  CL_R    CL_UNORM_INT16           1
  CL_R    CL_SIGNED_INT8           1
  CL_R    CL_SIGNED_INT16          1
  CL_R    CL_SIGNED_INT32          1
  CL_R    CL_UNSIGNED_INT8         1
  CL_R    CL_UNSIGNED_INT16        1
  CL_R    CL_UNSIGNED_INT32        1
  CL_R    CL_HALF_FLOAT            1
  CL_R    CL_FLOAT                 1
  CL_RG   CL_SNORM_INT8            2
  CL_RG   CL_SNORM_INT16           2
  CL_RG   CL_UNORM_INT8            2
  CL_RG   CL_UNORM_INT16           2
  CL_RG   CL_SIGNED_INT8           2
  CL_RG   CL_SIGNED_INT16          2
  CL_RG   CL_SIGNED_INT32          2
  CL_RG   CL_UNSIGNED_INT8         2
  CL_RG   CL_UNSIGNED_INT16        2
  CL_RG   CL_UNSIGNED_INT32        2
  CL_RG   CL_HALF_FLOAT            2
  CL_RG   CL_FLOAT                 2
  CL_RGBA CL_SNORM_INT8            4
  CL_RGBA CL_SNORM_INT16           4
  CL_RGBA CL_UNORM_INT8            4
  CL_RGBA CL_UNORM_INT16           4
  CL_RGBA CL_SIGNED_INT8           4
  CL_RGBA CL_SIGNED_INT16          4
  CL_RGBA CL_SIGNED_INT32          4
  CL_RGBA CL_UNSIGNED_INT8         4
  CL_RGBA CL_UNSIGNED_INT16        4
  CL_RGBA CL_UNSIGNED_INT32        4
  CL_RGBA CL_HALF_FLOAT            4
  CL_RGBA CL_FLOAT                 4
  CL_BGRA CL_SNORM_INT8            4
  CL_BGRA CL_UNORM_INT8            4
  CL_BGRA CL_SIGNED_INT8           4
  CL_BGRA CL_UNSIGNED_INT8         4
  CL_ARGB CL_SNORM_INT8            4
  CL_ARGB CL_UNORM_INT8            4
  CL_DEPTH CL_UNORM_INT16           1
  CL_DEPTH CL_FLOAT                 1
  CL_ABGR CL_SNORM_INT8            4
  CL_ABGR CL_UNORM_INT8            4
  CL_ABGR CL_UNORM_INT_2_101010_EXT 4
------------------------------------------- 
read_image (integer coords, int results) *****************************
[CL_R    CL_SIGNED_INT8           1] - CL_FILTER_NEAREST - CL_ADDRESS_NONE - UNNORMALIZED
[CL_R    CL_SIGNED_INT16          1] - CL_FILTER_NEAREST - CL_ADDRESS_NONE - UNNORMALIZED
[CL_R    CL_SIGNED_INT32          1] - CL_FILTER_NEAREST - CL_ADDRESS_NONE - UNNORMALIZED
[CL_RG   CL_SIGNED_INT8           2] - CL_FILTER_NEAREST - CL_ADDRESS_NONE - UNNORMALIZED
[CL_RG   CL_SIGNED_INT16          2] - CL_FILTER_NEAREST - CL_ADDRESS_NONE - UNNORMALIZED
[CL_RG   CL_SIGNED_INT32          2] - CL_FILTER_NEAREST - CL_ADDRESS_NONE - UNNORMALIZED
[CL_RGBA CL_SIGNED_INT8           4] - CL_FILTER_NEAREST - CL_ADDRESS_NONE - UNNORMALIZED
[CL_RGBA CL_SIGNED_INT16          4] - CL_FILTER_NEAREST - CL_ADDRESS_NONE - UNNORMALIZED
[CL_RGBA CL_SIGNED_INT32          4] - CL_FILTER_NEAREST - CL_ADDRESS_NONE - UNNORMALIZED
[CL_BGRA CL_SIGNED_INT8           4] - CL_FILTER_NEAREST - CL_ADDRESS_NONE - UNNORMALIZED
read_image (integer coords, uint results) *****************************
[CL_R    CL_UNSIGNED_INT8         1] - CL_FILTER_NEAREST - CL_ADDRESS_NONE - UNNORMALIZED
[CL_R    CL_UNSIGNED_INT16        1] - CL_FILTER_NEAREST - CL_ADDRESS_NONE - UNNORMALIZED
[CL_R    CL_UNSIGNED_INT32        1] - CL_FILTER_NEAREST - CL_ADDRESS_NONE - UNNORMALIZED
[CL_RG   CL_UNSIGNED_INT8         2] - CL_FILTER_NEAREST - CL_ADDRESS_NONE - UNNORMALIZED
[CL_RG   CL_UNSIGNED_INT16        2] - CL_FILTER_NEAREST - CL_ADDRESS_NONE - UNNORMALIZED
[CL_RG   CL_UNSIGNED_INT32        2] - CL_FILTER_NEAREST - CL_ADDRESS_NONE - UNNORMALIZED
[CL_RGBA CL_UNSIGNED_INT8         4] - CL_FILTER_NEAREST - CL_ADDRESS_NONE - UNNORMALIZED
[CL_RGBA CL_UNSIGNED_INT16        4] - CL_FILTER_NEAREST - CL_ADDRESS_NONE - UNNORMALIZED
[CL_RGBA CL_UNSIGNED_INT32        4] - CL_FILTER_NEAREST - CL_ADDRESS_NONE - UNNORMALIZED
[CL_BGRA CL_UNSIGNED_INT8         4] - CL_FILTER_NEAREST - CL_ADDRESS_NONE - UNNORMALIZED
read_image (integer coords, float results) *****************************
[CL_R    CL_SNORM_INT8            1] - CL_FILTER_NEAREST - CL_ADDRESS_NONE - UNNORMALIZED
[CL_R    CL_SNORM_INT16           1] - CL_FILTER_NEAREST - CL_ADDRESS_NONE - UNNORMALIZED
[CL_R    CL_UNORM_INT8            1] - CL_FILTER_NEAREST - CL_ADDRESS_NONE - UNNORMALIZED
[CL_R    CL_UNORM_INT16           1] - CL_FILTER_NEAREST - CL_ADDRESS_NONE - UNNORMALIZED
[CL_R    CL_HALF_FLOAT            1] - CL_FILTER_NEAREST - CL_ADDRESS_NONE - UNNORMALIZED
[CL_R    CL_FLOAT                 1] - CL_FILTER_NEAREST - CL_ADDRESS_NONE - UNNORMALIZED
[CL_RG   CL_SNORM_INT8            2] - CL_FILTER_NEAREST - CL_ADDRESS_NONE - UNNORMALIZED
[CL_RG   CL_SNORM_INT16           2] - CL_FILTER_NEAREST - CL_ADDRESS_NONE - UNNORMALIZED
[CL_RG   CL_UNORM_INT8            2] - CL_FILTER_NEAREST - CL_ADDRESS_NONE - UNNORMALIZED
[CL_RG   CL_UNORM_INT16           2] - CL_FILTER_NEAREST - CL_ADDRESS_NONE - UNNORMALIZED
[CL_RG   CL_HALF_FLOAT            2] - CL_FILTER_NEAREST - CL_ADDRESS_NONE - UNNORMALIZED
[CL_RG   CL_FLOAT                 2] - CL_FILTER_NEAREST - CL_ADDRESS_NONE - UNNORMALIZED
[CL_RGBA CL_SNORM_INT8            4] - CL_FILTER_NEAREST - CL_ADDRESS_NONE - UNNORMALIZED
[CL_RGBA CL_SNORM_INT16           4] - CL_FILTER_NEAREST - CL_ADDRESS_NONE - UNNORMALIZED
[CL_RGBA CL_UNORM_INT8            4] - CL_FILTER_NEAREST - CL_ADDRESS_NONE - UNNORMALIZED
[CL_RGBA CL_UNORM_INT16           4] - CL_FILTER_NEAREST - CL_ADDRESS_NONE - UNNORMALIZED
[CL_RGBA CL_HALF_FLOAT            4] - CL_FILTER_NEAREST - CL_ADDRESS_NONE - UNNORMALIZED
[CL_RGBA CL_FLOAT                 4] - CL_FILTER_NEAREST - CL_ADDRESS_NONE - UNNORMALIZED
[CL_BGRA CL_SNORM_INT8            4] - CL_FILTER_NEAREST - CL_ADDRESS_NONE - UNNORMALIZED
[CL_BGRA CL_UNORM_INT8            4] - CL_FILTER_NEAREST - CL_ADDRESS_NONE - UNNORMALIZED
[CL_ARGB CL_SNORM_INT8            4] - CL_FILTER_NEAREST - CL_ADDRESS_NONE - UNNORMALIZED
[CL_ARGB CL_UNORM_INT8            4] - CL_FILTER_NEAREST - CL_ADDRESS_NONE - UNNORMALIZED
[CL_DEPTH CL_UNORM_INT16           1] - CL_FILTER_NEAREST - CL_ADDRESS_NONE - UNNORMALIZED
[CL_DEPTH CL_FLOAT                 1] - CL_FILTER_NEAREST - CL_ADDRESS_NONE - UNNORMALIZED
[CL_ABGR CL_SNORM_INT8            4] - CL_FILTER_NEAREST - CL_ADDRESS_NONE - UNNORMALIZED
[CL_ABGR CL_UNORM_INT8            4] - CL_FILTER_NEAREST - CL_ADDRESS_NONE - UNNORMALIZED
[CL_ABGR CL_UNORM_INT_2_101010_EXT 4] - CL_FILTER_NEAREST - CL_ADDRESS_NONE - UNNORMALIZED
---- Supported 2D read_write formats for this device ---- 
  CL_R    CL_SNORM_INT8            1
  CL_R    CL_SNORM_INT16           1
  CL_R    CL_UNORM_INT8            1
  CL_R    CL_UNORM_INT16           1
  CL_R    CL_SIGNED_INT8           1
  CL_R    CL_SIGNED_INT16          1
  CL_R    CL_SIGNED_INT32          1
  CL_R    CL_UNSIGNED_INT8         1
  CL_R    CL_UNSIGNED_INT16        1
  CL_R    CL_UNSIGNED_INT32        1
  CL_R    CL_HALF_FLOAT            1
  CL_R    CL_FLOAT                 1
  CL_RG   CL_SNORM_INT8            2
  CL_RG   CL_SNORM_INT16           2
  CL_RG   CL_UNORM_INT8            2
  CL_RG   CL_UNORM_INT16           2
  CL_RG   CL_SIGNED_INT8           2
  CL_RG   CL_SIGNED_INT16          2
  CL_RG   CL_SIGNED_INT32          2
  CL_RG   CL_UNSIGNED_INT8         2
  CL_RG   CL_UNSIGNED_INT16        2
  CL_RG   CL_UNSIGNED_INT32        2
  CL_RG   CL_HALF_FLOAT            2
  CL_RG   CL_FLOAT                 2
  CL_RGBA CL_SNORM_INT8            4
  CL_RGBA CL_SNORM_INT16           4
  CL_RGBA CL_UNORM_INT8            4
  CL_RGBA CL_UNORM_INT16           4
  CL_RGBA CL_SIGNED_INT8           4
  CL_RGBA CL_SIGNED_INT16          4
  CL_RGBA CL_SIGNED_INT32          4
  CL_RGBA CL_UNSIGNED_INT8         4
  CL_RGBA CL_UNSIGNED_INT16        4
  CL_RGBA CL_UNSIGNED_INT32        4
  CL_RGBA CL_HALF_FLOAT            4
  CL_RGBA CL_FLOAT                 4
  CL_BGRA CL_SNORM_INT8            4
  CL_BGRA CL_UNORM_INT8            4
  CL_BGRA CL_SIGNED_INT8           4
  CL_BGRA CL_UNSIGNED_INT8         4
  CL_ARGB CL_SNORM_INT8            4
  CL_ARGB CL_UNORM_INT8            4
  CL_DEPTH CL_UNORM_INT16           1
  CL_DEPTH CL_FLOAT                 1
  CL_ABGR CL_SNORM_INT8            4
  CL_ABGR CL_UNORM_INT8            4
  CL_ABGR CL_UNORM_INT_2_101010_EXT 4
------------------------------------------- 
write_image (int input) *****************************
[CL_R    CL_SIGNED_INT8           1]
[CL_R    CL_SIGNED_INT16          1]
[CL_R    CL_SIGNED_INT32          1]
[CL_RG   CL_SIGNED_INT8           2]
[CL_RG   CL_SIGNED_INT16          2]
[CL_RG   CL_SIGNED_INT32          2]
[CL_RGBA CL_SIGNED_INT8           4]
[CL_RGBA CL_SIGNED_INT16          4]
[CL_RGBA CL_SIGNED_INT32          4]
[CL_BGRA CL_SIGNED_INT8           4]
write_image (uint input) *****************************
[CL_R    CL_UNSIGNED_INT8         1]
[CL_R    CL_UNSIGNED_INT16        1]
[CL_R    CL_UNSIGNED_INT32        1]
[CL_RG   CL_UNSIGNED_INT8         2]
[CL_RG   CL_UNSIGNED_INT16        2]
[CL_RG   CL_UNSIGNED_INT32        2]
[CL_RGBA CL_UNSIGNED_INT8         4]
[CL_RGBA CL_UNSIGNED_INT16        4]
[CL_RGBA CL_UNSIGNED_INT32        4]
[CL_BGRA CL_UNSIGNED_INT8         4]
write_image (float input) *****************************
[CL_R    CL_SNORM_INT8            1]
[CL_R    CL_SNORM_INT16           1]
[CL_R    CL_UNORM_INT8            1]
[CL_R    CL_UNORM_INT16           1]
[CL_R    CL_HALF_FLOAT            1]
[CL_R    CL_FLOAT                 1]
[CL_RG   CL_SNORM_INT8            2]
[CL_RG   CL_SNORM_INT16           2]
[CL_RG   CL_UNORM_INT8            2]
[CL_RG   CL_UNORM_INT16           2]
[CL_RG   CL_HALF_FLOAT            2]
[CL_RG   CL_FLOAT                 2]
[CL_RGBA CL_SNORM_INT8            4]
[CL_RGBA CL_SNORM_INT16           4]
[CL_RGBA CL_UNORM_INT8            4]
[CL_RGBA CL_UNORM_INT16           4]
[CL_RGBA CL_HALF_FLOAT            4]
[CL_RGBA CL_FLOAT                 4]
[CL_BGRA CL_SNORM_INT8            4]
[CL_BGRA CL_UNORM_INT8            4]
[CL_ARGB CL_SNORM_INT8            4]
[CL_ARGB CL_UNORM_INT8            4]
[CL_DEPTH CL_UNORM_INT16           1]
[CL_DEPTH CL_FLOAT                 1]
[CL_ABGR CL_SNORM_INT8            4]
[CL_ABGR CL_UNORM_INT8            4]
[CL_ABGR CL_UNORM_INT_2_101010_EXT 4]
2D FAILED
3D...
---- Supported 3D read formats for this device ---- 
  CL_R    CL_SNORM_INT8            1
  CL_R    CL_SNORM_INT16           1
  CL_R    CL_UNORM_INT8            1
  CL_R    CL_UNORM_INT16           1
  CL_R    CL_SIGNED_INT8           1
  CL_R    CL_SIGNED_INT16          1
  CL_R    CL_SIGNED_INT32          1
  CL_R    CL_UNSIGNED_INT8         1
  CL_R    CL_UNSIGNED_INT16        1
  CL_R    CL_UNSIGNED_INT32        1
  CL_R    CL_HALF_FLOAT            1
  CL_R    CL_FLOAT                 1
  CL_RG   CL_SNORM_INT8            2
  CL_RG   CL_SNORM_INT16           2
  CL_RG   CL_UNORM_INT8            2
  CL_RG   CL_UNORM_INT16           2
  CL_RG   CL_SIGNED_INT8           2
  CL_RG   CL_SIGNED_INT16          2
  CL_RG   CL_SIGNED_INT32          2
  CL_RG   CL_UNSIGNED_INT8         2
  CL_RG   CL_UNSIGNED_INT16        2
  CL_RG   CL_UNSIGNED_INT32        2
  CL_RG   CL_HALF_FLOAT            2
  CL_RG   CL_FLOAT                 2
  CL_RGBA CL_SNORM_INT8            4
  CL_RGBA CL_SNORM_INT16           4
  CL_RGBA CL_UNORM_INT8            4
  CL_RGBA CL_UNORM_INT16           4
  CL_RGBA CL_SIGNED_INT8           4
  CL_RGBA CL_SIGNED_INT16          4
  CL_RGBA CL_SIGNED_INT32          4
  CL_RGBA CL_UNSIGNED_INT8         4
  CL_RGBA CL_UNSIGNED_INT16        4
  CL_RGBA CL_UNSIGNED_INT32        4
  CL_RGBA CL_HALF_FLOAT            4
  CL_RGBA CL_FLOAT                 4
  CL_BGRA CL_SNORM_INT8            4
  CL_BGRA CL_UNORM_INT8            4
  CL_BGRA CL_SIGNED_INT8           4
  CL_BGRA CL_UNSIGNED_INT8         4
  CL_ARGB CL_SNORM_INT8            4
  CL_ARGB CL_UNORM_INT8            4
  CL_sRGBA CL_UNORM_INT8            4
  CL_sBGRA CL_UNORM_INT8            4
  CL_ABGR CL_SNORM_INT8            4
  CL_ABGR CL_UNORM_INT8            4
  CL_ABGR CL_UNORM_INT_2_101010_EXT 4
------------------------------------------- 
read_image (integer coords, int results) *****************************
[CL_R    CL_SIGNED_INT8           1] - CL_FILTER_NEAREST - CL_ADDRESS_CLAMP_TO_EDGE - UNNORMALIZED
[CL_R    CL_SIGNED_INT8           1] - CL_FILTER_NEAREST - CL_ADDRESS_CLAMP - UNNORMALIZED
[CL_R    CL_SIGNED_INT16          1] - CL_FILTER_NEAREST - CL_ADDRESS_CLAMP_TO_EDGE - UNNORMALIZED
[CL_R    CL_SIGNED_INT16          1] - CL_FILTER_NEAREST - CL_ADDRESS_CLAMP - UNNORMALIZED
[CL_R    CL_SIGNED_INT32          1] - CL_FILTER_NEAREST - CL_ADDRESS_CLAMP_TO_EDGE - UNNORMALIZED
[CL_R    CL_SIGNED_INT32          1] - CL_FILTER_NEAREST - CL_ADDRESS_CLAMP - UNNORMALIZED
[CL_RG   CL_SIGNED_INT8           2] - CL_FILTER_NEAREST - CL_ADDRESS_CLAMP_TO_EDGE - UNNORMALIZED
[CL_RG   CL_SIGNED_INT8           2] - CL_FILTER_NEAREST - CL_ADDRESS_CLAMP - UNNORMALIZED
[CL_RG   CL_SIGNED_INT16          2] - CL_FILTER_NEAREST - CL_ADDRESS_CLAMP_TO_EDGE - UNNORMALIZED
[CL_RG   CL_SIGNED_INT16          2] - CL_FILTER_NEAREST - CL_ADDRESS_CLAMP - UNNORMALIZED
[CL_RG   CL_SIGNED_INT32          2] - CL_FILTER_NEAREST - CL_ADDRESS_CLAMP_TO_EDGE - UNNORMALIZED
[CL_RG   CL_SIGNED_INT32          2] - CL_FILTER_NEAREST - CL_ADDRESS_CLAMP - UNNORMALIZED
[CL_RGBA CL_SIGNED_INT8           4] - CL_FILTER_NEAREST - CL_ADDRESS_CLAMP_TO_EDGE - UNNORMALIZED
[CL_RGBA CL_SIGNED_INT8           4] - CL_FILTER_NEAREST - CL_ADDRESS_CLAMP - UNNORMALIZED
[CL_RGBA CL_SIGNED_INT16          4] - CL_FILTER_NEAREST - CL_ADDRESS_CLAMP_TO_EDGE - UNNORMALIZED
[CL_RGBA CL_SIGNED_INT16          4] - CL_FILTER_NEAREST - CL_ADDRESS_CLAMP - UNNORMALIZED
[CL_RGBA CL_SIGNED_INT32          4] - CL_FILTER_NEAREST - CL_ADDRESS_CLAMP_TO_EDGE - UNNORMALIZED
[CL_RGBA CL_SIGNED_INT32          4] - CL_FILTER_NEAREST - CL_ADDRESS_CLAMP - UNNORMALIZED
[CL_BGRA CL_SIGNED_INT8           4] - CL_FILTER_NEAREST - CL_ADDRESS_CLAMP_TO_EDGE - UNNORMALIZED
[CL_BGRA CL_SIGNED_INT8           4] - CL_FILTER_NEAREST - CL_ADDRESS_CLAMP - UNNORMALIZED
read_image (unnormalized float coords, int results) *****************************
[CL_R    CL_SIGNED_INT8           1] - CL_FILTER_NEAREST - CL_ADDRESS_CLAMP_TO_EDGE - UNNORMALIZED
[CL_R    CL_SIGNED_INT8           1] - CL_FILTER_NEAREST - CL_ADDRESS_CLAMP - UNNORMALIZED
[CL_R    CL_SIGNED_INT16          1] - CL_FILTER_NEAREST - CL_ADDRESS_CLAMP_TO_EDGE - UNNORMALIZED
[CL_R    CL_SIGNED_INT16          1] - CL_FILTER_NEAREST - CL_ADDRESS_CLAMP - UNNORMALIZED
[CL_R    CL_SIGNED_INT32          1] - CL_FILTER_NEAREST - CL_ADDRESS_CLAMP_TO_EDGE - UNNORMALIZED
[CL_R    CL_SIGNED_INT32          1] - CL_FILTER_NEAREST - CL_ADDRESS_CLAMP - UNNORMALIZED
[CL_RG   CL_SIGNED_INT8           2] - CL_FILTER_NEAREST - CL_ADDRESS_CLAMP_TO_EDGE - UNNORMALIZED
[CL_RG   CL_SIGNED_INT8           2] - CL_FILTER_NEAREST - CL_ADDRESS_CLAMP - UNNORMALIZED
[CL_RG   CL_SIGNED_INT16          2] - CL_FILTER_NEAREST - CL_ADDRESS_CLAMP_TO_EDGE - UNNORMALIZED
[CL_RG   CL_SIGNED_INT16          2] - CL_FILTER_NEAREST - CL_ADDRESS_CLAMP - UNNORMALIZED
[CL_RG   CL_SIGNED_INT32          2] - CL_FILTER_NEAREST - CL_ADDRESS_CLAMP_TO_EDGE - UNNORMALIZED
[CL_RG   CL_SIGNED_INT32          2] - CL_FILTER_NEAREST - CL_ADDRESS_CLAMP - UNNORMALIZED
[CL_RGBA CL_SIGNED_INT8           4] - CL_FILTER_NEAREST - CL_ADDRESS_CLAMP_TO_EDGE - UNNORMALIZED
[CL_RGBA CL_SIGNED_INT8           4] - CL_FILTER_NEAREST - CL_ADDRESS_CLAMP - UNNORMALIZED
[CL_RGBA CL_SIGNED_INT16          4] - CL_FILTER_NEAREST - CL_ADDRESS_CLAMP_TO_EDGE - UNNORMALIZED
[CL_RGBA CL_SIGNED_INT16          4] - CL_FILTER_NEAREST - CL_ADDRESS_CLAMP - UNNORMALIZED
[CL_RGBA CL_SIGNED_INT32          4] - CL_FILTER_NEAREST - CL_ADDRESS_CLAMP_TO_EDGE - UNNORMALIZED
[CL_RGBA CL_SIGNED_INT32          4] - CL_FILTER_NEAREST - CL_ADDRESS_CLAMP - UNNORMALIZED
[CL_BGRA CL_SIGNED_INT8           4] - CL_FILTER_NEAREST - CL_ADDRESS_CLAMP_TO_EDGE - UNNORMALIZED
[CL_BGRA CL_SIGNED_INT8           4] - CL_FILTER_NEAREST - CL_ADDRESS_CLAMP - UNNORMALIZED
read_image (normalized float coords, int results) *****************************
[CL_R    CL_SIGNED_INT8           1] - CL_FILTER_NEAREST - CL_ADDRESS_CLAMP_TO_EDGE - NORMALIZED
[CL_R    CL_SIGNED_INT8           1] - CL_FILTER_NEAREST - CL_ADDRESS_CLAMP - NORMALIZED
[CL_R    CL_SIGNED_INT8           1] - CL_FILTER_NEAREST - CL_ADDRESS_REPEAT - NORMALIZED
[CL_R    CL_SIGNED_INT8           1] - CL_FILTER_NEAREST - CL_ADDRESS_MIRRORED_REPEAT - NORMALIZED
[CL_R    CL_SIGNED_INT16          1] - CL_FILTER_NEAREST - CL_ADDRESS_CLAMP_TO_EDGE - NORMALIZED
[CL_R    CL_SIGNED_INT16          1] - CL_FILTER_NEAREST - CL_ADDRESS_CLAMP - NORMALIZED
[CL_R    CL_SIGNED_INT16          1] - CL_FILTER_NEAREST - CL_ADDRESS_REPEAT - NORMALIZED
[CL_R    CL_SIGNED_INT16          1] - CL_FILTER_NEAREST - CL_ADDRESS_MIRRORED_REPEAT - NORMALIZED
[CL_R    CL_SIGNED_INT32          1] - CL_FILTER_NEAREST - CL_ADDRESS_CLAMP_TO_EDGE - NORMALIZED
[CL_R    CL_SIGNED_INT32          1] - CL_FILTER_NEAREST - CL_ADDRESS_CLAMP - NORMALIZED
[CL_R    CL_SIGNED_INT32          1] - CL_FILTER_NEAREST - CL_ADDRESS_REPEAT - NORMALIZED
[CL_R    CL_SIGNED_INT32          1] - CL_FILTER_NEAREST - CL_ADDRESS_MIRRORED_REPEAT - NORMALIZED
[CL_RG   CL_SIGNED_INT8           2] - CL_FILTER_NEAREST - CL_ADDRESS_CLAMP_TO_EDGE - NORMALIZED
[CL_RG   CL_SIGNED_INT8           2] - CL_FILTER_NEAREST - CL_ADDRESS_CLAMP - NORMALIZED
[CL_RG   CL_SIGNED_INT8           2] - CL_FILTER_NEAREST - CL_ADDRESS_REPEAT - NORMALIZED
[CL_RG   CL_SIGNED_INT8           2] - CL_FILTER_NEAREST - CL_ADDRESS_MIRRORED_REPEAT - NORMALIZED
[CL_RG   CL_SIGNED_INT16          2] - CL_FILTER_NEAREST - CL_ADDRESS_CLAMP_TO_EDGE - NORMALIZED
[CL_RG   CL_SIGNED_INT16          2] - CL_FILTER_NEAREST - CL_ADDRESS_CLAMP - NORMALIZED
[CL_RG   CL_SIGNED_INT16          2] - CL_FILTER_NEAREST - CL_ADDRESS_REPEAT - NORMALIZED
[CL_RG   CL_SIGNED_INT16          2] - CL_FILTER_NEAREST - CL_ADDRESS_MIRRORED_REPEAT - NORMALIZED
[CL_RG   CL_SIGNED_INT32          2] - CL_FILTER_NEAREST - CL_ADDRESS_CLAMP_TO_EDGE - NORMALIZED
[CL_RG   CL_SIGNED_INT32          2] - CL_FILTER_NEAREST - CL_ADDRESS_CLAMP - NORMALIZED
[CL_RG   CL_SIGNED_INT32          2] - CL_FILTER_NEAREST - CL_ADDRESS_REPEAT - NORMALIZED
[CL_RG   CL_SIGNED_INT32          2] - CL_FILTER_NEAREST - CL_ADDRESS_MIRRORED_REPEAT - NORMALIZED
[CL_RGBA CL_SIGNED_INT8           4] - CL_FILTER_NEAREST - CL_ADDRESS_CLAMP_TO_EDGE - NORMALIZED
[CL_RGBA CL_SIGNED_INT8           4] - CL_FILTER_NEAREST - CL_ADDRESS_CLAMP - NORMALIZED
[CL_RGBA CL_SIGNED_INT8           4] - CL_FILTER_NEAREST - CL_ADDRESS_REPEAT - NORMALIZED
[CL_RGBA CL_SIGNED_INT8           4] - CL_FILTER_NEAREST - CL_ADDRESS_MIRRORED_REPEAT - NORMALIZED
[CL_RGBA CL_SIGNED_INT16          4] - CL_FILTER_NEAREST - CL_ADDRESS_CLAMP_TO_EDGE - NORMALIZED
[CL_RGBA CL_SIGNED_INT16          4] - CL_FILTER_NEAREST - CL_ADDRESS_CLAMP - NORMALIZED
[CL_RGBA CL_SIGNED_INT16          4] - CL_FILTER_NEAREST - CL_ADDRESS_REPEAT - NORMALIZED
[CL_RGBA CL_SIGNED_INT16          4] - CL_FILTER_NEAREST - CL_ADDRESS_MIRRORED_REPEAT - NORMALIZED
[CL_RGBA CL_SIGNED_INT32          4] - CL_FILTER_NEAREST - CL_ADDRESS_CLAMP_TO_EDGE - NORMALIZED
[CL_RGBA CL_SIGNED_INT32          4] - CL_FILTER_NEAREST - CL_ADDRESS_CLAMP - NORMALIZED
[CL_RGBA CL_SIGNED_INT32          4] - CL_FILTER_NEAREST - CL_ADDRESS_REPEAT - NORMALIZED
[CL_RGBA CL_SIGNED_INT32          4] - CL_FILTER_NEAREST - CL_ADDRESS_MIRRORED_REPEAT - NORMALIZED
[CL_BGRA CL_SIGNED_INT8           4] - CL_FILTER_NEAREST - CL_ADDRESS_CLAMP_TO_EDGE - NORMALIZED
[CL_BGRA CL_SIGNED_INT8           4] - CL_FILTER_NEAREST - CL_ADDRESS_CLAMP - NORMALIZED
[CL_BGRA CL_SIGNED_INT8           4] - CL_FILTER_NEAREST - CL_ADDRESS_REPEAT - NORMALIZED
[CL_BGRA CL_SIGNED_INT8           4] - CL_FILTER_NEAREST - CL_ADDRESS_MIRRORED_REPEAT - NORMALIZED
read_image (integer coords, uint results) *****************************
[CL_R    CL_UNSIGNED_INT8         1] - CL_FILTER_NEAREST - CL_ADDRESS_CLAMP_TO_EDGE - UNNORMALIZED
[CL_R    CL_UNSIGNED_INT8         1] - CL_FILTER_NEAREST - CL_ADDRESS_CLAMP - UNNORMALIZED
[CL_R    CL_UNSIGNED_INT16        1] - CL_FILTER_NEAREST - CL_ADDRESS_CLAMP_TO_EDGE - UNNORMALIZED
[CL_R    CL_UNSIGNED_INT16        1] - CL_FILTER_NEAREST - CL_ADDRESS_CLAMP - UNNORMALIZED
[CL_R    CL_UNSIGNED_INT32        1] - CL_FILTER_NEAREST - CL_ADDRESS_CLAMP_TO_EDGE - UNNORMALIZED
[CL_R    CL_UNSIGNED_INT32        1] - CL_FILTER_NEAREST - CL_ADDRESS_CLAMP - UNNORMALIZED
[CL_RG   CL_UNSIGNED_INT8         2] - CL_FILTER_NEAREST - CL_ADDRESS_CLAMP_TO_EDGE - UNNORMALIZED
[CL_RG   CL_UNSIGNED_INT8         2] - CL_FILTER_NEAREST - CL_ADDRESS_CLAMP - UNNORMALIZED
[CL_RG   CL_UNSIGNED_INT16        2] - CL_FILTER_NEAREST - CL_ADDRESS_CLAMP_TO_EDGE - UNNORMALIZED
[CL_RG   CL_UNSIGNED_INT16        2] - CL_FILTER_NEAREST - CL_ADDRESS_CLAMP - UNNORMALIZED
[CL_RG   CL_UNSIGNED_INT32        2] - CL_FILTER_NEAREST - CL_ADDRESS_CLAMP_TO_EDGE - UNNORMALIZED
[CL_RG   CL_UNSIGNED_INT32        2] - CL_FILTER_NEAREST - CL_ADDRESS_CLAMP - UNNORMALIZED
[CL_RGBA CL_UNSIGNED_INT8         4] - CL_FILTER_NEAREST - CL_ADDRESS_CLAMP_TO_EDGE - UNNORMALIZED
[CL_RGBA CL_UNSIGNED_INT8         4] - CL_FILTER_NEAREST - CL_ADDRESS_CLAMP - UNNORMALIZED
[CL_RGBA CL_UNSIGNED_INT16        4] - CL_FILTER_NEAREST - CL_ADDRESS_CLAMP_TO_EDGE - UNNORMALIZED
[CL_RGBA CL_UNSIGNED_INT16        4] - CL_FILTER_NEAREST - CL_ADDRESS_CLAMP - UNNORMALIZED
[CL_RGBA CL_UNSIGNED_INT32        4] - CL_FILTER_NEAREST - CL_ADDRESS_CLAMP_TO_EDGE - UNNORMALIZED
[CL_RGBA CL_UNSIGNED_INT32        4] - CL_FILTER_NEAREST - CL_ADDRESS_CLAMP - UNNORMALIZED
[CL_BGRA CL_UNSIGNED_INT8         4] - CL_FILTER_NEAREST - CL_ADDRESS_CLAMP_TO_EDGE - UNNORMALIZED
[CL_BGRA CL_UNSIGNED_INT8         4] - CL_FILTER_NEAREST - CL_ADDRESS_CLAMP - UNNORMALIZED
read_image (unnormalized float coords, uint results) *****************************
[CL_R    CL_UNSIGNED_INT8         1] - CL_FILTER_NEAREST - CL_ADDRESS_CLAMP_TO_EDGE - UNNORMALIZED
[CL_R    CL_UNSIGNED_INT8         1] - CL_FILTER_NEAREST - CL_ADDRESS_CLAMP - UNNORMALIZED
[CL_R    CL_UNSIGNED_INT16        1] - CL_FILTER_NEAREST - CL_ADDRESS_CLAMP_TO_EDGE - UNNORMALIZED
[CL_R    CL_UNSIGNED_INT16        1] - CL_FILTER_NEAREST - CL_ADDRESS_CLAMP - UNNORMALIZED
[CL_R    CL_UNSIGNED_INT32        1] - CL_FILTER_NEAREST - CL_ADDRESS_CLAMP_TO_EDGE - UNNORMALIZED
[CL_R    CL_UNSIGNED_INT32        1] - CL_FILTER_NEAREST - CL_ADDRESS_CLAMP - UNNORMALIZED
[CL_RG   CL_UNSIGNED_INT8         2] - CL_FILTER_NEAREST - CL_ADDRESS_CLAMP_TO_EDGE - UNNORMALIZED
[CL_RG   CL_UNSIGNED_INT8         2] - CL_FILTER_NEAREST - CL_ADDRESS_CLAMP - UNNORMALIZED
[CL_RG   CL_UNSIGNED_INT16        2] - CL_FILTER_NEAREST - CL_ADDRESS_CLAMP_TO_EDGE - UNNORMALIZED
[CL_RG   CL_UNSIGNED_INT16        2] - CL_FILTER_NEAREST - CL_ADDRESS_CLAMP - UNNORMALIZED
[CL_RG   CL_UNSIGNED_INT32        2] - CL_FILTER_NEAREST - CL_ADDRESS_CLAMP_TO_EDGE - UNNORMALIZED
[CL_RG   CL_UNSIGNED_INT32        2] - CL_FILTER_NEAREST - CL_ADDRESS_CLAMP - UNNORMALIZED
[CL_RGBA CL_UNSIGNED_INT8         4] - CL_FILTER_NEAREST - CL_ADDRESS_CLAMP_TO_EDGE - UNNORMALIZED
[CL_RGBA CL_UNSIGNED_INT8         4] - CL_FILTER_NEAREST - CL_ADDRESS_CLAMP - UNNORMALIZED
[CL_RGBA CL_UNSIGNED_INT16        4] - CL_FILTER_NEAREST - CL_ADDRESS_CLAMP_TO_EDGE - UNNORMALIZED
[CL_RGBA CL_UNSIGNED_INT16        4] - CL_FILTER_NEAREST - CL_ADDRESS_CLAMP - UNNORMALIZED
[CL_RGBA CL_UNSIGNED_INT32        4] - CL_FILTER_NEAREST - CL_ADDRESS_CLAMP_TO_EDGE - UNNORMALIZED
[CL_RGBA CL_UNSIGNED_INT32        4] - CL_FILTER_NEAREST - CL_ADDRESS_CLAMP - UNNORMALIZED
[CL_BGRA CL_UNSIGNED_INT8         4] - CL_FILTER_NEAREST - CL_ADDRESS_CLAMP_TO_EDGE - UNNORMALIZED
[CL_BGRA CL_UNSIGNED_INT8         4] - CL_FILTER_NEAREST - CL_ADDRESS_CLAMP - UNNORMALIZED
read_image (normalized float coords, uint results) *****************************
[CL_R    CL_UNSIGNED_INT8         1] - CL_FILTER_NEAREST - CL_ADDRESS_CLAMP_TO_EDGE - NORMALIZED
[CL_R    CL_UNSIGNED_INT8         1] - CL_FILTER_NEAREST - CL_ADDRESS_CLAMP - NORMALIZED
[CL_R    CL_UNSIGNED_INT8         1] - CL_FILTER_NEAREST - CL_ADDRESS_REPEAT - NORMALIZED
[CL_R    CL_UNSIGNED_INT8         1] - CL_FILTER_NEAREST - CL_ADDRESS_MIRRORED_REPEAT - NORMALIZED
[CL_R    CL_UNSIGNED_INT16        1] - CL_FILTER_NEAREST - CL_ADDRESS_CLAMP_TO_EDGE - NORMALIZED
[CL_R    CL_UNSIGNED_INT16        1] - CL_FILTER_NEAREST - CL_ADDRESS_CLAMP - NORMALIZED
[CL_R    CL_UNSIGNED_INT16        1] - CL_FILTER_NEAREST - CL_ADDRESS_REPEAT - NORMALIZED
[CL_R    CL_UNSIGNED_INT16        1] - CL_FILTER_NEAREST - CL_ADDRESS_MIRRORED_REPEAT - NORMALIZED
[CL_R    CL_UNSIGNED_INT32        1] - CL_FILTER_NEAREST - CL_ADDRESS_CLAMP_TO_EDGE - NORMALIZED
[CL_R    CL_UNSIGNED_INT32        1] - CL_FILTER_NEAREST - CL_ADDRESS_CLAMP - NORMALIZED
[CL_R    CL_UNSIGNED_INT32        1] - CL_FILTER_NEAREST - CL_ADDRESS_REPEAT - NORMALIZED
[CL_R    CL_UNSIGNED_INT32        1] - CL_FILTER_NEAREST - CL_ADDRESS_MIRRORED_REPEAT - NORMALIZED
[CL_RG   CL_UNSIGNED_INT8         2] - CL_FILTER_NEAREST - CL_ADDRESS_CLAMP_TO_EDGE - NORMALIZED
[CL_RG   CL_UNSIGNED_INT8         2] - CL_FILTER_NEAREST - CL_ADDRESS_CLAMP - NORMALIZED
[CL_RG   CL_UNSIGNED_INT8         2] - CL_FILTER_NEAREST - CL_ADDRESS_REPEAT - NORMALIZED
[CL_RG   CL_UNSIGNED_INT8         2] - CL_FILTER_NEAREST - CL_ADDRESS_MIRRORED_REPEAT - NORMALIZED
[CL_RG   CL_UNSIGNED_INT16        2] - CL_FILTER_NEAREST - CL_ADDRESS_CLAMP_TO_EDGE - NORMALIZED
[CL_RG   CL_UNSIGNED_INT16        2] - CL_FILTER_NEAREST - CL_ADDRESS_CLAMP - NORMALIZED
[CL_RG   CL_UNSIGNED_INT16        2] - CL_FILTER_NEAREST - CL_ADDRESS_REPEAT - NORMALIZED
[CL_RG   CL_UNSIGNED_INT16        2] - CL_FILTER_NEAREST - CL_ADDRESS_MIRRORED_REPEAT - NORMALIZED
[CL_RG   CL_UNSIGNED_INT32        2] - CL_FILTER_NEAREST - CL_ADDRESS_CLAMP_TO_EDGE - NORMALIZED
[CL_RG   CL_UNSIGNED_INT32        2] - CL_FILTER_NEAREST - CL_ADDRESS_CLAMP - NORMALIZED
[CL_RG   CL_UNSIGNED_INT32        2] - CL_FILTER_NEAREST - CL_ADDRESS_REPEAT - NORMALIZED
[CL_RG   CL_UNSIGNED_INT32        2] - CL_FILTER_NEAREST - CL_ADDRESS_MIRRORED_REPEAT - NORMALIZED
[CL_RGBA CL_UNSIGNED_INT8         4] - CL_FILTER_NEAREST - CL_ADDRESS_CLAMP_TO_EDGE - NORMALIZED
[CL_RGBA CL_UNSIGNED_INT8         4] - CL_FILTER_NEAREST - CL_ADDRESS_CLAMP - NORMALIZED
[CL_RGBA CL_UNSIGNED_INT8         4] - CL_FILTER_NEAREST - CL_ADDRESS_REPEAT - NORMALIZED
[CL_RGBA CL_UNSIGNED_INT8         4] - CL_FILTER_NEAREST - CL_ADDRESS_MIRRORED_REPEAT - NORMALIZED
[CL_RGBA CL_UNSIGNED_INT16        4] - CL_FILTER_NEAREST - CL_ADDRESS_CLAMP_TO_EDGE - NORMALIZED
[CL_RGBA CL_UNSIGNED_INT16        4] - CL_FILTER_NEAREST - CL_ADDRESS_CLAMP - NORMALIZED
[CL_RGBA CL_UNSIGNED_INT16        4] - CL_FILTER_NEAREST - CL_ADDRESS_REPEAT - NORMALIZED
[CL_RGBA CL_UNSIGNED_INT16        4] - CL_FILTER_NEAREST - CL_ADDRESS_MIRRORED_REPEAT - NORMALIZED
[CL_RGBA CL_UNSIGNED_INT32        4] - CL_FILTER_NEAREST - CL_ADDRESS_CLAMP_TO_EDGE - NORMALIZED
[CL_RGBA CL_UNSIGNED_INT32        4] - CL_FILTER_NEAREST - CL_ADDRESS_CLAMP - NORMALIZED
[CL_RGBA CL_UNSIGNED_INT32        4] - CL_FILTER_NEAREST - CL_ADDRESS_REPEAT - NORMALIZED
[CL_RGBA CL_UNSIGNED_INT32        4] - CL_FILTER_NEAREST - CL_ADDRESS_MIRRORED_REPEAT - NORMALIZED
[CL_BGRA CL_UNSIGNED_INT8         4] - CL_FILTER_NEAREST - CL_ADDRESS_CLAMP_TO_EDGE - NORMALIZED
[CL_BGRA CL_UNSIGNED_INT8         4] - CL_FILTER_NEAREST - CL_ADDRESS_CLAMP - NORMALIZED
[CL_BGRA CL_UNSIGNED_INT8         4] - CL_FILTER_NEAREST - CL_ADDRESS_REPEAT - NORMALIZED
[CL_BGRA CL_UNSIGNED_INT8         4] - CL_FILTER_NEAREST - CL_ADDRESS_MIRRORED_REPEAT - NORMALIZED
read_image (integer coords, float results) *****************************
[CL_R    CL_SNORM_INT8            1] - CL_FILTER_NEAREST - CL_ADDRESS_CLAMP_TO_EDGE - UNNORMALIZED
[CL_R    CL_SNORM_INT8            1] - CL_FILTER_NEAREST - CL_ADDRESS_CLAMP - UNNORMALIZED
[CL_R    CL_SNORM_INT16           1] - CL_FILTER_NEAREST - CL_ADDRESS_CLAMP_TO_EDGE - UNNORMALIZED
[CL_R    CL_SNORM_INT16           1] - CL_FILTER_NEAREST - CL_ADDRESS_CLAMP - UNNORMALIZED
[CL_R    CL_UNORM_INT8            1] - CL_FILTER_NEAREST - CL_ADDRESS_CLAMP_TO_EDGE - UNNORMALIZED
[CL_R    CL_UNORM_INT8            1] - CL_FILTER_NEAREST - CL_ADDRESS_CLAMP - UNNORMALIZED
[CL_R    CL_UNORM_INT16           1] - CL_FILTER_NEAREST - CL_ADDRESS_CLAMP_TO_EDGE - UNNORMALIZED
[CL_R    CL_UNORM_INT16           1] - CL_FILTER_NEAREST - CL_ADDRESS_CLAMP - UNNORMALIZED
[CL_R    CL_HALF_FLOAT            1] - CL_FILTER_NEAREST - CL_ADDRESS_CLAMP_TO_EDGE - UNNORMALIZED
[CL_R    CL_HALF_FLOAT            1] - CL_FILTER_NEAREST - CL_ADDRESS_CLAMP - UNNORMALIZED
[CL_R    CL_FLOAT                 1] - CL_FILTER_NEAREST - CL_ADDRESS_CLAMP_TO_EDGE - UNNORMALIZED
[CL_R    CL_FLOAT                 1] - CL_FILTER_NEAREST - CL_ADDRESS_CLAMP - UNNORMALIZED
[CL_RG   CL_SNORM_INT8            2] - CL_FILTER_NEAREST - CL_ADDRESS_CLAMP_TO_EDGE - UNNORMALIZED
[CL_RG   CL_SNORM_INT8            2] - CL_FILTER_NEAREST - CL_ADDRESS_CLAMP - UNNORMALIZED
[CL_RG   CL_SNORM_INT16           2] - CL_FILTER_NEAREST - CL_ADDRESS_CLAMP_TO_EDGE - UNNORMALIZED
[CL_RG   CL_SNORM_INT16           2] - CL_FILTER_NEAREST - CL_ADDRESS_CLAMP - UNNORMALIZED
[CL_RG   CL_UNORM_INT8            2] - CL_FILTER_NEAREST - CL_ADDRESS_CLAMP_TO_EDGE - UNNORMALIZED
[CL_RG   CL_UNORM_INT8            2] - CL_FILTER_NEAREST - CL_ADDRESS_CLAMP - UNNORMALIZED
[CL_RG   CL_UNORM_INT16           2] - CL_FILTER_NEAREST - CL_ADDRESS_CLAMP_TO_EDGE - UNNORMALIZED
[CL_RG   CL_UNORM_INT16           2] - CL_FILTER_NEAREST - CL_ADDRESS_CLAMP - UNNORMALIZED
[CL_RG   CL_HALF_FLOAT            2] - CL_FILTER_NEAREST - CL_ADDRESS_CLAMP_TO_EDGE - UNNORMALIZED
[CL_RG   CL_HALF_FLOAT            2] - CL_FILTER_NEAREST - CL_ADDRESS_CLAMP - UNNORMALIZED
[CL_RG   CL_FLOAT                 2] - CL_FILTER_NEAREST - CL_ADDRESS_CLAMP_TO_EDGE - UNNORMALIZED
[CL_RG   CL_FLOAT                 2] - CL_FILTER_NEAREST - CL_ADDRESS_CLAMP - UNNORMALIZED
[CL_RGBA CL_SNORM_INT8            4] - CL_FILTER_NEAREST - CL_ADDRESS_CLAMP_TO_EDGE - UNNORMALIZED
[CL_RGBA CL_SNORM_INT8            4] - CL_FILTER_NEAREST - CL_ADDRESS_CLAMP - UNNORMALIZED
[CL_RGBA CL_SNORM_INT16           4] - CL_FILTER_NEAREST - CL_ADDRESS_CLAMP_TO_EDGE - UNNORMALIZED
[CL_RGBA CL_SNORM_INT16           4] - CL_FILTER_NEAREST - CL_ADDRESS_CLAMP - UNNORMALIZED
[CL_RGBA CL_UNORM_INT8            4] - CL_FILTER_NEAREST - CL_ADDRESS_CLAMP_TO_EDGE - UNNORMALIZED
[CL_RGBA CL_UNORM_INT8            4] - CL_FILTER_NEAREST - CL_ADDRESS_CLAMP - UNNORMALIZED
[CL_RGBA CL_UNORM_INT16           4] - CL_FILTER_NEAREST - CL_ADDRESS_CLAMP_TO_EDGE - UNNORMALIZED
[CL_RGBA CL_UNORM_INT16           4] - CL_FILTER_NEAREST - CL_ADDRESS_CLAMP - UNNORMALIZED
[CL_RGBA CL_HALF_FLOAT            4] - CL_FILTER_NEAREST - CL_ADDRESS_CLAMP_TO_EDGE - UNNORMALIZED
[CL_RGBA CL_HALF_FLOAT            4] - CL_FILTER_NEAREST - CL_ADDRESS_CLAMP - UNNORMALIZED
[CL_RGBA CL_FLOAT                 4] - CL_FILTER_NEAREST - CL_ADDRESS_CLAMP_TO_EDGE - UNNORMALIZED
[CL_RGBA CL_FLOAT                 4] - CL_FILTER_NEAREST - CL_ADDRESS_CLAMP - UNNORMALIZED
[CL_BGRA CL_SNORM_INT8            4] - CL_FILTER_NEAREST - CL_ADDRESS_CLAMP_TO_EDGE - UNNORMALIZED
[CL_BGRA CL_SNORM_INT8            4] - CL_FILTER_NEAREST - CL_ADDRESS_CLAMP - UNNORMALIZED
[CL_BGRA CL_UNORM_INT8            4] - CL_FILTER_NEAREST - CL_ADDRESS_CLAMP_TO_EDGE - UNNORMALIZED
[CL_BGRA CL_UNORM_INT8            4] - CL_FILTER_NEAREST - CL_ADDRESS_CLAMP - UNNORMALIZED
[CL_ARGB CL_SNORM_INT8            4] - CL_FILTER_NEAREST - CL_ADDRESS_CLAMP_TO_EDGE - UNNORMALIZED
[CL_ARGB CL_SNORM_INT8            4] - CL_FILTER_NEAREST - CL_ADDRESS_CLAMP - UNNORMALIZED
[CL_ARGB CL_UNORM_INT8            4] - CL_FILTER_NEAREST - CL_ADDRESS_CLAMP_TO_EDGE - UNNORMALIZED
[CL_ARGB CL_UNORM_INT8            4] - CL_FILTER_NEAREST - CL_ADDRESS_CLAMP - UNNORMALIZED
[CL_sRGBA CL_UNORM_INT8            4] - CL_FILTER_NEAREST - CL_ADDRESS_CLAMP_TO_EDGE - UNNORMALIZED
[CL_sRGBA CL_UNORM_INT8            4] - CL_FILTER_NEAREST - CL_ADDRESS_CLAMP - UNNORMALIZED
[CL_sBGRA CL_UNORM_INT8            4] - CL_FILTER_NEAREST - CL_ADDRESS_CLAMP_TO_EDGE - UNNORMALIZED
[CL_sBGRA CL_UNORM_INT8            4] - CL_FILTER_NEAREST - CL_ADDRESS_CLAMP - UNNORMALIZED
[CL_ABGR CL_SNORM_INT8            4] - CL_FILTER_NEAREST - CL_ADDRESS_CLAMP_TO_EDGE - UNNORMALIZED
[CL_ABGR CL_SNORM_INT8            4] - CL_FILTER_NEAREST - CL_ADDRESS_CLAMP - UNNORMALIZED
[CL_ABGR CL_UNORM_INT8            4] - CL_FILTER_NEAREST - CL_ADDRESS_CLAMP_TO_EDGE - UNNORMALIZED
[CL_ABGR CL_UNORM_INT8            4] - CL_FILTER_NEAREST - CL_ADDRESS_CLAMP - UNNORMALIZED
[CL_ABGR CL_UNORM_INT_2_101010_EXT 4] - CL_FILTER_NEAREST - CL_ADDRESS_CLAMP_TO_EDGE - UNNORMALIZED
[CL_ABGR CL_UNORM_INT_2_101010_EXT 4] - CL_FILTER_NEAREST - CL_ADDRESS_CLAMP - UNNORMALIZED
read_image (unnormalized float coords, float results) *****************************
[CL_R    CL_SNORM_INT8            1] - CL_FILTER_NEAREST - CL_ADDRESS_CLAMP_TO_EDGE - UNNORMALIZED
[CL_R    CL_SNORM_INT8            1] - CL_FILTER_NEAREST - CL_ADDRESS_CLAMP - UNNORMALIZED
[CL_R    CL_SNORM_INT16           1] - CL_FILTER_NEAREST - CL_ADDRESS_CLAMP_TO_EDGE - UNNORMALIZED
[CL_R    CL_SNORM_INT16           1] - CL_FILTER_NEAREST - CL_ADDRESS_CLAMP - UNNORMALIZED
[CL_R    CL_UNORM_INT8            1] - CL_FILTER_NEAREST - CL_ADDRESS_CLAMP_TO_EDGE - UNNORMALIZED
[CL_R    CL_UNORM_INT8            1] - CL_FILTER_NEAREST - CL_ADDRESS_CLAMP - UNNORMALIZED
[CL_R    CL_UNORM_INT16           1] - CL_FILTER_NEAREST - CL_ADDRESS_CLAMP_TO_EDGE - UNNORMALIZED
[CL_R    CL_UNORM_INT16           1] - CL_FILTER_NEAREST - CL_ADDRESS_CLAMP - UNNORMALIZED
[CL_R    CL_HALF_FLOAT            1] - CL_FILTER_NEAREST - CL_ADDRESS_CLAMP_TO_EDGE - UNNORMALIZED
[CL_R    CL_HALF_FLOAT            1] - CL_FILTER_NEAREST - CL_ADDRESS_CLAMP - UNNORMALIZED
[CL_R    CL_FLOAT                 1] - CL_FILTER_NEAREST - CL_ADDRESS_CLAMP_TO_EDGE - UNNORMALIZED
[CL_R    CL_FLOAT                 1] - CL_FILTER_NEAREST - CL_ADDRESS_CLAMP - UNNORMALIZED
[CL_RG   CL_SNORM_INT8            2] - CL_FILTER_NEAREST - CL_ADDRESS_CLAMP_TO_EDGE - UNNORMALIZED
[CL_RG   CL_SNORM_INT8            2] - CL_FILTER_NEAREST - CL_ADDRESS_CLAMP - UNNORMALIZED
[CL_RG   CL_SNORM_INT16           2] - CL_FILTER_NEAREST - CL_ADDRESS_CLAMP_TO_EDGE - UNNORMALIZED
[CL_RG   CL_SNORM_INT16           2] - CL_FILTER_NEAREST - CL_ADDRESS_CLAMP - UNNORMALIZED
[CL_RG   CL_UNORM_INT8            2] - CL_FILTER_NEAREST - CL_ADDRESS_CLAMP_TO_EDGE - UNNORMALIZED
[CL_RG   CL_UNORM_INT8            2] - CL_FILTER_NEAREST - CL_ADDRESS_CLAMP - UNNORMALIZED
[CL_RG   CL_UNORM_INT16           2] - CL_FILTER_NEAREST - CL_ADDRESS_CLAMP_TO_EDGE - UNNORMALIZED
[CL_RG   CL_UNORM_INT16           2] - CL_FILTER_NEAREST - CL_ADDRESS_CLAMP - UNNORMALIZED
[CL_RG   CL_HALF_FLOAT            2] - CL_FILTER_NEAREST - CL_ADDRESS_CLAMP_TO_EDGE - UNNORMALIZED
[CL_RG   CL_HALF_FLOAT            2] - CL_FILTER_NEAREST - CL_ADDRESS_CLAMP - UNNORMALIZED
[CL_RG   CL_FLOAT                 2] - CL_FILTER_NEAREST - CL_ADDRESS_CLAMP_TO_EDGE - UNNORMALIZED
[CL_RG   CL_FLOAT                 2] - CL_FILTER_NEAREST - CL_ADDRESS_CLAMP - UNNORMALIZED
[CL_RGBA CL_SNORM_INT8            4] - CL_FILTER_NEAREST - CL_ADDRESS_CLAMP_TO_EDGE - UNNORMALIZED
[CL_RGBA CL_SNORM_INT8            4] - CL_FILTER_NEAREST - CL_ADDRESS_CLAMP - UNNORMALIZED
[CL_RGBA CL_SNORM_INT16           4] - CL_FILTER_NEAREST - CL_ADDRESS_CLAMP_TO_EDGE - UNNORMALIZED
[CL_RGBA CL_SNORM_INT16           4] - CL_FILTER_NEAREST - CL_ADDRESS_CLAMP - UNNORMALIZED
[CL_RGBA CL_UNORM_INT8            4] - CL_FILTER_NEAREST - CL_ADDRESS_CLAMP_TO_EDGE - UNNORMALIZED
[CL_RGBA CL_UNORM_INT8            4] - CL_FILTER_NEAREST - CL_ADDRESS_CLAMP - UNNORMALIZED
[CL_RGBA CL_UNORM_INT16           4] - CL_FILTER_NEAREST - CL_ADDRESS_CLAMP_TO_EDGE - UNNORMALIZED
[CL_RGBA CL_UNORM_INT16           4] - CL_FILTER_NEAREST - CL_ADDRESS_CLAMP - UNNORMALIZED
[CL_RGBA CL_HALF_FLOAT            4] - CL_FILTER_NEAREST - CL_ADDRESS_CLAMP_TO_EDGE - UNNORMALIZED
[CL_RGBA CL_HALF_FLOAT            4] - CL_FILTER_NEAREST - CL_ADDRESS_CLAMP - UNNORMALIZED
[CL_RGBA CL_FLOAT                 4] - CL_FILTER_NEAREST - CL_ADDRESS_CLAMP_TO_EDGE - UNNORMALIZED
[CL_RGBA CL_FLOAT                 4] - CL_FILTER_NEAREST - CL_ADDRESS_CLAMP - UNNORMALIZED
[CL_BGRA CL_SNORM_INT8            4] - CL_FILTER_NEAREST - CL_ADDRESS_CLAMP_TO_EDGE - UNNORMALIZED
[CL_BGRA CL_SNORM_INT8            4] - CL_FILTER_NEAREST - CL_ADDRESS_CLAMP - UNNORMALIZED
[CL_BGRA CL_UNORM_INT8            4] - CL_FILTER_NEAREST - CL_ADDRESS_CLAMP_TO_EDGE - UNNORMALIZED
[CL_BGRA CL_UNORM_INT8            4] - CL_FILTER_NEAREST - CL_ADDRESS_CLAMP - UNNORMALIZED
[CL_ARGB CL_SNORM_INT8            4] - CL_FILTER_NEAREST - CL_ADDRESS_CLAMP_TO_EDGE - UNNORMALIZED
[CL_ARGB CL_SNORM_INT8            4] - CL_FILTER_NEAREST - CL_ADDRESS_CLAMP - UNNORMALIZED
[CL_ARGB CL_UNORM_INT8            4] - CL_FILTER_NEAREST - CL_ADDRESS_CLAMP_TO_EDGE - UNNORMALIZED
[CL_ARGB CL_UNORM_INT8            4] - CL_FILTER_NEAREST - CL_ADDRESS_CLAMP - UNNORMALIZED
[CL_sRGBA CL_UNORM_INT8            4] - CL_FILTER_NEAREST - CL_ADDRESS_CLAMP_TO_EDGE - UNNORMALIZED
[CL_sRGBA CL_UNORM_INT8            4] - CL_FILTER_NEAREST - CL_ADDRESS_CLAMP - UNNORMALIZED
[CL_sBGRA CL_UNORM_INT8            4] - CL_FILTER_NEAREST - CL_ADDRESS_CLAMP_TO_EDGE - UNNORMALIZED
[CL_sBGRA CL_UNORM_INT8            4] - CL_FILTER_NEAREST - CL_ADDRESS_CLAMP - UNNORMALIZED
[CL_ABGR CL_SNORM_INT8            4] - CL_FILTER_NEAREST - CL_ADDRESS_CLAMP_TO_EDGE - UNNORMALIZED
[CL_ABGR CL_SNORM_INT8            4] - CL_FILTER_NEAREST - CL_ADDRESS_CLAMP - UNNORMALIZED
[CL_ABGR CL_UNORM_INT8            4] - CL_FILTER_NEAREST - CL_ADDRESS_CLAMP_TO_EDGE - UNNORMALIZED
[CL_ABGR CL_UNORM_INT8            4] - CL_FILTER_NEAREST - CL_ADDRESS_CLAMP - UNNORMALIZED
[CL_ABGR CL_UNORM_INT_2_101010_EXT 4] - CL_FILTER_NEAREST - CL_ADDRESS_CLAMP_TO_EDGE - UNNORMALIZED
[CL_ABGR CL_UNORM_INT_2_101010_EXT 4] - CL_FILTER_NEAREST - CL_ADDRESS_CLAMP - UNNORMALIZED
read_image (normalized float coords, float results) *****************************
[CL_R    CL_SNORM_INT8            1] - CL_FILTER_NEAREST - CL_ADDRESS_CLAMP_TO_EDGE - NORMALIZED
[CL_R    CL_SNORM_INT8            1] - CL_FILTER_NEAREST - CL_ADDRESS_CLAMP - NORMALIZED
[CL_R    CL_SNORM_INT8            1] - CL_FILTER_NEAREST - CL_ADDRESS_REPEAT - NORMALIZED
[CL_R    CL_SNORM_INT8            1] - CL_FILTER_NEAREST - CL_ADDRESS_MIRRORED_REPEAT - NORMALIZED
[CL_R    CL_SNORM_INT16           1] - CL_FILTER_NEAREST - CL_ADDRESS_CLAMP_TO_EDGE - NORMALIZED
[CL_R    CL_SNORM_INT16           1] - CL_FILTER_NEAREST - CL_ADDRESS_CLAMP - NORMALIZED
[CL_R    CL_SNORM_INT16           1] - CL_FILTER_NEAREST - CL_ADDRESS_REPEAT - NORMALIZED
[CL_R    CL_SNORM_INT16           1] - CL_FILTER_NEAREST - CL_ADDRESS_MIRRORED_REPEAT - NORMALIZED
[CL_R    CL_UNORM_INT8            1] - CL_FILTER_NEAREST - CL_ADDRESS_CLAMP_TO_EDGE - NORMALIZED
[CL_R    CL_UNORM_INT8            1] - CL_FILTER_NEAREST - CL_ADDRESS_CLAMP - NORMALIZED
[CL_R    CL_UNORM_INT8            1] - CL_FILTER_NEAREST - CL_ADDRESS_REPEAT - NORMALIZED
[CL_R    CL_UNORM_INT8            1] - CL_FILTER_NEAREST - CL_ADDRESS_MIRRORED_REPEAT - NORMALIZED
[CL_R    CL_UNORM_INT16           1] - CL_FILTER_NEAREST - CL_ADDRESS_CLAMP_TO_EDGE - NORMALIZED
[CL_R    CL_UNORM_INT16           1] - CL_FILTER_NEAREST - CL_ADDRESS_CLAMP - NORMALIZED
[CL_R    CL_UNORM_INT16           1] - CL_FILTER_NEAREST - CL_ADDRESS_REPEAT - NORMALIZED
[CL_R    CL_UNORM_INT16           1] - CL_FILTER_NEAREST - CL_ADDRESS_MIRRORED_REPEAT - NORMALIZED
[CL_R    CL_HALF_FLOAT            1] - CL_FILTER_NEAREST - CL_ADDRESS_CLAMP_TO_EDGE - NORMALIZED
[CL_R    CL_HALF_FLOAT            1] - CL_FILTER_NEAREST - CL_ADDRESS_CLAMP - NORMALIZED
[CL_R    CL_HALF_FLOAT            1] - CL_FILTER_NEAREST - CL_ADDRESS_REPEAT - NORMALIZED
[CL_R    CL_HALF_FLOAT            1] - CL_FILTER_NEAREST - CL_ADDRESS_MIRRORED_REPEAT - NORMALIZED
[CL_R    CL_FLOAT                 1] - CL_FILTER_NEAREST - CL_ADDRESS_CLAMP_TO_EDGE - NORMALIZED
[CL_R    CL_FLOAT                 1] - CL_FILTER_NEAREST - CL_ADDRESS_CLAMP - NORMALIZED
[CL_R    CL_FLOAT                 1] - CL_FILTER_NEAREST - CL_ADDRESS_REPEAT - NORMALIZED
[CL_R    CL_FLOAT                 1] - CL_FILTER_NEAREST - CL_ADDRESS_MIRRORED_REPEAT - NORMALIZED
[CL_RG   CL_SNORM_INT8            2] - CL_FILTER_NEAREST - CL_ADDRESS_CLAMP_TO_EDGE - NORMALIZED
[CL_RG   CL_SNORM_INT8            2] - CL_FILTER_NEAREST - CL_ADDRESS_CLAMP - NORMALIZED
[CL_RG   CL_SNORM_INT8            2] - CL_FILTER_NEAREST - CL_ADDRESS_REPEAT - NORMALIZED
[CL_RG   CL_SNORM_INT8            2] - CL_FILTER_NEAREST - CL_ADDRESS_MIRRORED_REPEAT - NORMALIZED
[CL_RG   CL_SNORM_INT16           2] - CL_FILTER_NEAREST - CL_ADDRESS_CLAMP_TO_EDGE - NORMALIZED
[CL_RG   CL_SNORM_INT16           2] - CL_FILTER_NEAREST - CL_ADDRESS_CLAMP - NORMALIZED
[CL_RG   CL_SNORM_INT16           2] - CL_FILTER_NEAREST - CL_ADDRESS_REPEAT - NORMALIZED
[CL_RG   CL_SNORM_INT16           2] - CL_FILTER_NEAREST - CL_ADDRESS_MIRRORED_REPEAT - NORMALIZED
[CL_RG   CL_UNORM_INT8            2] - CL_FILTER_NEAREST - CL_ADDRESS_CLAMP_TO_EDGE - NORMALIZED
[CL_RG   CL_UNORM_INT8            2] - CL_FILTER_NEAREST - CL_ADDRESS_CLAMP - NORMALIZED
[CL_RG   CL_UNORM_INT8            2] - CL_FILTER_NEAREST - CL_ADDRESS_REPEAT - NORMALIZED
[CL_RG   CL_UNORM_INT8            2] - CL_FILTER_NEAREST - CL_ADDRESS_MIRRORED_REPEAT - NORMALIZED
[CL_RG   CL_UNORM_INT16           2] - CL_FILTER_NEAREST - CL_ADDRESS_CLAMP_TO_EDGE - NORMALIZED
[CL_RG   CL_UNORM_INT16           2] - CL_FILTER_NEAREST - CL_ADDRESS_CLAMP - NORMALIZED
[CL_RG   CL_UNORM_INT16           2] - CL_FILTER_NEAREST - CL_ADDRESS_REPEAT - NORMALIZED
[CL_RG   CL_UNORM_INT16           2] - CL_FILTER_NEAREST - CL_ADDRESS_MIRRORED_REPEAT - NORMALIZED
[CL_RG   CL_HALF_FLOAT            2] - CL_FILTER_NEAREST - CL_ADDRESS_CLAMP_TO_EDGE - NORMALIZED
[CL_RG   CL_HALF_FLOAT            2] - CL_FILTER_NEAREST - CL_ADDRESS_CLAMP - NORMALIZED
[CL_RG   CL_HALF_FLOAT            2] - CL_FILTER_NEAREST - CL_ADDRESS_REPEAT - NORMALIZED
[CL_RG   CL_HALF_FLOAT            2] - CL_FILTER_NEAREST - CL_ADDRESS_MIRRORED_REPEAT - NORMALIZED
[CL_RG   CL_FLOAT                 2] - CL_FILTER_NEAREST - CL_ADDRESS_CLAMP_TO_EDGE - NORMALIZED
[CL_RG   CL_FLOAT                 2] - CL_FILTER_NEAREST - CL_ADDRESS_CLAMP - NORMALIZED
[CL_RG   CL_FLOAT                 2] - CL_FILTER_NEAREST - CL_ADDRESS_REPEAT - NORMALIZED
[CL_RG   CL_FLOAT                 2] - CL_FILTER_NEAREST - CL_ADDRESS_MIRRORED_REPEAT - NORMALIZED
[CL_RGBA CL_SNORM_INT8            4] - CL_FILTER_NEAREST - CL_ADDRESS_CLAMP_TO_EDGE - NORMALIZED
[CL_RGBA CL_SNORM_INT8            4] - CL_FILTER_NEAREST - CL_ADDRESS_CLAMP - NORMALIZED
[CL_RGBA CL_SNORM_INT8            4] - CL_FILTER_NEAREST - CL_ADDRESS_REPEAT - NORMALIZED
[CL_RGBA CL_SNORM_INT8            4] - CL_FILTER_NEAREST - CL_ADDRESS_MIRRORED_REPEAT - NORMALIZED
[CL_RGBA CL_SNORM_INT16           4] - CL_FILTER_NEAREST - CL_ADDRESS_CLAMP_TO_EDGE - NORMALIZED
[CL_RGBA CL_SNORM_INT16           4] - CL_FILTER_NEAREST - CL_ADDRESS_CLAMP - NORMALIZED
[CL_RGBA CL_SNORM_INT16           4] - CL_FILTER_NEAREST - CL_ADDRESS_REPEAT - NORMALIZED
[CL_RGBA CL_SNORM_INT16           4] - CL_FILTER_NEAREST - CL_ADDRESS_MIRRORED_REPEAT - NORMALIZED
[CL_RGBA CL_UNORM_INT8            4] - CL_FILTER_NEAREST - CL_ADDRESS_CLAMP_TO_EDGE - NORMALIZED
[CL_RGBA CL_UNORM_INT8            4] - CL_FILTER_NEAREST - CL_ADDRESS_CLAMP - NORMALIZED
[CL_RGBA CL_UNORM_INT8            4] - CL_FILTER_NEAREST - CL_ADDRESS_REPEAT - NORMALIZED
[CL_RGBA CL_UNORM_INT8            4] - CL_FILTER_NEAREST - CL_ADDRESS_MIRRORED_REPEAT - NORMALIZED
[CL_RGBA CL_UNORM_INT16           4] - CL_FILTER_NEAREST - CL_ADDRESS_CLAMP_TO_EDGE - NORMALIZED
[CL_RGBA CL_UNORM_INT16           4] - CL_FILTER_NEAREST - CL_ADDRESS_CLAMP - NORMALIZED
[CL_RGBA CL_UNORM_INT16           4] - CL_FILTER_NEAREST - CL_ADDRESS_REPEAT - NORMALIZED
[CL_RGBA CL_UNORM_INT16           4] - CL_FILTER_NEAREST - CL_ADDRESS_MIRRORED_REPEAT - NORMALIZED
[CL_RGBA CL_HALF_FLOAT            4] - CL_FILTER_NEAREST - CL_ADDRESS_CLAMP_TO_EDGE - NORMALIZED
[CL_RGBA CL_HALF_FLOAT            4] - CL_FILTER_NEAREST - CL_ADDRESS_CLAMP - NORMALIZED
[CL_RGBA CL_HALF_FLOAT            4] - CL_FILTER_NEAREST - CL_ADDRESS_REPEAT - NORMALIZED
[CL_RGBA CL_HALF_FLOAT            4] - CL_FILTER_NEAREST - CL_ADDRESS_MIRRORED_REPEAT - NORMALIZED
[CL_RGBA CL_FLOAT                 4] - CL_FILTER_NEAREST - CL_ADDRESS_CLAMP_TO_EDGE - NORMALIZED
[CL_RGBA CL_FLOAT                 4] - CL_FILTER_NEAREST - CL_ADDRESS_CLAMP - NORMALIZED
[CL_RGBA CL_FLOAT                 4] - CL_FILTER_NEAREST - CL_ADDRESS_REPEAT - NORMALIZED
[CL_RGBA CL_FLOAT                 4] - CL_FILTER_NEAREST - CL_ADDRESS_MIRRORED_REPEAT - NORMALIZED
[CL_BGRA CL_SNORM_INT8            4] - CL_FILTER_NEAREST - CL_ADDRESS_CLAMP_TO_EDGE - NORMALIZED
[CL_BGRA CL_SNORM_INT8            4] - CL_FILTER_NEAREST - CL_ADDRESS_CLAMP - NORMALIZED
[CL_BGRA CL_SNORM_INT8            4] - CL_FILTER_NEAREST - CL_ADDRESS_REPEAT - NORMALIZED
[CL_BGRA CL_SNORM_INT8            4] - CL_FILTER_NEAREST - CL_ADDRESS_MIRRORED_REPEAT - NORMALIZED
[CL_BGRA CL_UNORM_INT8            4] - CL_FILTER_NEAREST - CL_ADDRESS_CLAMP_TO_EDGE - NORMALIZED
[CL_BGRA CL_UNORM_INT8            4] - CL_FILTER_NEAREST - CL_ADDRESS_CLAMP - NORMALIZED
[CL_BGRA CL_UNORM_INT8            4] - CL_FILTER_NEAREST - CL_ADDRESS_REPEAT - NORMALIZED
[CL_BGRA CL_UNORM_INT8            4] - CL_FILTER_NEAREST - CL_ADDRESS_MIRRORED_REPEAT - NORMALIZED
[CL_ARGB CL_SNORM_INT8            4] - CL_FILTER_NEAREST - CL_ADDRESS_CLAMP_TO_EDGE - NORMALIZED
[CL_ARGB CL_SNORM_INT8            4] - CL_FILTER_NEAREST - CL_ADDRESS_CLAMP - NORMALIZED
[CL_ARGB CL_SNORM_INT8            4] - CL_FILTER_NEAREST - CL_ADDRESS_REPEAT - NORMALIZED
[CL_ARGB CL_SNORM_INT8            4] - CL_FILTER_NEAREST - CL_ADDRESS_MIRRORED_REPEAT - NORMALIZED
[CL_ARGB CL_UNORM_INT8            4] - CL_FILTER_NEAREST - CL_ADDRESS_CLAMP_TO_EDGE - NORMALIZED
[CL_ARGB CL_UNORM_INT8            4] - CL_FILTER_NEAREST - CL_ADDRESS_CLAMP - NORMALIZED
[CL_ARGB CL_UNORM_INT8            4] - CL_FILTER_NEAREST - CL_ADDRESS_REPEAT - NORMALIZED
[CL_ARGB CL_UNORM_INT8            4] - CL_FILTER_NEAREST - CL_ADDRESS_MIRRORED_REPEAT - NORMALIZED
[CL_sRGBA CL_UNORM_INT8            4] - CL_FILTER_NEAREST - CL_ADDRESS_CLAMP_TO_EDGE - NORMALIZED
[CL_sRGBA CL_UNORM_INT8            4] - CL_FILTER_NEAREST - CL_ADDRESS_CLAMP - NORMALIZED
[CL_sRGBA CL_UNORM_INT8            4] - CL_FILTER_NEAREST - CL_ADDRESS_REPEAT - NORMALIZED
[CL_sRGBA CL_UNORM_INT8            4] - CL_FILTER_NEAREST - CL_ADDRESS_MIRRORED_REPEAT - NORMALIZED
[CL_sBGRA CL_UNORM_INT8            4] - CL_FILTER_NEAREST - CL_ADDRESS_CLAMP_TO_EDGE - NORMALIZED
[CL_sBGRA CL_UNORM_INT8            4] - CL_FILTER_NEAREST - CL_ADDRESS_CLAMP - NORMALIZED
[CL_sBGRA CL_UNORM_INT8            4] - CL_FILTER_NEAREST - CL_ADDRESS_REPEAT - NORMALIZED
[CL_sBGRA CL_UNORM_INT8            4] - CL_FILTER_NEAREST - CL_ADDRESS_MIRRORED_REPEAT - NORMALIZED
[CL_ABGR CL_SNORM_INT8            4] - CL_FILTER_NEAREST - CL_ADDRESS_CLAMP_TO_EDGE - NORMALIZED
[CL_ABGR CL_SNORM_INT8            4] - CL_FILTER_NEAREST - CL_ADDRESS_CLAMP - NORMALIZED
[CL_ABGR CL_SNORM_INT8            4] - CL_FILTER_NEAREST - CL_ADDRESS_REPEAT - NORMALIZED
[CL_ABGR CL_SNORM_INT8            4] - CL_FILTER_NEAREST - CL_ADDRESS_MIRRORED_REPEAT - NORMALIZED
[CL_ABGR CL_UNORM_INT8            4] - CL_FILTER_NEAREST - CL_ADDRESS_CLAMP_TO_EDGE - NORMALIZED
[CL_ABGR CL_UNORM_INT8            4] - CL_FILTER_NEAREST - CL_ADDRESS_CLAMP - NORMALIZED
[CL_ABGR CL_UNORM_INT8            4] - CL_FILTER_NEAREST - CL_ADDRESS_REPEAT - NORMALIZED
[CL_ABGR CL_UNORM_INT8            4] - CL_FILTER_NEAREST - CL_ADDRESS_MIRRORED_REPEAT - NORMALIZED
[CL_ABGR CL_UNORM_INT_2_101010_EXT 4] - CL_FILTER_NEAREST - CL_ADDRESS_CLAMP_TO_EDGE - NORMALIZED
[CL_ABGR CL_UNORM_INT_2_101010_EXT 4] - CL_FILTER_NEAREST - CL_ADDRESS_CLAMP - NORMALIZED
[CL_ABGR CL_UNORM_INT_2_101010_EXT 4] - CL_FILTER_NEAREST - CL_ADDRESS_REPEAT - NORMALIZED
[CL_ABGR CL_UNORM_INT_2_101010_EXT 4] - CL_FILTER_NEAREST - CL_ADDRESS_MIRRORED_REPEAT - NORMALIZED
read_image (unnormalized float coords, float results) *****************************
[CL_R    CL_SNORM_INT8            1] - CL_FILTER_LINEAR - CL_ADDRESS_CLAMP_TO_EDGE - UNNORMALIZED
[CL_R    CL_SNORM_INT8            1] - CL_FILTER_LINEAR - CL_ADDRESS_CLAMP - UNNORMALIZED
[CL_R    CL_SNORM_INT16           1] - CL_FILTER_LINEAR - CL_ADDRESS_CLAMP_TO_EDGE - UNNORMALIZED
[CL_R    CL_SNORM_INT16           1] - CL_FILTER_LINEAR - CL_ADDRESS_CLAMP - UNNORMALIZED
[CL_R    CL_UNORM_INT8            1] - CL_FILTER_LINEAR - CL_ADDRESS_CLAMP_TO_EDGE - UNNORMALIZED
[CL_R    CL_UNORM_INT8            1] - CL_FILTER_LINEAR - CL_ADDRESS_CLAMP - UNNORMALIZED
[CL_R    CL_UNORM_INT16           1] - CL_FILTER_LINEAR - CL_ADDRESS_CLAMP_TO_EDGE - UNNORMALIZED
[CL_R    CL_UNORM_INT16           1] - CL_FILTER_LINEAR - CL_ADDRESS_CLAMP - UNNORMALIZED
[CL_R    CL_HALF_FLOAT            1] - CL_FILTER_LINEAR - CL_ADDRESS_CLAMP_TO_EDGE - UNNORMALIZED
[CL_R    CL_HALF_FLOAT            1] - CL_FILTER_LINEAR - CL_ADDRESS_CLAMP - UNNORMALIZED
[CL_R    CL_FLOAT                 1] - CL_FILTER_LINEAR - CL_ADDRESS_CLAMP_TO_EDGE - UNNORMALIZED
[CL_R    CL_FLOAT                 1] - CL_FILTER_LINEAR - CL_ADDRESS_CLAMP - UNNORMALIZED
[CL_RG   CL_SNORM_INT8            2] - CL_FILTER_LINEAR - CL_ADDRESS_CLAMP_TO_EDGE - UNNORMALIZED
[CL_RG   CL_SNORM_INT8            2] - CL_FILTER_LINEAR - CL_ADDRESS_CLAMP - UNNORMALIZED
[CL_RG   CL_SNORM_INT16           2] - CL_FILTER_LINEAR - CL_ADDRESS_CLAMP_TO_EDGE - UNNORMALIZED
[CL_RG   CL_SNORM_INT16           2] - CL_FILTER_LINEAR - CL_ADDRESS_CLAMP - UNNORMALIZED
[CL_RG   CL_UNORM_INT8            2] - CL_FILTER_LINEAR - CL_ADDRESS_CLAMP_TO_EDGE - UNNORMALIZED
[CL_RG   CL_UNORM_INT8            2] - CL_FILTER_LINEAR - CL_ADDRESS_CLAMP - UNNORMALIZED
[CL_RG   CL_UNORM_INT16           2] - CL_FILTER_LINEAR - CL_ADDRESS_CLAMP_TO_EDGE - UNNORMALIZED
[CL_RG   CL_UNORM_INT16           2] - CL_FILTER_LINEAR - CL_ADDRESS_CLAMP - UNNORMALIZED
[CL_RG   CL_HALF_FLOAT            2] - CL_FILTER_LINEAR - CL_ADDRESS_CLAMP_TO_EDGE - UNNORMALIZED
[CL_RG   CL_HALF_FLOAT            2] - CL_FILTER_LINEAR - CL_ADDRESS_CLAMP - UNNORMALIZED
[CL_RG   CL_FLOAT                 2] - CL_FILTER_LINEAR - CL_ADDRESS_CLAMP_TO_EDGE - UNNORMALIZED
[CL_RG   CL_FLOAT                 2] - CL_FILTER_LINEAR - CL_ADDRESS_CLAMP - UNNORMALIZED
[CL_RGBA CL_SNORM_INT8            4] - CL_FILTER_LINEAR - CL_ADDRESS_CLAMP_TO_EDGE - UNNORMALIZED
[CL_RGBA CL_SNORM_INT8            4] - CL_FILTER_LINEAR - CL_ADDRESS_CLAMP - UNNORMALIZED
[CL_RGBA CL_SNORM_INT16           4] - CL_FILTER_LINEAR - CL_ADDRESS_CLAMP_TO_EDGE - UNNORMALIZED
[CL_RGBA CL_SNORM_INT16           4] - CL_FILTER_LINEAR - CL_ADDRESS_CLAMP - UNNORMALIZED
[CL_RGBA CL_UNORM_INT8            4] - CL_FILTER_LINEAR - CL_ADDRESS_CLAMP_TO_EDGE - UNNORMALIZED
[CL_RGBA CL_UNORM_INT8            4] - CL_FILTER_LINEAR - CL_ADDRESS_CLAMP - UNNORMALIZED
[CL_RGBA CL_UNORM_INT16           4] - CL_FILTER_LINEAR - CL_ADDRESS_CLAMP_TO_EDGE - UNNORMALIZED
[CL_RGBA CL_UNORM_INT16           4] - CL_FILTER_LINEAR - CL_ADDRESS_CLAMP - UNNORMALIZED
[CL_RGBA CL_HALF_FLOAT            4] - CL_FILTER_LINEAR - CL_ADDRESS_CLAMP_TO_EDGE - UNNORMALIZED
[CL_RGBA CL_HALF_FLOAT            4] - CL_FILTER_LINEAR - CL_ADDRESS_CLAMP - UNNORMALIZED
[CL_RGBA CL_FLOAT                 4] - CL_FILTER_LINEAR - CL_ADDRESS_CLAMP_TO_EDGE - UNNORMALIZED
[CL_RGBA CL_FLOAT                 4] - CL_FILTER_LINEAR - CL_ADDRESS_CLAMP - UNNORMALIZED
[CL_BGRA CL_SNORM_INT8            4] - CL_FILTER_LINEAR - CL_ADDRESS_CLAMP_TO_EDGE - UNNORMALIZED
[CL_BGRA CL_SNORM_INT8            4] - CL_FILTER_LINEAR - CL_ADDRESS_CLAMP - UNNORMALIZED
[CL_BGRA CL_UNORM_INT8            4] - CL_FILTER_LINEAR - CL_ADDRESS_CLAMP_TO_EDGE - UNNORMALIZED
[CL_BGRA CL_UNORM_INT8            4] - CL_FILTER_LINEAR - CL_ADDRESS_CLAMP - UNNORMALIZED
[CL_ARGB CL_SNORM_INT8            4] - CL_FILTER_LINEAR - CL_ADDRESS_CLAMP_TO_EDGE - UNNORMALIZED
[CL_ARGB CL_SNORM_INT8            4] - CL_FILTER_LINEAR - CL_ADDRESS_CLAMP - UNNORMALIZED
[CL_ARGB CL_UNORM_INT8            4] - CL_FILTER_LINEAR - CL_ADDRESS_CLAMP_TO_EDGE - UNNORMALIZED
[CL_ARGB CL_UNORM_INT8            4] - CL_FILTER_LINEAR - CL_ADDRESS_CLAMP - UNNORMALIZED
[CL_sRGBA CL_UNORM_INT8            4] - CL_FILTER_LINEAR - CL_ADDRESS_CLAMP_TO_EDGE - UNNORMALIZED
Test error: we should have detected this passing above.
Test error: we should have detected this passing above.
Test error: we should have detected this passing above.
Test error: we should have detected this passing above.
Test error: we should have detected this passing above.
Test error: we should have detected this passing above.
Test error: we should have detected this passing above.
Test error: we should have detected this passing above.
Test error: we should have detected this passing above.
Test error: we should have detected this passing above.
Test error: we should have detected this passing above.
Test error: we should have detected this passing above.
Test error: we should have detected this passing above.
Test error: we should have detected this passing above.
Test error: we should have detected this passing above.
Test error: we should have detected this passing above.
Test error: we should have detected this passing above.
Test error: we should have detected this passing above.
Test error: we should have detected this passing above.
Test error: we should have detected this passing above.
Test error: we should have detected this passing above.
Test error: we should have detected this passing above.
Test error: we should have detected this passing above.
Test error: we should have detected this passing above.
FAILED norm_offsets: 0 , 0 , 0:
Sample 28242: coord {51.750000(0x1.9ep+5),-8.750000(-0x1.18p+3),19.750000(0x1.3cp+4)} did not validate!
	Expected (0.215922,0.00322154,0.789923,0.276471),
	     got (0.215873,0.0034188,0.789988,0.276471), error of 0
Integer coords resolve to 46,0,19   with img size 47,50,32

Step by step:
Starting coordinate: 51.750000, -8.750000, 19.750000
	Actual integer coords used (i = floor(x-.5)): i0:{46, 0, 19} and i1:{46, 0, 20}
	Sampled pixels (rgba order):
		p000: 0.005605, 0.002125, 0.955973, 0.121569
		p001: 0.005605, 0.002125, 0.955973, 0.121569
		p010: 0.005605, 0.002125, 0.955973, 0.121569
		p011: 0.005605, 0.002125, 0.955973, 0.121569

		p100: 0.846873, 0.006512, 0.291771, 0.741176
		p101: 0.846873, 0.006512, 0.291771, 0.741176
		p110: 0.846873, 0.006512, 0.291771, 0.741176
		p111: 0.846873, 0.006512, 0.291771, 0.741176
	frac( x - 0.5f ) = 0.250000,  frac( y - 0.5f ) = 0.750000, frac( z - 0.5f ) = 0.250000
	ulps: -3311.00, 847243.00, 1093.00, 0.00  (max allowed: 5033165.00)

FAILED: [CL_sRGBA CL_UNORM_INT8            4] - CL_FILTER_LINEAR - CL_ADDRESS_CLAMP_TO_EDGE - UNNORMALIZED

[CL_sRGBA CL_UNORM_INT8            4] - CL_FILTER_LINEAR - CL_ADDRESS_CLAMP - UNNORMALIZED
Test error: we should have detected this passing above.
[CL_sBGRA CL_UNORM_INT8            4] - CL_FILTER_LINEAR - CL_ADDRESS_CLAMP_TO_EDGE - UNNORMALIZED
Test error: we should have detected this passing above.
Test error: we should have detected this passing above.
Test error: we should have detected this passing above.
Test error: we should have detected this passing above.
Test error: we should have detected this passing above.
Test error: we should have detected this passing above.
Test error: we should have detected this passing above.
Test error: we should have detected this passing above.
Test error: we should have detected this passing above.
Test error: we should have detected this passing above.
Test error: we should have detected this passing above.
Test error: we should have detected this passing above.
Test error: we should have detected this passing above.
Test error: we should have detected this passing above.
Test error: we should have detected this passing above.
Test error: we should have detected this passing above.
Test error: we should have detected this passing above.
Test error: we should have detected this passing above.
Test error: we should have detected this passing above.
Test error: we should have detected this passing above.
Test error: we should have detected this passing above.
Test error: we should have detected this passing above.
Test error: we should have detected this passing above.
Test error: we should have detected this passing above.
FAILED norm_offsets: 0 , 0 , 0:
Sample 28242: coord {51.750000(0x1.9ep+5),-8.750000(-0x1.18p+3),19.750000(0x1.3cp+4)} did not validate!
	Expected (0.789923,0.00322154,0.215922,0.276471),
	     got (0.789988,0.0034188,0.215873,0.276471), error of 0
Integer coords resolve to 46,0,19   with img size 47,50,32

Step by step:
Starting coordinate: 51.750000, -8.750000, 19.750000
	Actual integer coords used (i = floor(x-.5)): i0:{46, 0, 19} and i1:{46, 0, 20}
	Sampled pixels (rgba order):
		p000: 0.955973, 0.002125, 0.005605, 0.121569
		p001: 0.955973, 0.002125, 0.005605, 0.121569
		p010: 0.955973, 0.002125, 0.005605, 0.121569
		p011: 0.955973, 0.002125, 0.005605, 0.121569

		p100: 0.291771, 0.006512, 0.846873, 0.741176
		p101: 0.291771, 0.006512, 0.846873, 0.741176
		p110: 0.291771, 0.006512, 0.846873, 0.741176
		p111: 0.291771, 0.006512, 0.846873, 0.741176
	frac( x - 0.5f ) = 0.250000,  frac( y - 0.5f ) = 0.750000, frac( z - 0.5f ) = 0.250000
	ulps: 1093.00, 847243.00, -3311.00, 0.00  (max allowed: 5033165.00)

FAILED: [CL_sBGRA CL_UNORM_INT8            4] - CL_FILTER_LINEAR - CL_ADDRESS_CLAMP_TO_EDGE - UNNORMALIZED

[CL_sBGRA CL_UNORM_INT8            4] - CL_FILTER_LINEAR - CL_ADDRESS_CLAMP - UNNORMALIZED
Test error: we should have detected this passing above.
[CL_ABGR CL_SNORM_INT8            4] - CL_FILTER_LINEAR - CL_ADDRESS_CLAMP_TO_EDGE - UNNORMALIZED
[CL_ABGR CL_SNORM_INT8            4] - CL_FILTER_LINEAR - CL_ADDRESS_CLAMP - UNNORMALIZED
[CL_ABGR CL_UNORM_INT8            4] - CL_FILTER_LINEAR - CL_ADDRESS_CLAMP_TO_EDGE - UNNORMALIZED
[CL_ABGR CL_UNORM_INT8            4] - CL_FILTER_LINEAR - CL_ADDRESS_CLAMP - UNNORMALIZED
[CL_ABGR CL_UNORM_INT_2_101010_EXT 4] - CL_FILTER_LINEAR - CL_ADDRESS_CLAMP_TO_EDGE - UNNORMALIZED
[CL_ABGR CL_UNORM_INT_2_101010_EXT 4] - CL_FILTER_LINEAR - CL_ADDRESS_CLAMP - UNNORMALIZED
read_image (normalized float coords, float results) *****************************
[CL_R    CL_SNORM_INT8            1] - CL_FILTER_LINEAR - CL_ADDRESS_CLAMP_TO_EDGE - NORMALIZED
[CL_R    CL_SNORM_INT8            1] - CL_FILTER_LINEAR - CL_ADDRESS_CLAMP - NORMALIZED
[CL_R    CL_SNORM_INT8            1] - CL_FILTER_LINEAR - CL_ADDRESS_REPEAT - NORMALIZED
[CL_R    CL_SNORM_INT8            1] - CL_FILTER_LINEAR - CL_ADDRESS_MIRRORED_REPEAT - NORMALIZED
[CL_R    CL_SNORM_INT16           1] - CL_FILTER_LINEAR - CL_ADDRESS_CLAMP_TO_EDGE - NORMALIZED
[CL_R    CL_SNORM_INT16           1] - CL_FILTER_LINEAR - CL_ADDRESS_CLAMP - NORMALIZED
[CL_R    CL_SNORM_INT16           1] - CL_FILTER_LINEAR - CL_ADDRESS_REPEAT - NORMALIZED
[CL_R    CL_SNORM_INT16           1] - CL_FILTER_LINEAR - CL_ADDRESS_MIRRORED_REPEAT - NORMALIZED
[CL_R    CL_UNORM_INT8            1] - CL_FILTER_LINEAR - CL_ADDRESS_CLAMP_TO_EDGE - NORMALIZED
[CL_R    CL_UNORM_INT8            1] - CL_FILTER_LINEAR - CL_ADDRESS_CLAMP - NORMALIZED
[CL_R    CL_UNORM_INT8            1] - CL_FILTER_LINEAR - CL_ADDRESS_REPEAT - NORMALIZED
[CL_R    CL_UNORM_INT8            1] - CL_FILTER_LINEAR - CL_ADDRESS_MIRRORED_REPEAT - NORMALIZED
[CL_R    CL_UNORM_INT16           1] - CL_FILTER_LINEAR - CL_ADDRESS_CLAMP_TO_EDGE - NORMALIZED
[CL_R    CL_UNORM_INT16           1] - CL_FILTER_LINEAR - CL_ADDRESS_CLAMP - NORMALIZED
[CL_R    CL_UNORM_INT16           1] - CL_FILTER_LINEAR - CL_ADDRESS_REPEAT - NORMALIZED
[CL_R    CL_UNORM_INT16           1] - CL_FILTER_LINEAR - CL_ADDRESS_MIRRORED_REPEAT - NORMALIZED
[CL_R    CL_HALF_FLOAT            1] - CL_FILTER_LINEAR - CL_ADDRESS_CLAMP_TO_EDGE - NORMALIZED
[CL_R    CL_HALF_FLOAT            1] - CL_FILTER_LINEAR - CL_ADDRESS_CLAMP - NORMALIZED
[CL_R    CL_HALF_FLOAT            1] - CL_FILTER_LINEAR - CL_ADDRESS_REPEAT - NORMALIZED
[CL_R    CL_HALF_FLOAT            1] - CL_FILTER_LINEAR - CL_ADDRESS_MIRRORED_REPEAT - NORMALIZED
[CL_R    CL_FLOAT                 1] - CL_FILTER_LINEAR - CL_ADDRESS_CLAMP_TO_EDGE - NORMALIZED
[CL_R    CL_FLOAT                 1] - CL_FILTER_LINEAR - CL_ADDRESS_CLAMP - NORMALIZED
[CL_R    CL_FLOAT                 1] - CL_FILTER_LINEAR - CL_ADDRESS_REPEAT - NORMALIZED
[CL_R    CL_FLOAT                 1] - CL_FILTER_LINEAR - CL_ADDRESS_MIRRORED_REPEAT - NORMALIZED
[CL_RG   CL_SNORM_INT8            2] - CL_FILTER_LINEAR - CL_ADDRESS_CLAMP_TO_EDGE - NORMALIZED
[CL_RG   CL_SNORM_INT8            2] - CL_FILTER_LINEAR - CL_ADDRESS_CLAMP - NORMALIZED
[CL_RG   CL_SNORM_INT8            2] - CL_FILTER_LINEAR - CL_ADDRESS_REPEAT - NORMALIZED
[CL_RG   CL_SNORM_INT8            2] - CL_FILTER_LINEAR - CL_ADDRESS_MIRRORED_REPEAT - NORMALIZED
[CL_RG   CL_SNORM_INT16           2] - CL_FILTER_LINEAR - CL_ADDRESS_CLAMP_TO_EDGE - NORMALIZED
[CL_RG   CL_SNORM_INT16           2] - CL_FILTER_LINEAR - CL_ADDRESS_CLAMP - NORMALIZED
[CL_RG   CL_SNORM_INT16           2] - CL_FILTER_LINEAR - CL_ADDRESS_REPEAT - NORMALIZED
[CL_RG   CL_SNORM_INT16           2] - CL_FILTER_LINEAR - CL_ADDRESS_MIRRORED_REPEAT - NORMALIZED
[CL_RG   CL_UNORM_INT8            2] - CL_FILTER_LINEAR - CL_ADDRESS_CLAMP_TO_EDGE - NORMALIZED
[CL_RG   CL_UNORM_INT8            2] - CL_FILTER_LINEAR - CL_ADDRESS_CLAMP - NORMALIZED
[CL_RG   CL_UNORM_INT8            2] - CL_FILTER_LINEAR - CL_ADDRESS_REPEAT - NORMALIZED
[CL_RG   CL_UNORM_INT8            2] - CL_FILTER_LINEAR - CL_ADDRESS_MIRRORED_REPEAT - NORMALIZED
[CL_RG   CL_UNORM_INT16           2] - CL_FILTER_LINEAR - CL_ADDRESS_CLAMP_TO_EDGE - NORMALIZED
[CL_RG   CL_UNORM_INT16           2] - CL_FILTER_LINEAR - CL_ADDRESS_CLAMP - NORMALIZED
[CL_RG   CL_UNORM_INT16           2] - CL_FILTER_LINEAR - CL_ADDRESS_REPEAT - NORMALIZED
[CL_RG   CL_UNORM_INT16           2] - CL_FILTER_LINEAR - CL_ADDRESS_MIRRORED_REPEAT - NORMALIZED
[CL_RG   CL_HALF_FLOAT            2] - CL_FILTER_LINEAR - CL_ADDRESS_CLAMP_TO_EDGE - NORMALIZED
[CL_RG   CL_HALF_FLOAT            2] - CL_FILTER_LINEAR - CL_ADDRESS_CLAMP - NORMALIZED
[CL_RG   CL_HALF_FLOAT            2] - CL_FILTER_LINEAR - CL_ADDRESS_REPEAT - NORMALIZED
[CL_RG   CL_HALF_FLOAT            2] - CL_FILTER_LINEAR - CL_ADDRESS_MIRRORED_REPEAT - NORMALIZED
[CL_RG   CL_FLOAT                 2] - CL_FILTER_LINEAR - CL_ADDRESS_CLAMP_TO_EDGE - NORMALIZED
[CL_RG   CL_FLOAT                 2] - CL_FILTER_LINEAR - CL_ADDRESS_CLAMP - NORMALIZED
[CL_RG   CL_FLOAT                 2] - CL_FILTER_LINEAR - CL_ADDRESS_REPEAT - NORMALIZED
[CL_RG   CL_FLOAT                 2] - CL_FILTER_LINEAR - CL_ADDRESS_MIRRORED_REPEAT - NORMALIZED
[CL_RGBA CL_SNORM_INT8            4] - CL_FILTER_LINEAR - CL_ADDRESS_CLAMP_TO_EDGE - NORMALIZED
[CL_RGBA CL_SNORM_INT8            4] - CL_FILTER_LINEAR - CL_ADDRESS_CLAMP - NORMALIZED
[CL_RGBA CL_SNORM_INT8            4] - CL_FILTER_LINEAR - CL_ADDRESS_REPEAT - NORMALIZED
[CL_RGBA CL_SNORM_INT8            4] - CL_FILTER_LINEAR - CL_ADDRESS_MIRRORED_REPEAT - NORMALIZED
[CL_RGBA CL_SNORM_INT16           4] - CL_FILTER_LINEAR - CL_ADDRESS_CLAMP_TO_EDGE - NORMALIZED
[CL_RGBA CL_SNORM_INT16           4] - CL_FILTER_LINEAR - CL_ADDRESS_CLAMP - NORMALIZED
[CL_RGBA CL_SNORM_INT16           4] - CL_FILTER_LINEAR - CL_ADDRESS_REPEAT - NORMALIZED
[CL_RGBA CL_SNORM_INT16           4] - CL_FILTER_LINEAR - CL_ADDRESS_MIRRORED_REPEAT - NORMALIZED
[CL_RGBA CL_UNORM_INT8            4] - CL_FILTER_LINEAR - CL_ADDRESS_CLAMP_TO_EDGE - NORMALIZED
[CL_RGBA CL_UNORM_INT8            4] - CL_FILTER_LINEAR - CL_ADDRESS_CLAMP - NORMALIZED
[CL_RGBA CL_UNORM_INT8            4] - CL_FILTER_LINEAR - CL_ADDRESS_REPEAT - NORMALIZED
[CL_RGBA CL_UNORM_INT8            4] - CL_FILTER_LINEAR - CL_ADDRESS_MIRRORED_REPEAT - NORMALIZED
[CL_RGBA CL_UNORM_INT16           4] - CL_FILTER_LINEAR - CL_ADDRESS_CLAMP_TO_EDGE - NORMALIZED
[CL_RGBA CL_UNORM_INT16           4] - CL_FILTER_LINEAR - CL_ADDRESS_CLAMP - NORMALIZED
[CL_RGBA CL_UNORM_INT16           4] - CL_FILTER_LINEAR - CL_ADDRESS_REPEAT - NORMALIZED
[CL_RGBA CL_UNORM_INT16           4] - CL_FILTER_LINEAR - CL_ADDRESS_MIRRORED_REPEAT - NORMALIZED
[CL_RGBA CL_HALF_FLOAT            4] - CL_FILTER_LINEAR - CL_ADDRESS_CLAMP_TO_EDGE - NORMALIZED
[CL_RGBA CL_HALF_FLOAT            4] - CL_FILTER_LINEAR - CL_ADDRESS_CLAMP - NORMALIZED
[CL_RGBA CL_HALF_FLOAT            4] - CL_FILTER_LINEAR - CL_ADDRESS_REPEAT - NORMALIZED
[CL_RGBA CL_HALF_FLOAT            4] - CL_FILTER_LINEAR - CL_ADDRESS_MIRRORED_REPEAT - NORMALIZED
[CL_RGBA CL_FLOAT                 4] - CL_FILTER_LINEAR - CL_ADDRESS_CLAMP_TO_EDGE - NORMALIZED
[CL_RGBA CL_FLOAT                 4] - CL_FILTER_LINEAR - CL_ADDRESS_CLAMP - NORMALIZED
[CL_RGBA CL_FLOAT                 4] - CL_FILTER_LINEAR - CL_ADDRESS_REPEAT - NORMALIZED
[CL_RGBA CL_FLOAT                 4] - CL_FILTER_LINEAR - CL_ADDRESS_MIRRORED_REPEAT - NORMALIZED
[CL_BGRA CL_SNORM_INT8            4] - CL_FILTER_LINEAR - CL_ADDRESS_CLAMP_TO_EDGE - NORMALIZED
[CL_BGRA CL_SNORM_INT8            4] - CL_FILTER_LINEAR - CL_ADDRESS_CLAMP - NORMALIZED
[CL_BGRA CL_SNORM_INT8            4] - CL_FILTER_LINEAR - CL_ADDRESS_REPEAT - NORMALIZED
[CL_BGRA CL_SNORM_INT8            4] - CL_FILTER_LINEAR - CL_ADDRESS_MIRRORED_REPEAT - NORMALIZED
[CL_BGRA CL_UNORM_INT8            4] - CL_FILTER_LINEAR - CL_ADDRESS_CLAMP_TO_EDGE - NORMALIZED
[CL_BGRA CL_UNORM_INT8            4] - CL_FILTER_LINEAR - CL_ADDRESS_CLAMP - NORMALIZED
[CL_BGRA CL_UNORM_INT8            4] - CL_FILTER_LINEAR - CL_ADDRESS_REPEAT - NORMALIZED
[CL_BGRA CL_UNORM_INT8            4] - CL_FILTER_LINEAR - CL_ADDRESS_MIRRORED_REPEAT - NORMALIZED
[CL_ARGB CL_SNORM_INT8            4] - CL_FILTER_LINEAR - CL_ADDRESS_CLAMP_TO_EDGE - NORMALIZED
[CL_ARGB CL_SNORM_INT8            4] - CL_FILTER_LINEAR - CL_ADDRESS_CLAMP - NORMALIZED
[CL_ARGB CL_SNORM_INT8            4] - CL_FILTER_LINEAR - CL_ADDRESS_REPEAT - NORMALIZED
[CL_ARGB CL_SNORM_INT8            4] - CL_FILTER_LINEAR - CL_ADDRESS_MIRRORED_REPEAT - NORMALIZED
[CL_ARGB CL_UNORM_INT8            4] - CL_FILTER_LINEAR - CL_ADDRESS_CLAMP_TO_EDGE - NORMALIZED
[CL_ARGB CL_UNORM_INT8            4] - CL_FILTER_LINEAR - CL_ADDRESS_CLAMP - NORMALIZED
[CL_ARGB CL_UNORM_INT8            4] - CL_FILTER_LINEAR - CL_ADDRESS_REPEAT - NORMALIZED
[CL_ARGB CL_UNORM_INT8            4] - CL_FILTER_LINEAR - CL_ADDRESS_MIRRORED_REPEAT - NORMALIZED
[CL_sRGBA CL_UNORM_INT8            4] - CL_FILTER_LINEAR - CL_ADDRESS_CLAMP_TO_EDGE - NORMALIZED
Test error: we should have detected this passing above.
Test error: we should have detected this passing above.
Test error: we should have detected this passing above.
Test error: we should have detected this passing above.
Test error: we should have detected this passing above.
Test error: we should have detected this passing above.
Test error: we should have detected this passing above.
Test error: we should have detected this passing above.
Test error: we should have detected this passing above.
Test error: we should have detected this passing above.
Test error: we should have detected this passing above.
Test error: we should have detected this passing above.
Test error: we should have detected this passing above.
Test error: we should have detected this passing above.
Test error: we should have detected this passing above.
Test error: we should have detected this passing above.
Test error: we should have detected this passing above.
Test error: we should have detected this passing above.
Test error: we should have detected this passing above.
Test error: we should have detected this passing above.
Test error: we should have detected this passing above.
Test error: we should have detected this passing above.
Test error: we should have detected this passing above.
Test error: we should have detected this passing above.
FAILED norm_offsets: -0 , -0 , -0:
Sample 28242: coord {1.101064(0x1.19df52p+0),-0.175000(-0x1.666666p-3),0.617188(0x1.3cp-1)} did not validate!
	Expected (0.215922,0.00322154,0.789923,0.276471),
	     got (0.215873,0.0034188,0.789988,0.276471), error of 0
Integer coords resolve to 46,0,19   with img size 47,50,32

Step by step:
	Filter denormalizes x to 51.750000 (1.101064 * 47.000000)
	Filter denormalizes y to -8.750000 (-0.175000 * 50.000000)
	Filter denormalizes z to 19.750000 (0.617188 * 32.000000)
	Actual integer coords used (i = floor(x-.5)): i0:{46, 0, 19} and i1:{46, 0, 20}
	Sampled pixels (rgba order):
		p000: 0.005605, 0.002125, 0.955973, 0.121569
		p001: 0.005605, 0.002125, 0.955973, 0.121569
		p010: 0.005605, 0.002125, 0.955973, 0.121569
		p011: 0.005605, 0.002125, 0.955973, 0.121569

		p100: 0.846873, 0.006512, 0.291771, 0.741176
		p101: 0.846873, 0.006512, 0.291771, 0.741176
		p110: 0.846873, 0.006512, 0.291771, 0.741176
		p111: 0.846873, 0.006512, 0.291771, 0.741176
	frac( x - 0.5f ) = 0.250000,  frac( y - 0.5f ) = 0.750000, frac( z - 0.5f ) = 0.250000
	ulps: -3311.00, 847243.00, 1093.00, 0.00  (max allowed: 5033165.00)

FAILED: [CL_sRGBA CL_UNORM_INT8            4] - CL_FILTER_LINEAR - CL_ADDRESS_CLAMP_TO_EDGE - NORMALIZED

[CL_sRGBA CL_UNORM_INT8            4] - CL_FILTER_LINEAR - CL_ADDRESS_CLAMP - NORMALIZED
Test error: we should have detected this passing above.
[CL_sRGBA CL_UNORM_INT8            4] - CL_FILTER_LINEAR - CL_ADDRESS_REPEAT - NORMALIZED
[CL_sRGBA CL_UNORM_INT8            4] - CL_FILTER_LINEAR - CL_ADDRESS_MIRRORED_REPEAT - NORMALIZED
Test error: we should have detected this passing above.
[CL_sBGRA CL_UNORM_INT8            4] - CL_FILTER_LINEAR - CL_ADDRESS_CLAMP_TO_EDGE - NORMALIZED
Test error: we should have detected this passing above.
Test error: we should have detected this passing above.
Test error: we should have detected this passing above.
Test error: we should have detected this passing above.
Test error: we should have detected this passing above.
Test error: we should have detected this passing above.
Test error: we should have detected this passing above.
Test error: we should have detected this passing above.
Test error: we should have detected this passing above.
Test error: we should have detected this passing above.
Test error: we should have detected this passing above.
Test error: we should have detected this passing above.
Test error: we should have detected this passing above.
Test error: we should have detected this passing above.
Test error: we should have detected this passing above.
Test error: we should have detected this passing above.
Test error: we should have detected this passing above.
Test error: we should have detected this passing above.
Test error: we should have detected this passing above.
Test error: we should have detected this passing above.
Test error: we should have detected this passing above.
Test error: we should have detected this passing above.
Test error: we should have detected this passing above.
Test error: we should have detected this passing above.
FAILED norm_offsets: -0 , -0 , -0:
Sample 28242: coord {1.101064(0x1.19df52p+0),-0.175000(-0x1.666666p-3),0.617188(0x1.3cp-1)} did not validate!
	Expected (0.789923,0.00322154,0.215922,0.276471),
	     got (0.789988,0.0034188,0.215873,0.276471), error of 0
Integer coords resolve to 46,0,19   with img size 47,50,32

Step by step:
	Filter denormalizes x to 51.750000 (1.101064 * 47.000000)
	Filter denormalizes y to -8.750000 (-0.175000 * 50.000000)
	Filter denormalizes z to 19.750000 (0.617188 * 32.000000)
	Actual integer coords used (i = floor(x-.5)): i0:{46, 0, 19} and i1:{46, 0, 20}
	Sampled pixels (rgba order):
		p000: 0.955973, 0.002125, 0.005605, 0.121569
		p001: 0.955973, 0.002125, 0.005605, 0.121569
		p010: 0.955973, 0.002125, 0.005605, 0.121569
		p011: 0.955973, 0.002125, 0.005605, 0.121569

		p100: 0.291771, 0.006512, 0.846873, 0.741176
		p101: 0.291771, 0.006512, 0.846873, 0.741176
		p110: 0.291771, 0.006512, 0.846873, 0.741176
		p111: 0.291771, 0.006512, 0.846873, 0.741176
	frac( x - 0.5f ) = 0.250000,  frac( y - 0.5f ) = 0.750000, frac( z - 0.5f ) = 0.250000
	ulps: 1093.00, 847243.00, -3311.00, 0.00  (max allowed: 5033165.00)

FAILED: [CL_sBGRA CL_UNORM_INT8            4] - CL_FILTER_LINEAR - CL_ADDRESS_CLAMP_TO_EDGE - NORMALIZED

[CL_sBGRA CL_UNORM_INT8            4] - CL_FILTER_LINEAR - CL_ADDRESS_CLAMP - NORMALIZED
Test error: we should have detected this passing above.
[CL_sBGRA CL_UNORM_INT8            4] - CL_FILTER_LINEAR - CL_ADDRESS_REPEAT - NORMALIZED
[CL_sBGRA CL_UNORM_INT8            4] - CL_FILTER_LINEAR - CL_ADDRESS_MIRRORED_REPEAT - NORMALIZED
Test error: we should have detected this passing above.
[CL_ABGR CL_SNORM_INT8            4] - CL_FILTER_LINEAR - CL_ADDRESS_CLAMP_TO_EDGE - NORMALIZED
[CL_ABGR CL_SNORM_INT8            4] - CL_FILTER_LINEAR - CL_ADDRESS_CLAMP - NORMALIZED
[CL_ABGR CL_SNORM_INT8            4] - CL_FILTER_LINEAR - CL_ADDRESS_REPEAT - NORMALIZED
[CL_ABGR CL_SNORM_INT8            4] - CL_FILTER_LINEAR - CL_ADDRESS_MIRRORED_REPEAT - NORMALIZED
[CL_ABGR CL_UNORM_INT8            4] - CL_FILTER_LINEAR - CL_ADDRESS_CLAMP_TO_EDGE - NORMALIZED
[CL_ABGR CL_UNORM_INT8            4] - CL_FILTER_LINEAR - CL_ADDRESS_CLAMP - NORMALIZED
[CL_ABGR CL_UNORM_INT8            4] - CL_FILTER_LINEAR - CL_ADDRESS_REPEAT - NORMALIZED
[CL_ABGR CL_UNORM_INT8            4] - CL_FILTER_LINEAR - CL_ADDRESS_MIRRORED_REPEAT - NORMALIZED
[CL_ABGR CL_UNORM_INT_2_101010_EXT 4] - CL_FILTER_LINEAR - CL_ADDRESS_CLAMP_TO_EDGE - NORMALIZED
[CL_ABGR CL_UNORM_INT_2_101010_EXT 4] - CL_FILTER_LINEAR - CL_ADDRESS_CLAMP - NORMALIZED
[CL_ABGR CL_UNORM_INT_2_101010_EXT 4] - CL_FILTER_LINEAR - CL_ADDRESS_REPEAT - NORMALIZED
[CL_ABGR CL_UNORM_INT_2_101010_EXT 4] - CL_FILTER_LINEAR - CL_ADDRESS_MIRRORED_REPEAT - NORMALIZED
---- Supported 3D write formats for this device ---- 
  CL_R    CL_SNORM_INT8            1
  CL_R    CL_SNORM_INT16           1
  CL_R    CL_UNORM_INT8            1
  CL_R    CL_UNORM_INT16           1
  CL_R    CL_SIGNED_INT8           1
  CL_R    CL_SIGNED_INT16          1
  CL_R    CL_SIGNED_INT32          1
  CL_R    CL_UNSIGNED_INT8         1
  CL_R    CL_UNSIGNED_INT16        1
  CL_R    CL_UNSIGNED_INT32        1
  CL_R    CL_HALF_FLOAT            1
  CL_R    CL_FLOAT                 1
  CL_RG   CL_SNORM_INT8            2
  CL_RG   CL_SNORM_INT16           2
  CL_RG   CL_UNORM_INT8            2
  CL_RG   CL_UNORM_INT16           2
  CL_RG   CL_SIGNED_INT8           2
  CL_RG   CL_SIGNED_INT16          2
  CL_RG   CL_SIGNED_INT32          2
  CL_RG   CL_UNSIGNED_INT8         2
  CL_RG   CL_UNSIGNED_INT16        2
  CL_RG   CL_UNSIGNED_INT32        2
  CL_RG   CL_HALF_FLOAT            2
  CL_RG   CL_FLOAT                 2
  CL_RGBA CL_SNORM_INT8            4
  CL_RGBA CL_SNORM_INT16           4
  CL_RGBA CL_UNORM_INT8            4
  CL_RGBA CL_UNORM_INT16           4
  CL_RGBA CL_SIGNED_INT8           4
  CL_RGBA CL_SIGNED_INT16          4
  CL_RGBA CL_SIGNED_INT32          4
  CL_RGBA CL_UNSIGNED_INT8         4
  CL_RGBA CL_UNSIGNED_INT16        4
  CL_RGBA CL_UNSIGNED_INT32        4
  CL_RGBA CL_HALF_FLOAT            4
  CL_RGBA CL_FLOAT                 4
  CL_BGRA CL_SNORM_INT8            4
  CL_BGRA CL_UNORM_INT8            4
  CL_BGRA CL_SIGNED_INT8           4
  CL_BGRA CL_UNSIGNED_INT8         4
  CL_ARGB CL_SNORM_INT8            4
  CL_ARGB CL_UNORM_INT8            4
  CL_ABGR CL_SNORM_INT8            4
  CL_ABGR CL_UNORM_INT8            4
  CL_ABGR CL_UNORM_INT_2_101010_EXT 4
------------------------------------------- 
write_image (int input) *****************************
[CL_R    CL_SIGNED_INT8           1]
[CL_R    CL_SIGNED_INT16          1]
[CL_R    CL_SIGNED_INT32          1]
[CL_RG   CL_SIGNED_INT8           2]
[CL_RG   CL_SIGNED_INT16          2]
[CL_RG   CL_SIGNED_INT32          2]
[CL_RGBA CL_SIGNED_INT8           4]
[CL_RGBA CL_SIGNED_INT16          4]
[CL_RGBA CL_SIGNED_INT32          4]
[CL_BGRA CL_SIGNED_INT8           4]
write_image (uint input) *****************************
[CL_R    CL_UNSIGNED_INT8         1]
[CL_R    CL_UNSIGNED_INT16        1]
[CL_R    CL_UNSIGNED_INT32        1]
[CL_RG   CL_UNSIGNED_INT8         2]
[CL_RG   CL_UNSIGNED_INT16        2]
[CL_RG   CL_UNSIGNED_INT32        2]
[CL_RGBA CL_UNSIGNED_INT8         4]
[CL_RGBA CL_UNSIGNED_INT16        4]
[CL_RGBA CL_UNSIGNED_INT32        4]
[CL_BGRA CL_UNSIGNED_INT8         4]
write_image (float input) *****************************
[CL_R    CL_SNORM_INT8            1]
[CL_R    CL_SNORM_INT16           1]
[CL_R    CL_UNORM_INT8            1]
[CL_R    CL_UNORM_INT16           1]
[CL_R    CL_HALF_FLOAT            1]
[CL_R    CL_FLOAT                 1]
[CL_RG   CL_SNORM_INT8            2]
[CL_RG   CL_SNORM_INT16           2]
[CL_RG   CL_UNORM_INT8            2]
[CL_RG   CL_UNORM_INT16           2]
[CL_RG   CL_HALF_FLOAT            2]
[CL_RG   CL_FLOAT                 2]
[CL_RGBA CL_SNORM_INT8            4]
[CL_RGBA CL_SNORM_INT16           4]
[CL_RGBA CL_UNORM_INT8            4]
[CL_RGBA CL_UNORM_INT16           4]
[CL_RGBA CL_HALF_FLOAT            4]
[CL_RGBA CL_FLOAT                 4]
[CL_BGRA CL_SNORM_INT8            4]
[CL_BGRA CL_UNORM_INT8            4]
[CL_ARGB CL_SNORM_INT8            4]
[CL_ARGB CL_UNORM_INT8            4]
[CL_ABGR CL_SNORM_INT8            4]
[CL_ABGR CL_UNORM_INT8            4]
[CL_ABGR CL_UNORM_INT_2_101010_EXT 4]
---- Supported 3D read_write formats for this device ---- 
  CL_R    CL_SNORM_INT8            1
  CL_R    CL_SNORM_INT16           1
  CL_R    CL_UNORM_INT8            1
  CL_R    CL_UNORM_INT16           1
  CL_R    CL_SIGNED_INT8           1
  CL_R    CL_SIGNED_INT16          1
  CL_R    CL_SIGNED_INT32          1
  CL_R    CL_UNSIGNED_INT8         1
  CL_R    CL_UNSIGNED_INT16        1
  CL_R    CL_UNSIGNED_INT32        1
  CL_R    CL_HALF_FLOAT            1
  CL_R    CL_FLOAT                 1
  CL_RG   CL_SNORM_INT8            2
  CL_RG   CL_SNORM_INT16           2
  CL_RG   CL_UNORM_INT8            2
  CL_RG   CL_UNORM_INT16           2
  CL_RG   CL_SIGNED_INT8           2
  CL_RG   CL_SIGNED_INT16          2
  CL_RG   CL_SIGNED_INT32          2
  CL_RG   CL_UNSIGNED_INT8         2
  CL_RG   CL_UNSIGNED_INT16        2
  CL_RG   CL_UNSIGNED_INT32        2
  CL_RG   CL_HALF_FLOAT            2
  CL_RG   CL_FLOAT                 2
  CL_RGBA CL_SNORM_INT8            4
  CL_RGBA CL_SNORM_INT16           4
  CL_RGBA CL_UNORM_INT8            4
  CL_RGBA CL_UNORM_INT16           4
  CL_RGBA CL_SIGNED_INT8           4
  CL_RGBA CL_SIGNED_INT16          4
  CL_RGBA CL_SIGNED_INT32          4
  CL_RGBA CL_UNSIGNED_INT8         4
  CL_RGBA CL_UNSIGNED_INT16        4
  CL_RGBA CL_UNSIGNED_INT32        4
  CL_RGBA CL_HALF_FLOAT            4
  CL_RGBA CL_FLOAT                 4
  CL_BGRA CL_SNORM_INT8            4
  CL_BGRA CL_UNORM_INT8            4
  CL_BGRA CL_SIGNED_INT8           4
  CL_BGRA CL_UNSIGNED_INT8         4
  CL_ARGB CL_SNORM_INT8            4
  CL_ARGB CL_UNORM_INT8            4
  CL_ABGR CL_SNORM_INT8            4
  CL_ABGR CL_UNORM_INT8            4
  CL_ABGR CL_UNORM_INT_2_101010_EXT 4
------------------------------------------- 
read_image (integer coords, int results) *****************************
[CL_R    CL_SIGNED_INT8           1] - CL_FILTER_NEAREST - CL_ADDRESS_NONE - UNNORMALIZED
[CL_R    CL_SIGNED_INT16          1] - CL_FILTER_NEAREST - CL_ADDRESS_NONE - UNNORMALIZED
[CL_R    CL_SIGNED_INT32          1] - CL_FILTER_NEAREST - CL_ADDRESS_NONE - UNNORMALIZED
[CL_RG   CL_SIGNED_INT8           2] - CL_FILTER_NEAREST - CL_ADDRESS_NONE - UNNORMALIZED
[CL_RG   CL_SIGNED_INT16          2] - CL_FILTER_NEAREST - CL_ADDRESS_NONE - UNNORMALIZED
[CL_RG   CL_SIGNED_INT32          2] - CL_FILTER_NEAREST - CL_ADDRESS_NONE - UNNORMALIZED
[CL_RGBA CL_SIGNED_INT8           4] - CL_FILTER_NEAREST - CL_ADDRESS_NONE - UNNORMALIZED
[CL_RGBA CL_SIGNED_INT16          4] - CL_FILTER_NEAREST - CL_ADDRESS_NONE - UNNORMALIZED
[CL_RGBA CL_SIGNED_INT32          4] - CL_FILTER_NEAREST - CL_ADDRESS_NONE - UNNORMALIZED
[CL_BGRA CL_SIGNED_INT8           4] - CL_FILTER_NEAREST - CL_ADDRESS_NONE - UNNORMALIZED
read_image (integer coords, uint results) *****************************
[CL_R    CL_UNSIGNED_INT8         1] - CL_FILTER_NEAREST - CL_ADDRESS_NONE - UNNORMALIZED
[CL_R    CL_UNSIGNED_INT16        1] - CL_FILTER_NEAREST - CL_ADDRESS_NONE - UNNORMALIZED
[CL_R    CL_UNSIGNED_INT32        1] - CL_FILTER_NEAREST - CL_ADDRESS_NONE - UNNORMALIZED
[CL_RG   CL_UNSIGNED_INT8         2] - CL_FILTER_NEAREST - CL_ADDRESS_NONE - UNNORMALIZED
[CL_RG   CL_UNSIGNED_INT16        2] - CL_FILTER_NEAREST - CL_ADDRESS_NONE - UNNORMALIZED
[CL_RG   CL_UNSIGNED_INT32        2] - CL_FILTER_NEAREST - CL_ADDRESS_NONE - UNNORMALIZED
[CL_RGBA CL_UNSIGNED_INT8         4] - CL_FILTER_NEAREST - CL_ADDRESS_NONE - UNNORMALIZED
[CL_RGBA CL_UNSIGNED_INT16        4] - CL_FILTER_NEAREST - CL_ADDRESS_NONE - UNNORMALIZED
[CL_RGBA CL_UNSIGNED_INT32        4] - CL_FILTER_NEAREST - CL_ADDRESS_NONE - UNNORMALIZED
[CL_BGRA CL_UNSIGNED_INT8         4] - CL_FILTER_NEAREST - CL_ADDRESS_NONE - UNNORMALIZED
read_image (integer coords, float results) *****************************
[CL_R    CL_SNORM_INT8            1] - CL_FILTER_NEAREST - CL_ADDRESS_NONE - UNNORMALIZED
[CL_R    CL_SNORM_INT16           1] - CL_FILTER_NEAREST - CL_ADDRESS_NONE - UNNORMALIZED
[CL_R    CL_UNORM_INT8            1] - CL_FILTER_NEAREST - CL_ADDRESS_NONE - UNNORMALIZED
[CL_R    CL_UNORM_INT16           1] - CL_FILTER_NEAREST - CL_ADDRESS_NONE - UNNORMALIZED
[CL_R    CL_HALF_FLOAT            1] - CL_FILTER_NEAREST - CL_ADDRESS_NONE - UNNORMALIZED
[CL_R    CL_FLOAT                 1] - CL_FILTER_NEAREST - CL_ADDRESS_NONE - UNNORMALIZED
[CL_RG   CL_SNORM_INT8            2] - CL_FILTER_NEAREST - CL_ADDRESS_NONE - UNNORMALIZED
[CL_RG   CL_SNORM_INT16           2] - CL_FILTER_NEAREST - CL_ADDRESS_NONE - UNNORMALIZED
[CL_RG   CL_UNORM_INT8            2] - CL_FILTER_NEAREST - CL_ADDRESS_NONE - UNNORMALIZED
[CL_RG   CL_UNORM_INT16           2] - CL_FILTER_NEAREST - CL_ADDRESS_NONE - UNNORMALIZED
[CL_RG   CL_HALF_FLOAT            2] - CL_FILTER_NEAREST - CL_ADDRESS_NONE - UNNORMALIZED
[CL_RG   CL_FLOAT                 2] - CL_FILTER_NEAREST - CL_ADDRESS_NONE - UNNORMALIZED
[CL_RGBA CL_SNORM_INT8            4] - CL_FILTER_NEAREST - CL_ADDRESS_NONE - UNNORMALIZED
[CL_RGBA CL_SNORM_INT16           4] - CL_FILTER_NEAREST - CL_ADDRESS_NONE - UNNORMALIZED
[CL_RGBA CL_UNORM_INT8            4] - CL_FILTER_NEAREST - CL_ADDRESS_NONE - UNNORMALIZED
[CL_RGBA CL_UNORM_INT16           4] - CL_FILTER_NEAREST - CL_ADDRESS_NONE - UNNORMALIZED
[CL_RGBA CL_HALF_FLOAT            4] - CL_FILTER_NEAREST - CL_ADDRESS_NONE - UNNORMALIZED
[CL_RGBA CL_FLOAT                 4] - CL_FILTER_NEAREST - CL_ADDRESS_NONE - UNNORMALIZED
[CL_BGRA CL_SNORM_INT8            4] - CL_FILTER_NEAREST - CL_ADDRESS_NONE - UNNORMALIZED
[CL_BGRA CL_UNORM_INT8            4] - CL_FILTER_NEAREST - CL_ADDRESS_NONE - UNNORMALIZED
[CL_ARGB CL_SNORM_INT8            4] - CL_FILTER_NEAREST - CL_ADDRESS_NONE - UNNORMALIZED
[CL_ARGB CL_UNORM_INT8            4] - CL_FILTER_NEAREST - CL_ADDRESS_NONE - UNNORMALIZED
[CL_ABGR CL_SNORM_INT8            4] - CL_FILTER_NEAREST - CL_ADDRESS_NONE - UNNORMALIZED
[CL_ABGR CL_UNORM_INT8            4] - CL_FILTER_NEAREST - CL_ADDRESS_NONE - UNNORMALIZED
[CL_ABGR CL_UNORM_INT_2_101010_EXT 4] - CL_FILTER_NEAREST - CL_ADDRESS_NONE - UNNORMALIZED
---- Supported 3D read_write formats for this device ---- 
  CL_R    CL_SNORM_INT8            1
  CL_R    CL_SNORM_INT16           1
  CL_R    CL_UNORM_INT8            1
  CL_R    CL_UNORM_INT16           1
  CL_R    CL_SIGNED_INT8           1
  CL_R    CL_SIGNED_INT16          1
  CL_R    CL_SIGNED_INT32          1
  CL_R    CL_UNSIGNED_INT8         1
  CL_R    CL_UNSIGNED_INT16        1
  CL_R    CL_UNSIGNED_INT32        1
  CL_R    CL_HALF_FLOAT            1
  CL_R    CL_FLOAT                 1
  CL_RG   CL_SNORM_INT8            2
  CL_RG   CL_SNORM_INT16           2
  CL_RG   CL_UNORM_INT8            2
  CL_RG   CL_UNORM_INT16           2
  CL_RG   CL_SIGNED_INT8           2
  CL_RG   CL_SIGNED_INT16          2
  CL_RG   CL_SIGNED_INT32          2
  CL_RG   CL_UNSIGNED_INT8         2
  CL_RG   CL_UNSIGNED_INT16        2
  CL_RG   CL_UNSIGNED_INT32        2
  CL_RG   CL_HALF_FLOAT            2
  CL_RG   CL_FLOAT                 2
  CL_RGBA CL_SNORM_INT8            4
  CL_RGBA CL_SNORM_INT16           4
  CL_RGBA CL_UNORM_INT8            4
  CL_RGBA CL_UNORM_INT16           4
  CL_RGBA CL_SIGNED_INT8           4
  CL_RGBA CL_SIGNED_INT16          4
  CL_RGBA CL_SIGNED_INT32          4
  CL_RGBA CL_UNSIGNED_INT8         4
  CL_RGBA CL_UNSIGNED_INT16        4
  CL_RGBA CL_UNSIGNED_INT32        4
  CL_RGBA CL_HALF_FLOAT            4
  CL_RGBA CL_FLOAT                 4
  CL_BGRA CL_SNORM_INT8            4
  CL_BGRA CL_UNORM_INT8            4
  CL_BGRA CL_SIGNED_INT8           4
  CL_BGRA CL_UNSIGNED_INT8         4
  CL_ARGB CL_SNORM_INT8            4
  CL_ARGB CL_UNORM_INT8            4
  CL_ABGR CL_SNORM_INT8            4
  CL_ABGR CL_UNORM_INT8            4
  CL_ABGR CL_UNORM_INT_2_101010_EXT 4
------------------------------------------- 
write_image (int input) *****************************
[CL_R    CL_SIGNED_INT8           1]
[CL_R    CL_SIGNED_INT16          1]
[CL_R    CL_SIGNED_INT32          1]
[CL_RG   CL_SIGNED_INT8           2]
[CL_RG   CL_SIGNED_INT16          2]
[CL_RG   CL_SIGNED_INT32          2]
[CL_RGBA CL_SIGNED_INT8           4]
[CL_RGBA CL_SIGNED_INT16          4]
[CL_RGBA CL_SIGNED_INT32          4]
[CL_BGRA CL_SIGNED_INT8           4]
write_image (uint input) *****************************
[CL_R    CL_UNSIGNED_INT8         1]
[CL_R    CL_UNSIGNED_INT16        1]
[CL_R    CL_UNSIGNED_INT32        1]
[CL_RG   CL_UNSIGNED_INT8         2]
[CL_RG   CL_UNSIGNED_INT16        2]
[CL_RG   CL_UNSIGNED_INT32        2]
[CL_RGBA CL_UNSIGNED_INT8         4]
[CL_RGBA CL_UNSIGNED_INT16        4]
[CL_RGBA CL_UNSIGNED_INT32        4]
[CL_BGRA CL_UNSIGNED_INT8         4]
write_image (float input) *****************************
[CL_R    CL_SNORM_INT8            1]
[CL_R    CL_SNORM_INT16           1]
[CL_R    CL_UNORM_INT8            1]
[CL_R    CL_UNORM_INT16           1]
[CL_R    CL_HALF_FLOAT            1]
[CL_R    CL_FLOAT                 1]
[CL_RG   CL_SNORM_INT8            2]
[CL_RG   CL_SNORM_INT16           2]
[CL_RG   CL_UNORM_INT8            2]
[CL_RG   CL_UNORM_INT16           2]
[CL_RG   CL_HALF_FLOAT            2]
[CL_RG   CL_FLOAT                 2]
[CL_RGBA CL_SNORM_INT8            4]
[CL_RGBA CL_SNORM_INT16           4]
[CL_RGBA CL_UNORM_INT8            4]
[CL_RGBA CL_UNORM_INT16           4]
[CL_RGBA CL_HALF_FLOAT            4]
[CL_RGBA CL_FLOAT                 4]
[CL_BGRA CL_SNORM_INT8            4]
[CL_BGRA CL_UNORM_INT8            4]
[CL_ARGB CL_SNORM_INT8            4]
[CL_ARGB CL_UNORM_INT8            4]
[CL_ABGR CL_SNORM_INT8            4]
[CL_ABGR CL_UNORM_INT8            4]
[CL_ABGR CL_UNORM_INT_2_101010_EXT 4]
3D FAILED
1Darray...
---- Supported 1D array read formats for this device ---- 
  CL_R    CL_SNORM_INT8            1
  CL_R    CL_SNORM_INT16           1
  CL_R    CL_UNORM_INT8            1
  CL_R    CL_UNORM_INT16           1
  CL_R    CL_SIGNED_INT8           1
  CL_R    CL_SIGNED_INT16          1
  CL_R    CL_SIGNED_INT32          1
  CL_R    CL_UNSIGNED_INT8         1
  CL_R    CL_UNSIGNED_INT16        1
  CL_R    CL_UNSIGNED_INT32        1
  CL_R    CL_HALF_FLOAT            1
  CL_R    CL_FLOAT                 1
  CL_RG   CL_SNORM_INT8            2
  CL_RG   CL_SNORM_INT16           2
  CL_RG   CL_UNORM_INT8            2
  CL_RG   CL_UNORM_INT16           2
  CL_RG   CL_SIGNED_INT8           2
  CL_RG   CL_SIGNED_INT16          2
  CL_RG   CL_SIGNED_INT32          2
  CL_RG   CL_UNSIGNED_INT8         2
  CL_RG   CL_UNSIGNED_INT16        2
  CL_RG   CL_UNSIGNED_INT32        2
  CL_RG   CL_HALF_FLOAT            2
  CL_RG   CL_FLOAT                 2
  CL_RGBA CL_SNORM_INT8            4
  CL_RGBA CL_SNORM_INT16           4
  CL_RGBA CL_UNORM_INT8            4
  CL_RGBA CL_UNORM_INT16           4
  CL_RGBA CL_SIGNED_INT8           4
  CL_RGBA CL_SIGNED_INT16          4
  CL_RGBA CL_SIGNED_INT32          4
  CL_RGBA CL_UNSIGNED_INT8         4
  CL_RGBA CL_UNSIGNED_INT16        4
  CL_RGBA CL_UNSIGNED_INT32        4
  CL_RGBA CL_HALF_FLOAT            4
  CL_RGBA CL_FLOAT                 4
  CL_BGRA CL_SNORM_INT8            4
  CL_BGRA CL_UNORM_INT8            4
  CL_BGRA CL_SIGNED_INT8           4
  CL_BGRA CL_UNSIGNED_INT8         4
  CL_ARGB CL_SNORM_INT8            4
  CL_ARGB CL_UNORM_INT8            4
  CL_sRGBA CL_UNORM_INT8            4
  CL_sBGRA CL_UNORM_INT8            4
  CL_ABGR CL_SNORM_INT8            4
  CL_ABGR CL_UNORM_INT8            4
  CL_ABGR CL_UNORM_INT_2_101010_EXT 4
------------------------------------------- 
read_image (integer coords, int results) *****************************
[CL_R    CL_SIGNED_INT8           1] - CL_FILTER_NEAREST - CL_ADDRESS_CLAMP_TO_EDGE - UNNORMALIZED
[CL_R    CL_SIGNED_INT8           1] - CL_FILTER_NEAREST - CL_ADDRESS_CLAMP - UNNORMALIZED
[CL_R    CL_SIGNED_INT16          1] - CL_FILTER_NEAREST - CL_ADDRESS_CLAMP_TO_EDGE - UNNORMALIZED
[CL_R    CL_SIGNED_INT16          1] - CL_FILTER_NEAREST - CL_ADDRESS_CLAMP - UNNORMALIZED
[CL_R    CL_SIGNED_INT32          1] - CL_FILTER_NEAREST - CL_ADDRESS_CLAMP_TO_EDGE - UNNORMALIZED
[CL_R    CL_SIGNED_INT32          1] - CL_FILTER_NEAREST - CL_ADDRESS_CLAMP - UNNORMALIZED
[CL_RG   CL_SIGNED_INT8           2] - CL_FILTER_NEAREST - CL_ADDRESS_CLAMP_TO_EDGE - UNNORMALIZED
[CL_RG   CL_SIGNED_INT8           2] - CL_FILTER_NEAREST - CL_ADDRESS_CLAMP - UNNORMALIZED
[CL_RG   CL_SIGNED_INT16          2] - CL_FILTER_NEAREST - CL_ADDRESS_CLAMP_TO_EDGE - UNNORMALIZED
[CL_RG   CL_SIGNED_INT16          2] - CL_FILTER_NEAREST - CL_ADDRESS_CLAMP - UNNORMALIZED
[CL_RG   CL_SIGNED_INT32          2] - CL_FILTER_NEAREST - CL_ADDRESS_CLAMP_TO_EDGE - UNNORMALIZED
[CL_RG   CL_SIGNED_INT32          2] - CL_FILTER_NEAREST - CL_ADDRESS_CLAMP - UNNORMALIZED
[CL_RGBA CL_SIGNED_INT8           4] - CL_FILTER_NEAREST - CL_ADDRESS_CLAMP_TO_EDGE - UNNORMALIZED
[CL_RGBA CL_SIGNED_INT8           4] - CL_FILTER_NEAREST - CL_ADDRESS_CLAMP - UNNORMALIZED
[CL_RGBA CL_SIGNED_INT16          4] - CL_FILTER_NEAREST - CL_ADDRESS_CLAMP_TO_EDGE - UNNORMALIZED
[CL_RGBA CL_SIGNED_INT16          4] - CL_FILTER_NEAREST - CL_ADDRESS_CLAMP - UNNORMALIZED
[CL_RGBA CL_SIGNED_INT32          4] - CL_FILTER_NEAREST - CL_ADDRESS_CLAMP_TO_EDGE - UNNORMALIZED
[CL_RGBA CL_SIGNED_INT32          4] - CL_FILTER_NEAREST - CL_ADDRESS_CLAMP - UNNORMALIZED
[CL_BGRA CL_SIGNED_INT8           4] - CL_FILTER_NEAREST - CL_ADDRESS_CLAMP_TO_EDGE - UNNORMALIZED
[CL_BGRA CL_SIGNED_INT8           4] - CL_FILTER_NEAREST - CL_ADDRESS_CLAMP - UNNORMALIZED
read_image (unnormalized float coords, int results) *****************************
[CL_R    CL_SIGNED_INT8           1] - CL_FILTER_NEAREST - CL_ADDRESS_CLAMP_TO_EDGE - UNNORMALIZED
[CL_R    CL_SIGNED_INT8           1] - CL_FILTER_NEAREST - CL_ADDRESS_CLAMP - UNNORMALIZED
[CL_R    CL_SIGNED_INT16          1] - CL_FILTER_NEAREST - CL_ADDRESS_CLAMP_TO_EDGE - UNNORMALIZED
[CL_R    CL_SIGNED_INT16          1] - CL_FILTER_NEAREST - CL_ADDRESS_CLAMP - UNNORMALIZED
[CL_R    CL_SIGNED_INT32          1] - CL_FILTER_NEAREST - CL_ADDRESS_CLAMP_TO_EDGE - UNNORMALIZED
[CL_R    CL_SIGNED_INT32          1] - CL_FILTER_NEAREST - CL_ADDRESS_CLAMP - UNNORMALIZED
[CL_RG   CL_SIGNED_INT8           2] - CL_FILTER_NEAREST - CL_ADDRESS_CLAMP_TO_EDGE - UNNORMALIZED
[CL_RG   CL_SIGNED_INT8           2] - CL_FILTER_NEAREST - CL_ADDRESS_CLAMP - UNNORMALIZED
[CL_RG   CL_SIGNED_INT16          2] - CL_FILTER_NEAREST - CL_ADDRESS_CLAMP_TO_EDGE - UNNORMALIZED
[CL_RG   CL_SIGNED_INT16          2] - CL_FILTER_NEAREST - CL_ADDRESS_CLAMP - UNNORMALIZED
[CL_RG   CL_SIGNED_INT32          2] - CL_FILTER_NEAREST - CL_ADDRESS_CLAMP_TO_EDGE - UNNORMALIZED
[CL_RG   CL_SIGNED_INT32          2] - CL_FILTER_NEAREST - CL_ADDRESS_CLAMP - UNNORMALIZED
[CL_RGBA CL_SIGNED_INT8           4] - CL_FILTER_NEAREST - CL_ADDRESS_CLAMP_TO_EDGE - UNNORMALIZED
[CL_RGBA CL_SIGNED_INT8           4] - CL_FILTER_NEAREST - CL_ADDRESS_CLAMP - UNNORMALIZED
[CL_RGBA CL_SIGNED_INT16          4] - CL_FILTER_NEAREST - CL_ADDRESS_CLAMP_TO_EDGE - UNNORMALIZED
[CL_RGBA CL_SIGNED_INT16          4] - CL_FILTER_NEAREST - CL_ADDRESS_CLAMP - UNNORMALIZED
[CL_RGBA CL_SIGNED_INT32          4] - CL_FILTER_NEAREST - CL_ADDRESS_CLAMP_TO_EDGE - UNNORMALIZED
[CL_RGBA CL_SIGNED_INT32          4] - CL_FILTER_NEAREST - CL_ADDRESS_CLAMP - UNNORMALIZED
[CL_BGRA CL_SIGNED_INT8           4] - CL_FILTER_NEAREST - CL_ADDRESS_CLAMP_TO_EDGE - UNNORMALIZED
[CL_BGRA CL_SIGNED_INT8           4] - CL_FILTER_NEAREST - CL_ADDRESS_CLAMP - UNNORMALIZED
read_image (normalized float coords, int results) *****************************
[CL_R    CL_SIGNED_INT8           1] - CL_FILTER_NEAREST - CL_ADDRESS_CLAMP_TO_EDGE - NORMALIZED
[CL_R    CL_SIGNED_INT8           1] - CL_FILTER_NEAREST - CL_ADDRESS_CLAMP - NORMALIZED
[CL_R    CL_SIGNED_INT8           1] - CL_FILTER_NEAREST - CL_ADDRESS_REPEAT - NORMALIZED
[CL_R    CL_SIGNED_INT8           1] - CL_FILTER_NEAREST - CL_ADDRESS_MIRRORED_REPEAT - NORMALIZED
[CL_R    CL_SIGNED_INT16          1] - CL_FILTER_NEAREST - CL_ADDRESS_CLAMP_TO_EDGE - NORMALIZED
[CL_R    CL_SIGNED_INT16          1] - CL_FILTER_NEAREST - CL_ADDRESS_CLAMP - NORMALIZED
[CL_R    CL_SIGNED_INT16          1] - CL_FILTER_NEAREST - CL_ADDRESS_REPEAT - NORMALIZED
[CL_R    CL_SIGNED_INT16          1] - CL_FILTER_NEAREST - CL_ADDRESS_MIRRORED_REPEAT - NORMALIZED
[CL_R    CL_SIGNED_INT32          1] - CL_FILTER_NEAREST - CL_ADDRESS_CLAMP_TO_EDGE - NORMALIZED
[CL_R    CL_SIGNED_INT32          1] - CL_FILTER_NEAREST - CL_ADDRESS_CLAMP - NORMALIZED
[CL_R    CL_SIGNED_INT32          1] - CL_FILTER_NEAREST - CL_ADDRESS_REPEAT - NORMALIZED
[CL_R    CL_SIGNED_INT32          1] - CL_FILTER_NEAREST - CL_ADDRESS_MIRRORED_REPEAT - NORMALIZED
[CL_RG   CL_SIGNED_INT8           2] - CL_FILTER_NEAREST - CL_ADDRESS_CLAMP_TO_EDGE - NORMALIZED
[CL_RG   CL_SIGNED_INT8           2] - CL_FILTER_NEAREST - CL_ADDRESS_CLAMP - NORMALIZED
[CL_RG   CL_SIGNED_INT8           2] - CL_FILTER_NEAREST - CL_ADDRESS_REPEAT - NORMALIZED
[CL_RG   CL_SIGNED_INT8           2] - CL_FILTER_NEAREST - CL_ADDRESS_MIRRORED_REPEAT - NORMALIZED
[CL_RG   CL_SIGNED_INT16          2] - CL_FILTER_NEAREST - CL_ADDRESS_CLAMP_TO_EDGE - NORMALIZED
[CL_RG   CL_SIGNED_INT16          2] - CL_FILTER_NEAREST - CL_ADDRESS_CLAMP - NORMALIZED
[CL_RG   CL_SIGNED_INT16          2] - CL_FILTER_NEAREST - CL_ADDRESS_REPEAT - NORMALIZED
[CL_RG   CL_SIGNED_INT16          2] - CL_FILTER_NEAREST - CL_ADDRESS_MIRRORED_REPEAT - NORMALIZED
[CL_RG   CL_SIGNED_INT32          2] - CL_FILTER_NEAREST - CL_ADDRESS_CLAMP_TO_EDGE - NORMALIZED
[CL_RG   CL_SIGNED_INT32          2] - CL_FILTER_NEAREST - CL_ADDRESS_CLAMP - NORMALIZED
[CL_RG   CL_SIGNED_INT32          2] - CL_FILTER_NEAREST - CL_ADDRESS_REPEAT - NORMALIZED
[CL_RG   CL_SIGNED_INT32          2] - CL_FILTER_NEAREST - CL_ADDRESS_MIRRORED_REPEAT - NORMALIZED
[CL_RGBA CL_SIGNED_INT8           4] - CL_FILTER_NEAREST - CL_ADDRESS_CLAMP_TO_EDGE - NORMALIZED
[CL_RGBA CL_SIGNED_INT8           4] - CL_FILTER_NEAREST - CL_ADDRESS_CLAMP - NORMALIZED
[CL_RGBA CL_SIGNED_INT8           4] - CL_FILTER_NEAREST - CL_ADDRESS_REPEAT - NORMALIZED
[CL_RGBA CL_SIGNED_INT8           4] - CL_FILTER_NEAREST - CL_ADDRESS_MIRRORED_REPEAT - NORMALIZED
[CL_RGBA CL_SIGNED_INT16          4] - CL_FILTER_NEAREST - CL_ADDRESS_CLAMP_TO_EDGE - NORMALIZED
[CL_RGBA CL_SIGNED_INT16          4] - CL_FILTER_NEAREST - CL_ADDRESS_CLAMP - NORMALIZED
[CL_RGBA CL_SIGNED_INT16          4] - CL_FILTER_NEAREST - CL_ADDRESS_REPEAT - NORMALIZED
[CL_RGBA CL_SIGNED_INT16          4] - CL_FILTER_NEAREST - CL_ADDRESS_MIRRORED_REPEAT - NORMALIZED
[CL_RGBA CL_SIGNED_INT32          4] - CL_FILTER_NEAREST - CL_ADDRESS_CLAMP_TO_EDGE - NORMALIZED
[CL_RGBA CL_SIGNED_INT32          4] - CL_FILTER_NEAREST - CL_ADDRESS_CLAMP - NORMALIZED
[CL_RGBA CL_SIGNED_INT32          4] - CL_FILTER_NEAREST - CL_ADDRESS_REPEAT - NORMALIZED
[CL_RGBA CL_SIGNED_INT32          4] - CL_FILTER_NEAREST - CL_ADDRESS_MIRRORED_REPEAT - NORMALIZED
[CL_BGRA CL_SIGNED_INT8           4] - CL_FILTER_NEAREST - CL_ADDRESS_CLAMP_TO_EDGE - NORMALIZED
[CL_BGRA CL_SIGNED_INT8           4] - CL_FILTER_NEAREST - CL_ADDRESS_CLAMP - NORMALIZED
[CL_BGRA CL_SIGNED_INT8           4] - CL_FILTER_NEAREST - CL_ADDRESS_REPEAT - NORMALIZED
[CL_BGRA CL_SIGNED_INT8           4] - CL_FILTER_NEAREST - CL_ADDRESS_MIRRORED_REPEAT - NORMALIZED
read_image (integer coords, uint results) *****************************
[CL_R    CL_UNSIGNED_INT8         1] - CL_FILTER_NEAREST - CL_ADDRESS_CLAMP_TO_EDGE - UNNORMALIZED
[CL_R    CL_UNSIGNED_INT8         1] - CL_FILTER_NEAREST - CL_ADDRESS_CLAMP - UNNORMALIZED
[CL_R    CL_UNSIGNED_INT16        1] - CL_FILTER_NEAREST - CL_ADDRESS_CLAMP_TO_EDGE - UNNORMALIZED
[CL_R    CL_UNSIGNED_INT16        1] - CL_FILTER_NEAREST - CL_ADDRESS_CLAMP - UNNORMALIZED
[CL_R    CL_UNSIGNED_INT32        1] - CL_FILTER_NEAREST - CL_ADDRESS_CLAMP_TO_EDGE - UNNORMALIZED
[CL_R    CL_UNSIGNED_INT32        1] - CL_FILTER_NEAREST - CL_ADDRESS_CLAMP - UNNORMALIZED
[CL_RG   CL_UNSIGNED_INT8         2] - CL_FILTER_NEAREST - CL_ADDRESS_CLAMP_TO_EDGE - UNNORMALIZED
[CL_RG   CL_UNSIGNED_INT8         2] - CL_FILTER_NEAREST - CL_ADDRESS_CLAMP - UNNORMALIZED
[CL_RG   CL_UNSIGNED_INT16        2] - CL_FILTER_NEAREST - CL_ADDRESS_CLAMP_TO_EDGE - UNNORMALIZED
[CL_RG   CL_UNSIGNED_INT16        2] - CL_FILTER_NEAREST - CL_ADDRESS_CLAMP - UNNORMALIZED
[CL_RG   CL_UNSIGNED_INT32        2] - CL_FILTER_NEAREST - CL_ADDRESS_CLAMP_TO_EDGE - UNNORMALIZED
[CL_RG   CL_UNSIGNED_INT32        2] - CL_FILTER_NEAREST - CL_ADDRESS_CLAMP - UNNORMALIZED
[CL_RGBA CL_UNSIGNED_INT8         4] - CL_FILTER_NEAREST - CL_ADDRESS_CLAMP_TO_EDGE - UNNORMALIZED
[CL_RGBA CL_UNSIGNED_INT8         4] - CL_FILTER_NEAREST - CL_ADDRESS_CLAMP - UNNORMALIZED
[CL_RGBA CL_UNSIGNED_INT16        4] - CL_FILTER_NEAREST - CL_ADDRESS_CLAMP_TO_EDGE - UNNORMALIZED
[CL_RGBA CL_UNSIGNED_INT16        4] - CL_FILTER_NEAREST - CL_ADDRESS_CLAMP - UNNORMALIZED
[CL_RGBA CL_UNSIGNED_INT32        4] - CL_FILTER_NEAREST - CL_ADDRESS_CLAMP_TO_EDGE - UNNORMALIZED
[CL_RGBA CL_UNSIGNED_INT32        4] - CL_FILTER_NEAREST - CL_ADDRESS_CLAMP - UNNORMALIZED
[CL_BGRA CL_UNSIGNED_INT8         4] - CL_FILTER_NEAREST - CL_ADDRESS_CLAMP_TO_EDGE - UNNORMALIZED
[CL_BGRA CL_UNSIGNED_INT8         4] - CL_FILTER_NEAREST - CL_ADDRESS_CLAMP - UNNORMALIZED
read_image (unnormalized float coords, uint results) *****************************
[CL_R    CL_UNSIGNED_INT8         1] - CL_FILTER_NEAREST - CL_ADDRESS_CLAMP_TO_EDGE - UNNORMALIZED
[CL_R    CL_UNSIGNED_INT8         1] - CL_FILTER_NEAREST - CL_ADDRESS_CLAMP - UNNORMALIZED
[CL_R    CL_UNSIGNED_INT16        1] - CL_FILTER_NEAREST - CL_ADDRESS_CLAMP_TO_EDGE - UNNORMALIZED
[CL_R    CL_UNSIGNED_INT16        1] - CL_FILTER_NEAREST - CL_ADDRESS_CLAMP - UNNORMALIZED
[CL_R    CL_UNSIGNED_INT32        1] - CL_FILTER_NEAREST - CL_ADDRESS_CLAMP_TO_EDGE - UNNORMALIZED
[CL_R    CL_UNSIGNED_INT32        1] - CL_FILTER_NEAREST - CL_ADDRESS_CLAMP - UNNORMALIZED
[CL_RG   CL_UNSIGNED_INT8         2] - CL_FILTER_NEAREST - CL_ADDRESS_CLAMP_TO_EDGE - UNNORMALIZED
[CL_RG   CL_UNSIGNED_INT8         2] - CL_FILTER_NEAREST - CL_ADDRESS_CLAMP - UNNORMALIZED
[CL_RG   CL_UNSIGNED_INT16        2] - CL_FILTER_NEAREST - CL_ADDRESS_CLAMP_TO_EDGE - UNNORMALIZED
[CL_RG   CL_UNSIGNED_INT16        2] - CL_FILTER_NEAREST - CL_ADDRESS_CLAMP - UNNORMALIZED
[CL_RG   CL_UNSIGNED_INT32        2] - CL_FILTER_NEAREST - CL_ADDRESS_CLAMP_TO_EDGE - UNNORMALIZED
[CL_RG   CL_UNSIGNED_INT32        2] - CL_FILTER_NEAREST - CL_ADDRESS_CLAMP - UNNORMALIZED
[CL_RGBA CL_UNSIGNED_INT8         4] - CL_FILTER_NEAREST - CL_ADDRESS_CLAMP_TO_EDGE - UNNORMALIZED
[CL_RGBA CL_UNSIGNED_INT8         4] - CL_FILTER_NEAREST - CL_ADDRESS_CLAMP - UNNORMALIZED
[CL_RGBA CL_UNSIGNED_INT16        4] - CL_FILTER_NEAREST - CL_ADDRESS_CLAMP_TO_EDGE - UNNORMALIZED
[CL_RGBA CL_UNSIGNED_INT16        4] - CL_FILTER_NEAREST - CL_ADDRESS_CLAMP - UNNORMALIZED
[CL_RGBA CL_UNSIGNED_INT32        4] - CL_FILTER_NEAREST - CL_ADDRESS_CLAMP_TO_EDGE - UNNORMALIZED
[CL_RGBA CL_UNSIGNED_INT32        4] - CL_FILTER_NEAREST - CL_ADDRESS_CLAMP - UNNORMALIZED
[CL_BGRA CL_UNSIGNED_INT8         4] - CL_FILTER_NEAREST - CL_ADDRESS_CLAMP_TO_EDGE - UNNORMALIZED
[CL_BGRA CL_UNSIGNED_INT8         4] - CL_FILTER_NEAREST - CL_ADDRESS_CLAMP - UNNORMALIZED
read_image (normalized float coords, uint results) *****************************
[CL_R    CL_UNSIGNED_INT8         1] - CL_FILTER_NEAREST - CL_ADDRESS_CLAMP_TO_EDGE - NORMALIZED
[CL_R    CL_UNSIGNED_INT8         1] - CL_FILTER_NEAREST - CL_ADDRESS_CLAMP - NORMALIZED
[CL_R    CL_UNSIGNED_INT8         1] - CL_FILTER_NEAREST - CL_ADDRESS_REPEAT - NORMALIZED
[CL_R    CL_UNSIGNED_INT8         1] - CL_FILTER_NEAREST - CL_ADDRESS_MIRRORED_REPEAT - NORMALIZED
[CL_R    CL_UNSIGNED_INT16        1] - CL_FILTER_NEAREST - CL_ADDRESS_CLAMP_TO_EDGE - NORMALIZED
[CL_R    CL_UNSIGNED_INT16        1] - CL_FILTER_NEAREST - CL_ADDRESS_CLAMP - NORMALIZED
[CL_R    CL_UNSIGNED_INT16        1] - CL_FILTER_NEAREST - CL_ADDRESS_REPEAT - NORMALIZED
[CL_R    CL_UNSIGNED_INT16        1] - CL_FILTER_NEAREST - CL_ADDRESS_MIRRORED_REPEAT - NORMALIZED
[CL_R    CL_UNSIGNED_INT32        1] - CL_FILTER_NEAREST - CL_ADDRESS_CLAMP_TO_EDGE - NORMALIZED
[CL_R    CL_UNSIGNED_INT32        1] - CL_FILTER_NEAREST - CL_ADDRESS_CLAMP - NORMALIZED
[CL_R    CL_UNSIGNED_INT32        1] - CL_FILTER_NEAREST - CL_ADDRESS_REPEAT - NORMALIZED
[CL_R    CL_UNSIGNED_INT32        1] - CL_FILTER_NEAREST - CL_ADDRESS_MIRRORED_REPEAT - NORMALIZED
[CL_RG   CL_UNSIGNED_INT8         2] - CL_FILTER_NEAREST - CL_ADDRESS_CLAMP_TO_EDGE - NORMALIZED
[CL_RG   CL_UNSIGNED_INT8         2] - CL_FILTER_NEAREST - CL_ADDRESS_CLAMP - NORMALIZED
[CL_RG   CL_UNSIGNED_INT8         2] - CL_FILTER_NEAREST - CL_ADDRESS_REPEAT - NORMALIZED
[CL_RG   CL_UNSIGNED_INT8         2] - CL_FILTER_NEAREST - CL_ADDRESS_MIRRORED_REPEAT - NORMALIZED
[CL_RG   CL_UNSIGNED_INT16        2] - CL_FILTER_NEAREST - CL_ADDRESS_CLAMP_TO_EDGE - NORMALIZED
[CL_RG   CL_UNSIGNED_INT16        2] - CL_FILTER_NEAREST - CL_ADDRESS_CLAMP - NORMALIZED
[CL_RG   CL_UNSIGNED_INT16        2] - CL_FILTER_NEAREST - CL_ADDRESS_REPEAT - NORMALIZED
[CL_RG   CL_UNSIGNED_INT16        2] - CL_FILTER_NEAREST - CL_ADDRESS_MIRRORED_REPEAT - NORMALIZED
[CL_RG   CL_UNSIGNED_INT32        2] - CL_FILTER_NEAREST - CL_ADDRESS_CLAMP_TO_EDGE - NORMALIZED
[CL_RG   CL_UNSIGNED_INT32        2] - CL_FILTER_NEAREST - CL_ADDRESS_CLAMP - NORMALIZED
[CL_RG   CL_UNSIGNED_INT32        2] - CL_FILTER_NEAREST - CL_ADDRESS_REPEAT - NORMALIZED
[CL_RG   CL_UNSIGNED_INT32        2] - CL_FILTER_NEAREST - CL_ADDRESS_MIRRORED_REPEAT - NORMALIZED
[CL_RGBA CL_UNSIGNED_INT8         4] - CL_FILTER_NEAREST - CL_ADDRESS_CLAMP_TO_EDGE - NORMALIZED
[CL_RGBA CL_UNSIGNED_INT8         4] - CL_FILTER_NEAREST - CL_ADDRESS_CLAMP - NORMALIZED
[CL_RGBA CL_UNSIGNED_INT8         4] - CL_FILTER_NEAREST - CL_ADDRESS_REPEAT - NORMALIZED
[CL_RGBA CL_UNSIGNED_INT8         4] - CL_FILTER_NEAREST - CL_ADDRESS_MIRRORED_REPEAT - NORMALIZED
[CL_RGBA CL_UNSIGNED_INT16        4] - CL_FILTER_NEAREST - CL_ADDRESS_CLAMP_TO_EDGE - NORMALIZED
[CL_RGBA CL_UNSIGNED_INT16        4] - CL_FILTER_NEAREST - CL_ADDRESS_CLAMP - NORMALIZED
[CL_RGBA CL_UNSIGNED_INT16        4] - CL_FILTER_NEAREST - CL_ADDRESS_REPEAT - NORMALIZED
[CL_RGBA CL_UNSIGNED_INT16        4] - CL_FILTER_NEAREST - CL_ADDRESS_MIRRORED_REPEAT - NORMALIZED
[CL_RGBA CL_UNSIGNED_INT32        4] - CL_FILTER_NEAREST - CL_ADDRESS_CLAMP_TO_EDGE - NORMALIZED
[CL_RGBA CL_UNSIGNED_INT32        4] - CL_FILTER_NEAREST - CL_ADDRESS_CLAMP - NORMALIZED
[CL_RGBA CL_UNSIGNED_INT32        4] - CL_FILTER_NEAREST - CL_ADDRESS_REPEAT - NORMALIZED
[CL_RGBA CL_UNSIGNED_INT32        4] - CL_FILTER_NEAREST - CL_ADDRESS_MIRRORED_REPEAT - NORMALIZED
[CL_BGRA CL_UNSIGNED_INT8         4] - CL_FILTER_NEAREST - CL_ADDRESS_CLAMP_TO_EDGE - NORMALIZED
[CL_BGRA CL_UNSIGNED_INT8         4] - CL_FILTER_NEAREST - CL_ADDRESS_CLAMP - NORMALIZED
[CL_BGRA CL_UNSIGNED_INT8         4] - CL_FILTER_NEAREST - CL_ADDRESS_REPEAT - NORMALIZED
[CL_BGRA CL_UNSIGNED_INT8         4] - CL_FILTER_NEAREST - CL_ADDRESS_MIRRORED_REPEAT - NORMALIZED
read_image (integer coords, float results) *****************************
[CL_R    CL_SNORM_INT8            1] - CL_FILTER_NEAREST - CL_ADDRESS_CLAMP_TO_EDGE - UNNORMALIZED
[CL_R    CL_SNORM_INT8            1] - CL_FILTER_NEAREST - CL_ADDRESS_CLAMP - UNNORMALIZED
[CL_R    CL_SNORM_INT16           1] - CL_FILTER_NEAREST - CL_ADDRESS_CLAMP_TO_EDGE - UNNORMALIZED
[CL_R    CL_SNORM_INT16           1] - CL_FILTER_NEAREST - CL_ADDRESS_CLAMP - UNNORMALIZED
[CL_R    CL_UNORM_INT8            1] - CL_FILTER_NEAREST - CL_ADDRESS_CLAMP_TO_EDGE - UNNORMALIZED
[CL_R    CL_UNORM_INT8            1] - CL_FILTER_NEAREST - CL_ADDRESS_CLAMP - UNNORMALIZED
[CL_R    CL_UNORM_INT16           1] - CL_FILTER_NEAREST - CL_ADDRESS_CLAMP_TO_EDGE - UNNORMALIZED
[CL_R    CL_UNORM_INT16           1] - CL_FILTER_NEAREST - CL_ADDRESS_CLAMP - UNNORMALIZED
[CL_R    CL_HALF_FLOAT            1] - CL_FILTER_NEAREST - CL_ADDRESS_CLAMP_TO_EDGE - UNNORMALIZED
[CL_R    CL_HALF_FLOAT            1] - CL_FILTER_NEAREST - CL_ADDRESS_CLAMP - UNNORMALIZED
[CL_R    CL_FLOAT                 1] - CL_FILTER_NEAREST - CL_ADDRESS_CLAMP_TO_EDGE - UNNORMALIZED
[CL_R    CL_FLOAT                 1] - CL_FILTER_NEAREST - CL_ADDRESS_CLAMP - UNNORMALIZED
[CL_RG   CL_SNORM_INT8            2] - CL_FILTER_NEAREST - CL_ADDRESS_CLAMP_TO_EDGE - UNNORMALIZED
[CL_RG   CL_SNORM_INT8            2] - CL_FILTER_NEAREST - CL_ADDRESS_CLAMP - UNNORMALIZED
[CL_RG   CL_SNORM_INT16           2] - CL_FILTER_NEAREST - CL_ADDRESS_CLAMP_TO_EDGE - UNNORMALIZED
[CL_RG   CL_SNORM_INT16           2] - CL_FILTER_NEAREST - CL_ADDRESS_CLAMP - UNNORMALIZED
[CL_RG   CL_UNORM_INT8            2] - CL_FILTER_NEAREST - CL_ADDRESS_CLAMP_TO_EDGE - UNNORMALIZED
[CL_RG   CL_UNORM_INT8            2] - CL_FILTER_NEAREST - CL_ADDRESS_CLAMP - UNNORMALIZED
[CL_RG   CL_UNORM_INT16           2] - CL_FILTER_NEAREST - CL_ADDRESS_CLAMP_TO_EDGE - UNNORMALIZED
[CL_RG   CL_UNORM_INT16           2] - CL_FILTER_NEAREST - CL_ADDRESS_CLAMP - UNNORMALIZED
[CL_RG   CL_HALF_FLOAT            2] - CL_FILTER_NEAREST - CL_ADDRESS_CLAMP_TO_EDGE - UNNORMALIZED
[CL_RG   CL_HALF_FLOAT            2] - CL_FILTER_NEAREST - CL_ADDRESS_CLAMP - UNNORMALIZED
[CL_RG   CL_FLOAT                 2] - CL_FILTER_NEAREST - CL_ADDRESS_CLAMP_TO_EDGE - UNNORMALIZED
[CL_RG   CL_FLOAT                 2] - CL_FILTER_NEAREST - CL_ADDRESS_CLAMP - UNNORMALIZED
[CL_RGBA CL_SNORM_INT8            4] - CL_FILTER_NEAREST - CL_ADDRESS_CLAMP_TO_EDGE - UNNORMALIZED
[CL_RGBA CL_SNORM_INT8            4] - CL_FILTER_NEAREST - CL_ADDRESS_CLAMP - UNNORMALIZED
[CL_RGBA CL_SNORM_INT16           4] - CL_FILTER_NEAREST - CL_ADDRESS_CLAMP_TO_EDGE - UNNORMALIZED
[CL_RGBA CL_SNORM_INT16           4] - CL_FILTER_NEAREST - CL_ADDRESS_CLAMP - UNNORMALIZED
[CL_RGBA CL_UNORM_INT8            4] - CL_FILTER_NEAREST - CL_ADDRESS_CLAMP_TO_EDGE - UNNORMALIZED
[CL_RGBA CL_UNORM_INT8            4] - CL_FILTER_NEAREST - CL_ADDRESS_CLAMP - UNNORMALIZED
[CL_RGBA CL_UNORM_INT16           4] - CL_FILTER_NEAREST - CL_ADDRESS_CLAMP_TO_EDGE - UNNORMALIZED
[CL_RGBA CL_UNORM_INT16           4] - CL_FILTER_NEAREST - CL_ADDRESS_CLAMP - UNNORMALIZED
[CL_RGBA CL_HALF_FLOAT            4] - CL_FILTER_NEAREST - CL_ADDRESS_CLAMP_TO_EDGE - UNNORMALIZED
[CL_RGBA CL_HALF_FLOAT            4] - CL_FILTER_NEAREST - CL_ADDRESS_CLAMP - UNNORMALIZED
[CL_RGBA CL_FLOAT                 4] - CL_FILTER_NEAREST - CL_ADDRESS_CLAMP_TO_EDGE - UNNORMALIZED
[CL_RGBA CL_FLOAT                 4] - CL_FILTER_NEAREST - CL_ADDRESS_CLAMP - UNNORMALIZED
[CL_BGRA CL_SNORM_INT8            4] - CL_FILTER_NEAREST - CL_ADDRESS_CLAMP_TO_EDGE - UNNORMALIZED
[CL_BGRA CL_SNORM_INT8            4] - CL_FILTER_NEAREST - CL_ADDRESS_CLAMP - UNNORMALIZED
[CL_BGRA CL_UNORM_INT8            4] - CL_FILTER_NEAREST - CL_ADDRESS_CLAMP_TO_EDGE - UNNORMALIZED
[CL_BGRA CL_UNORM_INT8            4] - CL_FILTER_NEAREST - CL_ADDRESS_CLAMP - UNNORMALIZED
[CL_ARGB CL_SNORM_INT8            4] - CL_FILTER_NEAREST - CL_ADDRESS_CLAMP_TO_EDGE - UNNORMALIZED
[CL_ARGB CL_SNORM_INT8            4] - CL_FILTER_NEAREST - CL_ADDRESS_CLAMP - UNNORMALIZED
[CL_ARGB CL_UNORM_INT8            4] - CL_FILTER_NEAREST - CL_ADDRESS_CLAMP_TO_EDGE - UNNORMALIZED
[CL_ARGB CL_UNORM_INT8            4] - CL_FILTER_NEAREST - CL_ADDRESS_CLAMP - UNNORMALIZED
[CL_sRGBA CL_UNORM_INT8            4] - CL_FILTER_NEAREST - CL_ADDRESS_CLAMP_TO_EDGE - UNNORMALIZED
[CL_sRGBA CL_UNORM_INT8            4] - CL_FILTER_NEAREST - CL_ADDRESS_CLAMP - UNNORMALIZED
[CL_sBGRA CL_UNORM_INT8            4] - CL_FILTER_NEAREST - CL_ADDRESS_CLAMP_TO_EDGE - UNNORMALIZED
[CL_sBGRA CL_UNORM_INT8            4] - CL_FILTER_NEAREST - CL_ADDRESS_CLAMP - UNNORMALIZED
[CL_ABGR CL_SNORM_INT8            4] - CL_FILTER_NEAREST - CL_ADDRESS_CLAMP_TO_EDGE - UNNORMALIZED
[CL_ABGR CL_SNORM_INT8            4] - CL_FILTER_NEAREST - CL_ADDRESS_CLAMP - UNNORMALIZED
[CL_ABGR CL_UNORM_INT8            4] - CL_FILTER_NEAREST - CL_ADDRESS_CLAMP_TO_EDGE - UNNORMALIZED
[CL_ABGR CL_UNORM_INT8            4] - CL_FILTER_NEAREST - CL_ADDRESS_CLAMP - UNNORMALIZED
[CL_ABGR CL_UNORM_INT_2_101010_EXT 4] - CL_FILTER_NEAREST - CL_ADDRESS_CLAMP_TO_EDGE - UNNORMALIZED
[CL_ABGR CL_UNORM_INT_2_101010_EXT 4] - CL_FILTER_NEAREST - CL_ADDRESS_CLAMP - UNNORMALIZED
read_image (unnormalized float coords, float results) *****************************
[CL_R    CL_SNORM_INT8            1] - CL_FILTER_NEAREST - CL_ADDRESS_CLAMP_TO_EDGE - UNNORMALIZED
[CL_R    CL_SNORM_INT8            1] - CL_FILTER_NEAREST - CL_ADDRESS_CLAMP - UNNORMALIZED
[CL_R    CL_SNORM_INT16           1] - CL_FILTER_NEAREST - CL_ADDRESS_CLAMP_TO_EDGE - UNNORMALIZED
[CL_R    CL_SNORM_INT16           1] - CL_FILTER_NEAREST - CL_ADDRESS_CLAMP - UNNORMALIZED
[CL_R    CL_UNORM_INT8            1] - CL_FILTER_NEAREST - CL_ADDRESS_CLAMP_TO_EDGE - UNNORMALIZED
[CL_R    CL_UNORM_INT8            1] - CL_FILTER_NEAREST - CL_ADDRESS_CLAMP - UNNORMALIZED
[CL_R    CL_UNORM_INT16           1] - CL_FILTER_NEAREST - CL_ADDRESS_CLAMP_TO_EDGE - UNNORMALIZED
[CL_R    CL_UNORM_INT16           1] - CL_FILTER_NEAREST - CL_ADDRESS_CLAMP - UNNORMALIZED
[CL_R    CL_HALF_FLOAT            1] - CL_FILTER_NEAREST - CL_ADDRESS_CLAMP_TO_EDGE - UNNORMALIZED
[CL_R    CL_HALF_FLOAT            1] - CL_FILTER_NEAREST - CL_ADDRESS_CLAMP - UNNORMALIZED
[CL_R    CL_FLOAT                 1] - CL_FILTER_NEAREST - CL_ADDRESS_CLAMP_TO_EDGE - UNNORMALIZED
[CL_R    CL_FLOAT                 1] - CL_FILTER_NEAREST - CL_ADDRESS_CLAMP - UNNORMALIZED
[CL_RG   CL_SNORM_INT8            2] - CL_FILTER_NEAREST - CL_ADDRESS_CLAMP_TO_EDGE - UNNORMALIZED
[CL_RG   CL_SNORM_INT8            2] - CL_FILTER_NEAREST - CL_ADDRESS_CLAMP - UNNORMALIZED
[CL_RG   CL_SNORM_INT16           2] - CL_FILTER_NEAREST - CL_ADDRESS_CLAMP_TO_EDGE - UNNORMALIZED
[CL_RG   CL_SNORM_INT16           2] - CL_FILTER_NEAREST - CL_ADDRESS_CLAMP - UNNORMALIZED
[CL_RG   CL_UNORM_INT8            2] - CL_FILTER_NEAREST - CL_ADDRESS_CLAMP_TO_EDGE - UNNORMALIZED
[CL_RG   CL_UNORM_INT8            2] - CL_FILTER_NEAREST - CL_ADDRESS_CLAMP - UNNORMALIZED
[CL_RG   CL_UNORM_INT16           2] - CL_FILTER_NEAREST - CL_ADDRESS_CLAMP_TO_EDGE - UNNORMALIZED
[CL_RG   CL_UNORM_INT16           2] - CL_FILTER_NEAREST - CL_ADDRESS_CLAMP - UNNORMALIZED
[CL_RG   CL_HALF_FLOAT            2] - CL_FILTER_NEAREST - CL_ADDRESS_CLAMP_TO_EDGE - UNNORMALIZED
[CL_RG   CL_HALF_FLOAT            2] - CL_FILTER_NEAREST - CL_ADDRESS_CLAMP - UNNORMALIZED
[CL_RG   CL_FLOAT                 2] - CL_FILTER_NEAREST - CL_ADDRESS_CLAMP_TO_EDGE - UNNORMALIZED
[CL_RG   CL_FLOAT                 2] - CL_FILTER_NEAREST - CL_ADDRESS_CLAMP - UNNORMALIZED
[CL_RGBA CL_SNORM_INT8            4] - CL_FILTER_NEAREST - CL_ADDRESS_CLAMP_TO_EDGE - UNNORMALIZED
[CL_RGBA CL_SNORM_INT8            4] - CL_FILTER_NEAREST - CL_ADDRESS_CLAMP - UNNORMALIZED
[CL_RGBA CL_SNORM_INT16           4] - CL_FILTER_NEAREST - CL_ADDRESS_CLAMP_TO_EDGE - UNNORMALIZED
[CL_RGBA CL_SNORM_INT16           4] - CL_FILTER_NEAREST - CL_ADDRESS_CLAMP - UNNORMALIZED
[CL_RGBA CL_UNORM_INT8            4] - CL_FILTER_NEAREST - CL_ADDRESS_CLAMP_TO_EDGE - UNNORMALIZED
[CL_RGBA CL_UNORM_INT8            4] - CL_FILTER_NEAREST - CL_ADDRESS_CLAMP - UNNORMALIZED
[CL_RGBA CL_UNORM_INT16           4] - CL_FILTER_NEAREST - CL_ADDRESS_CLAMP_TO_EDGE - UNNORMALIZED
[CL_RGBA CL_UNORM_INT16           4] - CL_FILTER_NEAREST - CL_ADDRESS_CLAMP - UNNORMALIZED
[CL_RGBA CL_HALF_FLOAT            4] - CL_FILTER_NEAREST - CL_ADDRESS_CLAMP_TO_EDGE - UNNORMALIZED
[CL_RGBA CL_HALF_FLOAT            4] - CL_FILTER_NEAREST - CL_ADDRESS_CLAMP - UNNORMALIZED
[CL_RGBA CL_FLOAT                 4] - CL_FILTER_NEAREST - CL_ADDRESS_CLAMP_TO_EDGE - UNNORMALIZED
[CL_RGBA CL_FLOAT                 4] - CL_FILTER_NEAREST - CL_ADDRESS_CLAMP - UNNORMALIZED
[CL_BGRA CL_SNORM_INT8            4] - CL_FILTER_NEAREST - CL_ADDRESS_CLAMP_TO_EDGE - UNNORMALIZED
[CL_BGRA CL_SNORM_INT8            4] - CL_FILTER_NEAREST - CL_ADDRESS_CLAMP - UNNORMALIZED
[CL_BGRA CL_UNORM_INT8            4] - CL_FILTER_NEAREST - CL_ADDRESS_CLAMP_TO_EDGE - UNNORMALIZED
[CL_BGRA CL_UNORM_INT8            4] - CL_FILTER_NEAREST - CL_ADDRESS_CLAMP - UNNORMALIZED
[CL_ARGB CL_SNORM_INT8            4] - CL_FILTER_NEAREST - CL_ADDRESS_CLAMP_TO_EDGE - UNNORMALIZED
[CL_ARGB CL_SNORM_INT8            4] - CL_FILTER_NEAREST - CL_ADDRESS_CLAMP - UNNORMALIZED
[CL_ARGB CL_UNORM_INT8            4] - CL_FILTER_NEAREST - CL_ADDRESS_CLAMP_TO_EDGE - UNNORMALIZED
[CL_ARGB CL_UNORM_INT8            4] - CL_FILTER_NEAREST - CL_ADDRESS_CLAMP - UNNORMALIZED
[CL_sRGBA CL_UNORM_INT8            4] - CL_FILTER_NEAREST - CL_ADDRESS_CLAMP_TO_EDGE - UNNORMALIZED
[CL_sRGBA CL_UNORM_INT8            4] - CL_FILTER_NEAREST - CL_ADDRESS_CLAMP - UNNORMALIZED
[CL_sBGRA CL_UNORM_INT8            4] - CL_FILTER_NEAREST - CL_ADDRESS_CLAMP_TO_EDGE - UNNORMALIZED
[CL_sBGRA CL_UNORM_INT8            4] - CL_FILTER_NEAREST - CL_ADDRESS_CLAMP - UNNORMALIZED
[CL_ABGR CL_SNORM_INT8            4] - CL_FILTER_NEAREST - CL_ADDRESS_CLAMP_TO_EDGE - UNNORMALIZED
[CL_ABGR CL_SNORM_INT8            4] - CL_FILTER_NEAREST - CL_ADDRESS_CLAMP - UNNORMALIZED
[CL_ABGR CL_UNORM_INT8            4] - CL_FILTER_NEAREST - CL_ADDRESS_CLAMP_TO_EDGE - UNNORMALIZED
[CL_ABGR CL_UNORM_INT8            4] - CL_FILTER_NEAREST - CL_ADDRESS_CLAMP - UNNORMALIZED
[CL_ABGR CL_UNORM_INT_2_101010_EXT 4] - CL_FILTER_NEAREST - CL_ADDRESS_CLAMP_TO_EDGE - UNNORMALIZED
[CL_ABGR CL_UNORM_INT_2_101010_EXT 4] - CL_FILTER_NEAREST - CL_ADDRESS_CLAMP - UNNORMALIZED
read_image (normalized float coords, float results) *****************************
[CL_R    CL_SNORM_INT8            1] - CL_FILTER_NEAREST - CL_ADDRESS_CLAMP_TO_EDGE - NORMALIZED
[CL_R    CL_SNORM_INT8            1] - CL_FILTER_NEAREST - CL_ADDRESS_CLAMP - NORMALIZED
[CL_R    CL_SNORM_INT8            1] - CL_FILTER_NEAREST - CL_ADDRESS_REPEAT - NORMALIZED
[CL_R    CL_SNORM_INT8            1] - CL_FILTER_NEAREST - CL_ADDRESS_MIRRORED_REPEAT - NORMALIZED
[CL_R    CL_SNORM_INT16           1] - CL_FILTER_NEAREST - CL_ADDRESS_CLAMP_TO_EDGE - NORMALIZED
[CL_R    CL_SNORM_INT16           1] - CL_FILTER_NEAREST - CL_ADDRESS_CLAMP - NORMALIZED
[CL_R    CL_SNORM_INT16           1] - CL_FILTER_NEAREST - CL_ADDRESS_REPEAT - NORMALIZED
[CL_R    CL_SNORM_INT16           1] - CL_FILTER_NEAREST - CL_ADDRESS_MIRRORED_REPEAT - NORMALIZED
[CL_R    CL_UNORM_INT8            1] - CL_FILTER_NEAREST - CL_ADDRESS_CLAMP_TO_EDGE - NORMALIZED
[CL_R    CL_UNORM_INT8            1] - CL_FILTER_NEAREST - CL_ADDRESS_CLAMP - NORMALIZED
[CL_R    CL_UNORM_INT8            1] - CL_FILTER_NEAREST - CL_ADDRESS_REPEAT - NORMALIZED
[CL_R    CL_UNORM_INT8            1] - CL_FILTER_NEAREST - CL_ADDRESS_MIRRORED_REPEAT - NORMALIZED
[CL_R    CL_UNORM_INT16           1] - CL_FILTER_NEAREST - CL_ADDRESS_CLAMP_TO_EDGE - NORMALIZED
[CL_R    CL_UNORM_INT16           1] - CL_FILTER_NEAREST - CL_ADDRESS_CLAMP - NORMALIZED
[CL_R    CL_UNORM_INT16           1] - CL_FILTER_NEAREST - CL_ADDRESS_REPEAT - NORMALIZED
[CL_R    CL_UNORM_INT16           1] - CL_FILTER_NEAREST - CL_ADDRESS_MIRRORED_REPEAT - NORMALIZED
[CL_R    CL_HALF_FLOAT            1] - CL_FILTER_NEAREST - CL_ADDRESS_CLAMP_TO_EDGE - NORMALIZED
[CL_R    CL_HALF_FLOAT            1] - CL_FILTER_NEAREST - CL_ADDRESS_CLAMP - NORMALIZED
[CL_R    CL_HALF_FLOAT            1] - CL_FILTER_NEAREST - CL_ADDRESS_REPEAT - NORMALIZED
[CL_R    CL_HALF_FLOAT            1] - CL_FILTER_NEAREST - CL_ADDRESS_MIRRORED_REPEAT - NORMALIZED
[CL_R    CL_FLOAT                 1] - CL_FILTER_NEAREST - CL_ADDRESS_CLAMP_TO_EDGE - NORMALIZED
[CL_R    CL_FLOAT                 1] - CL_FILTER_NEAREST - CL_ADDRESS_CLAMP - NORMALIZED
[CL_R    CL_FLOAT                 1] - CL_FILTER_NEAREST - CL_ADDRESS_REPEAT - NORMALIZED
[CL_R    CL_FLOAT                 1] - CL_FILTER_NEAREST - CL_ADDRESS_MIRRORED_REPEAT - NORMALIZED
[CL_RG   CL_SNORM_INT8            2] - CL_FILTER_NEAREST - CL_ADDRESS_CLAMP_TO_EDGE - NORMALIZED
[CL_RG   CL_SNORM_INT8            2] - CL_FILTER_NEAREST - CL_ADDRESS_CLAMP - NORMALIZED
[CL_RG   CL_SNORM_INT8            2] - CL_FILTER_NEAREST - CL_ADDRESS_REPEAT - NORMALIZED
[CL_RG   CL_SNORM_INT8            2] - CL_FILTER_NEAREST - CL_ADDRESS_MIRRORED_REPEAT - NORMALIZED
[CL_RG   CL_SNORM_INT16           2] - CL_FILTER_NEAREST - CL_ADDRESS_CLAMP_TO_EDGE - NORMALIZED
[CL_RG   CL_SNORM_INT16           2] - CL_FILTER_NEAREST - CL_ADDRESS_CLAMP - NORMALIZED
[CL_RG   CL_SNORM_INT16           2] - CL_FILTER_NEAREST - CL_ADDRESS_REPEAT - NORMALIZED
[CL_RG   CL_SNORM_INT16           2] - CL_FILTER_NEAREST - CL_ADDRESS_MIRRORED_REPEAT - NORMALIZED
[CL_RG   CL_UNORM_INT8            2] - CL_FILTER_NEAREST - CL_ADDRESS_CLAMP_TO_EDGE - NORMALIZED
[CL_RG   CL_UNORM_INT8            2] - CL_FILTER_NEAREST - CL_ADDRESS_CLAMP - NORMALIZED
[CL_RG   CL_UNORM_INT8            2] - CL_FILTER_NEAREST - CL_ADDRESS_REPEAT - NORMALIZED
[CL_RG   CL_UNORM_INT8            2] - CL_FILTER_NEAREST - CL_ADDRESS_MIRRORED_REPEAT - NORMALIZED
[CL_RG   CL_UNORM_INT16           2] - CL_FILTER_NEAREST - CL_ADDRESS_CLAMP_TO_EDGE - NORMALIZED
[CL_RG   CL_UNORM_INT16           2] - CL_FILTER_NEAREST - CL_ADDRESS_CLAMP - NORMALIZED
[CL_RG   CL_UNORM_INT16           2] - CL_FILTER_NEAREST - CL_ADDRESS_REPEAT - NORMALIZED
[CL_RG   CL_UNORM_INT16           2] - CL_FILTER_NEAREST - CL_ADDRESS_MIRRORED_REPEAT - NORMALIZED
[CL_RG   CL_HALF_FLOAT            2] - CL_FILTER_NEAREST - CL_ADDRESS_CLAMP_TO_EDGE - NORMALIZED
[CL_RG   CL_HALF_FLOAT            2] - CL_FILTER_NEAREST - CL_ADDRESS_CLAMP - NORMALIZED
[CL_RG   CL_HALF_FLOAT            2] - CL_FILTER_NEAREST - CL_ADDRESS_REPEAT - NORMALIZED
[CL_RG   CL_HALF_FLOAT            2] - CL_FILTER_NEAREST - CL_ADDRESS_MIRRORED_REPEAT - NORMALIZED
[CL_RG   CL_FLOAT                 2] - CL_FILTER_NEAREST - CL_ADDRESS_CLAMP_TO_EDGE - NORMALIZED
[CL_RG   CL_FLOAT                 2] - CL_FILTER_NEAREST - CL_ADDRESS_CLAMP - NORMALIZED
[CL_RG   CL_FLOAT                 2] - CL_FILTER_NEAREST - CL_ADDRESS_REPEAT - NORMALIZED
[CL_RG   CL_FLOAT                 2] - CL_FILTER_NEAREST - CL_ADDRESS_MIRRORED_REPEAT - NORMALIZED
[CL_RGBA CL_SNORM_INT8            4] - CL_FILTER_NEAREST - CL_ADDRESS_CLAMP_TO_EDGE - NORMALIZED
[CL_RGBA CL_SNORM_INT8            4] - CL_FILTER_NEAREST - CL_ADDRESS_CLAMP - NORMALIZED
[CL_RGBA CL_SNORM_INT8            4] - CL_FILTER_NEAREST - CL_ADDRESS_REPEAT - NORMALIZED
[CL_RGBA CL_SNORM_INT8            4] - CL_FILTER_NEAREST - CL_ADDRESS_MIRRORED_REPEAT - NORMALIZED
[CL_RGBA CL_SNORM_INT16           4] - CL_FILTER_NEAREST - CL_ADDRESS_CLAMP_TO_EDGE - NORMALIZED
[CL_RGBA CL_SNORM_INT16           4] - CL_FILTER_NEAREST - CL_ADDRESS_CLAMP - NORMALIZED
[CL_RGBA CL_SNORM_INT16           4] - CL_FILTER_NEAREST - CL_ADDRESS_REPEAT - NORMALIZED
[CL_RGBA CL_SNORM_INT16           4] - CL_FILTER_NEAREST - CL_ADDRESS_MIRRORED_REPEAT - NORMALIZED
[CL_RGBA CL_UNORM_INT8            4] - CL_FILTER_NEAREST - CL_ADDRESS_CLAMP_TO_EDGE - NORMALIZED
[CL_RGBA CL_UNORM_INT8            4] - CL_FILTER_NEAREST - CL_ADDRESS_CLAMP - NORMALIZED
[CL_RGBA CL_UNORM_INT8            4] - CL_FILTER_NEAREST - CL_ADDRESS_REPEAT - NORMALIZED
[CL_RGBA CL_UNORM_INT8            4] - CL_FILTER_NEAREST - CL_ADDRESS_MIRRORED_REPEAT - NORMALIZED
[CL_RGBA CL_UNORM_INT16           4] - CL_FILTER_NEAREST - CL_ADDRESS_CLAMP_TO_EDGE - NORMALIZED
[CL_RGBA CL_UNORM_INT16           4] - CL_FILTER_NEAREST - CL_ADDRESS_CLAMP - NORMALIZED
[CL_RGBA CL_UNORM_INT16           4] - CL_FILTER_NEAREST - CL_ADDRESS_REPEAT - NORMALIZED
[CL_RGBA CL_UNORM_INT16           4] - CL_FILTER_NEAREST - CL_ADDRESS_MIRRORED_REPEAT - NORMALIZED
[CL_RGBA CL_HALF_FLOAT            4] - CL_FILTER_NEAREST - CL_ADDRESS_CLAMP_TO_EDGE - NORMALIZED
[CL_RGBA CL_HALF_FLOAT            4] - CL_FILTER_NEAREST - CL_ADDRESS_CLAMP - NORMALIZED
[CL_RGBA CL_HALF_FLOAT            4] - CL_FILTER_NEAREST - CL_ADDRESS_REPEAT - NORMALIZED
[CL_RGBA CL_HALF_FLOAT            4] - CL_FILTER_NEAREST - CL_ADDRESS_MIRRORED_REPEAT - NORMALIZED
[CL_RGBA CL_FLOAT                 4] - CL_FILTER_NEAREST - CL_ADDRESS_CLAMP_TO_EDGE - NORMALIZED
[CL_RGBA CL_FLOAT                 4] - CL_FILTER_NEAREST - CL_ADDRESS_CLAMP - NORMALIZED
[CL_RGBA CL_FLOAT                 4] - CL_FILTER_NEAREST - CL_ADDRESS_REPEAT - NORMALIZED
[CL_RGBA CL_FLOAT                 4] - CL_FILTER_NEAREST - CL_ADDRESS_MIRRORED_REPEAT - NORMALIZED
[CL_BGRA CL_SNORM_INT8            4] - CL_FILTER_NEAREST - CL_ADDRESS_CLAMP_TO_EDGE - NORMALIZED
[CL_BGRA CL_SNORM_INT8            4] - CL_FILTER_NEAREST - CL_ADDRESS_CLAMP - NORMALIZED
[CL_BGRA CL_SNORM_INT8            4] - CL_FILTER_NEAREST - CL_ADDRESS_REPEAT - NORMALIZED
[CL_BGRA CL_SNORM_INT8            4] - CL_FILTER_NEAREST - CL_ADDRESS_MIRRORED_REPEAT - NORMALIZED
[CL_BGRA CL_UNORM_INT8            4] - CL_FILTER_NEAREST - CL_ADDRESS_CLAMP_TO_EDGE - NORMALIZED
[CL_BGRA CL_UNORM_INT8            4] - CL_FILTER_NEAREST - CL_ADDRESS_CLAMP - NORMALIZED
[CL_BGRA CL_UNORM_INT8            4] - CL_FILTER_NEAREST - CL_ADDRESS_REPEAT - NORMALIZED
[CL_BGRA CL_UNORM_INT8            4] - CL_FILTER_NEAREST - CL_ADDRESS_MIRRORED_REPEAT - NORMALIZED
[CL_ARGB CL_SNORM_INT8            4] - CL_FILTER_NEAREST - CL_ADDRESS_CLAMP_TO_EDGE - NORMALIZED
[CL_ARGB CL_SNORM_INT8            4] - CL_FILTER_NEAREST - CL_ADDRESS_CLAMP - NORMALIZED
[CL_ARGB CL_SNORM_INT8            4] - CL_FILTER_NEAREST - CL_ADDRESS_REPEAT - NORMALIZED
[CL_ARGB CL_SNORM_INT8            4] - CL_FILTER_NEAREST - CL_ADDRESS_MIRRORED_REPEAT - NORMALIZED
[CL_ARGB CL_UNORM_INT8            4] - CL_FILTER_NEAREST - CL_ADDRESS_CLAMP_TO_EDGE - NORMALIZED
[CL_ARGB CL_UNORM_INT8            4] - CL_FILTER_NEAREST - CL_ADDRESS_CLAMP - NORMALIZED
[CL_ARGB CL_UNORM_INT8            4] - CL_FILTER_NEAREST - CL_ADDRESS_REPEAT - NORMALIZED
[CL_ARGB CL_UNORM_INT8            4] - CL_FILTER_NEAREST - CL_ADDRESS_MIRRORED_REPEAT - NORMALIZED
[CL_sRGBA CL_UNORM_INT8            4] - CL_FILTER_NEAREST - CL_ADDRESS_CLAMP_TO_EDGE - NORMALIZED
[CL_sRGBA CL_UNORM_INT8            4] - CL_FILTER_NEAREST - CL_ADDRESS_CLAMP - NORMALIZED
[CL_sRGBA CL_UNORM_INT8            4] - CL_FILTER_NEAREST - CL_ADDRESS_REPEAT - NORMALIZED
[CL_sRGBA CL_UNORM_INT8            4] - CL_FILTER_NEAREST - CL_ADDRESS_MIRRORED_REPEAT - NORMALIZED
[CL_sBGRA CL_UNORM_INT8            4] - CL_FILTER_NEAREST - CL_ADDRESS_CLAMP_TO_EDGE - NORMALIZED
[CL_sBGRA CL_UNORM_INT8            4] - CL_FILTER_NEAREST - CL_ADDRESS_CLAMP - NORMALIZED
[CL_sBGRA CL_UNORM_INT8            4] - CL_FILTER_NEAREST - CL_ADDRESS_REPEAT - NORMALIZED
[CL_sBGRA CL_UNORM_INT8            4] - CL_FILTER_NEAREST - CL_ADDRESS_MIRRORED_REPEAT - NORMALIZED
[CL_ABGR CL_SNORM_INT8            4] - CL_FILTER_NEAREST - CL_ADDRESS_CLAMP_TO_EDGE - NORMALIZED
[CL_ABGR CL_SNORM_INT8            4] - CL_FILTER_NEAREST - CL_ADDRESS_CLAMP - NORMALIZED
[CL_ABGR CL_SNORM_INT8            4] - CL_FILTER_NEAREST - CL_ADDRESS_REPEAT - NORMALIZED
[CL_ABGR CL_SNORM_INT8            4] - CL_FILTER_NEAREST - CL_ADDRESS_MIRRORED_REPEAT - NORMALIZED
[CL_ABGR CL_UNORM_INT8            4] - CL_FILTER_NEAREST - CL_ADDRESS_CLAMP_TO_EDGE - NORMALIZED
[CL_ABGR CL_UNORM_INT8            4] - CL_FILTER_NEAREST - CL_ADDRESS_CLAMP - NORMALIZED
[CL_ABGR CL_UNORM_INT8            4] - CL_FILTER_NEAREST - CL_ADDRESS_REPEAT - NORMALIZED
[CL_ABGR CL_UNORM_INT8            4] - CL_FILTER_NEAREST - CL_ADDRESS_MIRRORED_REPEAT - NORMALIZED
[CL_ABGR CL_UNORM_INT_2_101010_EXT 4] - CL_FILTER_NEAREST - CL_ADDRESS_CLAMP_TO_EDGE - NORMALIZED
[CL_ABGR CL_UNORM_INT_2_101010_EXT 4] - CL_FILTER_NEAREST - CL_ADDRESS_CLAMP - NORMALIZED
[CL_ABGR CL_UNORM_INT_2_101010_EXT 4] - CL_FILTER_NEAREST - CL_ADDRESS_REPEAT - NORMALIZED
[CL_ABGR CL_UNORM_INT_2_101010_EXT 4] - CL_FILTER_NEAREST - CL_ADDRESS_MIRRORED_REPEAT - NORMALIZED
read_image (unnormalized float coords, float results) *****************************
[CL_R    CL_SNORM_INT8            1] - CL_FILTER_LINEAR - CL_ADDRESS_CLAMP_TO_EDGE - UNNORMALIZED
[CL_R    CL_SNORM_INT8            1] - CL_FILTER_LINEAR - CL_ADDRESS_CLAMP - UNNORMALIZED
[CL_R    CL_SNORM_INT16           1] - CL_FILTER_LINEAR - CL_ADDRESS_CLAMP_TO_EDGE - UNNORMALIZED
[CL_R    CL_SNORM_INT16           1] - CL_FILTER_LINEAR - CL_ADDRESS_CLAMP - UNNORMALIZED
[CL_R    CL_UNORM_INT8            1] - CL_FILTER_LINEAR - CL_ADDRESS_CLAMP_TO_EDGE - UNNORMALIZED
[CL_R    CL_UNORM_INT8            1] - CL_FILTER_LINEAR - CL_ADDRESS_CLAMP - UNNORMALIZED
[CL_R    CL_UNORM_INT16           1] - CL_FILTER_LINEAR - CL_ADDRESS_CLAMP_TO_EDGE - UNNORMALIZED
[CL_R    CL_UNORM_INT16           1] - CL_FILTER_LINEAR - CL_ADDRESS_CLAMP - UNNORMALIZED
[CL_R    CL_HALF_FLOAT            1] - CL_FILTER_LINEAR - CL_ADDRESS_CLAMP_TO_EDGE - UNNORMALIZED
[CL_R    CL_HALF_FLOAT            1] - CL_FILTER_LINEAR - CL_ADDRESS_CLAMP - UNNORMALIZED
[CL_R    CL_FLOAT                 1] - CL_FILTER_LINEAR - CL_ADDRESS_CLAMP_TO_EDGE - UNNORMALIZED
[CL_R    CL_FLOAT                 1] - CL_FILTER_LINEAR - CL_ADDRESS_CLAMP - UNNORMALIZED
[CL_RG   CL_SNORM_INT8            2] - CL_FILTER_LINEAR - CL_ADDRESS_CLAMP_TO_EDGE - UNNORMALIZED
[CL_RG   CL_SNORM_INT8            2] - CL_FILTER_LINEAR - CL_ADDRESS_CLAMP - UNNORMALIZED
[CL_RG   CL_SNORM_INT16           2] - CL_FILTER_LINEAR - CL_ADDRESS_CLAMP_TO_EDGE - UNNORMALIZED
[CL_RG   CL_SNORM_INT16           2] - CL_FILTER_LINEAR - CL_ADDRESS_CLAMP - UNNORMALIZED
[CL_RG   CL_UNORM_INT8            2] - CL_FILTER_LINEAR - CL_ADDRESS_CLAMP_TO_EDGE - UNNORMALIZED
[CL_RG   CL_UNORM_INT8            2] - CL_FILTER_LINEAR - CL_ADDRESS_CLAMP - UNNORMALIZED
[CL_RG   CL_UNORM_INT16           2] - CL_FILTER_LINEAR - CL_ADDRESS_CLAMP_TO_EDGE - UNNORMALIZED
[CL_RG   CL_UNORM_INT16           2] - CL_FILTER_LINEAR - CL_ADDRESS_CLAMP - UNNORMALIZED
[CL_RG   CL_HALF_FLOAT            2] - CL_FILTER_LINEAR - CL_ADDRESS_CLAMP_TO_EDGE - UNNORMALIZED
[CL_RG   CL_HALF_FLOAT            2] - CL_FILTER_LINEAR - CL_ADDRESS_CLAMP - UNNORMALIZED
[CL_RG   CL_FLOAT                 2] - CL_FILTER_LINEAR - CL_ADDRESS_CLAMP_TO_EDGE - UNNORMALIZED
[CL_RG   CL_FLOAT                 2] - CL_FILTER_LINEAR - CL_ADDRESS_CLAMP - UNNORMALIZED
[CL_RGBA CL_SNORM_INT8            4] - CL_FILTER_LINEAR - CL_ADDRESS_CLAMP_TO_EDGE - UNNORMALIZED
[CL_RGBA CL_SNORM_INT8            4] - CL_FILTER_LINEAR - CL_ADDRESS_CLAMP - UNNORMALIZED
[CL_RGBA CL_SNORM_INT16           4] - CL_FILTER_LINEAR - CL_ADDRESS_CLAMP_TO_EDGE - UNNORMALIZED
[CL_RGBA CL_SNORM_INT16           4] - CL_FILTER_LINEAR - CL_ADDRESS_CLAMP - UNNORMALIZED
[CL_RGBA CL_UNORM_INT8            4] - CL_FILTER_LINEAR - CL_ADDRESS_CLAMP_TO_EDGE - UNNORMALIZED
[CL_RGBA CL_UNORM_INT8            4] - CL_FILTER_LINEAR - CL_ADDRESS_CLAMP - UNNORMALIZED
[CL_RGBA CL_UNORM_INT16           4] - CL_FILTER_LINEAR - CL_ADDRESS_CLAMP_TO_EDGE - UNNORMALIZED
[CL_RGBA CL_UNORM_INT16           4] - CL_FILTER_LINEAR - CL_ADDRESS_CLAMP - UNNORMALIZED
[CL_RGBA CL_HALF_FLOAT            4] - CL_FILTER_LINEAR - CL_ADDRESS_CLAMP_TO_EDGE - UNNORMALIZED
[CL_RGBA CL_HALF_FLOAT            4] - CL_FILTER_LINEAR - CL_ADDRESS_CLAMP - UNNORMALIZED
[CL_RGBA CL_FLOAT                 4] - CL_FILTER_LINEAR - CL_ADDRESS_CLAMP_TO_EDGE - UNNORMALIZED
[CL_RGBA CL_FLOAT                 4] - CL_FILTER_LINEAR - CL_ADDRESS_CLAMP - UNNORMALIZED
[CL_BGRA CL_SNORM_INT8            4] - CL_FILTER_LINEAR - CL_ADDRESS_CLAMP_TO_EDGE - UNNORMALIZED
[CL_BGRA CL_SNORM_INT8            4] - CL_FILTER_LINEAR - CL_ADDRESS_CLAMP - UNNORMALIZED
[CL_BGRA CL_UNORM_INT8            4] - CL_FILTER_LINEAR - CL_ADDRESS_CLAMP_TO_EDGE - UNNORMALIZED
[CL_BGRA CL_UNORM_INT8            4] - CL_FILTER_LINEAR - CL_ADDRESS_CLAMP - UNNORMALIZED
[CL_ARGB CL_SNORM_INT8            4] - CL_FILTER_LINEAR - CL_ADDRESS_CLAMP_TO_EDGE - UNNORMALIZED
[CL_ARGB CL_SNORM_INT8            4] - CL_FILTER_LINEAR - CL_ADDRESS_CLAMP - UNNORMALIZED
[CL_ARGB CL_UNORM_INT8            4] - CL_FILTER_LINEAR - CL_ADDRESS_CLAMP_TO_EDGE - UNNORMALIZED
[CL_ARGB CL_UNORM_INT8            4] - CL_FILTER_LINEAR - CL_ADDRESS_CLAMP - UNNORMALIZED
[CL_sRGBA CL_UNORM_INT8            4] - CL_FILTER_LINEAR - CL_ADDRESS_CLAMP_TO_EDGE - UNNORMALIZED
Test error: we should have detected this passing above.
Test error: we should have detected this passing above.
Test error: we should have detected this passing above.
Test error: we should have detected this passing above.
FAILED norm_offsets: 0 , 0 , 0:
Sample 3977: coord {24.000000(0x1.8p+4),17.000000(0x1.1p+4),0.000000(0x0p+0)} did not validate!
	Expected (0.00273561,0.162489,0.170655,0.592157),
	     got (0.0029304,0.162637,0.170696,0.592157), error of 0
Integer coords resolve to 24,17,0   with img size 329,48,1

Step by step:
Starting coordinate: 24.000000, array index 17.000000
	Actual integer coords used (i = floor(x-.5)): i0:{ 23, 0 } and i1:{ 24, 0 }
	Array coordinate is 17.000000
	Sampled pixels (rgba order):
		p00: 0.002125, 0.270498, 0.027321, 0.298039
		p01: 0.003347, 0.054480, 0.313989, 0.886275
		p10: 0.002125, 0.270498, 0.027321, 0.298039
		p11: 0.003347, 0.054480, 0.313989, 0.886275
	frac( x - 0.5f ) = 0.500000,  frac( y - 0.5f ) = 0.000000
	ulps: 836619.00, 9953.00, 2762.00, 0.00  (max allowed: 5033165.00)

FAILED: [CL_sRGBA CL_UNORM_INT8            4] - CL_FILTER_LINEAR - CL_ADDRESS_CLAMP_TO_EDGE - UNNORMALIZED

[CL_sRGBA CL_UNORM_INT8            4] - CL_FILTER_LINEAR - CL_ADDRESS_CLAMP - UNNORMALIZED
Test error: we should have detected this passing above.
Test error: we should have detected this passing above.
Test error: we should have detected this passing above.
Test error: we should have detected this passing above.
FAILED norm_offsets: 0 , 0 , 0:
Sample 3977: coord {24.000000(0x1.8p+4),17.000000(0x1.1p+4),0.000000(0x0p+0)} did not validate!
	Expected (0.00273561,0.162489,0.170655,0.592157),
	     got (0.0029304,0.162637,0.170696,0.592157), error of 0
Integer coords resolve to 24,17,0   with img size 329,48,1

Step by step:
Starting coordinate: 24.000000, array index 17.000000
	Actual integer coords used (i = floor(x-.5)): i0:{ 23, 0 } and i1:{ 24, 0 }
	Array coordinate is 17.000000
	Sampled pixels (rgba order):
		p00: 0.002125, 0.270498, 0.027321, 0.298039
		p01: 0.003347, 0.054480, 0.313989, 0.886275
		p10: 0.002125, 0.270498, 0.027321, 0.298039
		p11: 0.003347, 0.054480, 0.313989, 0.886275
	frac( x - 0.5f ) = 0.500000,  frac( y - 0.5f ) = 0.000000
	ulps: 836619.00, 9953.00, 2762.00, 0.00  (max allowed: 5033165.00)

FAILED: [CL_sRGBA CL_UNORM_INT8            4] - CL_FILTER_LINEAR - CL_ADDRESS_CLAMP - UNNORMALIZED

[CL_sBGRA CL_UNORM_INT8            4] - CL_FILTER_LINEAR - CL_ADDRESS_CLAMP_TO_EDGE - UNNORMALIZED
Test error: we should have detected this passing above.
Test error: we should have detected this passing above.
Test error: we should have detected this passing above.
Test error: we should have detected this passing above.
FAILED norm_offsets: 0 , 0 , 0:
Sample 3977: coord {24.000000(0x1.8p+4),17.000000(0x1.1p+4),0.000000(0x0p+0)} did not validate!
	Expected (0.170655,0.162489,0.00273561,0.592157),
	     got (0.170696,0.162637,0.0029304,0.592157), error of 0
Integer coords resolve to 24,17,0   with img size 329,48,1

Step by step:
Starting coordinate: 24.000000, array index 17.000000
	Actual integer coords used (i = floor(x-.5)): i0:{ 23, 0 } and i1:{ 24, 0 }
	Array coordinate is 17.000000
	Sampled pixels (rgba order):
		p00: 0.027321, 0.270498, 0.002125, 0.298039
		p01: 0.313989, 0.054480, 0.003347, 0.886275
		p10: 0.027321, 0.270498, 0.002125, 0.298039
		p11: 0.313989, 0.054480, 0.003347, 0.886275
	frac( x - 0.5f ) = 0.500000,  frac( y - 0.5f ) = 0.000000
	ulps: 2762.00, 9953.00, 836619.00, 0.00  (max allowed: 5033165.00)

FAILED: [CL_sBGRA CL_UNORM_INT8            4] - CL_FILTER_LINEAR - CL_ADDRESS_CLAMP_TO_EDGE - UNNORMALIZED

[CL_sBGRA CL_UNORM_INT8            4] - CL_FILTER_LINEAR - CL_ADDRESS_CLAMP - UNNORMALIZED
Test error: we should have detected this passing above.
Test error: we should have detected this passing above.
Test error: we should have detected this passing above.
Test error: we should have detected this passing above.
FAILED norm_offsets: 0 , 0 , 0:
Sample 3977: coord {24.000000(0x1.8p+4),17.000000(0x1.1p+4),0.000000(0x0p+0)} did not validate!
	Expected (0.170655,0.162489,0.00273561,0.592157),
	     got (0.170696,0.162637,0.0029304,0.592157), error of 0
Integer coords resolve to 24,17,0   with img size 329,48,1

Step by step:
Starting coordinate: 24.000000, array index 17.000000
	Actual integer coords used (i = floor(x-.5)): i0:{ 23, 0 } and i1:{ 24, 0 }
	Array coordinate is 17.000000
	Sampled pixels (rgba order):
		p00: 0.027321, 0.270498, 0.002125, 0.298039
		p01: 0.313989, 0.054480, 0.003347, 0.886275
		p10: 0.027321, 0.270498, 0.002125, 0.298039
		p11: 0.313989, 0.054480, 0.003347, 0.886275
	frac( x - 0.5f ) = 0.500000,  frac( y - 0.5f ) = 0.000000
	ulps: 2762.00, 9953.00, 836619.00, 0.00  (max allowed: 5033165.00)

FAILED: [CL_sBGRA CL_UNORM_INT8            4] - CL_FILTER_LINEAR - CL_ADDRESS_CLAMP - UNNORMALIZED

[CL_ABGR CL_SNORM_INT8            4] - CL_FILTER_LINEAR - CL_ADDRESS_CLAMP_TO_EDGE - UNNORMALIZED
[CL_ABGR CL_SNORM_INT8            4] - CL_FILTER_LINEAR - CL_ADDRESS_CLAMP - UNNORMALIZED
[CL_ABGR CL_UNORM_INT8            4] - CL_FILTER_LINEAR - CL_ADDRESS_CLAMP_TO_EDGE - UNNORMALIZED
[CL_ABGR CL_UNORM_INT8            4] - CL_FILTER_LINEAR - CL_ADDRESS_CLAMP - UNNORMALIZED
[CL_ABGR CL_UNORM_INT_2_101010_EXT 4] - CL_FILTER_LINEAR - CL_ADDRESS_CLAMP_TO_EDGE - UNNORMALIZED
FAILED norm_offsets: 0 , 0 , 0:
Sample 6637: coord {47.299999(0x1.7a6666p+5),14.700000(0x1.d66666p+3),0.000000(0x0p+0)} did not validate!
	Expected (0.000782017,0.925709,0.266667,1),
	     got (0.000733138,0.925709,0.266373,1), error of 0
Integer coords resolve to 47,15,0   with img size 329,48,1

Step by step:
Starting coordinate: 47.299999, array index 14.700000
	Actual integer coords used (i = floor(x-.5)): i0:{ 46, 0 } and i1:{ 47, 0 }
	Array coordinate is 15.000000
	Sampled pixels (rgba order):
		p00: 0.003910, 0.964809, 0.523949, 1.000000
		p01: 0.000000, 0.915934, 0.202346, 1.000000
		p10: 0.003910, 0.964809, 0.523949, 1.000000
		p11: 0.000000, 0.915934, 0.202346, 1.000000
	frac( x - 0.5f ) = 0.799999,  frac( y - 0.5f ) = 0.000000
	ulps: -839732.00, -1.00, -9848.00, 0.00  (max allowed: 65538.00)

FAILED: [CL_ABGR CL_UNORM_INT_2_101010_EXT 4] - CL_FILTER_LINEAR - CL_ADDRESS_CLAMP_TO_EDGE - UNNORMALIZED

[CL_ABGR CL_UNORM_INT_2_101010_EXT 4] - CL_FILTER_LINEAR - CL_ADDRESS_CLAMP - UNNORMALIZED
FAILED norm_offsets: 0 , 0 , 0:
Sample 6637: coord {47.299999(0x1.7a6666p+5),14.700000(0x1.d66666p+3),0.000000(0x0p+0)} did not validate!
	Expected (0.000782017,0.925709,0.266667,1),
	     got (0.000733138,0.925709,0.266373,1), error of 0
Integer coords resolve to 47,15,0   with img size 329,48,1

Step by step:
Starting coordinate: 47.299999, array index 14.700000
	Actual integer coords used (i = floor(x-.5)): i0:{ 46, 0 } and i1:{ 47, 0 }
	Array coordinate is 15.000000
	Sampled pixels (rgba order):
		p00: 0.003910, 0.964809, 0.523949, 1.000000
		p01: 0.000000, 0.915934, 0.202346, 1.000000
		p10: 0.003910, 0.964809, 0.523949, 1.000000
		p11: 0.000000, 0.915934, 0.202346, 1.000000
	frac( x - 0.5f ) = 0.799999,  frac( y - 0.5f ) = 0.000000
	ulps: -839732.00, -1.00, -9848.00, 0.00  (max allowed: 65538.00)

FAILED: [CL_ABGR CL_UNORM_INT_2_101010_EXT 4] - CL_FILTER_LINEAR - CL_ADDRESS_CLAMP - UNNORMALIZED

read_image (normalized float coords, float results) *****************************
[CL_R    CL_SNORM_INT8            1] - CL_FILTER_LINEAR - CL_ADDRESS_CLAMP_TO_EDGE - NORMALIZED
[CL_R    CL_SNORM_INT8            1] - CL_FILTER_LINEAR - CL_ADDRESS_CLAMP - NORMALIZED
[CL_R    CL_SNORM_INT8            1] - CL_FILTER_LINEAR - CL_ADDRESS_REPEAT - NORMALIZED
[CL_R    CL_SNORM_INT8            1] - CL_FILTER_LINEAR - CL_ADDRESS_MIRRORED_REPEAT - NORMALIZED
[CL_R    CL_SNORM_INT16           1] - CL_FILTER_LINEAR - CL_ADDRESS_CLAMP_TO_EDGE - NORMALIZED
[CL_R    CL_SNORM_INT16           1] - CL_FILTER_LINEAR - CL_ADDRESS_CLAMP - NORMALIZED
[CL_R    CL_SNORM_INT16           1] - CL_FILTER_LINEAR - CL_ADDRESS_REPEAT - NORMALIZED
[CL_R    CL_SNORM_INT16           1] - CL_FILTER_LINEAR - CL_ADDRESS_MIRRORED_REPEAT - NORMALIZED
[CL_R    CL_UNORM_INT8            1] - CL_FILTER_LINEAR - CL_ADDRESS_CLAMP_TO_EDGE - NORMALIZED
[CL_R    CL_UNORM_INT8            1] - CL_FILTER_LINEAR - CL_ADDRESS_CLAMP - NORMALIZED
[CL_R    CL_UNORM_INT8            1] - CL_FILTER_LINEAR - CL_ADDRESS_REPEAT - NORMALIZED
[CL_R    CL_UNORM_INT8            1] - CL_FILTER_LINEAR - CL_ADDRESS_MIRRORED_REPEAT - NORMALIZED
[CL_R    CL_UNORM_INT16           1] - CL_FILTER_LINEAR - CL_ADDRESS_CLAMP_TO_EDGE - NORMALIZED
[CL_R    CL_UNORM_INT16           1] - CL_FILTER_LINEAR - CL_ADDRESS_CLAMP - NORMALIZED
[CL_R    CL_UNORM_INT16           1] - CL_FILTER_LINEAR - CL_ADDRESS_REPEAT - NORMALIZED
[CL_R    CL_UNORM_INT16           1] - CL_FILTER_LINEAR - CL_ADDRESS_MIRRORED_REPEAT - NORMALIZED
[CL_R    CL_HALF_FLOAT            1] - CL_FILTER_LINEAR - CL_ADDRESS_CLAMP_TO_EDGE - NORMALIZED
[CL_R    CL_HALF_FLOAT            1] - CL_FILTER_LINEAR - CL_ADDRESS_CLAMP - NORMALIZED
[CL_R    CL_HALF_FLOAT            1] - CL_FILTER_LINEAR - CL_ADDRESS_REPEAT - NORMALIZED
[CL_R    CL_HALF_FLOAT            1] - CL_FILTER_LINEAR - CL_ADDRESS_MIRRORED_REPEAT - NORMALIZED
[CL_R    CL_FLOAT                 1] - CL_FILTER_LINEAR - CL_ADDRESS_CLAMP_TO_EDGE - NORMALIZED
[CL_R    CL_FLOAT                 1] - CL_FILTER_LINEAR - CL_ADDRESS_CLAMP - NORMALIZED
[CL_R    CL_FLOAT                 1] - CL_FILTER_LINEAR - CL_ADDRESS_REPEAT - NORMALIZED
[CL_R    CL_FLOAT                 1] - CL_FILTER_LINEAR - CL_ADDRESS_MIRRORED_REPEAT - NORMALIZED
[CL_RG   CL_SNORM_INT8            2] - CL_FILTER_LINEAR - CL_ADDRESS_CLAMP_TO_EDGE - NORMALIZED
[CL_RG   CL_SNORM_INT8            2] - CL_FILTER_LINEAR - CL_ADDRESS_CLAMP - NORMALIZED
[CL_RG   CL_SNORM_INT8            2] - CL_FILTER_LINEAR - CL_ADDRESS_REPEAT - NORMALIZED
[CL_RG   CL_SNORM_INT8            2] - CL_FILTER_LINEAR - CL_ADDRESS_MIRRORED_REPEAT - NORMALIZED
[CL_RG   CL_SNORM_INT16           2] - CL_FILTER_LINEAR - CL_ADDRESS_CLAMP_TO_EDGE - NORMALIZED
[CL_RG   CL_SNORM_INT16           2] - CL_FILTER_LINEAR - CL_ADDRESS_CLAMP - NORMALIZED
[CL_RG   CL_SNORM_INT16           2] - CL_FILTER_LINEAR - CL_ADDRESS_REPEAT - NORMALIZED
[CL_RG   CL_SNORM_INT16           2] - CL_FILTER_LINEAR - CL_ADDRESS_MIRRORED_REPEAT - NORMALIZED
[CL_RG   CL_UNORM_INT8            2] - CL_FILTER_LINEAR - CL_ADDRESS_CLAMP_TO_EDGE - NORMALIZED
[CL_RG   CL_UNORM_INT8            2] - CL_FILTER_LINEAR - CL_ADDRESS_CLAMP - NORMALIZED
[CL_RG   CL_UNORM_INT8            2] - CL_FILTER_LINEAR - CL_ADDRESS_REPEAT - NORMALIZED
[CL_RG   CL_UNORM_INT8            2] - CL_FILTER_LINEAR - CL_ADDRESS_MIRRORED_REPEAT - NORMALIZED
[CL_RG   CL_UNORM_INT16           2] - CL_FILTER_LINEAR - CL_ADDRESS_CLAMP_TO_EDGE - NORMALIZED
[CL_RG   CL_UNORM_INT16           2] - CL_FILTER_LINEAR - CL_ADDRESS_CLAMP - NORMALIZED
[CL_RG   CL_UNORM_INT16           2] - CL_FILTER_LINEAR - CL_ADDRESS_REPEAT - NORMALIZED
[CL_RG   CL_UNORM_INT16           2] - CL_FILTER_LINEAR - CL_ADDRESS_MIRRORED_REPEAT - NORMALIZED
[CL_RG   CL_HALF_FLOAT            2] - CL_FILTER_LINEAR - CL_ADDRESS_CLAMP_TO_EDGE - NORMALIZED
[CL_RG   CL_HALF_FLOAT            2] - CL_FILTER_LINEAR - CL_ADDRESS_CLAMP - NORMALIZED
[CL_RG   CL_HALF_FLOAT            2] - CL_FILTER_LINEAR - CL_ADDRESS_REPEAT - NORMALIZED
[CL_RG   CL_HALF_FLOAT            2] - CL_FILTER_LINEAR - CL_ADDRESS_MIRRORED_REPEAT - NORMALIZED
[CL_RG   CL_FLOAT                 2] - CL_FILTER_LINEAR - CL_ADDRESS_CLAMP_TO_EDGE - NORMALIZED
[CL_RG   CL_FLOAT                 2] - CL_FILTER_LINEAR - CL_ADDRESS_CLAMP - NORMALIZED
[CL_RG   CL_FLOAT                 2] - CL_FILTER_LINEAR - CL_ADDRESS_REPEAT - NORMALIZED
[CL_RG   CL_FLOAT                 2] - CL_FILTER_LINEAR - CL_ADDRESS_MIRRORED_REPEAT - NORMALIZED
[CL_RGBA CL_SNORM_INT8            4] - CL_FILTER_LINEAR - CL_ADDRESS_CLAMP_TO_EDGE - NORMALIZED
[CL_RGBA CL_SNORM_INT8            4] - CL_FILTER_LINEAR - CL_ADDRESS_CLAMP - NORMALIZED
[CL_RGBA CL_SNORM_INT8            4] - CL_FILTER_LINEAR - CL_ADDRESS_REPEAT - NORMALIZED
[CL_RGBA CL_SNORM_INT8            4] - CL_FILTER_LINEAR - CL_ADDRESS_MIRRORED_REPEAT - NORMALIZED
[CL_RGBA CL_SNORM_INT16           4] - CL_FILTER_LINEAR - CL_ADDRESS_CLAMP_TO_EDGE - NORMALIZED
[CL_RGBA CL_SNORM_INT16           4] - CL_FILTER_LINEAR - CL_ADDRESS_CLAMP - NORMALIZED
[CL_RGBA CL_SNORM_INT16           4] - CL_FILTER_LINEAR - CL_ADDRESS_REPEAT - NORMALIZED
[CL_RGBA CL_SNORM_INT16           4] - CL_FILTER_LINEAR - CL_ADDRESS_MIRRORED_REPEAT - NORMALIZED
[CL_RGBA CL_UNORM_INT8            4] - CL_FILTER_LINEAR - CL_ADDRESS_CLAMP_TO_EDGE - NORMALIZED
[CL_RGBA CL_UNORM_INT8            4] - CL_FILTER_LINEAR - CL_ADDRESS_CLAMP - NORMALIZED
[CL_RGBA CL_UNORM_INT8            4] - CL_FILTER_LINEAR - CL_ADDRESS_REPEAT - NORMALIZED
[CL_RGBA CL_UNORM_INT8            4] - CL_FILTER_LINEAR - CL_ADDRESS_MIRRORED_REPEAT - NORMALIZED
[CL_RGBA CL_UNORM_INT16           4] - CL_FILTER_LINEAR - CL_ADDRESS_CLAMP_TO_EDGE - NORMALIZED
[CL_RGBA CL_UNORM_INT16           4] - CL_FILTER_LINEAR - CL_ADDRESS_CLAMP - NORMALIZED
[CL_RGBA CL_UNORM_INT16           4] - CL_FILTER_LINEAR - CL_ADDRESS_REPEAT - NORMALIZED
[CL_RGBA CL_UNORM_INT16           4] - CL_FILTER_LINEAR - CL_ADDRESS_MIRRORED_REPEAT - NORMALIZED
[CL_RGBA CL_HALF_FLOAT            4] - CL_FILTER_LINEAR - CL_ADDRESS_CLAMP_TO_EDGE - NORMALIZED
[CL_RGBA CL_HALF_FLOAT            4] - CL_FILTER_LINEAR - CL_ADDRESS_CLAMP - NORMALIZED
[CL_RGBA CL_HALF_FLOAT            4] - CL_FILTER_LINEAR - CL_ADDRESS_REPEAT - NORMALIZED
[CL_RGBA CL_HALF_FLOAT            4] - CL_FILTER_LINEAR - CL_ADDRESS_MIRRORED_REPEAT - NORMALIZED
[CL_RGBA CL_FLOAT                 4] - CL_FILTER_LINEAR - CL_ADDRESS_CLAMP_TO_EDGE - NORMALIZED
[CL_RGBA CL_FLOAT                 4] - CL_FILTER_LINEAR - CL_ADDRESS_CLAMP - NORMALIZED
[CL_RGBA CL_FLOAT                 4] - CL_FILTER_LINEAR - CL_ADDRESS_REPEAT - NORMALIZED
[CL_RGBA CL_FLOAT                 4] - CL_FILTER_LINEAR - CL_ADDRESS_MIRRORED_REPEAT - NORMALIZED
[CL_BGRA CL_SNORM_INT8            4] - CL_FILTER_LINEAR - CL_ADDRESS_CLAMP_TO_EDGE - NORMALIZED
[CL_BGRA CL_SNORM_INT8            4] - CL_FILTER_LINEAR - CL_ADDRESS_CLAMP - NORMALIZED
[CL_BGRA CL_SNORM_INT8            4] - CL_FILTER_LINEAR - CL_ADDRESS_REPEAT - NORMALIZED
[CL_BGRA CL_SNORM_INT8            4] - CL_FILTER_LINEAR - CL_ADDRESS_MIRRORED_REPEAT - NORMALIZED
[CL_BGRA CL_UNORM_INT8            4] - CL_FILTER_LINEAR - CL_ADDRESS_CLAMP_TO_EDGE - NORMALIZED
[CL_BGRA CL_UNORM_INT8            4] - CL_FILTER_LINEAR - CL_ADDRESS_CLAMP - NORMALIZED
[CL_BGRA CL_UNORM_INT8            4] - CL_FILTER_LINEAR - CL_ADDRESS_REPEAT - NORMALIZED
[CL_BGRA CL_UNORM_INT8            4] - CL_FILTER_LINEAR - CL_ADDRESS_MIRRORED_REPEAT - NORMALIZED
[CL_ARGB CL_SNORM_INT8            4] - CL_FILTER_LINEAR - CL_ADDRESS_CLAMP_TO_EDGE - NORMALIZED
[CL_ARGB CL_SNORM_INT8            4] - CL_FILTER_LINEAR - CL_ADDRESS_CLAMP - NORMALIZED
[CL_ARGB CL_SNORM_INT8            4] - CL_FILTER_LINEAR - CL_ADDRESS_REPEAT - NORMALIZED
[CL_ARGB CL_SNORM_INT8            4] - CL_FILTER_LINEAR - CL_ADDRESS_MIRRORED_REPEAT - NORMALIZED
[CL_ARGB CL_UNORM_INT8            4] - CL_FILTER_LINEAR - CL_ADDRESS_CLAMP_TO_EDGE - NORMALIZED
[CL_ARGB CL_UNORM_INT8            4] - CL_FILTER_LINEAR - CL_ADDRESS_CLAMP - NORMALIZED
[CL_ARGB CL_UNORM_INT8            4] - CL_FILTER_LINEAR - CL_ADDRESS_REPEAT - NORMALIZED
[CL_ARGB CL_UNORM_INT8            4] - CL_FILTER_LINEAR - CL_ADDRESS_MIRRORED_REPEAT - NORMALIZED
[CL_sRGBA CL_UNORM_INT8            4] - CL_FILTER_LINEAR - CL_ADDRESS_CLAMP_TO_EDGE - NORMALIZED
Test error: we should have detected this passing above.
Test error: we should have detected this passing above.
Test error: we should have detected this passing above.
Test error: we should have detected this passing above.
FAILED norm_offsets: -0 , -0 , -0:
Sample 3977: coord {0.072948(0x1.2acbdep-4),17.000000(0x1.1p+4),0.000000(0x0p+0)} did not validate!
	Expected (0.00273561,0.162489,0.170655,0.592157),
	     got (0.0029304,0.162637,0.170696,0.592157), error of 0
Integer coords resolve to 24,17,0   with img size 329,48,1

Step by step:
	Filter denormalizes x to 24.000000 (0.072948 * 329.000000)
	Actual integer coords used (i = floor(x-.5)): i0:{ 23, 0 } and i1:{ 24, 0 }
	Array coordinate is 17.000000
	Sampled pixels (rgba order):
		p00: 0.002125, 0.270498, 0.027321, 0.298039
		p01: 0.003347, 0.054480, 0.313989, 0.886275
		p10: 0.002125, 0.270498, 0.027321, 0.298039
		p11: 0.003347, 0.054480, 0.313989, 0.886275
	frac( x - 0.5f ) = 0.500000,  frac( y - 0.5f ) = 0.000000
	ulps: 836619.00, 9953.00, 2762.00, 0.00  (max allowed: 5033165.00)

FAILED: [CL_sRGBA CL_UNORM_INT8            4] - CL_FILTER_LINEAR - CL_ADDRESS_CLAMP_TO_EDGE - NORMALIZED

[CL_sRGBA CL_UNORM_INT8            4] - CL_FILTER_LINEAR - CL_ADDRESS_CLAMP - NORMALIZED
Test error: we should have detected this passing above.
Test error: we should have detected this passing above.
Test error: we should have detected this passing above.
Test error: we should have detected this passing above.
FAILED norm_offsets: -0 , -0 , -0:
Sample 3977: coord {0.072948(0x1.2acbdep-4),17.000000(0x1.1p+4),0.000000(0x0p+0)} did not validate!
	Expected (0.00273561,0.162489,0.170655,0.592157),
	     got (0.0029304,0.162637,0.170696,0.592157), error of 0
Integer coords resolve to 24,17,0   with img size 329,48,1

Step by step:
	Filter denormalizes x to 24.000000 (0.072948 * 329.000000)
	Actual integer coords used (i = floor(x-.5)): i0:{ 23, 0 } and i1:{ 24, 0 }
	Array coordinate is 17.000000
	Sampled pixels (rgba order):
		p00: 0.002125, 0.270498, 0.027321, 0.298039
		p01: 0.003347, 0.054480, 0.313989, 0.886275
		p10: 0.002125, 0.270498, 0.027321, 0.298039
		p11: 0.003347, 0.054480, 0.313989, 0.886275
	frac( x - 0.5f ) = 0.500000,  frac( y - 0.5f ) = 0.000000
	ulps: 836619.00, 9953.00, 2762.00, 0.00  (max allowed: 5033165.00)

FAILED: [CL_sRGBA CL_UNORM_INT8            4] - CL_FILTER_LINEAR - CL_ADDRESS_CLAMP - NORMALIZED

[CL_sRGBA CL_UNORM_INT8            4] - CL_FILTER_LINEAR - CL_ADDRESS_REPEAT - NORMALIZED
Test error: we should have detected this passing above.
Test error: we should have detected this passing above.
Test error: we should have detected this passing above.
Test error: we should have detected this passing above.
FAILED norm_offsets: -0 , -0 , -0:
Sample 3977: coord {0.072948(0x1.2acbdep-4),17.000000(0x1.1p+4),0.000000(0x0p+0)} did not validate!
	Expected (0.00273561,0.162489,0.170655,0.592157),
	     got (0.0029304,0.162637,0.170696,0.592157), error of 0
Integer coords resolve to 24,17,0   with img size 329,48,1

Step by step:
	Repeat filter denormalizes x (0.072948) to 24.000000
	Actual integer coords used (i = floor(x-.5)): i0:{ 23, 0 } and i1:{ 24, 0 }
	Array coordinate is 17.000000
	Sampled pixels (rgba order):
		p00: 0.002125, 0.270498, 0.027321, 0.298039
		p01: 0.003347, 0.054480, 0.313989, 0.886275
		p10: 0.002125, 0.270498, 0.027321, 0.298039
		p11: 0.003347, 0.054480, 0.313989, 0.886275
	frac( x - 0.5f ) = 0.500000,  frac( y - 0.5f ) = 0.000000
	ulps: 836619.00, 9953.00, 2762.00, 0.00  (max allowed: 5033165.00)

FAILED: [CL_sRGBA CL_UNORM_INT8            4] - CL_FILTER_LINEAR - CL_ADDRESS_REPEAT - NORMALIZED

[CL_sRGBA CL_UNORM_INT8            4] - CL_FILTER_LINEAR - CL_ADDRESS_MIRRORED_REPEAT - NORMALIZED
Test error: we should have detected this passing above.
Test error: we should have detected this passing above.
Test error: we should have detected this passing above.
Test error: we should have detected this passing above.
FAILED norm_offsets: -0 , -0 , -0:
Sample 3977: coord {0.072948(0x1.2acbdep-4),17.000000(0x1.1p+4),0.000000(0x0p+0)} did not validate!
	Expected (0.00273561,0.162489,0.170655,0.592157),
	     got (0.0029304,0.162637,0.170696,0.592157), error of 0
Integer coords resolve to 24,17,0   with img size 329,48,1

Step by step:
	Mirrored repeat filter denormalizes x (0.072948) to 24.000000
	Actual integer coords used (i = floor(x-.5)): i0:{ 23, 0 } and i1:{ 24, 0 }
	Array coordinate is 17.000000
	Sampled pixels (rgba order):
		p00: 0.002125, 0.270498, 0.027321, 0.298039
		p01: 0.003347, 0.054480, 0.313989, 0.886275
		p10: 0.002125, 0.270498, 0.027321, 0.298039
		p11: 0.003347, 0.054480, 0.313989, 0.886275
	frac( x - 0.5f ) = 0.500000,  frac( y - 0.5f ) = 0.000000
	ulps: 836619.00, 9953.00, 2762.00, 0.00  (max allowed: 5033165.00)

FAILED: [CL_sRGBA CL_UNORM_INT8            4] - CL_FILTER_LINEAR - CL_ADDRESS_MIRRORED_REPEAT - NORMALIZED

[CL_sBGRA CL_UNORM_INT8            4] - CL_FILTER_LINEAR - CL_ADDRESS_CLAMP_TO_EDGE - NORMALIZED
Test error: we should have detected this passing above.
Test error: we should have detected this passing above.
Test error: we should have detected this passing above.
Test error: we should have detected this passing above.
FAILED norm_offsets: -0 , -0 , -0:
Sample 3977: coord {0.072948(0x1.2acbdep-4),17.000000(0x1.1p+4),0.000000(0x0p+0)} did not validate!
	Expected (0.170655,0.162489,0.00273561,0.592157),
	     got (0.170696,0.162637,0.0029304,0.592157), error of 0
Integer coords resolve to 24,17,0   with img size 329,48,1

Step by step:
	Filter denormalizes x to 24.000000 (0.072948 * 329.000000)
	Actual integer coords used (i = floor(x-.5)): i0:{ 23, 0 } and i1:{ 24, 0 }
	Array coordinate is 17.000000
	Sampled pixels (rgba order):
		p00: 0.027321, 0.270498, 0.002125, 0.298039
		p01: 0.313989, 0.054480, 0.003347, 0.886275
		p10: 0.027321, 0.270498, 0.002125, 0.298039
		p11: 0.313989, 0.054480, 0.003347, 0.886275
	frac( x - 0.5f ) = 0.500000,  frac( y - 0.5f ) = 0.000000
	ulps: 2762.00, 9953.00, 836619.00, 0.00  (max allowed: 5033165.00)

FAILED: [CL_sBGRA CL_UNORM_INT8            4] - CL_FILTER_LINEAR - CL_ADDRESS_CLAMP_TO_EDGE - NORMALIZED

[CL_sBGRA CL_UNORM_INT8            4] - CL_FILTER_LINEAR - CL_ADDRESS_CLAMP - NORMALIZED
Test error: we should have detected this passing above.
Test error: we should have detected this passing above.
Test error: we should have detected this passing above.
Test error: we should have detected this passing above.
FAILED norm_offsets: -0 , -0 , -0:
Sample 3977: coord {0.072948(0x1.2acbdep-4),17.000000(0x1.1p+4),0.000000(0x0p+0)} did not validate!
	Expected (0.170655,0.162489,0.00273561,0.592157),
	     got (0.170696,0.162637,0.0029304,0.592157), error of 0
Integer coords resolve to 24,17,0   with img size 329,48,1

Step by step:
	Filter denormalizes x to 24.000000 (0.072948 * 329.000000)
	Actual integer coords used (i = floor(x-.5)): i0:{ 23, 0 } and i1:{ 24, 0 }
	Array coordinate is 17.000000
	Sampled pixels (rgba order):
		p00: 0.027321, 0.270498, 0.002125, 0.298039
		p01: 0.313989, 0.054480, 0.003347, 0.886275
		p10: 0.027321, 0.270498, 0.002125, 0.298039
		p11: 0.313989, 0.054480, 0.003347, 0.886275
	frac( x - 0.5f ) = 0.500000,  frac( y - 0.5f ) = 0.000000
	ulps: 2762.00, 9953.00, 836619.00, 0.00  (max allowed: 5033165.00)

FAILED: [CL_sBGRA CL_UNORM_INT8            4] - CL_FILTER_LINEAR - CL_ADDRESS_CLAMP - NORMALIZED

[CL_sBGRA CL_UNORM_INT8            4] - CL_FILTER_LINEAR - CL_ADDRESS_REPEAT - NORMALIZED
Test error: we should have detected this passing above.
Test error: we should have detected this passing above.
Test error: we should have detected this passing above.
Test error: we should have detected this passing above.
FAILED norm_offsets: -0 , -0 , -0:
Sample 3977: coord {0.072948(0x1.2acbdep-4),17.000000(0x1.1p+4),0.000000(0x0p+0)} did not validate!
	Expected (0.170655,0.162489,0.00273561,0.592157),
	     got (0.170696,0.162637,0.0029304,0.592157), error of 0
Integer coords resolve to 24,17,0   with img size 329,48,1

Step by step:
	Repeat filter denormalizes x (0.072948) to 24.000000
	Actual integer coords used (i = floor(x-.5)): i0:{ 23, 0 } and i1:{ 24, 0 }
	Array coordinate is 17.000000
	Sampled pixels (rgba order):
		p00: 0.027321, 0.270498, 0.002125, 0.298039
		p01: 0.313989, 0.054480, 0.003347, 0.886275
		p10: 0.027321, 0.270498, 0.002125, 0.298039
		p11: 0.313989, 0.054480, 0.003347, 0.886275
	frac( x - 0.5f ) = 0.500000,  frac( y - 0.5f ) = 0.000000
	ulps: 2762.00, 9953.00, 836619.00, 0.00  (max allowed: 5033165.00)

FAILED: [CL_sBGRA CL_UNORM_INT8            4] - CL_FILTER_LINEAR - CL_ADDRESS_REPEAT - NORMALIZED

[CL_sBGRA CL_UNORM_INT8            4] - CL_FILTER_LINEAR - CL_ADDRESS_MIRRORED_REPEAT - NORMALIZED
Test error: we should have detected this passing above.
Test error: we should have detected this passing above.
Test error: we should have detected this passing above.
Test error: we should have detected this passing above.
FAILED norm_offsets: -0 , -0 , -0:
Sample 3977: coord {0.072948(0x1.2acbdep-4),17.000000(0x1.1p+4),0.000000(0x0p+0)} did not validate!
	Expected (0.170655,0.162489,0.00273561,0.592157),
	     got (0.170696,0.162637,0.0029304,0.592157), error of 0
Integer coords resolve to 24,17,0   with img size 329,48,1

Step by step:
	Mirrored repeat filter denormalizes x (0.072948) to 24.000000
	Actual integer coords used (i = floor(x-.5)): i0:{ 23, 0 } and i1:{ 24, 0 }
	Array coordinate is 17.000000
	Sampled pixels (rgba order):
		p00: 0.027321, 0.270498, 0.002125, 0.298039
		p01: 0.313989, 0.054480, 0.003347, 0.886275
		p10: 0.027321, 0.270498, 0.002125, 0.298039
		p11: 0.313989, 0.054480, 0.003347, 0.886275
	frac( x - 0.5f ) = 0.500000,  frac( y - 0.5f ) = 0.000000
	ulps: 2762.00, 9953.00, 836619.00, 0.00  (max allowed: 5033165.00)

FAILED: [CL_sBGRA CL_UNORM_INT8            4] - CL_FILTER_LINEAR - CL_ADDRESS_MIRRORED_REPEAT - NORMALIZED

[CL_ABGR CL_SNORM_INT8            4] - CL_FILTER_LINEAR - CL_ADDRESS_CLAMP_TO_EDGE - NORMALIZED
[CL_ABGR CL_SNORM_INT8            4] - CL_FILTER_LINEAR - CL_ADDRESS_CLAMP - NORMALIZED
[CL_ABGR CL_SNORM_INT8            4] - CL_FILTER_LINEAR - CL_ADDRESS_REPEAT - NORMALIZED
[CL_ABGR CL_SNORM_INT8            4] - CL_FILTER_LINEAR - CL_ADDRESS_MIRRORED_REPEAT - NORMALIZED
[CL_ABGR CL_UNORM_INT8            4] - CL_FILTER_LINEAR - CL_ADDRESS_CLAMP_TO_EDGE - NORMALIZED
[CL_ABGR CL_UNORM_INT8            4] - CL_FILTER_LINEAR - CL_ADDRESS_CLAMP - NORMALIZED
[CL_ABGR CL_UNORM_INT8            4] - CL_FILTER_LINEAR - CL_ADDRESS_REPEAT - NORMALIZED
[CL_ABGR CL_UNORM_INT8            4] - CL_FILTER_LINEAR - CL_ADDRESS_MIRRORED_REPEAT - NORMALIZED
[CL_ABGR CL_UNORM_INT_2_101010_EXT 4] - CL_FILTER_LINEAR - CL_ADDRESS_CLAMP_TO_EDGE - NORMALIZED
FAILED norm_offsets: -0 , -0 , -0:
Sample 6637: coord {0.143769(0x1.26705cp-3),14.700000(0x1.d66666p+3),0.000000(0x0p+0)} did not validate!
	Expected (0.000782017,0.925709,0.266667,1),
	     got (0.000733138,0.925709,0.266373,1), error of 0
Integer coords resolve to 47,15,0   with img size 329,48,1

Step by step:
	Filter denormalizes x to 47.299999 (0.143769 * 329.000000)
	Actual integer coords used (i = floor(x-.5)): i0:{ 46, 0 } and i1:{ 47, 0 }
	Array coordinate is 15.000000
	Sampled pixels (rgba order):
		p00: 0.003910, 0.964809, 0.523949, 1.000000
		p01: 0.000000, 0.915934, 0.202346, 1.000000
		p10: 0.003910, 0.964809, 0.523949, 1.000000
		p11: 0.000000, 0.915934, 0.202346, 1.000000
	frac( x - 0.5f ) = 0.799999,  frac( y - 0.5f ) = 0.000000
	ulps: -839732.00, -1.00, -9848.00, 0.00  (max allowed: 65538.00)

FAILED: [CL_ABGR CL_UNORM_INT_2_101010_EXT 4] - CL_FILTER_LINEAR - CL_ADDRESS_CLAMP_TO_EDGE - NORMALIZED

[CL_ABGR CL_UNORM_INT_2_101010_EXT 4] - CL_FILTER_LINEAR - CL_ADDRESS_CLAMP - NORMALIZED
FAILED norm_offsets: -0 , -0 , -0:
Sample 6637: coord {0.143769(0x1.26705cp-3),14.700000(0x1.d66666p+3),0.000000(0x0p+0)} did not validate!
	Expected (0.000782017,0.925709,0.266667,1),
	     got (0.000733138,0.925709,0.266373,1), error of 0
Integer coords resolve to 47,15,0   with img size 329,48,1

Step by step:
	Filter denormalizes x to 47.299999 (0.143769 * 329.000000)
	Actual integer coords used (i = floor(x-.5)): i0:{ 46, 0 } and i1:{ 47, 0 }
	Array coordinate is 15.000000
	Sampled pixels (rgba order):
		p00: 0.003910, 0.964809, 0.523949, 1.000000
		p01: 0.000000, 0.915934, 0.202346, 1.000000
		p10: 0.003910, 0.964809, 0.523949, 1.000000
		p11: 0.000000, 0.915934, 0.202346, 1.000000
	frac( x - 0.5f ) = 0.799999,  frac( y - 0.5f ) = 0.000000
	ulps: -839732.00, -1.00, -9848.00, 0.00  (max allowed: 65538.00)

FAILED: [CL_ABGR CL_UNORM_INT_2_101010_EXT 4] - CL_FILTER_LINEAR - CL_ADDRESS_CLAMP - NORMALIZED

[CL_ABGR CL_UNORM_INT_2_101010_EXT 4] - CL_FILTER_LINEAR - CL_ADDRESS_REPEAT - NORMALIZED
FAILED norm_offsets: -0 , -0 , -0:
Sample 6637: coord {0.143769(0x1.26705cp-3),14.700000(0x1.d66666p+3),0.000000(0x0p+0)} did not validate!
	Expected (0.000782017,0.925709,0.266667,1),
	     got (0.000733138,0.925709,0.266373,1), error of 0
Integer coords resolve to 47,15,0   with img size 329,48,1

Step by step:
	Repeat filter denormalizes x (0.143769) to 47.299999
	Actual integer coords used (i = floor(x-.5)): i0:{ 46, 0 } and i1:{ 47, 0 }
	Array coordinate is 15.000000
	Sampled pixels (rgba order):
		p00: 0.003910, 0.964809, 0.523949, 1.000000
		p01: 0.000000, 0.915934, 0.202346, 1.000000
		p10: 0.003910, 0.964809, 0.523949, 1.000000
		p11: 0.000000, 0.915934, 0.202346, 1.000000
	frac( x - 0.5f ) = 0.799999,  frac( y - 0.5f ) = 0.000000
	ulps: -839732.00, -1.00, -9848.00, 0.00  (max allowed: 65538.00)

FAILED: [CL_ABGR CL_UNORM_INT_2_101010_EXT 4] - CL_FILTER_LINEAR - CL_ADDRESS_REPEAT - NORMALIZED

[CL_ABGR CL_UNORM_INT_2_101010_EXT 4] - CL_FILTER_LINEAR - CL_ADDRESS_MIRRORED_REPEAT - NORMALIZED
FAILED norm_offsets: -0 , -0 , -0:
Sample 6637: coord {0.143769(0x1.26705cp-3),14.700000(0x1.d66666p+3),0.000000(0x0p+0)} did not validate!
	Expected (0.000782017,0.925709,0.266667,1),
	     got (0.000733138,0.925709,0.266373,1), error of 0
Integer coords resolve to 47,15,0   with img size 329,48,1

Step by step:
	Mirrored repeat filter denormalizes x (0.143769) to 47.299999
	Actual integer coords used (i = floor(x-.5)): i0:{ 46, 0 } and i1:{ 47, 0 }
	Array coordinate is 15.000000
	Sampled pixels (rgba order):
		p00: 0.003910, 0.964809, 0.523949, 1.000000
		p01: 0.000000, 0.915934, 0.202346, 1.000000
		p10: 0.003910, 0.964809, 0.523949, 1.000000
		p11: 0.000000, 0.915934, 0.202346, 1.000000
	frac( x - 0.5f ) = 0.799999,  frac( y - 0.5f ) = 0.000000
	ulps: -839732.00, -1.00, -9848.00, 0.00  (max allowed: 65538.00)

FAILED: [CL_ABGR CL_UNORM_INT_2_101010_EXT 4] - CL_FILTER_LINEAR - CL_ADDRESS_MIRRORED_REPEAT - NORMALIZED

---- Supported 1D array write formats for this device ---- 
  CL_R    CL_SNORM_INT8            1
  CL_R    CL_SNORM_INT16           1
  CL_R    CL_UNORM_INT8            1
  CL_R    CL_UNORM_INT16           1
  CL_R    CL_SIGNED_INT8           1
  CL_R    CL_SIGNED_INT16          1
  CL_R    CL_SIGNED_INT32          1
  CL_R    CL_UNSIGNED_INT8         1
  CL_R    CL_UNSIGNED_INT16        1
  CL_R    CL_UNSIGNED_INT32        1
  CL_R    CL_HALF_FLOAT            1
  CL_R    CL_FLOAT                 1
  CL_RG   CL_SNORM_INT8            2
  CL_RG   CL_SNORM_INT16           2
  CL_RG   CL_UNORM_INT8            2
  CL_RG   CL_UNORM_INT16           2
  CL_RG   CL_SIGNED_INT8           2
  CL_RG   CL_SIGNED_INT16          2
  CL_RG   CL_SIGNED_INT32          2
  CL_RG   CL_UNSIGNED_INT8         2
  CL_RG   CL_UNSIGNED_INT16        2
  CL_RG   CL_UNSIGNED_INT32        2
  CL_RG   CL_HALF_FLOAT            2
  CL_RG   CL_FLOAT                 2
  CL_RGBA CL_SNORM_INT8            4
  CL_RGBA CL_SNORM_INT16           4
  CL_RGBA CL_UNORM_INT8            4
  CL_RGBA CL_UNORM_INT16           4
  CL_RGBA CL_SIGNED_INT8           4
  CL_RGBA CL_SIGNED_INT16          4
  CL_RGBA CL_SIGNED_INT32          4
  CL_RGBA CL_UNSIGNED_INT8         4
  CL_RGBA CL_UNSIGNED_INT16        4
  CL_RGBA CL_UNSIGNED_INT32        4
  CL_RGBA CL_HALF_FLOAT            4
  CL_RGBA CL_FLOAT                 4
  CL_BGRA CL_SNORM_INT8            4
  CL_BGRA CL_UNORM_INT8            4
  CL_BGRA CL_SIGNED_INT8           4
  CL_BGRA CL_UNSIGNED_INT8         4
  CL_ARGB CL_SNORM_INT8            4
  CL_ARGB CL_UNORM_INT8            4
  CL_ABGR CL_SNORM_INT8            4
  CL_ABGR CL_UNORM_INT8            4
  CL_ABGR CL_UNORM_INT_2_101010_EXT 4
------------------------------------------- 
write_image (int input) *****************************
[CL_R    CL_SIGNED_INT8           1]
[CL_R    CL_SIGNED_INT16          1]
[CL_R    CL_SIGNED_INT32          1]
[CL_RG   CL_SIGNED_INT8           2]
[CL_RG   CL_SIGNED_INT16          2]
[CL_RG   CL_SIGNED_INT32          2]
[CL_RGBA CL_SIGNED_INT8           4]
[CL_RGBA CL_SIGNED_INT16          4]
[CL_RGBA CL_SIGNED_INT32          4]
[CL_BGRA CL_SIGNED_INT8           4]
write_image (uint input) *****************************
[CL_R    CL_UNSIGNED_INT8         1]
[CL_R    CL_UNSIGNED_INT16        1]
[CL_R    CL_UNSIGNED_INT32        1]
[CL_RG   CL_UNSIGNED_INT8         2]
[CL_RG   CL_UNSIGNED_INT16        2]
[CL_RG   CL_UNSIGNED_INT32        2]
[CL_RGBA CL_UNSIGNED_INT8         4]
[CL_RGBA CL_UNSIGNED_INT16        4]
[CL_RGBA CL_UNSIGNED_INT32        4]
[CL_BGRA CL_UNSIGNED_INT8         4]
write_image (float input) *****************************
[CL_R    CL_SNORM_INT8            1]
[CL_R    CL_SNORM_INT16           1]
[CL_R    CL_UNORM_INT8            1]
[CL_R    CL_UNORM_INT16           1]
[CL_R    CL_HALF_FLOAT            1]
[CL_R    CL_FLOAT                 1]
[CL_RG   CL_SNORM_INT8            2]
[CL_RG   CL_SNORM_INT16           2]
[CL_RG   CL_UNORM_INT8            2]
[CL_RG   CL_UNORM_INT16           2]
[CL_RG   CL_HALF_FLOAT            2]
[CL_RG   CL_FLOAT                 2]
[CL_RGBA CL_SNORM_INT8            4]
[CL_RGBA CL_SNORM_INT16           4]
[CL_RGBA CL_UNORM_INT8            4]
[CL_RGBA CL_UNORM_INT16           4]
[CL_RGBA CL_HALF_FLOAT            4]
[CL_RGBA CL_FLOAT                 4]
[CL_BGRA CL_SNORM_INT8            4]
[CL_BGRA CL_UNORM_INT8            4]
[CL_ARGB CL_SNORM_INT8            4]
[CL_ARGB CL_UNORM_INT8            4]
[CL_ABGR CL_SNORM_INT8            4]
[CL_ABGR CL_UNORM_INT8            4]
[CL_ABGR CL_UNORM_INT_2_101010_EXT 4]
---- Supported 1D array read_write formats for this device ---- 
  CL_R    CL_SNORM_INT8            1
  CL_R    CL_SNORM_INT16           1
  CL_R    CL_UNORM_INT8            1
  CL_R    CL_UNORM_INT16           1
  CL_R    CL_SIGNED_INT8           1
  CL_R    CL_SIGNED_INT16          1
  CL_R    CL_SIGNED_INT32          1
  CL_R    CL_UNSIGNED_INT8         1
  CL_R    CL_UNSIGNED_INT16        1
  CL_R    CL_UNSIGNED_INT32        1
  CL_R    CL_HALF_FLOAT            1
  CL_R    CL_FLOAT                 1
  CL_RG   CL_SNORM_INT8            2
  CL_RG   CL_SNORM_INT16           2
  CL_RG   CL_UNORM_INT8            2
  CL_RG   CL_UNORM_INT16           2
  CL_RG   CL_SIGNED_INT8           2
  CL_RG   CL_SIGNED_INT16          2
  CL_RG   CL_SIGNED_INT32          2
  CL_RG   CL_UNSIGNED_INT8         2
  CL_RG   CL_UNSIGNED_INT16        2
  CL_RG   CL_UNSIGNED_INT32        2
  CL_RG   CL_HALF_FLOAT            2
  CL_RG   CL_FLOAT                 2
  CL_RGBA CL_SNORM_INT8            4
  CL_RGBA CL_SNORM_INT16           4
  CL_RGBA CL_UNORM_INT8            4
  CL_RGBA CL_UNORM_INT16           4
  CL_RGBA CL_SIGNED_INT8           4
  CL_RGBA CL_SIGNED_INT16          4
  CL_RGBA CL_SIGNED_INT32          4
  CL_RGBA CL_UNSIGNED_INT8         4
  CL_RGBA CL_UNSIGNED_INT16        4
  CL_RGBA CL_UNSIGNED_INT32        4
  CL_RGBA CL_HALF_FLOAT            4
  CL_RGBA CL_FLOAT                 4
  CL_BGRA CL_SNORM_INT8            4
  CL_BGRA CL_UNORM_INT8            4
  CL_BGRA CL_SIGNED_INT8           4
  CL_BGRA CL_UNSIGNED_INT8         4
  CL_ARGB CL_SNORM_INT8            4
  CL_ARGB CL_UNORM_INT8            4
  CL_ABGR CL_SNORM_INT8            4
  CL_ABGR CL_UNORM_INT8            4
  CL_ABGR CL_UNORM_INT_2_101010_EXT 4
------------------------------------------- 
read_image (integer coords, int results) *****************************
[CL_R    CL_SIGNED_INT8           1] - CL_FILTER_NEAREST - CL_ADDRESS_NONE - UNNORMALIZED
[CL_R    CL_SIGNED_INT16          1] - CL_FILTER_NEAREST - CL_ADDRESS_NONE - UNNORMALIZED
[CL_R    CL_SIGNED_INT32          1] - CL_FILTER_NEAREST - CL_ADDRESS_NONE - UNNORMALIZED
[CL_RG   CL_SIGNED_INT8           2] - CL_FILTER_NEAREST - CL_ADDRESS_NONE - UNNORMALIZED
[CL_RG   CL_SIGNED_INT16          2] - CL_FILTER_NEAREST - CL_ADDRESS_NONE - UNNORMALIZED
[CL_RG   CL_SIGNED_INT32          2] - CL_FILTER_NEAREST - CL_ADDRESS_NONE - UNNORMALIZED
[CL_RGBA CL_SIGNED_INT8           4] - CL_FILTER_NEAREST - CL_ADDRESS_NONE - UNNORMALIZED
[CL_RGBA CL_SIGNED_INT16          4] - CL_FILTER_NEAREST - CL_ADDRESS_NONE - UNNORMALIZED
[CL_RGBA CL_SIGNED_INT32          4] - CL_FILTER_NEAREST - CL_ADDRESS_NONE - UNNORMALIZED
[CL_BGRA CL_SIGNED_INT8           4] - CL_FILTER_NEAREST - CL_ADDRESS_NONE - UNNORMALIZED
read_image (integer coords, uint results) *****************************
[CL_R    CL_UNSIGNED_INT8         1] - CL_FILTER_NEAREST - CL_ADDRESS_NONE - UNNORMALIZED
[CL_R    CL_UNSIGNED_INT16        1] - CL_FILTER_NEAREST - CL_ADDRESS_NONE - UNNORMALIZED
[CL_R    CL_UNSIGNED_INT32        1] - CL_FILTER_NEAREST - CL_ADDRESS_NONE - UNNORMALIZED
[CL_RG   CL_UNSIGNED_INT8         2] - CL_FILTER_NEAREST - CL_ADDRESS_NONE - UNNORMALIZED
[CL_RG   CL_UNSIGNED_INT16        2] - CL_FILTER_NEAREST - CL_ADDRESS_NONE - UNNORMALIZED
[CL_RG   CL_UNSIGNED_INT32        2] - CL_FILTER_NEAREST - CL_ADDRESS_NONE - UNNORMALIZED
[CL_RGBA CL_UNSIGNED_INT8         4] - CL_FILTER_NEAREST - CL_ADDRESS_NONE - UNNORMALIZED
[CL_RGBA CL_UNSIGNED_INT16        4] - CL_FILTER_NEAREST - CL_ADDRESS_NONE - UNNORMALIZED
[CL_RGBA CL_UNSIGNED_INT32        4] - CL_FILTER_NEAREST - CL_ADDRESS_NONE - UNNORMALIZED
[CL_BGRA CL_UNSIGNED_INT8         4] - CL_FILTER_NEAREST - CL_ADDRESS_NONE - UNNORMALIZED
read_image (integer coords, float results) *****************************
[CL_R    CL_SNORM_INT8            1] - CL_FILTER_NEAREST - CL_ADDRESS_NONE - UNNORMALIZED
[CL_R    CL_SNORM_INT16           1] - CL_FILTER_NEAREST - CL_ADDRESS_NONE - UNNORMALIZED
[CL_R    CL_UNORM_INT8            1] - CL_FILTER_NEAREST - CL_ADDRESS_NONE - UNNORMALIZED
[CL_R    CL_UNORM_INT16           1] - CL_FILTER_NEAREST - CL_ADDRESS_NONE - UNNORMALIZED
[CL_R    CL_HALF_FLOAT            1] - CL_FILTER_NEAREST - CL_ADDRESS_NONE - UNNORMALIZED
[CL_R    CL_FLOAT                 1] - CL_FILTER_NEAREST - CL_ADDRESS_NONE - UNNORMALIZED
[CL_RG   CL_SNORM_INT8            2] - CL_FILTER_NEAREST - CL_ADDRESS_NONE - UNNORMALIZED
[CL_RG   CL_SNORM_INT16           2] - CL_FILTER_NEAREST - CL_ADDRESS_NONE - UNNORMALIZED
[CL_RG   CL_UNORM_INT8            2] - CL_FILTER_NEAREST - CL_ADDRESS_NONE - UNNORMALIZED
[CL_RG   CL_UNORM_INT16           2] - CL_FILTER_NEAREST - CL_ADDRESS_NONE - UNNORMALIZED
[CL_RG   CL_HALF_FLOAT            2] - CL_FILTER_NEAREST - CL_ADDRESS_NONE - UNNORMALIZED
[CL_RG   CL_FLOAT                 2] - CL_FILTER_NEAREST - CL_ADDRESS_NONE - UNNORMALIZED
[CL_RGBA CL_SNORM_INT8            4] - CL_FILTER_NEAREST - CL_ADDRESS_NONE - UNNORMALIZED
[CL_RGBA CL_SNORM_INT16           4] - CL_FILTER_NEAREST - CL_ADDRESS_NONE - UNNORMALIZED
[CL_RGBA CL_UNORM_INT8            4] - CL_FILTER_NEAREST - CL_ADDRESS_NONE - UNNORMALIZED
[CL_RGBA CL_UNORM_INT16           4] - CL_FILTER_NEAREST - CL_ADDRESS_NONE - UNNORMALIZED
[CL_RGBA CL_HALF_FLOAT            4] - CL_FILTER_NEAREST - CL_ADDRESS_NONE - UNNORMALIZED
[CL_RGBA CL_FLOAT                 4] - CL_FILTER_NEAREST - CL_ADDRESS_NONE - UNNORMALIZED
[CL_BGRA CL_SNORM_INT8            4] - CL_FILTER_NEAREST - CL_ADDRESS_NONE - UNNORMALIZED
[CL_BGRA CL_UNORM_INT8            4] - CL_FILTER_NEAREST - CL_ADDRESS_NONE - UNNORMALIZED
[CL_ARGB CL_SNORM_INT8            4] - CL_FILTER_NEAREST - CL_ADDRESS_NONE - UNNORMALIZED
[CL_ARGB CL_UNORM_INT8            4] - CL_FILTER_NEAREST - CL_ADDRESS_NONE - UNNORMALIZED
[CL_ABGR CL_SNORM_INT8            4] - CL_FILTER_NEAREST - CL_ADDRESS_NONE - UNNORMALIZED
[CL_ABGR CL_UNORM_INT8            4] - CL_FILTER_NEAREST - CL_ADDRESS_NONE - UNNORMALIZED
[CL_ABGR CL_UNORM_INT_2_101010_EXT 4] - CL_FILTER_NEAREST - CL_ADDRESS_NONE - UNNORMALIZED
---- Supported 1D array read_write formats for this device ---- 
  CL_R    CL_SNORM_INT8            1
  CL_R    CL_SNORM_INT16           1
  CL_R    CL_UNORM_INT8            1
  CL_R    CL_UNORM_INT16           1
  CL_R    CL_SIGNED_INT8           1
  CL_R    CL_SIGNED_INT16          1
  CL_R    CL_SIGNED_INT32          1
  CL_R    CL_UNSIGNED_INT8         1
  CL_R    CL_UNSIGNED_INT16        1
  CL_R    CL_UNSIGNED_INT32        1
  CL_R    CL_HALF_FLOAT            1
  CL_R    CL_FLOAT                 1
  CL_RG   CL_SNORM_INT8            2
  CL_RG   CL_SNORM_INT16           2
  CL_RG   CL_UNORM_INT8            2
  CL_RG   CL_UNORM_INT16           2
  CL_RG   CL_SIGNED_INT8           2
  CL_RG   CL_SIGNED_INT16          2
  CL_RG   CL_SIGNED_INT32          2
  CL_RG   CL_UNSIGNED_INT8         2
  CL_RG   CL_UNSIGNED_INT16        2
  CL_RG   CL_UNSIGNED_INT32        2
  CL_RG   CL_HALF_FLOAT            2
  CL_RG   CL_FLOAT                 2
  CL_RGBA CL_SNORM_INT8            4
  CL_RGBA CL_SNORM_INT16           4
  CL_RGBA CL_UNORM_INT8            4
  CL_RGBA CL_UNORM_INT16           4
  CL_RGBA CL_SIGNED_INT8           4
  CL_RGBA CL_SIGNED_INT16          4
  CL_RGBA CL_SIGNED_INT32          4
  CL_RGBA CL_UNSIGNED_INT8         4
  CL_RGBA CL_UNSIGNED_INT16        4
  CL_RGBA CL_UNSIGNED_INT32        4
  CL_RGBA CL_HALF_FLOAT            4
  CL_RGBA CL_FLOAT                 4
  CL_BGRA CL_SNORM_INT8            4
  CL_BGRA CL_UNORM_INT8            4
  CL_BGRA CL_SIGNED_INT8           4
  CL_BGRA CL_UNSIGNED_INT8         4
  CL_ARGB CL_SNORM_INT8            4
  CL_ARGB CL_UNORM_INT8            4
  CL_ABGR CL_SNORM_INT8            4
  CL_ABGR CL_UNORM_INT8            4
  CL_ABGR CL_UNORM_INT_2_101010_EXT 4
------------------------------------------- 
write_image (int input) *****************************
[CL_R    CL_SIGNED_INT8           1]
[CL_R    CL_SIGNED_INT16          1]
[CL_R    CL_SIGNED_INT32          1]
[CL_RG   CL_SIGNED_INT8           2]
[CL_RG   CL_SIGNED_INT16          2]
[CL_RG   CL_SIGNED_INT32          2]
[CL_RGBA CL_SIGNED_INT8           4]
[CL_RGBA CL_SIGNED_INT16          4]
[CL_RGBA CL_SIGNED_INT32          4]
[CL_BGRA CL_SIGNED_INT8           4]
write_image (uint input) *****************************
[CL_R    CL_UNSIGNED_INT8         1]
[CL_R    CL_UNSIGNED_INT16        1]
[CL_R    CL_UNSIGNED_INT32        1]
[CL_RG   CL_UNSIGNED_INT8         2]
[CL_RG   CL_UNSIGNED_INT16        2]
[CL_RG   CL_UNSIGNED_INT32        2]
[CL_RGBA CL_UNSIGNED_INT8         4]
[CL_RGBA CL_UNSIGNED_INT16        4]
[CL_RGBA CL_UNSIGNED_INT32        4]
[CL_BGRA CL_UNSIGNED_INT8         4]
write_image (float input) *****************************
[CL_R    CL_SNORM_INT8            1]
[CL_R    CL_SNORM_INT16           1]
[CL_R    CL_UNORM_INT8            1]
[CL_R    CL_UNORM_INT16           1]
[CL_R    CL_HALF_FLOAT            1]
[CL_R    CL_FLOAT                 1]
[CL_RG   CL_SNORM_INT8            2]
[CL_RG   CL_SNORM_INT16           2]
[CL_RG   CL_UNORM_INT8            2]
[CL_RG   CL_UNORM_INT16           2]
[CL_RG   CL_HALF_FLOAT            2]
[CL_RG   CL_FLOAT                 2]
[CL_RGBA CL_SNORM_INT8            4]
[CL_RGBA CL_SNORM_INT16           4]
[CL_RGBA CL_UNORM_INT8            4]
[CL_RGBA CL_UNORM_INT16           4]
[CL_RGBA CL_HALF_FLOAT            4]
[CL_RGBA CL_FLOAT                 4]
[CL_BGRA CL_SNORM_INT8            4]
[CL_BGRA CL_UNORM_INT8            4]
[CL_ARGB CL_SNORM_INT8            4]
[CL_ARGB CL_UNORM_INT8            4]
[CL_ABGR CL_SNORM_INT8            4]
[CL_ABGR CL_UNORM_INT8            4]
[CL_ABGR CL_UNORM_INT_2_101010_EXT 4]
1Darray FAILED
2Darray...
---- Supported 2D array read formats for this device ---- 
  CL_R    CL_SNORM_INT8            1
  CL_R    CL_SNORM_INT16           1
  CL_R    CL_UNORM_INT8            1
  CL_R    CL_UNORM_INT16           1
  CL_R    CL_SIGNED_INT8           1
  CL_R    CL_SIGNED_INT16          1
  CL_R    CL_SIGNED_INT32          1
  CL_R    CL_UNSIGNED_INT8         1
  CL_R    CL_UNSIGNED_INT16        1
  CL_R    CL_UNSIGNED_INT32        1
  CL_R    CL_HALF_FLOAT            1
  CL_R    CL_FLOAT                 1
  CL_RG   CL_SNORM_INT8            2
  CL_RG   CL_SNORM_INT16           2
  CL_RG   CL_UNORM_INT8            2
  CL_RG   CL_UNORM_INT16           2
  CL_RG   CL_SIGNED_INT8           2
  CL_RG   CL_SIGNED_INT16          2
  CL_RG   CL_SIGNED_INT32          2
  CL_RG   CL_UNSIGNED_INT8         2
  CL_RG   CL_UNSIGNED_INT16        2
  CL_RG   CL_UNSIGNED_INT32        2
  CL_RG   CL_HALF_FLOAT            2
  CL_RG   CL_FLOAT                 2
  CL_RGBA CL_SNORM_INT8            4
  CL_RGBA CL_SNORM_INT16           4
  CL_RGBA CL_UNORM_INT8            4
  CL_RGBA CL_UNORM_INT16           4
  CL_RGBA CL_SIGNED_INT8           4
  CL_RGBA CL_SIGNED_INT16          4
  CL_RGBA CL_SIGNED_INT32          4
  CL_RGBA CL_UNSIGNED_INT8         4
  CL_RGBA CL_UNSIGNED_INT16        4
  CL_RGBA CL_UNSIGNED_INT32        4
  CL_RGBA CL_HALF_FLOAT            4
  CL_RGBA CL_FLOAT                 4
  CL_BGRA CL_SNORM_INT8            4
  CL_BGRA CL_UNORM_INT8            4
  CL_BGRA CL_SIGNED_INT8           4
  CL_BGRA CL_UNSIGNED_INT8         4
  CL_ARGB CL_SNORM_INT8            4
  CL_ARGB CL_UNORM_INT8            4
  CL_DEPTH CL_UNORM_INT16           1
  CL_DEPTH CL_FLOAT                 1
  CL_sRGBA CL_UNORM_INT8            4
  CL_sBGRA CL_UNORM_INT8            4
  CL_ABGR CL_SNORM_INT8            4
  CL_ABGR CL_UNORM_INT8            4
  CL_ABGR CL_UNORM_INT_2_101010_EXT 4
------------------------------------------- 
read_image (integer coords, int results) *****************************
[CL_R    CL_SIGNED_INT8           1] - CL_FILTER_NEAREST - CL_ADDRESS_CLAMP_TO_EDGE - UNNORMALIZED
[CL_R    CL_SIGNED_INT8           1] - CL_FILTER_NEAREST - CL_ADDRESS_CLAMP - UNNORMALIZED
[CL_R    CL_SIGNED_INT16          1] - CL_FILTER_NEAREST - CL_ADDRESS_CLAMP_TO_EDGE - UNNORMALIZED
[CL_R    CL_SIGNED_INT16          1] - CL_FILTER_NEAREST - CL_ADDRESS_CLAMP - UNNORMALIZED
[CL_R    CL_SIGNED_INT32          1] - CL_FILTER_NEAREST - CL_ADDRESS_CLAMP_TO_EDGE - UNNORMALIZED
[CL_R    CL_SIGNED_INT32          1] - CL_FILTER_NEAREST - CL_ADDRESS_CLAMP - UNNORMALIZED
[CL_RG   CL_SIGNED_INT8           2] - CL_FILTER_NEAREST - CL_ADDRESS_CLAMP_TO_EDGE - UNNORMALIZED
[CL_RG   CL_SIGNED_INT8           2] - CL_FILTER_NEAREST - CL_ADDRESS_CLAMP - UNNORMALIZED
[CL_RG   CL_SIGNED_INT16          2] - CL_FILTER_NEAREST - CL_ADDRESS_CLAMP_TO_EDGE - UNNORMALIZED
[CL_RG   CL_SIGNED_INT16          2] - CL_FILTER_NEAREST - CL_ADDRESS_CLAMP - UNNORMALIZED
[CL_RG   CL_SIGNED_INT32          2] - CL_FILTER_NEAREST - CL_ADDRESS_CLAMP_TO_EDGE - UNNORMALIZED
[CL_RG   CL_SIGNED_INT32          2] - CL_FILTER_NEAREST - CL_ADDRESS_CLAMP - UNNORMALIZED
[CL_RGBA CL_SIGNED_INT8           4] - CL_FILTER_NEAREST - CL_ADDRESS_CLAMP_TO_EDGE - UNNORMALIZED
[CL_RGBA CL_SIGNED_INT8           4] - CL_FILTER_NEAREST - CL_ADDRESS_CLAMP - UNNORMALIZED
[CL_RGBA CL_SIGNED_INT16          4] - CL_FILTER_NEAREST - CL_ADDRESS_CLAMP_TO_EDGE - UNNORMALIZED
[CL_RGBA CL_SIGNED_INT16          4] - CL_FILTER_NEAREST - CL_ADDRESS_CLAMP - UNNORMALIZED
[CL_RGBA CL_SIGNED_INT32          4] - CL_FILTER_NEAREST - CL_ADDRESS_CLAMP_TO_EDGE - UNNORMALIZED
[CL_RGBA CL_SIGNED_INT32          4] - CL_FILTER_NEAREST - CL_ADDRESS_CLAMP - UNNORMALIZED
[CL_BGRA CL_SIGNED_INT8           4] - CL_FILTER_NEAREST - CL_ADDRESS_CLAMP_TO_EDGE - UNNORMALIZED
[CL_BGRA CL_SIGNED_INT8           4] - CL_FILTER_NEAREST - CL_ADDRESS_CLAMP - UNNORMALIZED
read_image (unnormalized float coords, int results) *****************************
[CL_R    CL_SIGNED_INT8           1] - CL_FILTER_NEAREST - CL_ADDRESS_CLAMP_TO_EDGE - UNNORMALIZED
[CL_R    CL_SIGNED_INT8           1] - CL_FILTER_NEAREST - CL_ADDRESS_CLAMP - UNNORMALIZED
[CL_R    CL_SIGNED_INT16          1] - CL_FILTER_NEAREST - CL_ADDRESS_CLAMP_TO_EDGE - UNNORMALIZED
[CL_R    CL_SIGNED_INT16          1] - CL_FILTER_NEAREST - CL_ADDRESS_CLAMP - UNNORMALIZED
[CL_R    CL_SIGNED_INT32          1] - CL_FILTER_NEAREST - CL_ADDRESS_CLAMP_TO_EDGE - UNNORMALIZED
[CL_R    CL_SIGNED_INT32          1] - CL_FILTER_NEAREST - CL_ADDRESS_CLAMP - UNNORMALIZED
[CL_RG   CL_SIGNED_INT8           2] - CL_FILTER_NEAREST - CL_ADDRESS_CLAMP_TO_EDGE - UNNORMALIZED
[CL_RG   CL_SIGNED_INT8           2] - CL_FILTER_NEAREST - CL_ADDRESS_CLAMP - UNNORMALIZED
[CL_RG   CL_SIGNED_INT16          2] - CL_FILTER_NEAREST - CL_ADDRESS_CLAMP_TO_EDGE - UNNORMALIZED
[CL_RG   CL_SIGNED_INT16          2] - CL_FILTER_NEAREST - CL_ADDRESS_CLAMP - UNNORMALIZED
[CL_RG   CL_SIGNED_INT32          2] - CL_FILTER_NEAREST - CL_ADDRESS_CLAMP_TO_EDGE - UNNORMALIZED
[CL_RG   CL_SIGNED_INT32          2] - CL_FILTER_NEAREST - CL_ADDRESS_CLAMP - UNNORMALIZED
[CL_RGBA CL_SIGNED_INT8           4] - CL_FILTER_NEAREST - CL_ADDRESS_CLAMP_TO_EDGE - UNNORMALIZED
[CL_RGBA CL_SIGNED_INT8           4] - CL_FILTER_NEAREST - CL_ADDRESS_CLAMP - UNNORMALIZED
[CL_RGBA CL_SIGNED_INT16          4] - CL_FILTER_NEAREST - CL_ADDRESS_CLAMP_TO_EDGE - UNNORMALIZED
[CL_RGBA CL_SIGNED_INT16          4] - CL_FILTER_NEAREST - CL_ADDRESS_CLAMP - UNNORMALIZED
[CL_RGBA CL_SIGNED_INT32          4] - CL_FILTER_NEAREST - CL_ADDRESS_CLAMP_TO_EDGE - UNNORMALIZED
[CL_RGBA CL_SIGNED_INT32          4] - CL_FILTER_NEAREST - CL_ADDRESS_CLAMP - UNNORMALIZED
[CL_BGRA CL_SIGNED_INT8           4] - CL_FILTER_NEAREST - CL_ADDRESS_CLAMP_TO_EDGE - UNNORMALIZED
[CL_BGRA CL_SIGNED_INT8           4] - CL_FILTER_NEAREST - CL_ADDRESS_CLAMP - UNNORMALIZED
read_image (normalized float coords, int results) *****************************
[CL_R    CL_SIGNED_INT8           1] - CL_FILTER_NEAREST - CL_ADDRESS_CLAMP_TO_EDGE - NORMALIZED
[CL_R    CL_SIGNED_INT8           1] - CL_FILTER_NEAREST - CL_ADDRESS_CLAMP - NORMALIZED
[CL_R    CL_SIGNED_INT8           1] - CL_FILTER_NEAREST - CL_ADDRESS_REPEAT - NORMALIZED
[CL_R    CL_SIGNED_INT8           1] - CL_FILTER_NEAREST - CL_ADDRESS_MIRRORED_REPEAT - NORMALIZED
[CL_R    CL_SIGNED_INT16          1] - CL_FILTER_NEAREST - CL_ADDRESS_CLAMP_TO_EDGE - NORMALIZED
[CL_R    CL_SIGNED_INT16          1] - CL_FILTER_NEAREST - CL_ADDRESS_CLAMP - NORMALIZED
[CL_R    CL_SIGNED_INT16          1] - CL_FILTER_NEAREST - CL_ADDRESS_REPEAT - NORMALIZED
[CL_R    CL_SIGNED_INT16          1] - CL_FILTER_NEAREST - CL_ADDRESS_MIRRORED_REPEAT - NORMALIZED
[CL_R    CL_SIGNED_INT32          1] - CL_FILTER_NEAREST - CL_ADDRESS_CLAMP_TO_EDGE - NORMALIZED
[CL_R    CL_SIGNED_INT32          1] - CL_FILTER_NEAREST - CL_ADDRESS_CLAMP - NORMALIZED
[CL_R    CL_SIGNED_INT32          1] - CL_FILTER_NEAREST - CL_ADDRESS_REPEAT - NORMALIZED
[CL_R    CL_SIGNED_INT32          1] - CL_FILTER_NEAREST - CL_ADDRESS_MIRRORED_REPEAT - NORMALIZED
[CL_RG   CL_SIGNED_INT8           2] - CL_FILTER_NEAREST - CL_ADDRESS_CLAMP_TO_EDGE - NORMALIZED
[CL_RG   CL_SIGNED_INT8           2] - CL_FILTER_NEAREST - CL_ADDRESS_CLAMP - NORMALIZED
[CL_RG   CL_SIGNED_INT8           2] - CL_FILTER_NEAREST - CL_ADDRESS_REPEAT - NORMALIZED
[CL_RG   CL_SIGNED_INT8           2] - CL_FILTER_NEAREST - CL_ADDRESS_MIRRORED_REPEAT - NORMALIZED
[CL_RG   CL_SIGNED_INT16          2] - CL_FILTER_NEAREST - CL_ADDRESS_CLAMP_TO_EDGE - NORMALIZED
[CL_RG   CL_SIGNED_INT16          2] - CL_FILTER_NEAREST - CL_ADDRESS_CLAMP - NORMALIZED
[CL_RG   CL_SIGNED_INT16          2] - CL_FILTER_NEAREST - CL_ADDRESS_REPEAT - NORMALIZED
[CL_RG   CL_SIGNED_INT16          2] - CL_FILTER_NEAREST - CL_ADDRESS_MIRRORED_REPEAT - NORMALIZED
[CL_RG   CL_SIGNED_INT32          2] - CL_FILTER_NEAREST - CL_ADDRESS_CLAMP_TO_EDGE - NORMALIZED
[CL_RG   CL_SIGNED_INT32          2] - CL_FILTER_NEAREST - CL_ADDRESS_CLAMP - NORMALIZED
[CL_RG   CL_SIGNED_INT32          2] - CL_FILTER_NEAREST - CL_ADDRESS_REPEAT - NORMALIZED
[CL_RG   CL_SIGNED_INT32          2] - CL_FILTER_NEAREST - CL_ADDRESS_MIRRORED_REPEAT - NORMALIZED
[CL_RGBA CL_SIGNED_INT8           4] - CL_FILTER_NEAREST - CL_ADDRESS_CLAMP_TO_EDGE - NORMALIZED
[CL_RGBA CL_SIGNED_INT8           4] - CL_FILTER_NEAREST - CL_ADDRESS_CLAMP - NORMALIZED
[CL_RGBA CL_SIGNED_INT8           4] - CL_FILTER_NEAREST - CL_ADDRESS_REPEAT - NORMALIZED
[CL_RGBA CL_SIGNED_INT8           4] - CL_FILTER_NEAREST - CL_ADDRESS_MIRRORED_REPEAT - NORMALIZED
[CL_RGBA CL_SIGNED_INT16          4] - CL_FILTER_NEAREST - CL_ADDRESS_CLAMP_TO_EDGE - NORMALIZED
[CL_RGBA CL_SIGNED_INT16          4] - CL_FILTER_NEAREST - CL_ADDRESS_CLAMP - NORMALIZED
[CL_RGBA CL_SIGNED_INT16          4] - CL_FILTER_NEAREST - CL_ADDRESS_REPEAT - NORMALIZED
[CL_RGBA CL_SIGNED_INT16          4] - CL_FILTER_NEAREST - CL_ADDRESS_MIRRORED_REPEAT - NORMALIZED
[CL_RGBA CL_SIGNED_INT32          4] - CL_FILTER_NEAREST - CL_ADDRESS_CLAMP_TO_EDGE - NORMALIZED
[CL_RGBA CL_SIGNED_INT32          4] - CL_FILTER_NEAREST - CL_ADDRESS_CLAMP - NORMALIZED
[CL_RGBA CL_SIGNED_INT32          4] - CL_FILTER_NEAREST - CL_ADDRESS_REPEAT - NORMALIZED
[CL_RGBA CL_SIGNED_INT32          4] - CL_FILTER_NEAREST - CL_ADDRESS_MIRRORED_REPEAT - NORMALIZED
[CL_BGRA CL_SIGNED_INT8           4] - CL_FILTER_NEAREST - CL_ADDRESS_CLAMP_TO_EDGE - NORMALIZED
[CL_BGRA CL_SIGNED_INT8           4] - CL_FILTER_NEAREST - CL_ADDRESS_CLAMP - NORMALIZED
[CL_BGRA CL_SIGNED_INT8           4] - CL_FILTER_NEAREST - CL_ADDRESS_REPEAT - NORMALIZED
[CL_BGRA CL_SIGNED_INT8           4] - CL_FILTER_NEAREST - CL_ADDRESS_MIRRORED_REPEAT - NORMALIZED
read_image (integer coords, uint results) *****************************
[CL_R    CL_UNSIGNED_INT8         1] - CL_FILTER_NEAREST - CL_ADDRESS_CLAMP_TO_EDGE - UNNORMALIZED
[CL_R    CL_UNSIGNED_INT8         1] - CL_FILTER_NEAREST - CL_ADDRESS_CLAMP - UNNORMALIZED
[CL_R    CL_UNSIGNED_INT16        1] - CL_FILTER_NEAREST - CL_ADDRESS_CLAMP_TO_EDGE - UNNORMALIZED
[CL_R    CL_UNSIGNED_INT16        1] - CL_FILTER_NEAREST - CL_ADDRESS_CLAMP - UNNORMALIZED
[CL_R    CL_UNSIGNED_INT32        1] - CL_FILTER_NEAREST - CL_ADDRESS_CLAMP_TO_EDGE - UNNORMALIZED
[CL_R    CL_UNSIGNED_INT32        1] - CL_FILTER_NEAREST - CL_ADDRESS_CLAMP - UNNORMALIZED
[CL_RG   CL_UNSIGNED_INT8         2] - CL_FILTER_NEAREST - CL_ADDRESS_CLAMP_TO_EDGE - UNNORMALIZED
[CL_RG   CL_UNSIGNED_INT8         2] - CL_FILTER_NEAREST - CL_ADDRESS_CLAMP - UNNORMALIZED
[CL_RG   CL_UNSIGNED_INT16        2] - CL_FILTER_NEAREST - CL_ADDRESS_CLAMP_TO_EDGE - UNNORMALIZED
[CL_RG   CL_UNSIGNED_INT16        2] - CL_FILTER_NEAREST - CL_ADDRESS_CLAMP - UNNORMALIZED
[CL_RG   CL_UNSIGNED_INT32        2] - CL_FILTER_NEAREST - CL_ADDRESS_CLAMP_TO_EDGE - UNNORMALIZED
[CL_RG   CL_UNSIGNED_INT32        2] - CL_FILTER_NEAREST - CL_ADDRESS_CLAMP - UNNORMALIZED
[CL_RGBA CL_UNSIGNED_INT8         4] - CL_FILTER_NEAREST - CL_ADDRESS_CLAMP_TO_EDGE - UNNORMALIZED
[CL_RGBA CL_UNSIGNED_INT8         4] - CL_FILTER_NEAREST - CL_ADDRESS_CLAMP - UNNORMALIZED
[CL_RGBA CL_UNSIGNED_INT16        4] - CL_FILTER_NEAREST - CL_ADDRESS_CLAMP_TO_EDGE - UNNORMALIZED
[CL_RGBA CL_UNSIGNED_INT16        4] - CL_FILTER_NEAREST - CL_ADDRESS_CLAMP - UNNORMALIZED
[CL_RGBA CL_UNSIGNED_INT32        4] - CL_FILTER_NEAREST - CL_ADDRESS_CLAMP_TO_EDGE - UNNORMALIZED
[CL_RGBA CL_UNSIGNED_INT32        4] - CL_FILTER_NEAREST - CL_ADDRESS_CLAMP - UNNORMALIZED
[CL_BGRA CL_UNSIGNED_INT8         4] - CL_FILTER_NEAREST - CL_ADDRESS_CLAMP_TO_EDGE - UNNORMALIZED
[CL_BGRA CL_UNSIGNED_INT8         4] - CL_FILTER_NEAREST - CL_ADDRESS_CLAMP - UNNORMALIZED
read_image (unnormalized float coords, uint results) *****************************
[CL_R    CL_UNSIGNED_INT8         1] - CL_FILTER_NEAREST - CL_ADDRESS_CLAMP_TO_EDGE - UNNORMALIZED
[CL_R    CL_UNSIGNED_INT8         1] - CL_FILTER_NEAREST - CL_ADDRESS_CLAMP - UNNORMALIZED
[CL_R    CL_UNSIGNED_INT16        1] - CL_FILTER_NEAREST - CL_ADDRESS_CLAMP_TO_EDGE - UNNORMALIZED
[CL_R    CL_UNSIGNED_INT16        1] - CL_FILTER_NEAREST - CL_ADDRESS_CLAMP - UNNORMALIZED
[CL_R    CL_UNSIGNED_INT32        1] - CL_FILTER_NEAREST - CL_ADDRESS_CLAMP_TO_EDGE - UNNORMALIZED
[CL_R    CL_UNSIGNED_INT32        1] - CL_FILTER_NEAREST - CL_ADDRESS_CLAMP - UNNORMALIZED
[CL_RG   CL_UNSIGNED_INT8         2] - CL_FILTER_NEAREST - CL_ADDRESS_CLAMP_TO_EDGE - UNNORMALIZED
[CL_RG   CL_UNSIGNED_INT8         2] - CL_FILTER_NEAREST - CL_ADDRESS_CLAMP - UNNORMALIZED
[CL_RG   CL_UNSIGNED_INT16        2] - CL_FILTER_NEAREST - CL_ADDRESS_CLAMP_TO_EDGE - UNNORMALIZED
[CL_RG   CL_UNSIGNED_INT16        2] - CL_FILTER_NEAREST - CL_ADDRESS_CLAMP - UNNORMALIZED
[CL_RG   CL_UNSIGNED_INT32        2] - CL_FILTER_NEAREST - CL_ADDRESS_CLAMP_TO_EDGE - UNNORMALIZED
[CL_RG   CL_UNSIGNED_INT32        2] - CL_FILTER_NEAREST - CL_ADDRESS_CLAMP - UNNORMALIZED
[CL_RGBA CL_UNSIGNED_INT8         4] - CL_FILTER_NEAREST - CL_ADDRESS_CLAMP_TO_EDGE - UNNORMALIZED
[CL_RGBA CL_UNSIGNED_INT8         4] - CL_FILTER_NEAREST - CL_ADDRESS_CLAMP - UNNORMALIZED
[CL_RGBA CL_UNSIGNED_INT16        4] - CL_FILTER_NEAREST - CL_ADDRESS_CLAMP_TO_EDGE - UNNORMALIZED
[CL_RGBA CL_UNSIGNED_INT16        4] - CL_FILTER_NEAREST - CL_ADDRESS_CLAMP - UNNORMALIZED
[CL_RGBA CL_UNSIGNED_INT32        4] - CL_FILTER_NEAREST - CL_ADDRESS_CLAMP_TO_EDGE - UNNORMALIZED
[CL_RGBA CL_UNSIGNED_INT32        4] - CL_FILTER_NEAREST - CL_ADDRESS_CLAMP - UNNORMALIZED
[CL_BGRA CL_UNSIGNED_INT8         4] - CL_FILTER_NEAREST - CL_ADDRESS_CLAMP_TO_EDGE - UNNORMALIZED
[CL_BGRA CL_UNSIGNED_INT8         4] - CL_FILTER_NEAREST - CL_ADDRESS_CLAMP - UNNORMALIZED
read_image (normalized float coords, uint results) *****************************
[CL_R    CL_UNSIGNED_INT8         1] - CL_FILTER_NEAREST - CL_ADDRESS_CLAMP_TO_EDGE - NORMALIZED
[CL_R    CL_UNSIGNED_INT8         1] - CL_FILTER_NEAREST - CL_ADDRESS_CLAMP - NORMALIZED
[CL_R    CL_UNSIGNED_INT8         1] - CL_FILTER_NEAREST - CL_ADDRESS_REPEAT - NORMALIZED
[CL_R    CL_UNSIGNED_INT8         1] - CL_FILTER_NEAREST - CL_ADDRESS_MIRRORED_REPEAT - NORMALIZED
[CL_R    CL_UNSIGNED_INT16        1] - CL_FILTER_NEAREST - CL_ADDRESS_CLAMP_TO_EDGE - NORMALIZED
[CL_R    CL_UNSIGNED_INT16        1] - CL_FILTER_NEAREST - CL_ADDRESS_CLAMP - NORMALIZED
[CL_R    CL_UNSIGNED_INT16        1] - CL_FILTER_NEAREST - CL_ADDRESS_REPEAT - NORMALIZED
[CL_R    CL_UNSIGNED_INT16        1] - CL_FILTER_NEAREST - CL_ADDRESS_MIRRORED_REPEAT - NORMALIZED
[CL_R    CL_UNSIGNED_INT32        1] - CL_FILTER_NEAREST - CL_ADDRESS_CLAMP_TO_EDGE - NORMALIZED
[CL_R    CL_UNSIGNED_INT32        1] - CL_FILTER_NEAREST - CL_ADDRESS_CLAMP - NORMALIZED
[CL_R    CL_UNSIGNED_INT32        1] - CL_FILTER_NEAREST - CL_ADDRESS_REPEAT - NORMALIZED
[CL_R    CL_UNSIGNED_INT32        1] - CL_FILTER_NEAREST - CL_ADDRESS_MIRRORED_REPEAT - NORMALIZED
[CL_RG   CL_UNSIGNED_INT8         2] - CL_FILTER_NEAREST - CL_ADDRESS_CLAMP_TO_EDGE - NORMALIZED
[CL_RG   CL_UNSIGNED_INT8         2] - CL_FILTER_NEAREST - CL_ADDRESS_CLAMP - NORMALIZED
[CL_RG   CL_UNSIGNED_INT8         2] - CL_FILTER_NEAREST - CL_ADDRESS_REPEAT - NORMALIZED
[CL_RG   CL_UNSIGNED_INT8         2] - CL_FILTER_NEAREST - CL_ADDRESS_MIRRORED_REPEAT - NORMALIZED
[CL_RG   CL_UNSIGNED_INT16        2] - CL_FILTER_NEAREST - CL_ADDRESS_CLAMP_TO_EDGE - NORMALIZED
[CL_RG   CL_UNSIGNED_INT16        2] - CL_FILTER_NEAREST - CL_ADDRESS_CLAMP - NORMALIZED
[CL_RG   CL_UNSIGNED_INT16        2] - CL_FILTER_NEAREST - CL_ADDRESS_REPEAT - NORMALIZED
[CL_RG   CL_UNSIGNED_INT16        2] - CL_FILTER_NEAREST - CL_ADDRESS_MIRRORED_REPEAT - NORMALIZED
[CL_RG   CL_UNSIGNED_INT32        2] - CL_FILTER_NEAREST - CL_ADDRESS_CLAMP_TO_EDGE - NORMALIZED
[CL_RG   CL_UNSIGNED_INT32        2] - CL_FILTER_NEAREST - CL_ADDRESS_CLAMP - NORMALIZED
[CL_RG   CL_UNSIGNED_INT32        2] - CL_FILTER_NEAREST - CL_ADDRESS_REPEAT - NORMALIZED
[CL_RG   CL_UNSIGNED_INT32        2] - CL_FILTER_NEAREST - CL_ADDRESS_MIRRORED_REPEAT - NORMALIZED
[CL_RGBA CL_UNSIGNED_INT8         4] - CL_FILTER_NEAREST - CL_ADDRESS_CLAMP_TO_EDGE - NORMALIZED
[CL_RGBA CL_UNSIGNED_INT8         4] - CL_FILTER_NEAREST - CL_ADDRESS_CLAMP - NORMALIZED
[CL_RGBA CL_UNSIGNED_INT8         4] - CL_FILTER_NEAREST - CL_ADDRESS_REPEAT - NORMALIZED
[CL_RGBA CL_UNSIGNED_INT8         4] - CL_FILTER_NEAREST - CL_ADDRESS_MIRRORED_REPEAT - NORMALIZED
[CL_RGBA CL_UNSIGNED_INT16        4] - CL_FILTER_NEAREST - CL_ADDRESS_CLAMP_TO_EDGE - NORMALIZED
[CL_RGBA CL_UNSIGNED_INT16        4] - CL_FILTER_NEAREST - CL_ADDRESS_CLAMP - NORMALIZED
[CL_RGBA CL_UNSIGNED_INT16        4] - CL_FILTER_NEAREST - CL_ADDRESS_REPEAT - NORMALIZED
[CL_RGBA CL_UNSIGNED_INT16        4] - CL_FILTER_NEAREST - CL_ADDRESS_MIRRORED_REPEAT - NORMALIZED
[CL_RGBA CL_UNSIGNED_INT32        4] - CL_FILTER_NEAREST - CL_ADDRESS_CLAMP_TO_EDGE - NORMALIZED
[CL_RGBA CL_UNSIGNED_INT32        4] - CL_FILTER_NEAREST - CL_ADDRESS_CLAMP - NORMALIZED
[CL_RGBA CL_UNSIGNED_INT32        4] - CL_FILTER_NEAREST - CL_ADDRESS_REPEAT - NORMALIZED
[CL_RGBA CL_UNSIGNED_INT32        4] - CL_FILTER_NEAREST - CL_ADDRESS_MIRRORED_REPEAT - NORMALIZED
[CL_BGRA CL_UNSIGNED_INT8         4] - CL_FILTER_NEAREST - CL_ADDRESS_CLAMP_TO_EDGE - NORMALIZED
[CL_BGRA CL_UNSIGNED_INT8         4] - CL_FILTER_NEAREST - CL_ADDRESS_CLAMP - NORMALIZED
[CL_BGRA CL_UNSIGNED_INT8         4] - CL_FILTER_NEAREST - CL_ADDRESS_REPEAT - NORMALIZED
[CL_BGRA CL_UNSIGNED_INT8         4] - CL_FILTER_NEAREST - CL_ADDRESS_MIRRORED_REPEAT - NORMALIZED
read_image (integer coords, float results) *****************************
[CL_R    CL_SNORM_INT8            1] - CL_FILTER_NEAREST - CL_ADDRESS_CLAMP_TO_EDGE - UNNORMALIZED
[CL_R    CL_SNORM_INT8            1] - CL_FILTER_NEAREST - CL_ADDRESS_CLAMP - UNNORMALIZED
[CL_R    CL_SNORM_INT16           1] - CL_FILTER_NEAREST - CL_ADDRESS_CLAMP_TO_EDGE - UNNORMALIZED
[CL_R    CL_SNORM_INT16           1] - CL_FILTER_NEAREST - CL_ADDRESS_CLAMP - UNNORMALIZED
[CL_R    CL_UNORM_INT8            1] - CL_FILTER_NEAREST - CL_ADDRESS_CLAMP_TO_EDGE - UNNORMALIZED
[CL_R    CL_UNORM_INT8            1] - CL_FILTER_NEAREST - CL_ADDRESS_CLAMP - UNNORMALIZED
[CL_R    CL_UNORM_INT16           1] - CL_FILTER_NEAREST - CL_ADDRESS_CLAMP_TO_EDGE - UNNORMALIZED
[CL_R    CL_UNORM_INT16           1] - CL_FILTER_NEAREST - CL_ADDRESS_CLAMP - UNNORMALIZED
[CL_R    CL_HALF_FLOAT            1] - CL_FILTER_NEAREST - CL_ADDRESS_CLAMP_TO_EDGE - UNNORMALIZED
[CL_R    CL_HALF_FLOAT            1] - CL_FILTER_NEAREST - CL_ADDRESS_CLAMP - UNNORMALIZED
[CL_R    CL_FLOAT                 1] - CL_FILTER_NEAREST - CL_ADDRESS_CLAMP_TO_EDGE - UNNORMALIZED
[CL_R    CL_FLOAT                 1] - CL_FILTER_NEAREST - CL_ADDRESS_CLAMP - UNNORMALIZED
[CL_RG   CL_SNORM_INT8            2] - CL_FILTER_NEAREST - CL_ADDRESS_CLAMP_TO_EDGE - UNNORMALIZED
[CL_RG   CL_SNORM_INT8            2] - CL_FILTER_NEAREST - CL_ADDRESS_CLAMP - UNNORMALIZED
[CL_RG   CL_SNORM_INT16           2] - CL_FILTER_NEAREST - CL_ADDRESS_CLAMP_TO_EDGE - UNNORMALIZED
[CL_RG   CL_SNORM_INT16           2] - CL_FILTER_NEAREST - CL_ADDRESS_CLAMP - UNNORMALIZED
[CL_RG   CL_UNORM_INT8            2] - CL_FILTER_NEAREST - CL_ADDRESS_CLAMP_TO_EDGE - UNNORMALIZED
[CL_RG   CL_UNORM_INT8            2] - CL_FILTER_NEAREST - CL_ADDRESS_CLAMP - UNNORMALIZED
[CL_RG   CL_UNORM_INT16           2] - CL_FILTER_NEAREST - CL_ADDRESS_CLAMP_TO_EDGE - UNNORMALIZED
[CL_RG   CL_UNORM_INT16           2] - CL_FILTER_NEAREST - CL_ADDRESS_CLAMP - UNNORMALIZED
[CL_RG   CL_HALF_FLOAT            2] - CL_FILTER_NEAREST - CL_ADDRESS_CLAMP_TO_EDGE - UNNORMALIZED
[CL_RG   CL_HALF_FLOAT            2] - CL_FILTER_NEAREST - CL_ADDRESS_CLAMP - UNNORMALIZED
[CL_RG   CL_FLOAT                 2] - CL_FILTER_NEAREST - CL_ADDRESS_CLAMP_TO_EDGE - UNNORMALIZED
[CL_RG   CL_FLOAT                 2] - CL_FILTER_NEAREST - CL_ADDRESS_CLAMP - UNNORMALIZED
[CL_RGBA CL_SNORM_INT8            4] - CL_FILTER_NEAREST - CL_ADDRESS_CLAMP_TO_EDGE - UNNORMALIZED
[CL_RGBA CL_SNORM_INT8            4] - CL_FILTER_NEAREST - CL_ADDRESS_CLAMP - UNNORMALIZED
[CL_RGBA CL_SNORM_INT16           4] - CL_FILTER_NEAREST - CL_ADDRESS_CLAMP_TO_EDGE - UNNORMALIZED
[CL_RGBA CL_SNORM_INT16           4] - CL_FILTER_NEAREST - CL_ADDRESS_CLAMP - UNNORMALIZED
[CL_RGBA CL_UNORM_INT8            4] - CL_FILTER_NEAREST - CL_ADDRESS_CLAMP_TO_EDGE - UNNORMALIZED
[CL_RGBA CL_UNORM_INT8            4] - CL_FILTER_NEAREST - CL_ADDRESS_CLAMP - UNNORMALIZED
[CL_RGBA CL_UNORM_INT16           4] - CL_FILTER_NEAREST - CL_ADDRESS_CLAMP_TO_EDGE - UNNORMALIZED
[CL_RGBA CL_UNORM_INT16           4] - CL_FILTER_NEAREST - CL_ADDRESS_CLAMP - UNNORMALIZED
[CL_RGBA CL_HALF_FLOAT            4] - CL_FILTER_NEAREST - CL_ADDRESS_CLAMP_TO_EDGE - UNNORMALIZED
[CL_RGBA CL_HALF_FLOAT            4] - CL_FILTER_NEAREST - CL_ADDRESS_CLAMP - UNNORMALIZED
[CL_RGBA CL_FLOAT                 4] - CL_FILTER_NEAREST - CL_ADDRESS_CLAMP_TO_EDGE - UNNORMALIZED
[CL_RGBA CL_FLOAT                 4] - CL_FILTER_NEAREST - CL_ADDRESS_CLAMP - UNNORMALIZED
[CL_BGRA CL_SNORM_INT8            4] - CL_FILTER_NEAREST - CL_ADDRESS_CLAMP_TO_EDGE - UNNORMALIZED
[CL_BGRA CL_SNORM_INT8            4] - CL_FILTER_NEAREST - CL_ADDRESS_CLAMP - UNNORMALIZED
[CL_BGRA CL_UNORM_INT8            4] - CL_FILTER_NEAREST - CL_ADDRESS_CLAMP_TO_EDGE - UNNORMALIZED
[CL_BGRA CL_UNORM_INT8            4] - CL_FILTER_NEAREST - CL_ADDRESS_CLAMP - UNNORMALIZED
[CL_ARGB CL_SNORM_INT8            4] - CL_FILTER_NEAREST - CL_ADDRESS_CLAMP_TO_EDGE - UNNORMALIZED
[CL_ARGB CL_SNORM_INT8            4] - CL_FILTER_NEAREST - CL_ADDRESS_CLAMP - UNNORMALIZED
[CL_ARGB CL_UNORM_INT8            4] - CL_FILTER_NEAREST - CL_ADDRESS_CLAMP_TO_EDGE - UNNORMALIZED
[CL_ARGB CL_UNORM_INT8            4] - CL_FILTER_NEAREST - CL_ADDRESS_CLAMP - UNNORMALIZED
[CL_DEPTH CL_UNORM_INT16           1] - CL_FILTER_NEAREST - CL_ADDRESS_CLAMP_TO_EDGE - UNNORMALIZED
[CL_DEPTH CL_UNORM_INT16           1] - CL_FILTER_NEAREST - CL_ADDRESS_CLAMP - UNNORMALIZED
[CL_DEPTH CL_FLOAT                 1] - CL_FILTER_NEAREST - CL_ADDRESS_CLAMP_TO_EDGE - UNNORMALIZED
[CL_DEPTH CL_FLOAT                 1] - CL_FILTER_NEAREST - CL_ADDRESS_CLAMP - UNNORMALIZED
[CL_sRGBA CL_UNORM_INT8            4] - CL_FILTER_NEAREST - CL_ADDRESS_CLAMP_TO_EDGE - UNNORMALIZED
[CL_sRGBA CL_UNORM_INT8            4] - CL_FILTER_NEAREST - CL_ADDRESS_CLAMP - UNNORMALIZED
[CL_sBGRA CL_UNORM_INT8            4] - CL_FILTER_NEAREST - CL_ADDRESS_CLAMP_TO_EDGE - UNNORMALIZED
[CL_sBGRA CL_UNORM_INT8            4] - CL_FILTER_NEAREST - CL_ADDRESS_CLAMP - UNNORMALIZED
[CL_ABGR CL_SNORM_INT8            4] - CL_FILTER_NEAREST - CL_ADDRESS_CLAMP_TO_EDGE - UNNORMALIZED
[CL_ABGR CL_SNORM_INT8            4] - CL_FILTER_NEAREST - CL_ADDRESS_CLAMP - UNNORMALIZED
[CL_ABGR CL_UNORM_INT8            4] - CL_FILTER_NEAREST - CL_ADDRESS_CLAMP_TO_EDGE - UNNORMALIZED
[CL_ABGR CL_UNORM_INT8            4] - CL_FILTER_NEAREST - CL_ADDRESS_CLAMP - UNNORMALIZED
[CL_ABGR CL_UNORM_INT_2_101010_EXT 4] - CL_FILTER_NEAREST - CL_ADDRESS_CLAMP_TO_EDGE - UNNORMALIZED
[CL_ABGR CL_UNORM_INT_2_101010_EXT 4] - CL_FILTER_NEAREST - CL_ADDRESS_CLAMP - UNNORMALIZED
read_image (unnormalized float coords, float results) *****************************
[CL_R    CL_SNORM_INT8            1] - CL_FILTER_NEAREST - CL_ADDRESS_CLAMP_TO_EDGE - UNNORMALIZED
[CL_R    CL_SNORM_INT8            1] - CL_FILTER_NEAREST - CL_ADDRESS_CLAMP - UNNORMALIZED
[CL_R    CL_SNORM_INT16           1] - CL_FILTER_NEAREST - CL_ADDRESS_CLAMP_TO_EDGE - UNNORMALIZED
[CL_R    CL_SNORM_INT16           1] - CL_FILTER_NEAREST - CL_ADDRESS_CLAMP - UNNORMALIZED
[CL_R    CL_UNORM_INT8            1] - CL_FILTER_NEAREST - CL_ADDRESS_CLAMP_TO_EDGE - UNNORMALIZED
[CL_R    CL_UNORM_INT8            1] - CL_FILTER_NEAREST - CL_ADDRESS_CLAMP - UNNORMALIZED
[CL_R    CL_UNORM_INT16           1] - CL_FILTER_NEAREST - CL_ADDRESS_CLAMP_TO_EDGE - UNNORMALIZED
[CL_R    CL_UNORM_INT16           1] - CL_FILTER_NEAREST - CL_ADDRESS_CLAMP - UNNORMALIZED
[CL_R    CL_HALF_FLOAT            1] - CL_FILTER_NEAREST - CL_ADDRESS_CLAMP_TO_EDGE - UNNORMALIZED
[CL_R    CL_HALF_FLOAT            1] - CL_FILTER_NEAREST - CL_ADDRESS_CLAMP - UNNORMALIZED
[CL_R    CL_FLOAT                 1] - CL_FILTER_NEAREST - CL_ADDRESS_CLAMP_TO_EDGE - UNNORMALIZED
[CL_R    CL_FLOAT                 1] - CL_FILTER_NEAREST - CL_ADDRESS_CLAMP - UNNORMALIZED
[CL_RG   CL_SNORM_INT8            2] - CL_FILTER_NEAREST - CL_ADDRESS_CLAMP_TO_EDGE - UNNORMALIZED
[CL_RG   CL_SNORM_INT8            2] - CL_FILTER_NEAREST - CL_ADDRESS_CLAMP - UNNORMALIZED
[CL_RG   CL_SNORM_INT16           2] - CL_FILTER_NEAREST - CL_ADDRESS_CLAMP_TO_EDGE - UNNORMALIZED
[CL_RG   CL_SNORM_INT16           2] - CL_FILTER_NEAREST - CL_ADDRESS_CLAMP - UNNORMALIZED
[CL_RG   CL_UNORM_INT8            2] - CL_FILTER_NEAREST - CL_ADDRESS_CLAMP_TO_EDGE - UNNORMALIZED
[CL_RG   CL_UNORM_INT8            2] - CL_FILTER_NEAREST - CL_ADDRESS_CLAMP - UNNORMALIZED
[CL_RG   CL_UNORM_INT16           2] - CL_FILTER_NEAREST - CL_ADDRESS_CLAMP_TO_EDGE - UNNORMALIZED
[CL_RG   CL_UNORM_INT16           2] - CL_FILTER_NEAREST - CL_ADDRESS_CLAMP - UNNORMALIZED
[CL_RG   CL_HALF_FLOAT            2] - CL_FILTER_NEAREST - CL_ADDRESS_CLAMP_TO_EDGE - UNNORMALIZED
[CL_RG   CL_HALF_FLOAT            2] - CL_FILTER_NEAREST - CL_ADDRESS_CLAMP - UNNORMALIZED
[CL_RG   CL_FLOAT                 2] - CL_FILTER_NEAREST - CL_ADDRESS_CLAMP_TO_EDGE - UNNORMALIZED
[CL_RG   CL_FLOAT                 2] - CL_FILTER_NEAREST - CL_ADDRESS_CLAMP - UNNORMALIZED
[CL_RGBA CL_SNORM_INT8            4] - CL_FILTER_NEAREST - CL_ADDRESS_CLAMP_TO_EDGE - UNNORMALIZED
[CL_RGBA CL_SNORM_INT8            4] - CL_FILTER_NEAREST - CL_ADDRESS_CLAMP - UNNORMALIZED
[CL_RGBA CL_SNORM_INT16           4] - CL_FILTER_NEAREST - CL_ADDRESS_CLAMP_TO_EDGE - UNNORMALIZED
[CL_RGBA CL_SNORM_INT16           4] - CL_FILTER_NEAREST - CL_ADDRESS_CLAMP - UNNORMALIZED
[CL_RGBA CL_UNORM_INT8            4] - CL_FILTER_NEAREST - CL_ADDRESS_CLAMP_TO_EDGE - UNNORMALIZED
[CL_RGBA CL_UNORM_INT8            4] - CL_FILTER_NEAREST - CL_ADDRESS_CLAMP - UNNORMALIZED
[CL_RGBA CL_UNORM_INT16           4] - CL_FILTER_NEAREST - CL_ADDRESS_CLAMP_TO_EDGE - UNNORMALIZED
[CL_RGBA CL_UNORM_INT16           4] - CL_FILTER_NEAREST - CL_ADDRESS_CLAMP - UNNORMALIZED
[CL_RGBA CL_HALF_FLOAT            4] - CL_FILTER_NEAREST - CL_ADDRESS_CLAMP_TO_EDGE - UNNORMALIZED
[CL_RGBA CL_HALF_FLOAT            4] - CL_FILTER_NEAREST - CL_ADDRESS_CLAMP - UNNORMALIZED
[CL_RGBA CL_FLOAT                 4] - CL_FILTER_NEAREST - CL_ADDRESS_CLAMP_TO_EDGE - UNNORMALIZED
[CL_RGBA CL_FLOAT                 4] - CL_FILTER_NEAREST - CL_ADDRESS_CLAMP - UNNORMALIZED
[CL_BGRA CL_SNORM_INT8            4] - CL_FILTER_NEAREST - CL_ADDRESS_CLAMP_TO_EDGE - UNNORMALIZED
[CL_BGRA CL_SNORM_INT8            4] - CL_FILTER_NEAREST - CL_ADDRESS_CLAMP - UNNORMALIZED
[CL_BGRA CL_UNORM_INT8            4] - CL_FILTER_NEAREST - CL_ADDRESS_CLAMP_TO_EDGE - UNNORMALIZED
[CL_BGRA CL_UNORM_INT8            4] - CL_FILTER_NEAREST - CL_ADDRESS_CLAMP - UNNORMALIZED
[CL_ARGB CL_SNORM_INT8            4] - CL_FILTER_NEAREST - CL_ADDRESS_CLAMP_TO_EDGE - UNNORMALIZED
[CL_ARGB CL_SNORM_INT8            4] - CL_FILTER_NEAREST - CL_ADDRESS_CLAMP - UNNORMALIZED
[CL_ARGB CL_UNORM_INT8            4] - CL_FILTER_NEAREST - CL_ADDRESS_CLAMP_TO_EDGE - UNNORMALIZED
[CL_ARGB CL_UNORM_INT8            4] - CL_FILTER_NEAREST - CL_ADDRESS_CLAMP - UNNORMALIZED
[CL_DEPTH CL_UNORM_INT16           1] - CL_FILTER_NEAREST - CL_ADDRESS_CLAMP_TO_EDGE - UNNORMALIZED
[CL_DEPTH CL_UNORM_INT16           1] - CL_FILTER_NEAREST - CL_ADDRESS_CLAMP - UNNORMALIZED
[CL_DEPTH CL_FLOAT                 1] - CL_FILTER_NEAREST - CL_ADDRESS_CLAMP_TO_EDGE - UNNORMALIZED
[CL_DEPTH CL_FLOAT                 1] - CL_FILTER_NEAREST - CL_ADDRESS_CLAMP - UNNORMALIZED
[CL_sRGBA CL_UNORM_INT8            4] - CL_FILTER_NEAREST - CL_ADDRESS_CLAMP_TO_EDGE - UNNORMALIZED
[CL_sRGBA CL_UNORM_INT8            4] - CL_FILTER_NEAREST - CL_ADDRESS_CLAMP - UNNORMALIZED
[CL_sBGRA CL_UNORM_INT8            4] - CL_FILTER_NEAREST - CL_ADDRESS_CLAMP_TO_EDGE - UNNORMALIZED
[CL_sBGRA CL_UNORM_INT8            4] - CL_FILTER_NEAREST - CL_ADDRESS_CLAMP - UNNORMALIZED
[CL_ABGR CL_SNORM_INT8            4] - CL_FILTER_NEAREST - CL_ADDRESS_CLAMP_TO_EDGE - UNNORMALIZED
[CL_ABGR CL_SNORM_INT8            4] - CL_FILTER_NEAREST - CL_ADDRESS_CLAMP - UNNORMALIZED
[CL_ABGR CL_UNORM_INT8            4] - CL_FILTER_NEAREST - CL_ADDRESS_CLAMP_TO_EDGE - UNNORMALIZED
[CL_ABGR CL_UNORM_INT8            4] - CL_FILTER_NEAREST - CL_ADDRESS_CLAMP - UNNORMALIZED
[CL_ABGR CL_UNORM_INT_2_101010_EXT 4] - CL_FILTER_NEAREST - CL_ADDRESS_CLAMP_TO_EDGE - UNNORMALIZED
[CL_ABGR CL_UNORM_INT_2_101010_EXT 4] - CL_FILTER_NEAREST - CL_ADDRESS_CLAMP - UNNORMALIZED
read_image (normalized float coords, float results) *****************************
[CL_R    CL_SNORM_INT8            1] - CL_FILTER_NEAREST - CL_ADDRESS_CLAMP_TO_EDGE - NORMALIZED
[CL_R    CL_SNORM_INT8            1] - CL_FILTER_NEAREST - CL_ADDRESS_CLAMP - NORMALIZED
[CL_R    CL_SNORM_INT8            1] - CL_FILTER_NEAREST - CL_ADDRESS_REPEAT - NORMALIZED
[CL_R    CL_SNORM_INT8            1] - CL_FILTER_NEAREST - CL_ADDRESS_MIRRORED_REPEAT - NORMALIZED
[CL_R    CL_SNORM_INT16           1] - CL_FILTER_NEAREST - CL_ADDRESS_CLAMP_TO_EDGE - NORMALIZED
[CL_R    CL_SNORM_INT16           1] - CL_FILTER_NEAREST - CL_ADDRESS_CLAMP - NORMALIZED
[CL_R    CL_SNORM_INT16           1] - CL_FILTER_NEAREST - CL_ADDRESS_REPEAT - NORMALIZED
[CL_R    CL_SNORM_INT16           1] - CL_FILTER_NEAREST - CL_ADDRESS_MIRRORED_REPEAT - NORMALIZED
[CL_R    CL_UNORM_INT8            1] - CL_FILTER_NEAREST - CL_ADDRESS_CLAMP_TO_EDGE - NORMALIZED
[CL_R    CL_UNORM_INT8            1] - CL_FILTER_NEAREST - CL_ADDRESS_CLAMP - NORMALIZED
[CL_R    CL_UNORM_INT8            1] - CL_FILTER_NEAREST - CL_ADDRESS_REPEAT - NORMALIZED
[CL_R    CL_UNORM_INT8            1] - CL_FILTER_NEAREST - CL_ADDRESS_MIRRORED_REPEAT - NORMALIZED
[CL_R    CL_UNORM_INT16           1] - CL_FILTER_NEAREST - CL_ADDRESS_CLAMP_TO_EDGE - NORMALIZED
[CL_R    CL_UNORM_INT16           1] - CL_FILTER_NEAREST - CL_ADDRESS_CLAMP - NORMALIZED
[CL_R    CL_UNORM_INT16           1] - CL_FILTER_NEAREST - CL_ADDRESS_REPEAT - NORMALIZED
[CL_R    CL_UNORM_INT16           1] - CL_FILTER_NEAREST - CL_ADDRESS_MIRRORED_REPEAT - NORMALIZED
[CL_R    CL_HALF_FLOAT            1] - CL_FILTER_NEAREST - CL_ADDRESS_CLAMP_TO_EDGE - NORMALIZED
[CL_R    CL_HALF_FLOAT            1] - CL_FILTER_NEAREST - CL_ADDRESS_CLAMP - NORMALIZED
[CL_R    CL_HALF_FLOAT            1] - CL_FILTER_NEAREST - CL_ADDRESS_REPEAT - NORMALIZED
[CL_R    CL_HALF_FLOAT            1] - CL_FILTER_NEAREST - CL_ADDRESS_MIRRORED_REPEAT - NORMALIZED
[CL_R    CL_FLOAT                 1] - CL_FILTER_NEAREST - CL_ADDRESS_CLAMP_TO_EDGE - NORMALIZED
[CL_R    CL_FLOAT                 1] - CL_FILTER_NEAREST - CL_ADDRESS_CLAMP - NORMALIZED
[CL_R    CL_FLOAT                 1] - CL_FILTER_NEAREST - CL_ADDRESS_REPEAT - NORMALIZED
[CL_R    CL_FLOAT                 1] - CL_FILTER_NEAREST - CL_ADDRESS_MIRRORED_REPEAT - NORMALIZED
[CL_RG   CL_SNORM_INT8            2] - CL_FILTER_NEAREST - CL_ADDRESS_CLAMP_TO_EDGE - NORMALIZED
[CL_RG   CL_SNORM_INT8            2] - CL_FILTER_NEAREST - CL_ADDRESS_CLAMP - NORMALIZED
[CL_RG   CL_SNORM_INT8            2] - CL_FILTER_NEAREST - CL_ADDRESS_REPEAT - NORMALIZED
[CL_RG   CL_SNORM_INT8            2] - CL_FILTER_NEAREST - CL_ADDRESS_MIRRORED_REPEAT - NORMALIZED
[CL_RG   CL_SNORM_INT16           2] - CL_FILTER_NEAREST - CL_ADDRESS_CLAMP_TO_EDGE - NORMALIZED
[CL_RG   CL_SNORM_INT16           2] - CL_FILTER_NEAREST - CL_ADDRESS_CLAMP - NORMALIZED
[CL_RG   CL_SNORM_INT16           2] - CL_FILTER_NEAREST - CL_ADDRESS_REPEAT - NORMALIZED
[CL_RG   CL_SNORM_INT16           2] - CL_FILTER_NEAREST - CL_ADDRESS_MIRRORED_REPEAT - NORMALIZED
[CL_RG   CL_UNORM_INT8            2] - CL_FILTER_NEAREST - CL_ADDRESS_CLAMP_TO_EDGE - NORMALIZED
[CL_RG   CL_UNORM_INT8            2] - CL_FILTER_NEAREST - CL_ADDRESS_CLAMP - NORMALIZED
[CL_RG   CL_UNORM_INT8            2] - CL_FILTER_NEAREST - CL_ADDRESS_REPEAT - NORMALIZED
[CL_RG   CL_UNORM_INT8            2] - CL_FILTER_NEAREST - CL_ADDRESS_MIRRORED_REPEAT - NORMALIZED
[CL_RG   CL_UNORM_INT16           2] - CL_FILTER_NEAREST - CL_ADDRESS_CLAMP_TO_EDGE - NORMALIZED
[CL_RG   CL_UNORM_INT16           2] - CL_FILTER_NEAREST - CL_ADDRESS_CLAMP - NORMALIZED
[CL_RG   CL_UNORM_INT16           2] - CL_FILTER_NEAREST - CL_ADDRESS_REPEAT - NORMALIZED
[CL_RG   CL_UNORM_INT16           2] - CL_FILTER_NEAREST - CL_ADDRESS_MIRRORED_REPEAT - NORMALIZED
[CL_RG   CL_HALF_FLOAT            2] - CL_FILTER_NEAREST - CL_ADDRESS_CLAMP_TO_EDGE - NORMALIZED
[CL_RG   CL_HALF_FLOAT            2] - CL_FILTER_NEAREST - CL_ADDRESS_CLAMP - NORMALIZED
[CL_RG   CL_HALF_FLOAT            2] - CL_FILTER_NEAREST - CL_ADDRESS_REPEAT - NORMALIZED
[CL_RG   CL_HALF_FLOAT            2] - CL_FILTER_NEAREST - CL_ADDRESS_MIRRORED_REPEAT - NORMALIZED
[CL_RG   CL_FLOAT                 2] - CL_FILTER_NEAREST - CL_ADDRESS_CLAMP_TO_EDGE - NORMALIZED
[CL_RG   CL_FLOAT                 2] - CL_FILTER_NEAREST - CL_ADDRESS_CLAMP - NORMALIZED
[CL_RG   CL_FLOAT                 2] - CL_FILTER_NEAREST - CL_ADDRESS_REPEAT - NORMALIZED
[CL_RG   CL_FLOAT                 2] - CL_FILTER_NEAREST - CL_ADDRESS_MIRRORED_REPEAT - NORMALIZED
[CL_RGBA CL_SNORM_INT8            4] - CL_FILTER_NEAREST - CL_ADDRESS_CLAMP_TO_EDGE - NORMALIZED
[CL_RGBA CL_SNORM_INT8            4] - CL_FILTER_NEAREST - CL_ADDRESS_CLAMP - NORMALIZED
[CL_RGBA CL_SNORM_INT8            4] - CL_FILTER_NEAREST - CL_ADDRESS_REPEAT - NORMALIZED
[CL_RGBA CL_SNORM_INT8            4] - CL_FILTER_NEAREST - CL_ADDRESS_MIRRORED_REPEAT - NORMALIZED
[CL_RGBA CL_SNORM_INT16           4] - CL_FILTER_NEAREST - CL_ADDRESS_CLAMP_TO_EDGE - NORMALIZED
[CL_RGBA CL_SNORM_INT16           4] - CL_FILTER_NEAREST - CL_ADDRESS_CLAMP - NORMALIZED
[CL_RGBA CL_SNORM_INT16           4] - CL_FILTER_NEAREST - CL_ADDRESS_REPEAT - NORMALIZED
[CL_RGBA CL_SNORM_INT16           4] - CL_FILTER_NEAREST - CL_ADDRESS_MIRRORED_REPEAT - NORMALIZED
[CL_RGBA CL_UNORM_INT8            4] - CL_FILTER_NEAREST - CL_ADDRESS_CLAMP_TO_EDGE - NORMALIZED
[CL_RGBA CL_UNORM_INT8            4] - CL_FILTER_NEAREST - CL_ADDRESS_CLAMP - NORMALIZED
[CL_RGBA CL_UNORM_INT8            4] - CL_FILTER_NEAREST - CL_ADDRESS_REPEAT - NORMALIZED
[CL_RGBA CL_UNORM_INT8            4] - CL_FILTER_NEAREST - CL_ADDRESS_MIRRORED_REPEAT - NORMALIZED
[CL_RGBA CL_UNORM_INT16           4] - CL_FILTER_NEAREST - CL_ADDRESS_CLAMP_TO_EDGE - NORMALIZED
[CL_RGBA CL_UNORM_INT16           4] - CL_FILTER_NEAREST - CL_ADDRESS_CLAMP - NORMALIZED
[CL_RGBA CL_UNORM_INT16           4] - CL_FILTER_NEAREST - CL_ADDRESS_REPEAT - NORMALIZED
[CL_RGBA CL_UNORM_INT16           4] - CL_FILTER_NEAREST - CL_ADDRESS_MIRRORED_REPEAT - NORMALIZED
[CL_RGBA CL_HALF_FLOAT            4] - CL_FILTER_NEAREST - CL_ADDRESS_CLAMP_TO_EDGE - NORMALIZED
[CL_RGBA CL_HALF_FLOAT            4] - CL_FILTER_NEAREST - CL_ADDRESS_CLAMP - NORMALIZED
[CL_RGBA CL_HALF_FLOAT            4] - CL_FILTER_NEAREST - CL_ADDRESS_REPEAT - NORMALIZED
[CL_RGBA CL_HALF_FLOAT            4] - CL_FILTER_NEAREST - CL_ADDRESS_MIRRORED_REPEAT - NORMALIZED
[CL_RGBA CL_FLOAT                 4] - CL_FILTER_NEAREST - CL_ADDRESS_CLAMP_TO_EDGE - NORMALIZED
[CL_RGBA CL_FLOAT                 4] - CL_FILTER_NEAREST - CL_ADDRESS_CLAMP - NORMALIZED
[CL_RGBA CL_FLOAT                 4] - CL_FILTER_NEAREST - CL_ADDRESS_REPEAT - NORMALIZED
[CL_RGBA CL_FLOAT                 4] - CL_FILTER_NEAREST - CL_ADDRESS_MIRRORED_REPEAT - NORMALIZED
[CL_BGRA CL_SNORM_INT8            4] - CL_FILTER_NEAREST - CL_ADDRESS_CLAMP_TO_EDGE - NORMALIZED
[CL_BGRA CL_SNORM_INT8            4] - CL_FILTER_NEAREST - CL_ADDRESS_CLAMP - NORMALIZED
[CL_BGRA CL_SNORM_INT8            4] - CL_FILTER_NEAREST - CL_ADDRESS_REPEAT - NORMALIZED
[CL_BGRA CL_SNORM_INT8            4] - CL_FILTER_NEAREST - CL_ADDRESS_MIRRORED_REPEAT - NORMALIZED
[CL_BGRA CL_UNORM_INT8            4] - CL_FILTER_NEAREST - CL_ADDRESS_CLAMP_TO_EDGE - NORMALIZED
[CL_BGRA CL_UNORM_INT8            4] - CL_FILTER_NEAREST - CL_ADDRESS_CLAMP - NORMALIZED
[CL_BGRA CL_UNORM_INT8            4] - CL_FILTER_NEAREST - CL_ADDRESS_REPEAT - NORMALIZED
[CL_BGRA CL_UNORM_INT8            4] - CL_FILTER_NEAREST - CL_ADDRESS_MIRRORED_REPEAT - NORMALIZED
[CL_ARGB CL_SNORM_INT8            4] - CL_FILTER_NEAREST - CL_ADDRESS_CLAMP_TO_EDGE - NORMALIZED
[CL_ARGB CL_SNORM_INT8            4] - CL_FILTER_NEAREST - CL_ADDRESS_CLAMP - NORMALIZED
[CL_ARGB CL_SNORM_INT8            4] - CL_FILTER_NEAREST - CL_ADDRESS_REPEAT - NORMALIZED
[CL_ARGB CL_SNORM_INT8            4] - CL_FILTER_NEAREST - CL_ADDRESS_MIRRORED_REPEAT - NORMALIZED
[CL_ARGB CL_UNORM_INT8            4] - CL_FILTER_NEAREST - CL_ADDRESS_CLAMP_TO_EDGE - NORMALIZED
[CL_ARGB CL_UNORM_INT8            4] - CL_FILTER_NEAREST - CL_ADDRESS_CLAMP - NORMALIZED
[CL_ARGB CL_UNORM_INT8            4] - CL_FILTER_NEAREST - CL_ADDRESS_REPEAT - NORMALIZED
[CL_ARGB CL_UNORM_INT8            4] - CL_FILTER_NEAREST - CL_ADDRESS_MIRRORED_REPEAT - NORMALIZED
[CL_DEPTH CL_UNORM_INT16           1] - CL_FILTER_NEAREST - CL_ADDRESS_CLAMP_TO_EDGE - NORMALIZED
[CL_DEPTH CL_UNORM_INT16           1] - CL_FILTER_NEAREST - CL_ADDRESS_CLAMP - NORMALIZED
[CL_DEPTH CL_UNORM_INT16           1] - CL_FILTER_NEAREST - CL_ADDRESS_REPEAT - NORMALIZED
[CL_DEPTH CL_UNORM_INT16           1] - CL_FILTER_NEAREST - CL_ADDRESS_MIRRORED_REPEAT - NORMALIZED
[CL_DEPTH CL_FLOAT                 1] - CL_FILTER_NEAREST - CL_ADDRESS_CLAMP_TO_EDGE - NORMALIZED
[CL_DEPTH CL_FLOAT                 1] - CL_FILTER_NEAREST - CL_ADDRESS_CLAMP - NORMALIZED
[CL_DEPTH CL_FLOAT                 1] - CL_FILTER_NEAREST - CL_ADDRESS_REPEAT - NORMALIZED
[CL_DEPTH CL_FLOAT                 1] - CL_FILTER_NEAREST - CL_ADDRESS_MIRRORED_REPEAT - NORMALIZED
[CL_sRGBA CL_UNORM_INT8            4] - CL_FILTER_NEAREST - CL_ADDRESS_CLAMP_TO_EDGE - NORMALIZED
[CL_sRGBA CL_UNORM_INT8            4] - CL_FILTER_NEAREST - CL_ADDRESS_CLAMP - NORMALIZED
[CL_sRGBA CL_UNORM_INT8            4] - CL_FILTER_NEAREST - CL_ADDRESS_REPEAT - NORMALIZED
[CL_sRGBA CL_UNORM_INT8            4] - CL_FILTER_NEAREST - CL_ADDRESS_MIRRORED_REPEAT - NORMALIZED
[CL_sBGRA CL_UNORM_INT8            4] - CL_FILTER_NEAREST - CL_ADDRESS_CLAMP_TO_EDGE - NORMALIZED
[CL_sBGRA CL_UNORM_INT8            4] - CL_FILTER_NEAREST - CL_ADDRESS_CLAMP - NORMALIZED
[CL_sBGRA CL_UNORM_INT8            4] - CL_FILTER_NEAREST - CL_ADDRESS_REPEAT - NORMALIZED
[CL_sBGRA CL_UNORM_INT8            4] - CL_FILTER_NEAREST - CL_ADDRESS_MIRRORED_REPEAT - NORMALIZED
[CL_ABGR CL_SNORM_INT8            4] - CL_FILTER_NEAREST - CL_ADDRESS_CLAMP_TO_EDGE - NORMALIZED
[CL_ABGR CL_SNORM_INT8            4] - CL_FILTER_NEAREST - CL_ADDRESS_CLAMP - NORMALIZED
[CL_ABGR CL_SNORM_INT8            4] - CL_FILTER_NEAREST - CL_ADDRESS_REPEAT - NORMALIZED
[CL_ABGR CL_SNORM_INT8            4] - CL_FILTER_NEAREST - CL_ADDRESS_MIRRORED_REPEAT - NORMALIZED
[CL_ABGR CL_UNORM_INT8            4] - CL_FILTER_NEAREST - CL_ADDRESS_CLAMP_TO_EDGE - NORMALIZED
[CL_ABGR CL_UNORM_INT8            4] - CL_FILTER_NEAREST - CL_ADDRESS_CLAMP - NORMALIZED
[CL_ABGR CL_UNORM_INT8            4] - CL_FILTER_NEAREST - CL_ADDRESS_REPEAT - NORMALIZED
[CL_ABGR CL_UNORM_INT8            4] - CL_FILTER_NEAREST - CL_ADDRESS_MIRRORED_REPEAT - NORMALIZED
[CL_ABGR CL_UNORM_INT_2_101010_EXT 4] - CL_FILTER_NEAREST - CL_ADDRESS_CLAMP_TO_EDGE - NORMALIZED
[CL_ABGR CL_UNORM_INT_2_101010_EXT 4] - CL_FILTER_NEAREST - CL_ADDRESS_CLAMP - NORMALIZED
[CL_ABGR CL_UNORM_INT_2_101010_EXT 4] - CL_FILTER_NEAREST - CL_ADDRESS_REPEAT - NORMALIZED
[CL_ABGR CL_UNORM_INT_2_101010_EXT 4] - CL_FILTER_NEAREST - CL_ADDRESS_MIRRORED_REPEAT - NORMALIZED
read_image (unnormalized float coords, float results) *****************************
[CL_R    CL_SNORM_INT8            1] - CL_FILTER_LINEAR - CL_ADDRESS_CLAMP_TO_EDGE - UNNORMALIZED
[CL_R    CL_SNORM_INT8            1] - CL_FILTER_LINEAR - CL_ADDRESS_CLAMP - UNNORMALIZED
[CL_R    CL_SNORM_INT16           1] - CL_FILTER_LINEAR - CL_ADDRESS_CLAMP_TO_EDGE - UNNORMALIZED
[CL_R    CL_SNORM_INT16           1] - CL_FILTER_LINEAR - CL_ADDRESS_CLAMP - UNNORMALIZED
[CL_R    CL_UNORM_INT8            1] - CL_FILTER_LINEAR - CL_ADDRESS_CLAMP_TO_EDGE - UNNORMALIZED
[CL_R    CL_UNORM_INT8            1] - CL_FILTER_LINEAR - CL_ADDRESS_CLAMP - UNNORMALIZED
[CL_R    CL_UNORM_INT16           1] - CL_FILTER_LINEAR - CL_ADDRESS_CLAMP_TO_EDGE - UNNORMALIZED
[CL_R    CL_UNORM_INT16           1] - CL_FILTER_LINEAR - CL_ADDRESS_CLAMP - UNNORMALIZED
[CL_R    CL_HALF_FLOAT            1] - CL_FILTER_LINEAR - CL_ADDRESS_CLAMP_TO_EDGE - UNNORMALIZED
[CL_R    CL_HALF_FLOAT            1] - CL_FILTER_LINEAR - CL_ADDRESS_CLAMP - UNNORMALIZED
[CL_R    CL_FLOAT                 1] - CL_FILTER_LINEAR - CL_ADDRESS_CLAMP_TO_EDGE - UNNORMALIZED
[CL_R    CL_FLOAT                 1] - CL_FILTER_LINEAR - CL_ADDRESS_CLAMP - UNNORMALIZED
[CL_RG   CL_SNORM_INT8            2] - CL_FILTER_LINEAR - CL_ADDRESS_CLAMP_TO_EDGE - UNNORMALIZED
[CL_RG   CL_SNORM_INT8            2] - CL_FILTER_LINEAR - CL_ADDRESS_CLAMP - UNNORMALIZED
[CL_RG   CL_SNORM_INT16           2] - CL_FILTER_LINEAR - CL_ADDRESS_CLAMP_TO_EDGE - UNNORMALIZED
[CL_RG   CL_SNORM_INT16           2] - CL_FILTER_LINEAR - CL_ADDRESS_CLAMP - UNNORMALIZED
[CL_RG   CL_UNORM_INT8            2] - CL_FILTER_LINEAR - CL_ADDRESS_CLAMP_TO_EDGE - UNNORMALIZED
[CL_RG   CL_UNORM_INT8            2] - CL_FILTER_LINEAR - CL_ADDRESS_CLAMP - UNNORMALIZED
[CL_RG   CL_UNORM_INT16           2] - CL_FILTER_LINEAR - CL_ADDRESS_CLAMP_TO_EDGE - UNNORMALIZED
[CL_RG   CL_UNORM_INT16           2] - CL_FILTER_LINEAR - CL_ADDRESS_CLAMP - UNNORMALIZED
[CL_RG   CL_HALF_FLOAT            2] - CL_FILTER_LINEAR - CL_ADDRESS_CLAMP_TO_EDGE - UNNORMALIZED
[CL_RG   CL_HALF_FLOAT            2] - CL_FILTER_LINEAR - CL_ADDRESS_CLAMP - UNNORMALIZED
[CL_RG   CL_FLOAT                 2] - CL_FILTER_LINEAR - CL_ADDRESS_CLAMP_TO_EDGE - UNNORMALIZED
[CL_RG   CL_FLOAT                 2] - CL_FILTER_LINEAR - CL_ADDRESS_CLAMP - UNNORMALIZED
[CL_RGBA CL_SNORM_INT8            4] - CL_FILTER_LINEAR - CL_ADDRESS_CLAMP_TO_EDGE - UNNORMALIZED
[CL_RGBA CL_SNORM_INT8            4] - CL_FILTER_LINEAR - CL_ADDRESS_CLAMP - UNNORMALIZED
[CL_RGBA CL_SNORM_INT16           4] - CL_FILTER_LINEAR - CL_ADDRESS_CLAMP_TO_EDGE - UNNORMALIZED
[CL_RGBA CL_SNORM_INT16           4] - CL_FILTER_LINEAR - CL_ADDRESS_CLAMP - UNNORMALIZED
[CL_RGBA CL_UNORM_INT8            4] - CL_FILTER_LINEAR - CL_ADDRESS_CLAMP_TO_EDGE - UNNORMALIZED
[CL_RGBA CL_UNORM_INT8            4] - CL_FILTER_LINEAR - CL_ADDRESS_CLAMP - UNNORMALIZED
[CL_RGBA CL_UNORM_INT16           4] - CL_FILTER_LINEAR - CL_ADDRESS_CLAMP_TO_EDGE - UNNORMALIZED
[CL_RGBA CL_UNORM_INT16           4] - CL_FILTER_LINEAR - CL_ADDRESS_CLAMP - UNNORMALIZED
[CL_RGBA CL_HALF_FLOAT            4] - CL_FILTER_LINEAR - CL_ADDRESS_CLAMP_TO_EDGE - UNNORMALIZED
[CL_RGBA CL_HALF_FLOAT            4] - CL_FILTER_LINEAR - CL_ADDRESS_CLAMP - UNNORMALIZED
[CL_RGBA CL_FLOAT                 4] - CL_FILTER_LINEAR - CL_ADDRESS_CLAMP_TO_EDGE - UNNORMALIZED
[CL_RGBA CL_FLOAT                 4] - CL_FILTER_LINEAR - CL_ADDRESS_CLAMP - UNNORMALIZED
[CL_BGRA CL_SNORM_INT8            4] - CL_FILTER_LINEAR - CL_ADDRESS_CLAMP_TO_EDGE - UNNORMALIZED
[CL_BGRA CL_SNORM_INT8            4] - CL_FILTER_LINEAR - CL_ADDRESS_CLAMP - UNNORMALIZED
[CL_BGRA CL_UNORM_INT8            4] - CL_FILTER_LINEAR - CL_ADDRESS_CLAMP_TO_EDGE - UNNORMALIZED
[CL_BGRA CL_UNORM_INT8            4] - CL_FILTER_LINEAR - CL_ADDRESS_CLAMP - UNNORMALIZED
[CL_ARGB CL_SNORM_INT8            4] - CL_FILTER_LINEAR - CL_ADDRESS_CLAMP_TO_EDGE - UNNORMALIZED
[CL_ARGB CL_SNORM_INT8            4] - CL_FILTER_LINEAR - CL_ADDRESS_CLAMP - UNNORMALIZED
[CL_ARGB CL_UNORM_INT8            4] - CL_FILTER_LINEAR - CL_ADDRESS_CLAMP_TO_EDGE - UNNORMALIZED
[CL_ARGB CL_UNORM_INT8            4] - CL_FILTER_LINEAR - CL_ADDRESS_CLAMP - UNNORMALIZED
[CL_DEPTH CL_UNORM_INT16           1] - CL_FILTER_LINEAR - CL_ADDRESS_CLAMP_TO_EDGE - UNNORMALIZED
[CL_DEPTH CL_UNORM_INT16           1] - CL_FILTER_LINEAR - CL_ADDRESS_CLAMP - UNNORMALIZED
[CL_DEPTH CL_FLOAT                 1] - CL_FILTER_LINEAR - CL_ADDRESS_CLAMP_TO_EDGE - UNNORMALIZED
[CL_DEPTH CL_FLOAT                 1] - CL_FILTER_LINEAR - CL_ADDRESS_CLAMP - UNNORMALIZED
[CL_sRGBA CL_UNORM_INT8            4] - CL_FILTER_LINEAR - CL_ADDRESS_CLAMP_TO_EDGE - UNNORMALIZED
Test error: we should have detected this passing above.
FAILED norm_offsets: 0 , 0 , 0:
Sample 13100: coord {34.000000(0x1.1p+5),49.000000(0x1.88p+5),12.000000(0x1.8p+3)} did not validate!
	Expected (0.00151763,0.0352383,0.1762,0.231373),
	     got (0.0017094,0.035409,0.176313,0.231373), error of 0
Integer coords resolve to 34,47,12   with img size 46,48,26

Step by step:
Starting coordinate: 34.000000, 49.000000, array index 12.000000
	Actual integer coords used (i = floor(x-.5)): i0:{ 33, 47 } and i1:{ 34, 47 }
	Array coordinate is 12.000000
	Sampled pixels (rgba order):
		p00: 0.000911, 0.054480, 0.250158, 0.223529
		p01: 0.002125, 0.015996, 0.102242, 0.239216
		p10: 0.000911, 0.054480, 0.250158, 0.223529
		p11: 0.002125, 0.015996, 0.102242, 0.239216
	frac( x - 0.5f ) = 0.500000,  frac( y - 0.5f ) = 0.500000
	ulps: 1647265.00, 45835.00, 7553.00, 0.00  (max allowed: 5033165.00)

FAILED: [CL_sRGBA CL_UNORM_INT8            4] - CL_FILTER_LINEAR - CL_ADDRESS_CLAMP_TO_EDGE - UNNORMALIZED

[CL_sRGBA CL_UNORM_INT8            4] - CL_FILTER_LINEAR - CL_ADDRESS_CLAMP - UNNORMALIZED
Test error: we should have detected this passing above.
Test error: we should have detected this passing above.
FAILED norm_offsets: 0 , 0 , 0:
Sample 24048: coord {29.250000(0x1.d4p+4),47.750000(0x1.7ep+5),14.250000(0x1.c8p+3)} did not validate!
	Expected (0.000682936,0.159695,0.12569,0.274265),
	     got (0.000488401,0.159707,0.125763,0.274265), error of 0
Integer coords resolve to 29,47,14   with img size 46,48,26

Step by step:
Starting coordinate: 29.250000, 47.750000, array index 14.250000
	Actual integer coords used (i = floor(x-.5)): i0:{ 28, 47 } and i1:{ 29, 48 }
	Array coordinate is 14.000000
	Sampled pixels (rgba order):
		p00: 0.001821, 0.814847, 0.603827, 0.850980
		p01: 0.000607, 0.012286, 0.022174, 0.203922
		p10: 0.000000, 0.000000, 0.000000, 0.000000
		p11: 0.000000, 0.000000, 0.000000, 0.000000
	frac( x - 0.5f ) = 0.750000,  frac( y - 0.5f ) = 0.250000
	ulps: -3342089.00, 811.00, 4878.00, -1.00  (max allowed: 5033165.00)

FAILED: [CL_sRGBA CL_UNORM_INT8            4] - CL_FILTER_LINEAR - CL_ADDRESS_CLAMP - UNNORMALIZED

[CL_sBGRA CL_UNORM_INT8            4] - CL_FILTER_LINEAR - CL_ADDRESS_CLAMP_TO_EDGE - UNNORMALIZED
Test error: we should have detected this passing above.
FAILED norm_offsets: 0 , 0 , 0:
Sample 13100: coord {34.000000(0x1.1p+5),49.000000(0x1.88p+5),12.000000(0x1.8p+3)} did not validate!
	Expected (0.1762,0.0352383,0.00151763,0.231373),
	     got (0.176313,0.035409,0.0017094,0.231373), error of 0
Integer coords resolve to 34,47,12   with img size 46,48,26

Step by step:
Starting coordinate: 34.000000, 49.000000, array index 12.000000
	Actual integer coords used (i = floor(x-.5)): i0:{ 33, 47 } and i1:{ 34, 47 }
	Array coordinate is 12.000000
	Sampled pixels (rgba order):
		p00: 0.250158, 0.054480, 0.000911, 0.223529
		p01: 0.102242, 0.015996, 0.002125, 0.239216
		p10: 0.250158, 0.054480, 0.000911, 0.223529
		p11: 0.102242, 0.015996, 0.002125, 0.239216
	frac( x - 0.5f ) = 0.500000,  frac( y - 0.5f ) = 0.500000
	ulps: 7553.00, 45835.00, 1647265.00, 0.00  (max allowed: 5033165.00)

FAILED: [CL_sBGRA CL_UNORM_INT8            4] - CL_FILTER_LINEAR - CL_ADDRESS_CLAMP_TO_EDGE - UNNORMALIZED

[CL_sBGRA CL_UNORM_INT8            4] - CL_FILTER_LINEAR - CL_ADDRESS_CLAMP - UNNORMALIZED
Test error: we should have detected this passing above.
Test error: we should have detected this passing above.
FAILED norm_offsets: 0 , 0 , 0:
Sample 24048: coord {29.250000(0x1.d4p+4),47.750000(0x1.7ep+5),14.250000(0x1.c8p+3)} did not validate!
	Expected (0.12569,0.159695,0.000682936,0.274265),
	     got (0.125763,0.159707,0.000488401,0.274265), error of 0
Integer coords resolve to 29,47,14   with img size 46,48,26

Step by step:
Starting coordinate: 29.250000, 47.750000, array index 14.250000
	Actual integer coords used (i = floor(x-.5)): i0:{ 28, 47 } and i1:{ 29, 48 }
	Array coordinate is 14.000000
	Sampled pixels (rgba order):
		p00: 0.603827, 0.814847, 0.001821, 0.850980
		p01: 0.022174, 0.012286, 0.000607, 0.203922
		p10: 0.000000, 0.000000, 0.000000, 0.000000
		p11: 0.000000, 0.000000, 0.000000, 0.000000
	frac( x - 0.5f ) = 0.750000,  frac( y - 0.5f ) = 0.250000
	ulps: 4878.00, 811.00, -3342089.00, -1.00  (max allowed: 5033165.00)

FAILED: [CL_sBGRA CL_UNORM_INT8            4] - CL_FILTER_LINEAR - CL_ADDRESS_CLAMP - UNNORMALIZED

[CL_ABGR CL_SNORM_INT8            4] - CL_FILTER_LINEAR - CL_ADDRESS_CLAMP_TO_EDGE - UNNORMALIZED
[CL_ABGR CL_SNORM_INT8            4] - CL_FILTER_LINEAR - CL_ADDRESS_CLAMP - UNNORMALIZED
[CL_ABGR CL_UNORM_INT8            4] - CL_FILTER_LINEAR - CL_ADDRESS_CLAMP_TO_EDGE - UNNORMALIZED
[CL_ABGR CL_UNORM_INT8            4] - CL_FILTER_LINEAR - CL_ADDRESS_CLAMP - UNNORMALIZED
[CL_ABGR CL_UNORM_INT_2_101010_EXT 4] - CL_FILTER_LINEAR - CL_ADDRESS_CLAMP_TO_EDGE - UNNORMALIZED
FAILED norm_offsets: 0 , 0 , 0:
Sample 13261: coord {6.300000(0x1.933334p+2),-3.300000(-0x1.a66666p+1),8.300000(0x1.09999ap+3)} did not validate!
	Expected (0.111828,0.370283,0.00254154,0.866667),
	     got (0.111681,0.369746,0.00244379,0.867157), error of 0
Integer coords resolve to 6,0,8   with img size 46,48,26

Step by step:
Starting coordinate: 6.300000, -3.300000, array index 8.300000
	Actual integer coords used (i = floor(x-.5)): i0:{ 5, 0 } and i1:{ 6, 0 }
	Array coordinate is 8.000000
	Sampled pixels (rgba order):
		p00: 0.336266, 0.963832, 0.004888, 0.333333
		p01: 0.055718, 0.221896, 0.001955, 1.000000
		p10: 0.336266, 0.963832, 0.004888, 0.333333
		p11: 0.055718, 0.221896, 0.001955, 1.000000
	frac( x - 0.5f ) = 0.800000,  frac( y - 0.5f ) = 0.200000
	ulps: -19673.00, -18035.00, -419838.00, 8222.00  (max allowed: 65538.00)

FAILED: [CL_ABGR CL_UNORM_INT_2_101010_EXT 4] - CL_FILTER_LINEAR - CL_ADDRESS_CLAMP_TO_EDGE - UNNORMALIZED

[CL_ABGR CL_UNORM_INT_2_101010_EXT 4] - CL_FILTER_LINEAR - CL_ADDRESS_CLAMP - UNNORMALIZED
FAILED norm_offsets: 0 , 0 , 0:
Sample 42279: coord {0.250000(0x1p-2),-0.250000(-0x1p-2),14.250000(0x1.c8p+3)} did not validate!
	Expected (0.17412,0.00109971,0.12335,0.0625),
	     got (0.174242,0.0012219,0.123412,0.0625), error of 0
Integer coords resolve to 0,-1,14   with img size 46,48,26

Step by step:
Starting coordinate: 0.250000, -0.250000, array index 14.250000
	Actual integer coords used (i = floor(x-.5)): i0:{ -1, -1 } and i1:{ 0, 0 }
	Array coordinate is 14.000000
	Sampled pixels (rgba order):
		p00: 0.000000, 0.000000, 0.000000, 0.000000
		p01: 0.000000, 0.000000, 0.000000, 0.000000
		p10: 0.000000, 0.000000, 0.000000, 0.000000
		p11: 0.928641, 0.005865, 0.657869, 0.333333
	frac( x - 0.5f ) = 0.750000,  frac( y - 0.5f ) = 0.250000
	ulps: 8200.00, 1049601.00, 8200.00, 0.00  (max allowed: 65538.00)

FAILED: [CL_ABGR CL_UNORM_INT_2_101010_EXT 4] - CL_FILTER_LINEAR - CL_ADDRESS_CLAMP - UNNORMALIZED

read_image (normalized float coords, float results) *****************************
[CL_R    CL_SNORM_INT8            1] - CL_FILTER_LINEAR - CL_ADDRESS_CLAMP_TO_EDGE - NORMALIZED
[CL_R    CL_SNORM_INT8            1] - CL_FILTER_LINEAR - CL_ADDRESS_CLAMP - NORMALIZED
[CL_R    CL_SNORM_INT8            1] - CL_FILTER_LINEAR - CL_ADDRESS_REPEAT - NORMALIZED
[CL_R    CL_SNORM_INT8            1] - CL_FILTER_LINEAR - CL_ADDRESS_MIRRORED_REPEAT - NORMALIZED
[CL_R    CL_SNORM_INT16           1] - CL_FILTER_LINEAR - CL_ADDRESS_CLAMP_TO_EDGE - NORMALIZED
[CL_R    CL_SNORM_INT16           1] - CL_FILTER_LINEAR - CL_ADDRESS_CLAMP - NORMALIZED
[CL_R    CL_SNORM_INT16           1] - CL_FILTER_LINEAR - CL_ADDRESS_REPEAT - NORMALIZED
[CL_R    CL_SNORM_INT16           1] - CL_FILTER_LINEAR - CL_ADDRESS_MIRRORED_REPEAT - NORMALIZED
[CL_R    CL_UNORM_INT8            1] - CL_FILTER_LINEAR - CL_ADDRESS_CLAMP_TO_EDGE - NORMALIZED
[CL_R    CL_UNORM_INT8            1] - CL_FILTER_LINEAR - CL_ADDRESS_CLAMP - NORMALIZED
[CL_R    CL_UNORM_INT8            1] - CL_FILTER_LINEAR - CL_ADDRESS_REPEAT - NORMALIZED
[CL_R    CL_UNORM_INT8            1] - CL_FILTER_LINEAR - CL_ADDRESS_MIRRORED_REPEAT - NORMALIZED
[CL_R    CL_UNORM_INT16           1] - CL_FILTER_LINEAR - CL_ADDRESS_CLAMP_TO_EDGE - NORMALIZED
[CL_R    CL_UNORM_INT16           1] - CL_FILTER_LINEAR - CL_ADDRESS_CLAMP - NORMALIZED
[CL_R    CL_UNORM_INT16           1] - CL_FILTER_LINEAR - CL_ADDRESS_REPEAT - NORMALIZED
[CL_R    CL_UNORM_INT16           1] - CL_FILTER_LINEAR - CL_ADDRESS_MIRRORED_REPEAT - NORMALIZED
[CL_R    CL_HALF_FLOAT            1] - CL_FILTER_LINEAR - CL_ADDRESS_CLAMP_TO_EDGE - NORMALIZED
[CL_R    CL_HALF_FLOAT            1] - CL_FILTER_LINEAR - CL_ADDRESS_CLAMP - NORMALIZED
[CL_R    CL_HALF_FLOAT            1] - CL_FILTER_LINEAR - CL_ADDRESS_REPEAT - NORMALIZED
[CL_R    CL_HALF_FLOAT            1] - CL_FILTER_LINEAR - CL_ADDRESS_MIRRORED_REPEAT - NORMALIZED
[CL_R    CL_FLOAT                 1] - CL_FILTER_LINEAR - CL_ADDRESS_CLAMP_TO_EDGE - NORMALIZED
[CL_R    CL_FLOAT                 1] - CL_FILTER_LINEAR - CL_ADDRESS_CLAMP - NORMALIZED
[CL_R    CL_FLOAT                 1] - CL_FILTER_LINEAR - CL_ADDRESS_REPEAT - NORMALIZED
[CL_R    CL_FLOAT                 1] - CL_FILTER_LINEAR - CL_ADDRESS_MIRRORED_REPEAT - NORMALIZED
[CL_RG   CL_SNORM_INT8            2] - CL_FILTER_LINEAR - CL_ADDRESS_CLAMP_TO_EDGE - NORMALIZED
[CL_RG   CL_SNORM_INT8            2] - CL_FILTER_LINEAR - CL_ADDRESS_CLAMP - NORMALIZED
[CL_RG   CL_SNORM_INT8            2] - CL_FILTER_LINEAR - CL_ADDRESS_REPEAT - NORMALIZED
[CL_RG   CL_SNORM_INT8            2] - CL_FILTER_LINEAR - CL_ADDRESS_MIRRORED_REPEAT - NORMALIZED
[CL_RG   CL_SNORM_INT16           2] - CL_FILTER_LINEAR - CL_ADDRESS_CLAMP_TO_EDGE - NORMALIZED
[CL_RG   CL_SNORM_INT16           2] - CL_FILTER_LINEAR - CL_ADDRESS_CLAMP - NORMALIZED
[CL_RG   CL_SNORM_INT16           2] - CL_FILTER_LINEAR - CL_ADDRESS_REPEAT - NORMALIZED
[CL_RG   CL_SNORM_INT16           2] - CL_FILTER_LINEAR - CL_ADDRESS_MIRRORED_REPEAT - NORMALIZED
[CL_RG   CL_UNORM_INT8            2] - CL_FILTER_LINEAR - CL_ADDRESS_CLAMP_TO_EDGE - NORMALIZED
[CL_RG   CL_UNORM_INT8            2] - CL_FILTER_LINEAR - CL_ADDRESS_CLAMP - NORMALIZED
[CL_RG   CL_UNORM_INT8            2] - CL_FILTER_LINEAR - CL_ADDRESS_REPEAT - NORMALIZED
[CL_RG   CL_UNORM_INT8            2] - CL_FILTER_LINEAR - CL_ADDRESS_MIRRORED_REPEAT - NORMALIZED
[CL_RG   CL_UNORM_INT16           2] - CL_FILTER_LINEAR - CL_ADDRESS_CLAMP_TO_EDGE - NORMALIZED
[CL_RG   CL_UNORM_INT16           2] - CL_FILTER_LINEAR - CL_ADDRESS_CLAMP - NORMALIZED
[CL_RG   CL_UNORM_INT16           2] - CL_FILTER_LINEAR - CL_ADDRESS_REPEAT - NORMALIZED
[CL_RG   CL_UNORM_INT16           2] - CL_FILTER_LINEAR - CL_ADDRESS_MIRRORED_REPEAT - NORMALIZED
[CL_RG   CL_HALF_FLOAT            2] - CL_FILTER_LINEAR - CL_ADDRESS_CLAMP_TO_EDGE - NORMALIZED
[CL_RG   CL_HALF_FLOAT            2] - CL_FILTER_LINEAR - CL_ADDRESS_CLAMP - NORMALIZED
[CL_RG   CL_HALF_FLOAT            2] - CL_FILTER_LINEAR - CL_ADDRESS_REPEAT - NORMALIZED
[CL_RG   CL_HALF_FLOAT            2] - CL_FILTER_LINEAR - CL_ADDRESS_MIRRORED_REPEAT - NORMALIZED
[CL_RG   CL_FLOAT                 2] - CL_FILTER_LINEAR - CL_ADDRESS_CLAMP_TO_EDGE - NORMALIZED
[CL_RG   CL_FLOAT                 2] - CL_FILTER_LINEAR - CL_ADDRESS_CLAMP - NORMALIZED
[CL_RG   CL_FLOAT                 2] - CL_FILTER_LINEAR - CL_ADDRESS_REPEAT - NORMALIZED
[CL_RG   CL_FLOAT                 2] - CL_FILTER_LINEAR - CL_ADDRESS_MIRRORED_REPEAT - NORMALIZED
[CL_RGBA CL_SNORM_INT8            4] - CL_FILTER_LINEAR - CL_ADDRESS_CLAMP_TO_EDGE - NORMALIZED
[CL_RGBA CL_SNORM_INT8            4] - CL_FILTER_LINEAR - CL_ADDRESS_CLAMP - NORMALIZED
[CL_RGBA CL_SNORM_INT8            4] - CL_FILTER_LINEAR - CL_ADDRESS_REPEAT - NORMALIZED
[CL_RGBA CL_SNORM_INT8            4] - CL_FILTER_LINEAR - CL_ADDRESS_MIRRORED_REPEAT - NORMALIZED
[CL_RGBA CL_SNORM_INT16           4] - CL_FILTER_LINEAR - CL_ADDRESS_CLAMP_TO_EDGE - NORMALIZED
[CL_RGBA CL_SNORM_INT16           4] - CL_FILTER_LINEAR - CL_ADDRESS_CLAMP - NORMALIZED
[CL_RGBA CL_SNORM_INT16           4] - CL_FILTER_LINEAR - CL_ADDRESS_REPEAT - NORMALIZED
[CL_RGBA CL_SNORM_INT16           4] - CL_FILTER_LINEAR - CL_ADDRESS_MIRRORED_REPEAT - NORMALIZED
[CL_RGBA CL_UNORM_INT8            4] - CL_FILTER_LINEAR - CL_ADDRESS_CLAMP_TO_EDGE - NORMALIZED
[CL_RGBA CL_UNORM_INT8            4] - CL_FILTER_LINEAR - CL_ADDRESS_CLAMP - NORMALIZED
[CL_RGBA CL_UNORM_INT8            4] - CL_FILTER_LINEAR - CL_ADDRESS_REPEAT - NORMALIZED
[CL_RGBA CL_UNORM_INT8            4] - CL_FILTER_LINEAR - CL_ADDRESS_MIRRORED_REPEAT - NORMALIZED
[CL_RGBA CL_UNORM_INT16           4] - CL_FILTER_LINEAR - CL_ADDRESS_CLAMP_TO_EDGE - NORMALIZED
[CL_RGBA CL_UNORM_INT16           4] - CL_FILTER_LINEAR - CL_ADDRESS_CLAMP - NORMALIZED
[CL_RGBA CL_UNORM_INT16           4] - CL_FILTER_LINEAR - CL_ADDRESS_REPEAT - NORMALIZED
[CL_RGBA CL_UNORM_INT16           4] - CL_FILTER_LINEAR - CL_ADDRESS_MIRRORED_REPEAT - NORMALIZED
[CL_RGBA CL_HALF_FLOAT            4] - CL_FILTER_LINEAR - CL_ADDRESS_CLAMP_TO_EDGE - NORMALIZED
[CL_RGBA CL_HALF_FLOAT            4] - CL_FILTER_LINEAR - CL_ADDRESS_CLAMP - NORMALIZED
[CL_RGBA CL_HALF_FLOAT            4] - CL_FILTER_LINEAR - CL_ADDRESS_REPEAT - NORMALIZED
[CL_RGBA CL_HALF_FLOAT            4] - CL_FILTER_LINEAR - CL_ADDRESS_MIRRORED_REPEAT - NORMALIZED
[CL_RGBA CL_FLOAT                 4] - CL_FILTER_LINEAR - CL_ADDRESS_CLAMP_TO_EDGE - NORMALIZED
[CL_RGBA CL_FLOAT                 4] - CL_FILTER_LINEAR - CL_ADDRESS_CLAMP - NORMALIZED
[CL_RGBA CL_FLOAT                 4] - CL_FILTER_LINEAR - CL_ADDRESS_REPEAT - NORMALIZED
[CL_RGBA CL_FLOAT                 4] - CL_FILTER_LINEAR - CL_ADDRESS_MIRRORED_REPEAT - NORMALIZED
[CL_BGRA CL_SNORM_INT8            4] - CL_FILTER_LINEAR - CL_ADDRESS_CLAMP_TO_EDGE - NORMALIZED
[CL_BGRA CL_SNORM_INT8            4] - CL_FILTER_LINEAR - CL_ADDRESS_CLAMP - NORMALIZED
[CL_BGRA CL_SNORM_INT8            4] - CL_FILTER_LINEAR - CL_ADDRESS_REPEAT - NORMALIZED
[CL_BGRA CL_SNORM_INT8            4] - CL_FILTER_LINEAR - CL_ADDRESS_MIRRORED_REPEAT - NORMALIZED
[CL_BGRA CL_UNORM_INT8            4] - CL_FILTER_LINEAR - CL_ADDRESS_CLAMP_TO_EDGE - NORMALIZED
[CL_BGRA CL_UNORM_INT8            4] - CL_FILTER_LINEAR - CL_ADDRESS_CLAMP - NORMALIZED
[CL_BGRA CL_UNORM_INT8            4] - CL_FILTER_LINEAR - CL_ADDRESS_REPEAT - NORMALIZED
[CL_BGRA CL_UNORM_INT8            4] - CL_FILTER_LINEAR - CL_ADDRESS_MIRRORED_REPEAT - NORMALIZED
[CL_ARGB CL_SNORM_INT8            4] - CL_FILTER_LINEAR - CL_ADDRESS_CLAMP_TO_EDGE - NORMALIZED
[CL_ARGB CL_SNORM_INT8            4] - CL_FILTER_LINEAR - CL_ADDRESS_CLAMP - NORMALIZED
[CL_ARGB CL_SNORM_INT8            4] - CL_FILTER_LINEAR - CL_ADDRESS_REPEAT - NORMALIZED
[CL_ARGB CL_SNORM_INT8            4] - CL_FILTER_LINEAR - CL_ADDRESS_MIRRORED_REPEAT - NORMALIZED
[CL_ARGB CL_UNORM_INT8            4] - CL_FILTER_LINEAR - CL_ADDRESS_CLAMP_TO_EDGE - NORMALIZED
[CL_ARGB CL_UNORM_INT8            4] - CL_FILTER_LINEAR - CL_ADDRESS_CLAMP - NORMALIZED
[CL_ARGB CL_UNORM_INT8            4] - CL_FILTER_LINEAR - CL_ADDRESS_REPEAT - NORMALIZED
[CL_ARGB CL_UNORM_INT8            4] - CL_FILTER_LINEAR - CL_ADDRESS_MIRRORED_REPEAT - NORMALIZED
[CL_DEPTH CL_UNORM_INT16           1] - CL_FILTER_LINEAR - CL_ADDRESS_CLAMP_TO_EDGE - NORMALIZED
[CL_DEPTH CL_UNORM_INT16           1] - CL_FILTER_LINEAR - CL_ADDRESS_CLAMP - NORMALIZED
[CL_DEPTH CL_UNORM_INT16           1] - CL_FILTER_LINEAR - CL_ADDRESS_REPEAT - NORMALIZED
[CL_DEPTH CL_UNORM_INT16           1] - CL_FILTER_LINEAR - CL_ADDRESS_MIRRORED_REPEAT - NORMALIZED
[CL_DEPTH CL_FLOAT                 1] - CL_FILTER_LINEAR - CL_ADDRESS_CLAMP_TO_EDGE - NORMALIZED
[CL_DEPTH CL_FLOAT                 1] - CL_FILTER_LINEAR - CL_ADDRESS_CLAMP - NORMALIZED
[CL_DEPTH CL_FLOAT                 1] - CL_FILTER_LINEAR - CL_ADDRESS_REPEAT - NORMALIZED
[CL_DEPTH CL_FLOAT                 1] - CL_FILTER_LINEAR - CL_ADDRESS_MIRRORED_REPEAT - NORMALIZED
[CL_sRGBA CL_UNORM_INT8            4] - CL_FILTER_LINEAR - CL_ADDRESS_CLAMP_TO_EDGE - NORMALIZED
Test error: we should have detected this passing above.
FAILED norm_offsets: -0 , -0 , -0:
Sample 13100: coord {0.739130(0x1.7a6f4ep-1),1.020833(0x1.055556p+0),12.000000(0x1.8p+3)} did not validate!
	Expected (0.00151763,0.0352383,0.1762,0.231373),
	     got (0.0017094,0.035409,0.176313,0.231373), error of 0
Integer coords resolve to 34,47,12   with img size 46,48,26

Step by step:
	Filter denormalizes x to 34.000000 (0.739130 * 46.000000)
	Filter denormalizes y to 49.000000 (1.020833 * 48.000000)
	Actual integer coords used (i = floor(x-.5)): i0:{ 33, 47 } and i1:{ 34, 47 }
	Array coordinate is 12.000000
	Sampled pixels (rgba order):
		p00: 0.000911, 0.054480, 0.250158, 0.223529
		p01: 0.002125, 0.015996, 0.102242, 0.239216
		p10: 0.000911, 0.054480, 0.250158, 0.223529
		p11: 0.002125, 0.015996, 0.102242, 0.239216
	frac( x - 0.5f ) = 0.500000,  frac( y - 0.5f ) = 0.500000
	ulps: 1647265.00, 45835.00, 7553.00, 0.00  (max allowed: 5033165.00)

FAILED: [CL_sRGBA CL_UNORM_INT8            4] - CL_FILTER_LINEAR - CL_ADDRESS_CLAMP_TO_EDGE - NORMALIZED

[CL_sRGBA CL_UNORM_INT8            4] - CL_FILTER_LINEAR - CL_ADDRESS_CLAMP - NORMALIZED
Test error: we should have detected this passing above.
Test error: we should have detected this passing above.
FAILED norm_offsets: -0 , -0 , -0:
Sample 24048: coord {0.635870(0x1.4590b2p-1),0.994792(0x1.fd5556p-1),14.250000(0x1.c8p+3)} did not validate!
	Expected (0.000682936,0.159695,0.12569,0.274265),
	     got (0.000488401,0.159707,0.125763,0.274265), error of 0
Integer coords resolve to 29,47,14   with img size 46,48,26

Step by step:
	Filter denormalizes x to 29.250000 (0.635870 * 46.000000)
	Filter denormalizes y to 47.750000 (0.994792 * 48.000000)
	Actual integer coords used (i = floor(x-.5)): i0:{ 28, 47 } and i1:{ 29, 48 }
	Array coordinate is 14.000000
	Sampled pixels (rgba order):
		p00: 0.001821, 0.814847, 0.603827, 0.850980
		p01: 0.000607, 0.012286, 0.022174, 0.203922
		p10: 0.000000, 0.000000, 0.000000, 0.000000
		p11: 0.000000, 0.000000, 0.000000, 0.000000
	frac( x - 0.5f ) = 0.750000,  frac( y - 0.5f ) = 0.250000
	ulps: -3342089.00, 811.00, 4878.00, -1.00  (max allowed: 5033165.00)

FAILED: [CL_sRGBA CL_UNORM_INT8            4] - CL_FILTER_LINEAR - CL_ADDRESS_CLAMP - NORMALIZED

[CL_sRGBA CL_UNORM_INT8            4] - CL_FILTER_LINEAR - CL_ADDRESS_REPEAT - NORMALIZED
Test error: we should have detected this passing above.
Test error: we should have detected this passing above.
Test error: we should have detected this passing above.
Test error: we should have detected this passing above.
Test error: we should have detected this passing above.
Test error: we should have detected this passing above.
Test error: we should have detected this passing above.
Test error: we should have detected this passing above.
Test error: we should have detected this passing above.
Test error: we should have detected this passing above.
Test error: we should have detected this passing above.
Test error: we should have detected this passing above.
Test error: we should have detected this passing above.
Test error: we should have detected this passing above.
Test error: we should have detected this passing above.
Test error: we should have detected this passing above.
FAILED norm_offsets: -0 , -0 , -0:
Sample 37407: coord {0.292500(0x1.2b851ep-2),0.381967(0x1.872268p-2),15.700000(0x1.f66666p+3)} did not validate!
	Expected (0.00216125,0.183324,0.126834,0.510431),
	     got (0.0019536,0.18315,0.126496,0.511029), error of 0
Integer coords resolve to 11,23,16   with img size 40,61,26

Step by step:
	Repeat filter denormalizes x (0.292500) to 11.700000
	Repeat filter denormalizes y (0.381967) to 23.299999
	Actual integer coords used (i = floor(x-.5)): i0:{ 11, 22 } and i1:{ 12, 23 }
	Array coordinate is 16.000000
	Sampled pixels (rgba order):
		p00: 0.002732, 0.514918, 0.171441, 0.396078
		p01: 0.027321, 0.051269, 0.088656, 0.211765
		p10: 0.000607, 0.066626, 0.006995, 0.670588
		p11: 0.001518, 0.351533, 0.571125, 0.058824
	frac( x - 0.5f ) = 0.200000,  frac( y - 0.5f ) = 0.799999
	ulps: -891862.00, -11640.00, -22686.00, 10034.00  (max allowed: 5033165.00)

FAILED: [CL_sRGBA CL_UNORM_INT8            4] - CL_FILTER_LINEAR - CL_ADDRESS_REPEAT - NORMALIZED

[CL_sRGBA CL_UNORM_INT8            4] - CL_FILTER_LINEAR - CL_ADDRESS_MIRRORED_REPEAT - NORMALIZED
FAILED norm_offsets: -0 , -0 , -0:
Sample 30588: coord {1.000000(0x1p+0),0.645833(0x1.4aaaaap-1),16.000000(0x1p+4)} did not validate!
	Expected (0.00345082,0.458203,0.0613044,0.837255),
	     got (0.003663,0.458364,0.0612943,0.837255), error of 0
Integer coords resolve to 45,31,16   with img size 46,48,26

Step by step:
	Mirrored repeat filter denormalizes x (1.000000) to 46.000000
	Mirrored repeat filter denormalizes y (0.645833) to 31.000000
	Actual integer coords used (i = floor(x-.5)): i0:{ 45, 30 } and i1:{ 45, 31 }
	Array coordinate is 16.000000
	Sampled pixels (rgba order):
		p00: 0.004777, 0.783538, 0.057805, 0.780392
		p01: 0.004777, 0.783538, 0.057805, 0.780392
		p10: 0.002125, 0.132868, 0.064803, 0.894118
		p11: 0.002125, 0.132868, 0.064803, 0.894118
	frac( x - 0.5f ) = 0.500000,  frac( y - 0.5f ) = 0.500000
	ulps: 911317.00, 5395.00, -2709.00, 0.00  (max allowed: 5033165.00)

FAILED: [CL_sRGBA CL_UNORM_INT8            4] - CL_FILTER_LINEAR - CL_ADDRESS_MIRRORED_REPEAT - NORMALIZED

[CL_sBGRA CL_UNORM_INT8            4] - CL_FILTER_LINEAR - CL_ADDRESS_CLAMP_TO_EDGE - NORMALIZED
Test error: we should have detected this passing above.
FAILED norm_offsets: -0 , -0 , -0:
Sample 13100: coord {0.739130(0x1.7a6f4ep-1),1.020833(0x1.055556p+0),12.000000(0x1.8p+3)} did not validate!
	Expected (0.1762,0.0352383,0.00151763,0.231373),
	     got (0.176313,0.035409,0.0017094,0.231373), error of 0
Integer coords resolve to 34,47,12   with img size 46,48,26

Step by step:
	Filter denormalizes x to 34.000000 (0.739130 * 46.000000)
	Filter denormalizes y to 49.000000 (1.020833 * 48.000000)
	Actual integer coords used (i = floor(x-.5)): i0:{ 33, 47 } and i1:{ 34, 47 }
	Array coordinate is 12.000000
	Sampled pixels (rgba order):
		p00: 0.250158, 0.054480, 0.000911, 0.223529
		p01: 0.102242, 0.015996, 0.002125, 0.239216
		p10: 0.250158, 0.054480, 0.000911, 0.223529
		p11: 0.102242, 0.015996, 0.002125, 0.239216
	frac( x - 0.5f ) = 0.500000,  frac( y - 0.5f ) = 0.500000
	ulps: 7553.00, 45835.00, 1647265.00, 0.00  (max allowed: 5033165.00)

FAILED: [CL_sBGRA CL_UNORM_INT8            4] - CL_FILTER_LINEAR - CL_ADDRESS_CLAMP_TO_EDGE - NORMALIZED

[CL_sBGRA CL_UNORM_INT8            4] - CL_FILTER_LINEAR - CL_ADDRESS_CLAMP - NORMALIZED
Test error: we should have detected this passing above.
Test error: we should have detected this passing above.
FAILED norm_offsets: -0 , -0 , -0:
Sample 24048: coord {0.635870(0x1.4590b2p-1),0.994792(0x1.fd5556p-1),14.250000(0x1.c8p+3)} did not validate!
	Expected (0.12569,0.159695,0.000682936,0.274265),
	     got (0.125763,0.159707,0.000488401,0.274265), error of 0
Integer coords resolve to 29,47,14   with img size 46,48,26

Step by step:
	Filter denormalizes x to 29.250000 (0.635870 * 46.000000)
	Filter denormalizes y to 47.750000 (0.994792 * 48.000000)
	Actual integer coords used (i = floor(x-.5)): i0:{ 28, 47 } and i1:{ 29, 48 }
	Array coordinate is 14.000000
	Sampled pixels (rgba order):
		p00: 0.603827, 0.814847, 0.001821, 0.850980
		p01: 0.022174, 0.012286, 0.000607, 0.203922
		p10: 0.000000, 0.000000, 0.000000, 0.000000
		p11: 0.000000, 0.000000, 0.000000, 0.000000
	frac( x - 0.5f ) = 0.750000,  frac( y - 0.5f ) = 0.250000
	ulps: 4878.00, 811.00, -3342089.00, -1.00  (max allowed: 5033165.00)

FAILED: [CL_sBGRA CL_UNORM_INT8            4] - CL_FILTER_LINEAR - CL_ADDRESS_CLAMP - NORMALIZED

[CL_sBGRA CL_UNORM_INT8            4] - CL_FILTER_LINEAR - CL_ADDRESS_REPEAT - NORMALIZED
Test error: we should have detected this passing above.
Test error: we should have detected this passing above.
Test error: we should have detected this passing above.
Test error: we should have detected this passing above.
Test error: we should have detected this passing above.
Test error: we should have detected this passing above.
Test error: we should have detected this passing above.
Test error: we should have detected this passing above.
Test error: we should have detected this passing above.
Test error: we should have detected this passing above.
Test error: we should have detected this passing above.
Test error: we should have detected this passing above.
Test error: we should have detected this passing above.
Test error: we should have detected this passing above.
Test error: we should have detected this passing above.
Test error: we should have detected this passing above.
FAILED norm_offsets: -0 , -0 , -0:
Sample 37407: coord {0.292500(0x1.2b851ep-2),0.381967(0x1.872268p-2),15.700000(0x1.f66666p+3)} did not validate!
	Expected (0.126834,0.183324,0.00216125,0.510431),
	     got (0.126496,0.18315,0.0019536,0.511029), error of 0
Integer coords resolve to 11,23,16   with img size 40,61,26

Step by step:
	Repeat filter denormalizes x (0.292500) to 11.700000
	Repeat filter denormalizes y (0.381967) to 23.299999
	Actual integer coords used (i = floor(x-.5)): i0:{ 11, 22 } and i1:{ 12, 23 }
	Array coordinate is 16.000000
	Sampled pixels (rgba order):
		p00: 0.171441, 0.514918, 0.002732, 0.396078
		p01: 0.088656, 0.051269, 0.027321, 0.211765
		p10: 0.006995, 0.066626, 0.000607, 0.670588
		p11: 0.571125, 0.351533, 0.001518, 0.058824
	frac( x - 0.5f ) = 0.200000,  frac( y - 0.5f ) = 0.799999
	ulps: -22686.00, -11640.00, -891862.00, 10034.00  (max allowed: 5033165.00)

FAILED: [CL_sBGRA CL_UNORM_INT8            4] - CL_FILTER_LINEAR - CL_ADDRESS_REPEAT - NORMALIZED

[CL_sBGRA CL_UNORM_INT8            4] - CL_FILTER_LINEAR - CL_ADDRESS_MIRRORED_REPEAT - NORMALIZED
FAILED norm_offsets: -0 , -0 , -0:
Sample 30588: coord {1.000000(0x1p+0),0.645833(0x1.4aaaaap-1),16.000000(0x1p+4)} did not validate!
	Expected (0.0613044,0.458203,0.00345082,0.837255),
	     got (0.0612943,0.458364,0.003663,0.837255), error of 0
Integer coords resolve to 45,31,16   with img size 46,48,26

Step by step:
	Mirrored repeat filter denormalizes x (1.000000) to 46.000000
	Mirrored repeat filter denormalizes y (0.645833) to 31.000000
	Actual integer coords used (i = floor(x-.5)): i0:{ 45, 30 } and i1:{ 45, 31 }
	Array coordinate is 16.000000
	Sampled pixels (rgba order):
		p00: 0.057805, 0.783538, 0.004777, 0.780392
		p01: 0.057805, 0.783538, 0.004777, 0.780392
		p10: 0.064803, 0.132868, 0.002125, 0.894118
		p11: 0.064803, 0.132868, 0.002125, 0.894118
	frac( x - 0.5f ) = 0.500000,  frac( y - 0.5f ) = 0.500000
	ulps: -2709.00, 5395.00, 911317.00, 0.00  (max allowed: 5033165.00)

FAILED: [CL_sBGRA CL_UNORM_INT8            4] - CL_FILTER_LINEAR - CL_ADDRESS_MIRRORED_REPEAT - NORMALIZED

[CL_ABGR CL_SNORM_INT8            4] - CL_FILTER_LINEAR - CL_ADDRESS_CLAMP_TO_EDGE - NORMALIZED
[CL_ABGR CL_SNORM_INT8            4] - CL_FILTER_LINEAR - CL_ADDRESS_CLAMP - NORMALIZED
[CL_ABGR CL_SNORM_INT8            4] - CL_FILTER_LINEAR - CL_ADDRESS_REPEAT - NORMALIZED
[CL_ABGR CL_SNORM_INT8            4] - CL_FILTER_LINEAR - CL_ADDRESS_MIRRORED_REPEAT - NORMALIZED
[CL_ABGR CL_UNORM_INT8            4] - CL_FILTER_LINEAR - CL_ADDRESS_CLAMP_TO_EDGE - NORMALIZED
[CL_ABGR CL_UNORM_INT8            4] - CL_FILTER_LINEAR - CL_ADDRESS_CLAMP - NORMALIZED
[CL_ABGR CL_UNORM_INT8            4] - CL_FILTER_LINEAR - CL_ADDRESS_REPEAT - NORMALIZED
[CL_ABGR CL_UNORM_INT8            4] - CL_FILTER_LINEAR - CL_ADDRESS_MIRRORED_REPEAT - NORMALIZED
[CL_ABGR CL_UNORM_INT_2_101010_EXT 4] - CL_FILTER_LINEAR - CL_ADDRESS_CLAMP_TO_EDGE - NORMALIZED
FAILED norm_offsets: -0 , -0 , -0:
Sample 13261: coord {0.136957(0x1.187caap-3),-0.068750(-0x1.19999ap-4),8.300000(0x1.09999ap+3)} did not validate!
	Expected (0.111828,0.370283,0.00254154,0.866667),
	     got (0.111681,0.369746,0.00244379,0.867157), error of 0
Integer coords resolve to 6,0,8   with img size 46,48,26

Step by step:
	Filter denormalizes x to 6.300000 (0.136957 * 46.000000)
	Filter denormalizes y to -3.300000 (-0.068750 * 48.000000)
	Actual integer coords used (i = floor(x-.5)): i0:{ 5, 0 } and i1:{ 6, 0 }
	Array coordinate is 8.000000
	Sampled pixels (rgba order):
		p00: 0.336266, 0.963832, 0.004888, 0.333333
		p01: 0.055718, 0.221896, 0.001955, 1.000000
		p10: 0.336266, 0.963832, 0.004888, 0.333333
		p11: 0.055718, 0.221896, 0.001955, 1.000000
	frac( x - 0.5f ) = 0.800000,  frac( y - 0.5f ) = 0.200000
	ulps: -19673.00, -18035.00, -419838.00, 8222.00  (max allowed: 65538.00)

FAILED: [CL_ABGR CL_UNORM_INT_2_101010_EXT 4] - CL_FILTER_LINEAR - CL_ADDRESS_CLAMP_TO_EDGE - NORMALIZED

[CL_ABGR CL_UNORM_INT_2_101010_EXT 4] - CL_FILTER_LINEAR - CL_ADDRESS_CLAMP - NORMALIZED
FAILED norm_offsets: -0 , -0 , -0:
Sample 42279: coord {0.005435(0x1.642c86p-8),-0.005208(-0x1.555556p-8),14.250000(0x1.c8p+3)} did not validate!
	Expected (0.17412,0.00109971,0.12335,0.0625),
	     got (0.174242,0.0012219,0.123412,0.0625), error of 0
Integer coords resolve to 0,-1,14   with img size 46,48,26

Step by step:
	Filter denormalizes x to 0.250000 (0.005435 * 46.000000)
	Filter denormalizes y to -0.250000 (-0.005208 * 48.000000)
	Actual integer coords used (i = floor(x-.5)): i0:{ -1, -1 } and i1:{ 0, 0 }
	Array coordinate is 14.000000
	Sampled pixels (rgba order):
		p00: 0.000000, 0.000000, 0.000000, 0.000000
		p01: 0.000000, 0.000000, 0.000000, 0.000000
		p10: 0.000000, 0.000000, 0.000000, 0.000000
		p11: 0.928641, 0.005865, 0.657869, 0.333333
	frac( x - 0.5f ) = 0.750000,  frac( y - 0.5f ) = 0.250000
	ulps: 8200.00, 1049601.00, 8200.00, 0.00  (max allowed: 65538.00)

FAILED: [CL_ABGR CL_UNORM_INT_2_101010_EXT 4] - CL_FILTER_LINEAR - CL_ADDRESS_CLAMP - NORMALIZED

[CL_ABGR CL_UNORM_INT_2_101010_EXT 4] - CL_FILTER_LINEAR - CL_ADDRESS_REPEAT - NORMALIZED
[CL_ABGR CL_UNORM_INT_2_101010_EXT 4] - CL_FILTER_LINEAR - CL_ADDRESS_MIRRORED_REPEAT - NORMALIZED
FAILED norm_offsets: -0 , -0 , -0:
Sample 35685: coord {0.954348(0x1.e8a048p-1),0.002083(0x1.111116p-9),19.900000(0x1.3e6666p+4)} did not validate!
	Expected (0.664516,0.00156403,0.768915,0.266668),
	     got (0.664467,0.00146628,0.768573,0.265686), error of 0
Integer coords resolve to 43,0,20   with img size 46,48,26

Step by step:
	Mirrored repeat filter denormalizes x (0.954348) to 43.900002
	Mirrored repeat filter denormalizes y (0.002083) to 0.100000
	Actual integer coords used (i = floor(x-.5)): i0:{ 43, 0 } and i1:{ 44, 0 }
	Array coordinate is 20.000000
	Sampled pixels (rgba order):
		p00: 0.650049, 0.001955, 0.663734, 0.000000
		p01: 0.686217, 0.000978, 0.926686, 0.666667
		p10: 0.650049, 0.001955, 0.663734, 0.000000
		p11: 0.686217, 0.000978, 0.926686, 0.666667
	frac( x - 0.5f ) = 0.400002,  frac( y - 0.5f ) = 0.600000
	ulps: -820.00, -839668.00, -5747.00, -32931.00  (max allowed: 65538.00)

FAILED: [CL_ABGR CL_UNORM_INT_2_101010_EXT 4] - CL_FILTER_LINEAR - CL_ADDRESS_MIRRORED_REPEAT - NORMALIZED

---- Supported 2D array write formats for this device ---- 
  CL_R    CL_SNORM_INT8            1
  CL_R    CL_SNORM_INT16           1
  CL_R    CL_UNORM_INT8            1
  CL_R    CL_UNORM_INT16           1
  CL_R    CL_SIGNED_INT8           1
  CL_R    CL_SIGNED_INT16          1
  CL_R    CL_SIGNED_INT32          1
  CL_R    CL_UNSIGNED_INT8         1
  CL_R    CL_UNSIGNED_INT16        1
  CL_R    CL_UNSIGNED_INT32        1
  CL_R    CL_HALF_FLOAT            1
  CL_R    CL_FLOAT                 1
  CL_RG   CL_SNORM_INT8            2
  CL_RG   CL_SNORM_INT16           2
  CL_RG   CL_UNORM_INT8            2
  CL_RG   CL_UNORM_INT16           2
  CL_RG   CL_SIGNED_INT8           2
  CL_RG   CL_SIGNED_INT16          2
  CL_RG   CL_SIGNED_INT32          2
  CL_RG   CL_UNSIGNED_INT8         2
  CL_RG   CL_UNSIGNED_INT16        2
  CL_RG   CL_UNSIGNED_INT32        2
  CL_RG   CL_HALF_FLOAT            2
  CL_RG   CL_FLOAT                 2
  CL_RGBA CL_SNORM_INT8            4
  CL_RGBA CL_SNORM_INT16           4
  CL_RGBA CL_UNORM_INT8            4
  CL_RGBA CL_UNORM_INT16           4
  CL_RGBA CL_SIGNED_INT8           4
  CL_RGBA CL_SIGNED_INT16          4
  CL_RGBA CL_SIGNED_INT32          4
  CL_RGBA CL_UNSIGNED_INT8         4
  CL_RGBA CL_UNSIGNED_INT16        4
  CL_RGBA CL_UNSIGNED_INT32        4
  CL_RGBA CL_HALF_FLOAT            4
  CL_RGBA CL_FLOAT                 4
  CL_BGRA CL_SNORM_INT8            4
  CL_BGRA CL_UNORM_INT8            4
  CL_BGRA CL_SIGNED_INT8           4
  CL_BGRA CL_UNSIGNED_INT8         4
  CL_ARGB CL_SNORM_INT8            4
  CL_ARGB CL_UNORM_INT8            4
  CL_DEPTH CL_UNORM_INT16           1
  CL_DEPTH CL_FLOAT                 1
  CL_ABGR CL_SNORM_INT8            4
  CL_ABGR CL_UNORM_INT8            4
  CL_ABGR CL_UNORM_INT_2_101010_EXT 4
------------------------------------------- 
write_image (int input) *****************************
[CL_R    CL_SIGNED_INT8           1]
[CL_R    CL_SIGNED_INT16          1]
[CL_R    CL_SIGNED_INT32          1]
[CL_RG   CL_SIGNED_INT8           2]
[CL_RG   CL_SIGNED_INT16          2]
[CL_RG   CL_SIGNED_INT32          2]
[CL_RGBA CL_SIGNED_INT8           4]
[CL_RGBA CL_SIGNED_INT16          4]
[CL_RGBA CL_SIGNED_INT32          4]
[CL_BGRA CL_SIGNED_INT8           4]
write_image (uint input) *****************************
[CL_R    CL_UNSIGNED_INT8         1]
[CL_R    CL_UNSIGNED_INT16        1]
[CL_R    CL_UNSIGNED_INT32        1]
[CL_RG   CL_UNSIGNED_INT8         2]
[CL_RG   CL_UNSIGNED_INT16        2]
[CL_RG   CL_UNSIGNED_INT32        2]
[CL_RGBA CL_UNSIGNED_INT8         4]
[CL_RGBA CL_UNSIGNED_INT16        4]
[CL_RGBA CL_UNSIGNED_INT32        4]
[CL_BGRA CL_UNSIGNED_INT8         4]
write_image (float input) *****************************
[CL_R    CL_SNORM_INT8            1]
[CL_R    CL_SNORM_INT16           1]
[CL_R    CL_UNORM_INT8            1]
[CL_R    CL_UNORM_INT16           1]
[CL_R    CL_HALF_FLOAT            1]
[CL_R    CL_FLOAT                 1]
[CL_RG   CL_SNORM_INT8            2]
[CL_RG   CL_SNORM_INT16           2]
[CL_RG   CL_UNORM_INT8            2]
[CL_RG   CL_UNORM_INT16           2]
[CL_RG   CL_HALF_FLOAT            2]
[CL_RG   CL_FLOAT                 2]
[CL_RGBA CL_SNORM_INT8            4]
[CL_RGBA CL_SNORM_INT16           4]
[CL_RGBA CL_UNORM_INT8            4]
[CL_RGBA CL_UNORM_INT16           4]
[CL_RGBA CL_HALF_FLOAT            4]
[CL_RGBA CL_FLOAT                 4]
[CL_BGRA CL_SNORM_INT8            4]
[CL_BGRA CL_UNORM_INT8            4]
[CL_ARGB CL_SNORM_INT8            4]
[CL_ARGB CL_UNORM_INT8            4]
[CL_DEPTH CL_UNORM_INT16           1]
[CL_DEPTH CL_FLOAT                 1]
[CL_ABGR CL_SNORM_INT8            4]
[CL_ABGR CL_UNORM_INT8            4]
[CL_ABGR CL_UNORM_INT_2_101010_EXT 4]
---- Supported 2D array read_write formats for this device ---- 
  CL_R    CL_SNORM_INT8            1
  CL_R    CL_SNORM_INT16           1
  CL_R    CL_UNORM_INT8            1
  CL_R    CL_UNORM_INT16           1
  CL_R    CL_SIGNED_INT8           1
  CL_R    CL_SIGNED_INT16          1
  CL_R    CL_SIGNED_INT32          1
  CL_R    CL_UNSIGNED_INT8         1
  CL_R    CL_UNSIGNED_INT16        1
  CL_R    CL_UNSIGNED_INT32        1
  CL_R    CL_HALF_FLOAT            1
  CL_R    CL_FLOAT                 1
  CL_RG   CL_SNORM_INT8            2
  CL_RG   CL_SNORM_INT16           2
  CL_RG   CL_UNORM_INT8            2
  CL_RG   CL_UNORM_INT16           2
  CL_RG   CL_SIGNED_INT8           2
  CL_RG   CL_SIGNED_INT16          2
  CL_RG   CL_SIGNED_INT32          2
  CL_RG   CL_UNSIGNED_INT8         2
  CL_RG   CL_UNSIGNED_INT16        2
  CL_RG   CL_UNSIGNED_INT32        2
  CL_RG   CL_HALF_FLOAT            2
  CL_RG   CL_FLOAT                 2
  CL_RGBA CL_SNORM_INT8            4
  CL_RGBA CL_SNORM_INT16           4
  CL_RGBA CL_UNORM_INT8            4
  CL_RGBA CL_UNORM_INT16           4
  CL_RGBA CL_SIGNED_INT8           4
  CL_RGBA CL_SIGNED_INT16          4
  CL_RGBA CL_SIGNED_INT32          4
  CL_RGBA CL_UNSIGNED_INT8         4
  CL_RGBA CL_UNSIGNED_INT16        4
  CL_RGBA CL_UNSIGNED_INT32        4
  CL_RGBA CL_HALF_FLOAT            4
  CL_RGBA CL_FLOAT                 4
  CL_BGRA CL_SNORM_INT8            4
  CL_BGRA CL_UNORM_INT8            4
  CL_BGRA CL_SIGNED_INT8           4
  CL_BGRA CL_UNSIGNED_INT8         4
  CL_ARGB CL_SNORM_INT8            4
  CL_ARGB CL_UNORM_INT8            4
  CL_DEPTH CL_UNORM_INT16           1
  CL_DEPTH CL_FLOAT                 1
  CL_ABGR CL_SNORM_INT8            4
  CL_ABGR CL_UNORM_INT8            4
  CL_ABGR CL_UNORM_INT_2_101010_EXT 4
------------------------------------------- 
read_image (integer coords, int results) *****************************
[CL_R    CL_SIGNED_INT8           1] - CL_FILTER_NEAREST - CL_ADDRESS_NONE - UNNORMALIZED
[CL_R    CL_SIGNED_INT16          1] - CL_FILTER_NEAREST - CL_ADDRESS_NONE - UNNORMALIZED
[CL_R    CL_SIGNED_INT32          1] - CL_FILTER_NEAREST - CL_ADDRESS_NONE - UNNORMALIZED
[CL_RG   CL_SIGNED_INT8           2] - CL_FILTER_NEAREST - CL_ADDRESS_NONE - UNNORMALIZED
[CL_RG   CL_SIGNED_INT16          2] - CL_FILTER_NEAREST - CL_ADDRESS_NONE - UNNORMALIZED
[CL_RG   CL_SIGNED_INT32          2] - CL_FILTER_NEAREST - CL_ADDRESS_NONE - UNNORMALIZED
[CL_RGBA CL_SIGNED_INT8           4] - CL_FILTER_NEAREST - CL_ADDRESS_NONE - UNNORMALIZED
[CL_RGBA CL_SIGNED_INT16          4] - CL_FILTER_NEAREST - CL_ADDRESS_NONE - UNNORMALIZED
[CL_RGBA CL_SIGNED_INT32          4] - CL_FILTER_NEAREST - CL_ADDRESS_NONE - UNNORMALIZED
[CL_BGRA CL_SIGNED_INT8           4] - CL_FILTER_NEAREST - CL_ADDRESS_NONE - UNNORMALIZED
read_image (integer coords, uint results) *****************************
[CL_R    CL_UNSIGNED_INT8         1] - CL_FILTER_NEAREST - CL_ADDRESS_NONE - UNNORMALIZED
[CL_R    CL_UNSIGNED_INT16        1] - CL_FILTER_NEAREST - CL_ADDRESS_NONE - UNNORMALIZED
[CL_R    CL_UNSIGNED_INT32        1] - CL_FILTER_NEAREST - CL_ADDRESS_NONE - UNNORMALIZED
[CL_RG   CL_UNSIGNED_INT8         2] - CL_FILTER_NEAREST - CL_ADDRESS_NONE - UNNORMALIZED
[CL_RG   CL_UNSIGNED_INT16        2] - CL_FILTER_NEAREST - CL_ADDRESS_NONE - UNNORMALIZED
[CL_RG   CL_UNSIGNED_INT32        2] - CL_FILTER_NEAREST - CL_ADDRESS_NONE - UNNORMALIZED
[CL_RGBA CL_UNSIGNED_INT8         4] - CL_FILTER_NEAREST - CL_ADDRESS_NONE - UNNORMALIZED
[CL_RGBA CL_UNSIGNED_INT16        4] - CL_FILTER_NEAREST - CL_ADDRESS_NONE - UNNORMALIZED
[CL_RGBA CL_UNSIGNED_INT32        4] - CL_FILTER_NEAREST - CL_ADDRESS_NONE - UNNORMALIZED
[CL_BGRA CL_UNSIGNED_INT8         4] - CL_FILTER_NEAREST - CL_ADDRESS_NONE - UNNORMALIZED
read_image (integer coords, float results) *****************************
[CL_R    CL_SNORM_INT8            1] - CL_FILTER_NEAREST - CL_ADDRESS_NONE - UNNORMALIZED
[CL_R    CL_SNORM_INT16           1] - CL_FILTER_NEAREST - CL_ADDRESS_NONE - UNNORMALIZED
[CL_R    CL_UNORM_INT8            1] - CL_FILTER_NEAREST - CL_ADDRESS_NONE - UNNORMALIZED
[CL_R    CL_UNORM_INT16           1] - CL_FILTER_NEAREST - CL_ADDRESS_NONE - UNNORMALIZED
[CL_R    CL_HALF_FLOAT            1] - CL_FILTER_NEAREST - CL_ADDRESS_NONE - UNNORMALIZED
[CL_R    CL_FLOAT                 1] - CL_FILTER_NEAREST - CL_ADDRESS_NONE - UNNORMALIZED
[CL_RG   CL_SNORM_INT8            2] - CL_FILTER_NEAREST - CL_ADDRESS_NONE - UNNORMALIZED
[CL_RG   CL_SNORM_INT16           2] - CL_FILTER_NEAREST - CL_ADDRESS_NONE - UNNORMALIZED
[CL_RG   CL_UNORM_INT8            2] - CL_FILTER_NEAREST - CL_ADDRESS_NONE - UNNORMALIZED
[CL_RG   CL_UNORM_INT16           2] - CL_FILTER_NEAREST - CL_ADDRESS_NONE - UNNORMALIZED
[CL_RG   CL_HALF_FLOAT            2] - CL_FILTER_NEAREST - CL_ADDRESS_NONE - UNNORMALIZED
[CL_RG   CL_FLOAT                 2] - CL_FILTER_NEAREST - CL_ADDRESS_NONE - UNNORMALIZED
[CL_RGBA CL_SNORM_INT8            4] - CL_FILTER_NEAREST - CL_ADDRESS_NONE - UNNORMALIZED
[CL_RGBA CL_SNORM_INT16           4] - CL_FILTER_NEAREST - CL_ADDRESS_NONE - UNNORMALIZED
[CL_RGBA CL_UNORM_INT8            4] - CL_FILTER_NEAREST - CL_ADDRESS_NONE - UNNORMALIZED
[CL_RGBA CL_UNORM_INT16           4] - CL_FILTER_NEAREST - CL_ADDRESS_NONE - UNNORMALIZED
[CL_RGBA CL_HALF_FLOAT            4] - CL_FILTER_NEAREST - CL_ADDRESS_NONE - UNNORMALIZED
[CL_RGBA CL_FLOAT                 4] - CL_FILTER_NEAREST - CL_ADDRESS_NONE - UNNORMALIZED
[CL_BGRA CL_SNORM_INT8            4] - CL_FILTER_NEAREST - CL_ADDRESS_NONE - UNNORMALIZED
[CL_BGRA CL_UNORM_INT8            4] - CL_FILTER_NEAREST - CL_ADDRESS_NONE - UNNORMALIZED
[CL_ARGB CL_SNORM_INT8            4] - CL_FILTER_NEAREST - CL_ADDRESS_NONE - UNNORMALIZED
[CL_ARGB CL_UNORM_INT8            4] - CL_FILTER_NEAREST - CL_ADDRESS_NONE - UNNORMALIZED
[CL_DEPTH CL_UNORM_INT16           1] - CL_FILTER_NEAREST - CL_ADDRESS_NONE - UNNORMALIZED
[CL_DEPTH CL_FLOAT                 1] - CL_FILTER_NEAREST - CL_ADDRESS_NONE - UNNORMALIZED
[CL_ABGR CL_SNORM_INT8            4] - CL_FILTER_NEAREST - CL_ADDRESS_NONE - UNNORMALIZED
[CL_ABGR CL_UNORM_INT8            4] - CL_FILTER_NEAREST - CL_ADDRESS_NONE - UNNORMALIZED
[CL_ABGR CL_UNORM_INT_2_101010_EXT 4] - CL_FILTER_NEAREST - CL_ADDRESS_NONE - UNNORMALIZED
---- Supported 2D array read_write formats for this device ---- 
  CL_R    CL_SNORM_INT8            1
  CL_R    CL_SNORM_INT16           1
  CL_R    CL_UNORM_INT8            1
  CL_R    CL_UNORM_INT16           1
  CL_R    CL_SIGNED_INT8           1
  CL_R    CL_SIGNED_INT16          1
  CL_R    CL_SIGNED_INT32          1
  CL_R    CL_UNSIGNED_INT8         1
  CL_R    CL_UNSIGNED_INT16        1
  CL_R    CL_UNSIGNED_INT32        1
  CL_R    CL_HALF_FLOAT            1
  CL_R    CL_FLOAT                 1
  CL_RG   CL_SNORM_INT8            2
  CL_RG   CL_SNORM_INT16           2
  CL_RG   CL_UNORM_INT8            2
  CL_RG   CL_UNORM_INT16           2
  CL_RG   CL_SIGNED_INT8           2
  CL_RG   CL_SIGNED_INT16          2
  CL_RG   CL_SIGNED_INT32          2
  CL_RG   CL_UNSIGNED_INT8         2
  CL_RG   CL_UNSIGNED_INT16        2
  CL_RG   CL_UNSIGNED_INT32        2
  CL_RG   CL_HALF_FLOAT            2
  CL_RG   CL_FLOAT                 2
  CL_RGBA CL_SNORM_INT8            4
  CL_RGBA CL_SNORM_INT16           4
  CL_RGBA CL_UNORM_INT8            4
  CL_RGBA CL_UNORM_INT16           4
  CL_RGBA CL_SIGNED_INT8           4
  CL_RGBA CL_SIGNED_INT16          4
  CL_RGBA CL_SIGNED_INT32          4
  CL_RGBA CL_UNSIGNED_INT8         4
  CL_RGBA CL_UNSIGNED_INT16        4
  CL_RGBA CL_UNSIGNED_INT32        4
  CL_RGBA CL_HALF_FLOAT            4
  CL_RGBA CL_FLOAT                 4
  CL_BGRA CL_SNORM_INT8            4
  CL_BGRA CL_UNORM_INT8            4
  CL_BGRA CL_SIGNED_INT8           4
  CL_BGRA CL_UNSIGNED_INT8         4
  CL_ARGB CL_SNORM_INT8            4
  CL_ARGB CL_UNORM_INT8            4
  CL_DEPTH CL_UNORM_INT16           1
  CL_DEPTH CL_FLOAT                 1
  CL_ABGR CL_SNORM_INT8            4
  CL_ABGR CL_UNORM_INT8            4
  CL_ABGR CL_UNORM_INT_2_101010_EXT 4
------------------------------------------- 
write_image (int input) *****************************
[CL_R    CL_SIGNED_INT8           1]
[CL_R    CL_SIGNED_INT16          1]
[CL_R    CL_SIGNED_INT32          1]
[CL_RG   CL_SIGNED_INT8           2]
[CL_RG   CL_SIGNED_INT16          2]
[CL_RG   CL_SIGNED_INT32          2]
[CL_RGBA CL_SIGNED_INT8           4]
[CL_RGBA CL_SIGNED_INT16          4]
[CL_RGBA CL_SIGNED_INT32          4]
[CL_BGRA CL_SIGNED_INT8           4]
write_image (uint input) *****************************
[CL_R    CL_UNSIGNED_INT8         1]
[CL_R    CL_UNSIGNED_INT16        1]
[CL_R    CL_UNSIGNED_INT32        1]
[CL_RG   CL_UNSIGNED_INT8         2]
[CL_RG   CL_UNSIGNED_INT16        2]
[CL_RG   CL_UNSIGNED_INT32        2]
[CL_RGBA CL_UNSIGNED_INT8         4]
[CL_RGBA CL_UNSIGNED_INT16        4]
[CL_RGBA CL_UNSIGNED_INT32        4]
[CL_BGRA CL_UNSIGNED_INT8         4]
write_image (float input) *****************************
[CL_R    CL_SNORM_INT8            1]
[CL_R    CL_SNORM_INT16           1]
[CL_R    CL_UNORM_INT8            1]
[CL_R    CL_UNORM_INT16           1]
[CL_R    CL_HALF_FLOAT            1]
[CL_R    CL_FLOAT                 1]
[CL_RG   CL_SNORM_INT8            2]
[CL_RG   CL_SNORM_INT16           2]
[CL_RG   CL_UNORM_INT8            2]
[CL_RG   CL_UNORM_INT16           2]
[CL_RG   CL_HALF_FLOAT            2]
[CL_RG   CL_FLOAT                 2]
[CL_RGBA CL_SNORM_INT8            4]
[CL_RGBA CL_SNORM_INT16           4]
[CL_RGBA CL_UNORM_INT8            4]
[CL_RGBA CL_UNORM_INT16           4]
[CL_RGBA CL_HALF_FLOAT            4]
[CL_RGBA CL_FLOAT                 4]
[CL_BGRA CL_SNORM_INT8            4]
[CL_BGRA CL_UNORM_INT8            4]
[CL_ARGB CL_SNORM_INT8            4]
[CL_ARGB CL_UNORM_INT8            4]
[CL_DEPTH CL_UNORM_INT16           1]
[CL_DEPTH CL_FLOAT                 1]
[CL_ABGR CL_SNORM_INT8            4]
[CL_ABGR CL_UNORM_INT8            4]
[CL_ABGR CL_UNORM_INT_2_101010_EXT 4]
2Darray FAILED
cl_image_requirements_size_ext_negative...
Extension cl_ext_image_requirements_info not available
cl_image_requirements_size_ext_negative test not supported
cl_image_requirements_size_ext_consistency...
Extension cl_ext_image_requirements_info not available
cl_image_requirements_size_ext_consistency test not supported
clGetImageRequirementsInfoEXT_negative...
Extension cl_ext_image_requirements_info not available
clGetImageRequirementsInfoEXT_negative test not supported
cl_image_requirements_max_val_ext_negative...
Extension cl_ext_image_requirements_info not available
cl_image_requirements_max_val_ext_negative test not supported
cl_image_requirements_max_val_ext_positive...
Extension cl_ext_image_requirements_info not available
cl_image_requirements_max_val_ext_positive test not supported
image2d_from_buffer_positive...
Extension cl_khr_image2d_from_buffer not available
image2d_from_buffer_positive test not supported
memInfo_image_from_buffer_positive...
Extension cl_ext_image_requirements_info not available
memInfo_image_from_buffer_positive test not supported
imageInfo_image_from_buffer_positive...
Extension cl_ext_image_requirements_info not available
imageInfo_image_from_buffer_positive test not supported
image_from_buffer_alignment_negative...
Extension cl_ext_image_requirements_info not available
image_from_buffer_alignment_negative test not supported
image_from_small_buffer_negative...
Extension cl_ext_image_requirements_info not available
image_from_small_buffer_negative test not supported
image_from_buffer_fill_positive...
Extension cl_ext_image_requirements_info not available
image_from_buffer_fill_positive test not supported
image_from_buffer_read_positive...
Extension cl_ext_image_requirements_info not available
image_from_buffer_read_positive test not supported
cl_ext_image_raw10_raw12...
-----------------------------------------------------
This device does not support cl_ext_image_raw10_raw12.
Skipping cl_ext_image_raw10_raw12 image test.
-----------------------------------------------------

cl_ext_image_raw10_raw12 test not supported
FAILED 51 of 3433 sub-tests.
FAILED 4 of 5 tests.
