 Initializing random seed to 0.
Requesting Default device based on command line for platform index 0 and device index 0
Compute Device Name = Apple M1 (G13G B1), Compute Device Vendor = Apple, Compute Device Version = OpenCL 3.1 , CL C Version = OpenCL C 1.2 
Device latest conformance version passed: v2026-03-25-00
Supports single precision denormals: NO
sizeof( void*) = 8  (host)
sizeof( void*) = 8  (device)
buffer_copy...
set size: 16384: Testing with cl_mem_flags src: CL_MEM_ALLOC_HOST_PTR dst: CL_MEM_ALLOC_HOST_PTR
test passed
test passed
Testing with cl_mem_flags src: CL_MEM_ALLOC_HOST_PTR dst: CL_MEM_ALLOC_HOST_PTR | CL_MEM_COPY_HOST_PTR
test passed
test passed
Testing with cl_mem_flags src: CL_MEM_ALLOC_HOST_PTR dst: CL_MEM_USE_HOST_PTR
test passed
test passed
Testing with cl_mem_flags src: CL_MEM_ALLOC_HOST_PTR dst: CL_MEM_COPY_HOST_PTR
test passed
test passed
Testing with cl_mem_flags src: CL_MEM_ALLOC_HOST_PTR dst: 0
test passed
test passed
Testing with cl_mem_flags src: CL_MEM_ALLOC_HOST_PTR dst: CL_MEM_IMMUTABLE_EXT | CL_MEM_USE_HOST_PTR
test passed
test passed
Testing with cl_mem_flags src: CL_MEM_ALLOC_HOST_PTR dst: CL_MEM_IMMUTABLE_EXT | CL_MEM_COPY_HOST_PTR
test passed
test passed
Testing with cl_mem_flags src: CL_MEM_ALLOC_HOST_PTR dst: CL_MEM_IMMUTABLE_EXT | CL_MEM_COPY_HOST_PTR | CL_MEM_ALLOC_HOST_PTR
test passed
test passed
Testing with cl_mem_flags src: CL_MEM_ALLOC_HOST_PTR | CL_MEM_COPY_HOST_PTR dst: CL_MEM_ALLOC_HOST_PTR
test passed
test passed
Testing with cl_mem_flags src: CL_MEM_ALLOC_HOST_PTR | CL_MEM_COPY_HOST_PTR dst: CL_MEM_ALLOC_HOST_PTR | CL_MEM_COPY_HOST_PTR
test passed
test passed
Testing with cl_mem_flags src: CL_MEM_ALLOC_HOST_PTR | CL_MEM_COPY_HOST_PTR dst: CL_MEM_USE_HOST_PTR
test passed
test passed
Testing with cl_mem_flags src: CL_MEM_ALLOC_HOST_PTR | CL_MEM_COPY_HOST_PTR dst: CL_MEM_COPY_HOST_PTR
test passed
test passed
Testing with cl_mem_flags src: CL_MEM_ALLOC_HOST_PTR | CL_MEM_COPY_HOST_PTR dst: 0
test passed
test passed
Testing with cl_mem_flags src: CL_MEM_ALLOC_HOST_PTR | CL_MEM_COPY_HOST_PTR dst: CL_MEM_IMMUTABLE_EXT | CL_MEM_USE_HOST_PTR
test passed
test passed
Testing with cl_mem_flags src: CL_MEM_ALLOC_HOST_PTR | CL_MEM_COPY_HOST_PTR dst: CL_MEM_IMMUTABLE_EXT | CL_MEM_COPY_HOST_PTR
test passed
test passed
Testing with cl_mem_flags src: CL_MEM_ALLOC_HOST_PTR | CL_MEM_COPY_HOST_PTR dst: CL_MEM_IMMUTABLE_EXT | CL_MEM_COPY_HOST_PTR | CL_MEM_ALLOC_HOST_PTR
test passed
test passed
Testing with cl_mem_flags src: CL_MEM_USE_HOST_PTR dst: CL_MEM_ALLOC_HOST_PTR
test passed
test passed
Testing with cl_mem_flags src: CL_MEM_USE_HOST_PTR dst: CL_MEM_ALLOC_HOST_PTR | CL_MEM_COPY_HOST_PTR
test passed
test passed
Testing with cl_mem_flags src: CL_MEM_USE_HOST_PTR dst: CL_MEM_USE_HOST_PTR
test passed
test passed
Testing with cl_mem_flags src: CL_MEM_USE_HOST_PTR dst: CL_MEM_COPY_HOST_PTR
test passed
test passed
Testing with cl_mem_flags src: CL_MEM_USE_HOST_PTR dst: 0
test passed
test passed
Testing with cl_mem_flags src: CL_MEM_USE_HOST_PTR dst: CL_MEM_IMMUTABLE_EXT | CL_MEM_USE_HOST_PTR
test passed
test passed
Testing with cl_mem_flags src: CL_MEM_USE_HOST_PTR dst: CL_MEM_IMMUTABLE_EXT | CL_MEM_COPY_HOST_PTR
test passed
test passed
Testing with cl_mem_flags src: CL_MEM_USE_HOST_PTR dst: CL_MEM_IMMUTABLE_EXT | CL_MEM_COPY_HOST_PTR | CL_MEM_ALLOC_HOST_PTR
test passed
test passed
Testing with cl_mem_flags src: CL_MEM_COPY_HOST_PTR dst: CL_MEM_ALLOC_HOST_PTR
test passed
test passed
Testing with cl_mem_flags src: CL_MEM_COPY_HOST_PTR dst: CL_MEM_ALLOC_HOST_PTR | CL_MEM_COPY_HOST_PTR
test passed
test passed
Testing with cl_mem_flags src: CL_MEM_COPY_HOST_PTR dst: CL_MEM_USE_HOST_PTR
test passed
test passed
Testing with cl_mem_flags src: CL_MEM_COPY_HOST_PTR dst: CL_MEM_COPY_HOST_PTR
test passed
test passed
Testing with cl_mem_flags src: CL_MEM_COPY_HOST_PTR dst: 0
test passed
test passed
Testing with cl_mem_flags src: CL_MEM_COPY_HOST_PTR dst: CL_MEM_IMMUTABLE_EXT | CL_MEM_USE_HOST_PTR
test passed
test passed
Testing with cl_mem_flags src: CL_MEM_COPY_HOST_PTR dst: CL_MEM_IMMUTABLE_EXT | CL_MEM_COPY_HOST_PTR
test passed
test passed
Testing with cl_mem_flags src: CL_MEM_COPY_HOST_PTR dst: CL_MEM_IMMUTABLE_EXT | CL_MEM_COPY_HOST_PTR | CL_MEM_ALLOC_HOST_PTR
test passed
test passed
Testing with cl_mem_flags src: 0 dst: CL_MEM_ALLOC_HOST_PTR
test passed
test passed
Testing with cl_mem_flags src: 0 dst: CL_MEM_ALLOC_HOST_PTR | CL_MEM_COPY_HOST_PTR
test passed
test passed
Testing with cl_mem_flags src: 0 dst: CL_MEM_USE_HOST_PTR
test passed
test passed
Testing with cl_mem_flags src: 0 dst: CL_MEM_COPY_HOST_PTR
test passed
test passed
Testing with cl_mem_flags src: 0 dst: 0
test passed
test passed
Testing with cl_mem_flags src: 0 dst: CL_MEM_IMMUTABLE_EXT | CL_MEM_USE_HOST_PTR
test passed
test passed
Testing with cl_mem_flags src: 0 dst: CL_MEM_IMMUTABLE_EXT | CL_MEM_COPY_HOST_PTR
test passed
test passed
Testing with cl_mem_flags src: 0 dst: CL_MEM_IMMUTABLE_EXT | CL_MEM_COPY_HOST_PTR | CL_MEM_ALLOC_HOST_PTR
test passed
test passed
Testing with cl_mem_flags src: CL_MEM_IMMUTABLE_EXT | CL_MEM_USE_HOST_PTR dst: CL_MEM_ALLOC_HOST_PTR
test passed
test passed
Testing with cl_mem_flags src: CL_MEM_IMMUTABLE_EXT | CL_MEM_USE_HOST_PTR dst: CL_MEM_ALLOC_HOST_PTR | CL_MEM_COPY_HOST_PTR
test passed
test passed
Testing with cl_mem_flags src: CL_MEM_IMMUTABLE_EXT | CL_MEM_USE_HOST_PTR dst: CL_MEM_USE_HOST_PTR
test passed
test passed
Testing with cl_mem_flags src: CL_MEM_IMMUTABLE_EXT | CL_MEM_USE_HOST_PTR dst: CL_MEM_COPY_HOST_PTR
test passed
test passed
Testing with cl_mem_flags src: CL_MEM_IMMUTABLE_EXT | CL_MEM_USE_HOST_PTR dst: 0
test passed
test passed
Testing with cl_mem_flags src: CL_MEM_IMMUTABLE_EXT | CL_MEM_USE_HOST_PTR dst: CL_MEM_IMMUTABLE_EXT | CL_MEM_USE_HOST_PTR
test passed
test passed
Testing with cl_mem_flags src: CL_MEM_IMMUTABLE_EXT | CL_MEM_USE_HOST_PTR dst: CL_MEM_IMMUTABLE_EXT | CL_MEM_COPY_HOST_PTR
test passed
test passed
Testing with cl_mem_flags src: CL_MEM_IMMUTABLE_EXT | CL_MEM_USE_HOST_PTR dst: CL_MEM_IMMUTABLE_EXT | CL_MEM_COPY_HOST_PTR | CL_MEM_ALLOC_HOST_PTR
test passed
test passed
Testing with cl_mem_flags src: CL_MEM_IMMUTABLE_EXT | CL_MEM_COPY_HOST_PTR dst: CL_MEM_ALLOC_HOST_PTR
test passed
test passed
Testing with cl_mem_flags src: CL_MEM_IMMUTABLE_EXT | CL_MEM_COPY_HOST_PTR dst: CL_MEM_ALLOC_HOST_PTR | CL_MEM_COPY_HOST_PTR
test passed
test passed
Testing with cl_mem_flags src: CL_MEM_IMMUTABLE_EXT | CL_MEM_COPY_HOST_PTR dst: CL_MEM_USE_HOST_PTR
test passed
test passed
Testing with cl_mem_flags src: CL_MEM_IMMUTABLE_EXT | CL_MEM_COPY_HOST_PTR dst: CL_MEM_COPY_HOST_PTR
test passed
test passed
Testing with cl_mem_flags src: CL_MEM_IMMUTABLE_EXT | CL_MEM_COPY_HOST_PTR dst: 0
test passed
test passed
Testing with cl_mem_flags src: CL_MEM_IMMUTABLE_EXT | CL_MEM_COPY_HOST_PTR dst: CL_MEM_IMMUTABLE_EXT | CL_MEM_USE_HOST_PTR
test passed
test passed
Testing with cl_mem_flags src: CL_MEM_IMMUTABLE_EXT | CL_MEM_COPY_HOST_PTR dst: CL_MEM_IMMUTABLE_EXT | CL_MEM_COPY_HOST_PTR
test passed
test passed
Testing with cl_mem_flags src: CL_MEM_IMMUTABLE_EXT | CL_MEM_COPY_HOST_PTR dst: CL_MEM_IMMUTABLE_EXT | CL_MEM_COPY_HOST_PTR | CL_MEM_ALLOC_HOST_PTR
test passed
test passed
Testing with cl_mem_flags src: CL_MEM_IMMUTABLE_EXT | CL_MEM_COPY_HOST_PTR | CL_MEM_ALLOC_HOST_PTR dst: CL_MEM_ALLOC_HOST_PTR
test passed
test passed
Testing with cl_mem_flags src: CL_MEM_IMMUTABLE_EXT | CL_MEM_COPY_HOST_PTR | CL_MEM_ALLOC_HOST_PTR dst: CL_MEM_ALLOC_HOST_PTR | CL_MEM_COPY_HOST_PTR
test passed
test passed
Testing with cl_mem_flags src: CL_MEM_IMMUTABLE_EXT | CL_MEM_COPY_HOST_PTR | CL_MEM_ALLOC_HOST_PTR dst: CL_MEM_USE_HOST_PTR
test passed
test passed
Testing with cl_mem_flags src: CL_MEM_IMMUTABLE_EXT | CL_MEM_COPY_HOST_PTR | CL_MEM_ALLOC_HOST_PTR dst: CL_MEM_COPY_HOST_PTR
test passed
test passed
Testing with cl_mem_flags src: CL_MEM_IMMUTABLE_EXT | CL_MEM_COPY_HOST_PTR | CL_MEM_ALLOC_HOST_PTR dst: 0
test passed
test passed
Testing with cl_mem_flags src: CL_MEM_IMMUTABLE_EXT | CL_MEM_COPY_HOST_PTR | CL_MEM_ALLOC_HOST_PTR dst: CL_MEM_IMMUTABLE_EXT | CL_MEM_USE_HOST_PTR
test passed
test passed
Testing with cl_mem_flags src: CL_MEM_IMMUTABLE_EXT | CL_MEM_COPY_HOST_PTR | CL_MEM_ALLOC_HOST_PTR dst: CL_MEM_IMMUTABLE_EXT | CL_MEM_COPY_HOST_PTR
test passed
test passed
Testing with cl_mem_flags src: CL_MEM_IMMUTABLE_EXT | CL_MEM_COPY_HOST_PTR | CL_MEM_ALLOC_HOST_PTR dst: CL_MEM_IMMUTABLE_EXT | CL_MEM_COPY_HOST_PTR | CL_MEM_ALLOC_HOST_PTR
test passed
test passed
random size: 88402: Testing with cl_mem_flags src: CL_MEM_ALLOC_HOST_PTR dst: CL_MEM_ALLOC_HOST_PTR
test passed
test passed
Testing with cl_mem_flags src: CL_MEM_ALLOC_HOST_PTR dst: CL_MEM_ALLOC_HOST_PTR | CL_MEM_COPY_HOST_PTR
test passed
test passed
Testing with cl_mem_flags src: CL_MEM_ALLOC_HOST_PTR dst: CL_MEM_USE_HOST_PTR
test passed
test passed
Testing with cl_mem_flags src: CL_MEM_ALLOC_HOST_PTR dst: CL_MEM_COPY_HOST_PTR
test passed
test passed
Testing with cl_mem_flags src: CL_MEM_ALLOC_HOST_PTR dst: 0
test passed
test passed
Testing with cl_mem_flags src: CL_MEM_ALLOC_HOST_PTR dst: CL_MEM_IMMUTABLE_EXT | CL_MEM_USE_HOST_PTR
test passed
test passed
Testing with cl_mem_flags src: CL_MEM_ALLOC_HOST_PTR dst: CL_MEM_IMMUTABLE_EXT | CL_MEM_COPY_HOST_PTR
test passed
test passed
Testing with cl_mem_flags src: CL_MEM_ALLOC_HOST_PTR dst: CL_MEM_IMMUTABLE_EXT | CL_MEM_COPY_HOST_PTR | CL_MEM_ALLOC_HOST_PTR
test passed
test passed
Testing with cl_mem_flags src: CL_MEM_ALLOC_HOST_PTR | CL_MEM_COPY_HOST_PTR dst: CL_MEM_ALLOC_HOST_PTR
test passed
test passed
Testing with cl_mem_flags src: CL_MEM_ALLOC_HOST_PTR | CL_MEM_COPY_HOST_PTR dst: CL_MEM_ALLOC_HOST_PTR | CL_MEM_COPY_HOST_PTR
test passed
test passed
Testing with cl_mem_flags src: CL_MEM_ALLOC_HOST_PTR | CL_MEM_COPY_HOST_PTR dst: CL_MEM_USE_HOST_PTR
test passed
test passed
Testing with cl_mem_flags src: CL_MEM_ALLOC_HOST_PTR | CL_MEM_COPY_HOST_PTR dst: CL_MEM_COPY_HOST_PTR
test passed
test passed
Testing with cl_mem_flags src: CL_MEM_ALLOC_HOST_PTR | CL_MEM_COPY_HOST_PTR dst: 0
test passed
test passed
Testing with cl_mem_flags src: CL_MEM_ALLOC_HOST_PTR | CL_MEM_COPY_HOST_PTR dst: CL_MEM_IMMUTABLE_EXT | CL_MEM_USE_HOST_PTR
test passed
test passed
Testing with cl_mem_flags src: CL_MEM_ALLOC_HOST_PTR | CL_MEM_COPY_HOST_PTR dst: CL_MEM_IMMUTABLE_EXT | CL_MEM_COPY_HOST_PTR
test passed
test passed
Testing with cl_mem_flags src: CL_MEM_ALLOC_HOST_PTR | CL_MEM_COPY_HOST_PTR dst: CL_MEM_IMMUTABLE_EXT | CL_MEM_COPY_HOST_PTR | CL_MEM_ALLOC_HOST_PTR
test passed
test passed
Testing with cl_mem_flags src: CL_MEM_USE_HOST_PTR dst: CL_MEM_ALLOC_HOST_PTR
test passed
test passed
Testing with cl_mem_flags src: CL_MEM_USE_HOST_PTR dst: CL_MEM_ALLOC_HOST_PTR | CL_MEM_COPY_HOST_PTR
test passed
test passed
Testing with cl_mem_flags src: CL_MEM_USE_HOST_PTR dst: CL_MEM_USE_HOST_PTR
test passed
test passed
Testing with cl_mem_flags src: CL_MEM_USE_HOST_PTR dst: CL_MEM_COPY_HOST_PTR
test passed
test passed
Testing with cl_mem_flags src: CL_MEM_USE_HOST_PTR dst: 0
test passed
test passed
Testing with cl_mem_flags src: CL_MEM_USE_HOST_PTR dst: CL_MEM_IMMUTABLE_EXT | CL_MEM_USE_HOST_PTR
test passed
test passed
Testing with cl_mem_flags src: CL_MEM_USE_HOST_PTR dst: CL_MEM_IMMUTABLE_EXT | CL_MEM_COPY_HOST_PTR
test passed
test passed
Testing with cl_mem_flags src: CL_MEM_USE_HOST_PTR dst: CL_MEM_IMMUTABLE_EXT | CL_MEM_COPY_HOST_PTR | CL_MEM_ALLOC_HOST_PTR
test passed
test passed
Testing with cl_mem_flags src: CL_MEM_COPY_HOST_PTR dst: CL_MEM_ALLOC_HOST_PTR
test passed
test passed
Testing with cl_mem_flags src: CL_MEM_COPY_HOST_PTR dst: CL_MEM_ALLOC_HOST_PTR | CL_MEM_COPY_HOST_PTR
test passed
test passed
Testing with cl_mem_flags src: CL_MEM_COPY_HOST_PTR dst: CL_MEM_USE_HOST_PTR
test passed
test passed
Testing with cl_mem_flags src: CL_MEM_COPY_HOST_PTR dst: CL_MEM_COPY_HOST_PTR
test passed
test passed
Testing with cl_mem_flags src: CL_MEM_COPY_HOST_PTR dst: 0
test passed
test passed
Testing with cl_mem_flags src: CL_MEM_COPY_HOST_PTR dst: CL_MEM_IMMUTABLE_EXT | CL_MEM_USE_HOST_PTR
test passed
test passed
Testing with cl_mem_flags src: CL_MEM_COPY_HOST_PTR dst: CL_MEM_IMMUTABLE_EXT | CL_MEM_COPY_HOST_PTR
test passed
test passed
Testing with cl_mem_flags src: CL_MEM_COPY_HOST_PTR dst: CL_MEM_IMMUTABLE_EXT | CL_MEM_COPY_HOST_PTR | CL_MEM_ALLOC_HOST_PTR
test passed
test passed
Testing with cl_mem_flags src: 0 dst: CL_MEM_ALLOC_HOST_PTR
test passed
test passed
Testing with cl_mem_flags src: 0 dst: CL_MEM_ALLOC_HOST_PTR | CL_MEM_COPY_HOST_PTR
test passed
test passed
Testing with cl_mem_flags src: 0 dst: CL_MEM_USE_HOST_PTR
test passed
test passed
Testing with cl_mem_flags src: 0 dst: CL_MEM_COPY_HOST_PTR
test passed
test passed
Testing with cl_mem_flags src: 0 dst: 0
test passed
test passed
Testing with cl_mem_flags src: 0 dst: CL_MEM_IMMUTABLE_EXT | CL_MEM_USE_HOST_PTR
test passed
test passed
Testing with cl_mem_flags src: 0 dst: CL_MEM_IMMUTABLE_EXT | CL_MEM_COPY_HOST_PTR
test passed
test passed
Testing with cl_mem_flags src: 0 dst: CL_MEM_IMMUTABLE_EXT | CL_MEM_COPY_HOST_PTR | CL_MEM_ALLOC_HOST_PTR
test passed
test passed
Testing with cl_mem_flags src: CL_MEM_IMMUTABLE_EXT | CL_MEM_USE_HOST_PTR dst: CL_MEM_ALLOC_HOST_PTR
test passed
test passed
Testing with cl_mem_flags src: CL_MEM_IMMUTABLE_EXT | CL_MEM_USE_HOST_PTR dst: CL_MEM_ALLOC_HOST_PTR | CL_MEM_COPY_HOST_PTR
test passed
test passed
Testing with cl_mem_flags src: CL_MEM_IMMUTABLE_EXT | CL_MEM_USE_HOST_PTR dst: CL_MEM_USE_HOST_PTR
test passed
test passed
Testing with cl_mem_flags src: CL_MEM_IMMUTABLE_EXT | CL_MEM_USE_HOST_PTR dst: CL_MEM_COPY_HOST_PTR
test passed
test passed
Testing with cl_mem_flags src: CL_MEM_IMMUTABLE_EXT | CL_MEM_USE_HOST_PTR dst: 0
test passed
test passed
Testing with cl_mem_flags src: CL_MEM_IMMUTABLE_EXT | CL_MEM_USE_HOST_PTR dst: CL_MEM_IMMUTABLE_EXT | CL_MEM_USE_HOST_PTR
test passed
test passed
Testing with cl_mem_flags src: CL_MEM_IMMUTABLE_EXT | CL_MEM_USE_HOST_PTR dst: CL_MEM_IMMUTABLE_EXT | CL_MEM_COPY_HOST_PTR
test passed
test passed
Testing with cl_mem_flags src: CL_MEM_IMMUTABLE_EXT | CL_MEM_USE_HOST_PTR dst: CL_MEM_IMMUTABLE_EXT | CL_MEM_COPY_HOST_PTR | CL_MEM_ALLOC_HOST_PTR
test passed
test passed
Testing with cl_mem_flags src: CL_MEM_IMMUTABLE_EXT | CL_MEM_COPY_HOST_PTR dst: CL_MEM_ALLOC_HOST_PTR
test passed
test passed
Testing with cl_mem_flags src: CL_MEM_IMMUTABLE_EXT | CL_MEM_COPY_HOST_PTR dst: CL_MEM_ALLOC_HOST_PTR | CL_MEM_COPY_HOST_PTR
test passed
test passed
Testing with cl_mem_flags src: CL_MEM_IMMUTABLE_EXT | CL_MEM_COPY_HOST_PTR dst: CL_MEM_USE_HOST_PTR
test passed
test passed
Testing with cl_mem_flags src: CL_MEM_IMMUTABLE_EXT | CL_MEM_COPY_HOST_PTR dst: CL_MEM_COPY_HOST_PTR
test passed
test passed
Testing with cl_mem_flags src: CL_MEM_IMMUTABLE_EXT | CL_MEM_COPY_HOST_PTR dst: 0
test passed
test passed
Testing with cl_mem_flags src: CL_MEM_IMMUTABLE_EXT | CL_MEM_COPY_HOST_PTR dst: CL_MEM_IMMUTABLE_EXT | CL_MEM_USE_HOST_PTR
test passed
test passed
Testing with cl_mem_flags src: CL_MEM_IMMUTABLE_EXT | CL_MEM_COPY_HOST_PTR dst: CL_MEM_IMMUTABLE_EXT | CL_MEM_COPY_HOST_PTR
test passed
test passed
Testing with cl_mem_flags src: CL_MEM_IMMUTABLE_EXT | CL_MEM_COPY_HOST_PTR dst: CL_MEM_IMMUTABLE_EXT | CL_MEM_COPY_HOST_PTR | CL_MEM_ALLOC_HOST_PTR
test passed
test passed
Testing with cl_mem_flags src: CL_MEM_IMMUTABLE_EXT | CL_MEM_COPY_HOST_PTR | CL_MEM_ALLOC_HOST_PTR dst: CL_MEM_ALLOC_HOST_PTR
test passed
test passed
Testing with cl_mem_flags src: CL_MEM_IMMUTABLE_EXT | CL_MEM_COPY_HOST_PTR | CL_MEM_ALLOC_HOST_PTR dst: CL_MEM_ALLOC_HOST_PTR | CL_MEM_COPY_HOST_PTR
test passed
test passed
Testing with cl_mem_flags src: CL_MEM_IMMUTABLE_EXT | CL_MEM_COPY_HOST_PTR | CL_MEM_ALLOC_HOST_PTR dst: CL_MEM_USE_HOST_PTR
test passed
test passed
Testing with cl_mem_flags src: CL_MEM_IMMUTABLE_EXT | CL_MEM_COPY_HOST_PTR | CL_MEM_ALLOC_HOST_PTR dst: CL_MEM_COPY_HOST_PTR
test passed
test passed
Testing with cl_mem_flags src: CL_MEM_IMMUTABLE_EXT | CL_MEM_COPY_HOST_PTR | CL_MEM_ALLOC_HOST_PTR dst: 0
test passed
test passed
Testing with cl_mem_flags src: CL_MEM_IMMUTABLE_EXT | CL_MEM_COPY_HOST_PTR | CL_MEM_ALLOC_HOST_PTR dst: CL_MEM_IMMUTABLE_EXT | CL_MEM_USE_HOST_PTR
test passed
test passed
Testing with cl_mem_flags src: CL_MEM_IMMUTABLE_EXT | CL_MEM_COPY_HOST_PTR | CL_MEM_ALLOC_HOST_PTR dst: CL_MEM_IMMUTABLE_EXT | CL_MEM_COPY_HOST_PTR
test passed
test passed
Testing with cl_mem_flags src: CL_MEM_IMMUTABLE_EXT | CL_MEM_COPY_HOST_PTR | CL_MEM_ALLOC_HOST_PTR dst: CL_MEM_IMMUTABLE_EXT | CL_MEM_COPY_HOST_PTR | CL_MEM_ALLOC_HOST_PTR
test passed
test passed
random size: 83825: Testing with cl_mem_flags src: CL_MEM_ALLOC_HOST_PTR dst: CL_MEM_ALLOC_HOST_PTR
test passed
test passed
Testing with cl_mem_flags src: CL_MEM_ALLOC_HOST_PTR dst: CL_MEM_ALLOC_HOST_PTR | CL_MEM_COPY_HOST_PTR
test passed
test passed
Testing with cl_mem_flags src: CL_MEM_ALLOC_HOST_PTR dst: CL_MEM_USE_HOST_PTR
test passed
test passed
Testing with cl_mem_flags src: CL_MEM_ALLOC_HOST_PTR dst: CL_MEM_COPY_HOST_PTR
test passed
test passed
Testing with cl_mem_flags src: CL_MEM_ALLOC_HOST_PTR dst: 0
test passed
test passed
Testing with cl_mem_flags src: CL_MEM_ALLOC_HOST_PTR dst: CL_MEM_IMMUTABLE_EXT | CL_MEM_USE_HOST_PTR
test passed
test passed
Testing with cl_mem_flags src: CL_MEM_ALLOC_HOST_PTR dst: CL_MEM_IMMUTABLE_EXT | CL_MEM_COPY_HOST_PTR
test passed
test passed
Testing with cl_mem_flags src: CL_MEM_ALLOC_HOST_PTR dst: CL_MEM_IMMUTABLE_EXT | CL_MEM_COPY_HOST_PTR | CL_MEM_ALLOC_HOST_PTR
test passed
test passed
Testing with cl_mem_flags src: CL_MEM_ALLOC_HOST_PTR | CL_MEM_COPY_HOST_PTR dst: CL_MEM_ALLOC_HOST_PTR
test passed
test passed
Testing with cl_mem_flags src: CL_MEM_ALLOC_HOST_PTR | CL_MEM_COPY_HOST_PTR dst: CL_MEM_ALLOC_HOST_PTR | CL_MEM_COPY_HOST_PTR
test passed
test passed
Testing with cl_mem_flags src: CL_MEM_ALLOC_HOST_PTR | CL_MEM_COPY_HOST_PTR dst: CL_MEM_USE_HOST_PTR
test passed
test passed
Testing with cl_mem_flags src: CL_MEM_ALLOC_HOST_PTR | CL_MEM_COPY_HOST_PTR dst: CL_MEM_COPY_HOST_PTR
test passed
test passed
Testing with cl_mem_flags src: CL_MEM_ALLOC_HOST_PTR | CL_MEM_COPY_HOST_PTR dst: 0
test passed
test passed
Testing with cl_mem_flags src: CL_MEM_ALLOC_HOST_PTR | CL_MEM_COPY_HOST_PTR dst: CL_MEM_IMMUTABLE_EXT | CL_MEM_USE_HOST_PTR
test passed
test passed
Testing with cl_mem_flags src: CL_MEM_ALLOC_HOST_PTR | CL_MEM_COPY_HOST_PTR dst: CL_MEM_IMMUTABLE_EXT | CL_MEM_COPY_HOST_PTR
test passed
test passed
Testing with cl_mem_flags src: CL_MEM_ALLOC_HOST_PTR | CL_MEM_COPY_HOST_PTR dst: CL_MEM_IMMUTABLE_EXT | CL_MEM_COPY_HOST_PTR | CL_MEM_ALLOC_HOST_PTR
test passed
test passed
Testing with cl_mem_flags src: CL_MEM_USE_HOST_PTR dst: CL_MEM_ALLOC_HOST_PTR
test passed
test passed
Testing with cl_mem_flags src: CL_MEM_USE_HOST_PTR dst: CL_MEM_ALLOC_HOST_PTR | CL_MEM_COPY_HOST_PTR
test passed
test passed
Testing with cl_mem_flags src: CL_MEM_USE_HOST_PTR dst: CL_MEM_USE_HOST_PTR
test passed
test passed
Testing with cl_mem_flags src: CL_MEM_USE_HOST_PTR dst: CL_MEM_COPY_HOST_PTR
test passed
test passed
Testing with cl_mem_flags src: CL_MEM_USE_HOST_PTR dst: 0
test passed
test passed
Testing with cl_mem_flags src: CL_MEM_USE_HOST_PTR dst: CL_MEM_IMMUTABLE_EXT | CL_MEM_USE_HOST_PTR
test passed
test passed
Testing with cl_mem_flags src: CL_MEM_USE_HOST_PTR dst: CL_MEM_IMMUTABLE_EXT | CL_MEM_COPY_HOST_PTR
test passed
test passed
Testing with cl_mem_flags src: CL_MEM_USE_HOST_PTR dst: CL_MEM_IMMUTABLE_EXT | CL_MEM_COPY_HOST_PTR | CL_MEM_ALLOC_HOST_PTR
test passed
test passed
Testing with cl_mem_flags src: CL_MEM_COPY_HOST_PTR dst: CL_MEM_ALLOC_HOST_PTR
test passed
test passed
Testing with cl_mem_flags src: CL_MEM_COPY_HOST_PTR dst: CL_MEM_ALLOC_HOST_PTR | CL_MEM_COPY_HOST_PTR
test passed
test passed
Testing with cl_mem_flags src: CL_MEM_COPY_HOST_PTR dst: CL_MEM_USE_HOST_PTR
test passed
test passed
Testing with cl_mem_flags src: CL_MEM_COPY_HOST_PTR dst: CL_MEM_COPY_HOST_PTR
test passed
test passed
Testing with cl_mem_flags src: CL_MEM_COPY_HOST_PTR dst: 0
test passed
test passed
Testing with cl_mem_flags src: CL_MEM_COPY_HOST_PTR dst: CL_MEM_IMMUTABLE_EXT | CL_MEM_USE_HOST_PTR
test passed
test passed
Testing with cl_mem_flags src: CL_MEM_COPY_HOST_PTR dst: CL_MEM_IMMUTABLE_EXT | CL_MEM_COPY_HOST_PTR
test passed
test passed
Testing with cl_mem_flags src: CL_MEM_COPY_HOST_PTR dst: CL_MEM_IMMUTABLE_EXT | CL_MEM_COPY_HOST_PTR | CL_MEM_ALLOC_HOST_PTR
test passed
test passed
Testing with cl_mem_flags src: 0 dst: CL_MEM_ALLOC_HOST_PTR
test passed
test passed
Testing with cl_mem_flags src: 0 dst: CL_MEM_ALLOC_HOST_PTR | CL_MEM_COPY_HOST_PTR
test passed
test passed
Testing with cl_mem_flags src: 0 dst: CL_MEM_USE_HOST_PTR
test passed
test passed
Testing with cl_mem_flags src: 0 dst: CL_MEM_COPY_HOST_PTR
test passed
test passed
Testing with cl_mem_flags src: 0 dst: 0
test passed
test passed
Testing with cl_mem_flags src: 0 dst: CL_MEM_IMMUTABLE_EXT | CL_MEM_USE_HOST_PTR
test passed
test passed
Testing with cl_mem_flags src: 0 dst: CL_MEM_IMMUTABLE_EXT | CL_MEM_COPY_HOST_PTR
test passed
test passed
Testing with cl_mem_flags src: 0 dst: CL_MEM_IMMUTABLE_EXT | CL_MEM_COPY_HOST_PTR | CL_MEM_ALLOC_HOST_PTR
test passed
test passed
Testing with cl_mem_flags src: CL_MEM_IMMUTABLE_EXT | CL_MEM_USE_HOST_PTR dst: CL_MEM_ALLOC_HOST_PTR
test passed
test passed
Testing with cl_mem_flags src: CL_MEM_IMMUTABLE_EXT | CL_MEM_USE_HOST_PTR dst: CL_MEM_ALLOC_HOST_PTR | CL_MEM_COPY_HOST_PTR
test passed
test passed
Testing with cl_mem_flags src: CL_MEM_IMMUTABLE_EXT | CL_MEM_USE_HOST_PTR dst: CL_MEM_USE_HOST_PTR
test passed
test passed
Testing with cl_mem_flags src: CL_MEM_IMMUTABLE_EXT | CL_MEM_USE_HOST_PTR dst: CL_MEM_COPY_HOST_PTR
test passed
test passed
Testing with cl_mem_flags src: CL_MEM_IMMUTABLE_EXT | CL_MEM_USE_HOST_PTR dst: 0
test passed
test passed
Testing with cl_mem_flags src: CL_MEM_IMMUTABLE_EXT | CL_MEM_USE_HOST_PTR dst: CL_MEM_IMMUTABLE_EXT | CL_MEM_USE_HOST_PTR
test passed
test passed
Testing with cl_mem_flags src: CL_MEM_IMMUTABLE_EXT | CL_MEM_USE_HOST_PTR dst: CL_MEM_IMMUTABLE_EXT | CL_MEM_COPY_HOST_PTR
test passed
test passed
Testing with cl_mem_flags src: CL_MEM_IMMUTABLE_EXT | CL_MEM_USE_HOST_PTR dst: CL_MEM_IMMUTABLE_EXT | CL_MEM_COPY_HOST_PTR | CL_MEM_ALLOC_HOST_PTR
test passed
test passed
Testing with cl_mem_flags src: CL_MEM_IMMUTABLE_EXT | CL_MEM_COPY_HOST_PTR dst: CL_MEM_ALLOC_HOST_PTR
test passed
test passed
Testing with cl_mem_flags src: CL_MEM_IMMUTABLE_EXT | CL_MEM_COPY_HOST_PTR dst: CL_MEM_ALLOC_HOST_PTR | CL_MEM_COPY_HOST_PTR
test passed
test passed
Testing with cl_mem_flags src: CL_MEM_IMMUTABLE_EXT | CL_MEM_COPY_HOST_PTR dst: CL_MEM_USE_HOST_PTR
test passed
test passed
Testing with cl_mem_flags src: CL_MEM_IMMUTABLE_EXT | CL_MEM_COPY_HOST_PTR dst: CL_MEM_COPY_HOST_PTR
test passed
test passed
Testing with cl_mem_flags src: CL_MEM_IMMUTABLE_EXT | CL_MEM_COPY_HOST_PTR dst: 0
test passed
test passed
Testing with cl_mem_flags src: CL_MEM_IMMUTABLE_EXT | CL_MEM_COPY_HOST_PTR dst: CL_MEM_IMMUTABLE_EXT | CL_MEM_USE_HOST_PTR
test passed
test passed
Testing with cl_mem_flags src: CL_MEM_IMMUTABLE_EXT | CL_MEM_COPY_HOST_PTR dst: CL_MEM_IMMUTABLE_EXT | CL_MEM_COPY_HOST_PTR
test passed
test passed
Testing with cl_mem_flags src: CL_MEM_IMMUTABLE_EXT | CL_MEM_COPY_HOST_PTR dst: CL_MEM_IMMUTABLE_EXT | CL_MEM_COPY_HOST_PTR | CL_MEM_ALLOC_HOST_PTR
test passed
test passed
Testing with cl_mem_flags src: CL_MEM_IMMUTABLE_EXT | CL_MEM_COPY_HOST_PTR | CL_MEM_ALLOC_HOST_PTR dst: CL_MEM_ALLOC_HOST_PTR
test passed
test passed
Testing with cl_mem_flags src: CL_MEM_IMMUTABLE_EXT | CL_MEM_COPY_HOST_PTR | CL_MEM_ALLOC_HOST_PTR dst: CL_MEM_ALLOC_HOST_PTR | CL_MEM_COPY_HOST_PTR
test passed
test passed
Testing with cl_mem_flags src: CL_MEM_IMMUTABLE_EXT | CL_MEM_COPY_HOST_PTR | CL_MEM_ALLOC_HOST_PTR dst: CL_MEM_USE_HOST_PTR
test passed
test passed
Testing with cl_mem_flags src: CL_MEM_IMMUTABLE_EXT | CL_MEM_COPY_HOST_PTR | CL_MEM_ALLOC_HOST_PTR dst: CL_MEM_COPY_HOST_PTR
test passed
test passed
Testing with cl_mem_flags src: CL_MEM_IMMUTABLE_EXT | CL_MEM_COPY_HOST_PTR | CL_MEM_ALLOC_HOST_PTR dst: 0
test passed
test passed
Testing with cl_mem_flags src: CL_MEM_IMMUTABLE_EXT | CL_MEM_COPY_HOST_PTR | CL_MEM_ALLOC_HOST_PTR dst: CL_MEM_IMMUTABLE_EXT | CL_MEM_USE_HOST_PTR
test passed
test passed
Testing with cl_mem_flags src: CL_MEM_IMMUTABLE_EXT | CL_MEM_COPY_HOST_PTR | CL_MEM_ALLOC_HOST_PTR dst: CL_MEM_IMMUTABLE_EXT | CL_MEM_COPY_HOST_PTR
test passed
test passed
Testing with cl_mem_flags src: CL_MEM_IMMUTABLE_EXT | CL_MEM_COPY_HOST_PTR | CL_MEM_ALLOC_HOST_PTR dst: CL_MEM_IMMUTABLE_EXT | CL_MEM_COPY_HOST_PTR | CL_MEM_ALLOC_HOST_PTR
test passed
test passed
random size: 128150: Testing with cl_mem_flags src: CL_MEM_ALLOC_HOST_PTR dst: CL_MEM_ALLOC_HOST_PTR
test passed
test passed
Testing with cl_mem_flags src: CL_MEM_ALLOC_HOST_PTR dst: CL_MEM_ALLOC_HOST_PTR | CL_MEM_COPY_HOST_PTR
test passed
test passed
Testing with cl_mem_flags src: CL_MEM_ALLOC_HOST_PTR dst: CL_MEM_USE_HOST_PTR
test passed
test passed
Testing with cl_mem_flags src: CL_MEM_ALLOC_HOST_PTR dst: CL_MEM_COPY_HOST_PTR
test passed
test passed
Testing with cl_mem_flags src: CL_MEM_ALLOC_HOST_PTR dst: 0
test passed
test passed
Testing with cl_mem_flags src: CL_MEM_ALLOC_HOST_PTR dst: CL_MEM_IMMUTABLE_EXT | CL_MEM_USE_HOST_PTR
test passed
test passed
Testing with cl_mem_flags src: CL_MEM_ALLOC_HOST_PTR dst: CL_MEM_IMMUTABLE_EXT | CL_MEM_COPY_HOST_PTR
test passed
test passed
Testing with cl_mem_flags src: CL_MEM_ALLOC_HOST_PTR dst: CL_MEM_IMMUTABLE_EXT | CL_MEM_COPY_HOST_PTR | CL_MEM_ALLOC_HOST_PTR
test passed
test passed
Testing with cl_mem_flags src: CL_MEM_ALLOC_HOST_PTR | CL_MEM_COPY_HOST_PTR dst: CL_MEM_ALLOC_HOST_PTR
test passed
test passed
Testing with cl_mem_flags src: CL_MEM_ALLOC_HOST_PTR | CL_MEM_COPY_HOST_PTR dst: CL_MEM_ALLOC_HOST_PTR | CL_MEM_COPY_HOST_PTR
test passed
test passed
Testing with cl_mem_flags src: CL_MEM_ALLOC_HOST_PTR | CL_MEM_COPY_HOST_PTR dst: CL_MEM_USE_HOST_PTR
test passed
test passed
Testing with cl_mem_flags src: CL_MEM_ALLOC_HOST_PTR | CL_MEM_COPY_HOST_PTR dst: CL_MEM_COPY_HOST_PTR
test passed
test passed
Testing with cl_mem_flags src: CL_MEM_ALLOC_HOST_PTR | CL_MEM_COPY_HOST_PTR dst: 0
test passed
test passed
Testing with cl_mem_flags src: CL_MEM_ALLOC_HOST_PTR | CL_MEM_COPY_HOST_PTR dst: CL_MEM_IMMUTABLE_EXT | CL_MEM_USE_HOST_PTR
test passed
test passed
Testing with cl_mem_flags src: CL_MEM_ALLOC_HOST_PTR | CL_MEM_COPY_HOST_PTR dst: CL_MEM_IMMUTABLE_EXT | CL_MEM_COPY_HOST_PTR
test passed
test passed
Testing with cl_mem_flags src: CL_MEM_ALLOC_HOST_PTR | CL_MEM_COPY_HOST_PTR dst: CL_MEM_IMMUTABLE_EXT | CL_MEM_COPY_HOST_PTR | CL_MEM_ALLOC_HOST_PTR
test passed
test passed
Testing with cl_mem_flags src: CL_MEM_USE_HOST_PTR dst: CL_MEM_ALLOC_HOST_PTR
test passed
test passed
Testing with cl_mem_flags src: CL_MEM_USE_HOST_PTR dst: CL_MEM_ALLOC_HOST_PTR | CL_MEM_COPY_HOST_PTR
test passed
test passed
Testing with cl_mem_flags src: CL_MEM_USE_HOST_PTR dst: CL_MEM_USE_HOST_PTR
test passed
test passed
Testing with cl_mem_flags src: CL_MEM_USE_HOST_PTR dst: CL_MEM_COPY_HOST_PTR
test passed
test passed
Testing with cl_mem_flags src: CL_MEM_USE_HOST_PTR dst: 0
test passed
test passed
Testing with cl_mem_flags src: CL_MEM_USE_HOST_PTR dst: CL_MEM_IMMUTABLE_EXT | CL_MEM_USE_HOST_PTR
test passed
test passed
Testing with cl_mem_flags src: CL_MEM_USE_HOST_PTR dst: CL_MEM_IMMUTABLE_EXT | CL_MEM_COPY_HOST_PTR
test passed
test passed
Testing with cl_mem_flags src: CL_MEM_USE_HOST_PTR dst: CL_MEM_IMMUTABLE_EXT | CL_MEM_COPY_HOST_PTR | CL_MEM_ALLOC_HOST_PTR
test passed
test passed
Testing with cl_mem_flags src: CL_MEM_COPY_HOST_PTR dst: CL_MEM_ALLOC_HOST_PTR
test passed
test passed
Testing with cl_mem_flags src: CL_MEM_COPY_HOST_PTR dst: CL_MEM_ALLOC_HOST_PTR | CL_MEM_COPY_HOST_PTR
test passed
test passed
Testing with cl_mem_flags src: CL_MEM_COPY_HOST_PTR dst: CL_MEM_USE_HOST_PTR
test passed
test passed
Testing with cl_mem_flags src: CL_MEM_COPY_HOST_PTR dst: CL_MEM_COPY_HOST_PTR
test passed
test passed
Testing with cl_mem_flags src: CL_MEM_COPY_HOST_PTR dst: 0
test passed
test passed
Testing with cl_mem_flags src: CL_MEM_COPY_HOST_PTR dst: CL_MEM_IMMUTABLE_EXT | CL_MEM_USE_HOST_PTR
test passed
test passed
Testing with cl_mem_flags src: CL_MEM_COPY_HOST_PTR dst: CL_MEM_IMMUTABLE_EXT | CL_MEM_COPY_HOST_PTR
test passed
test passed
Testing with cl_mem_flags src: CL_MEM_COPY_HOST_PTR dst: CL_MEM_IMMUTABLE_EXT | CL_MEM_COPY_HOST_PTR | CL_MEM_ALLOC_HOST_PTR
test passed
test passed
Testing with cl_mem_flags src: 0 dst: CL_MEM_ALLOC_HOST_PTR
test passed
test passed
Testing with cl_mem_flags src: 0 dst: CL_MEM_ALLOC_HOST_PTR | CL_MEM_COPY_HOST_PTR
test passed
test passed
Testing with cl_mem_flags src: 0 dst: CL_MEM_USE_HOST_PTR
test passed
test passed
Testing with cl_mem_flags src: 0 dst: CL_MEM_COPY_HOST_PTR
test passed
test passed
Testing with cl_mem_flags src: 0 dst: 0
test passed
test passed
Testing with cl_mem_flags src: 0 dst: CL_MEM_IMMUTABLE_EXT | CL_MEM_USE_HOST_PTR
test passed
test passed
Testing with cl_mem_flags src: 0 dst: CL_MEM_IMMUTABLE_EXT | CL_MEM_COPY_HOST_PTR
test passed
test passed
Testing with cl_mem_flags src: 0 dst: CL_MEM_IMMUTABLE_EXT | CL_MEM_COPY_HOST_PTR | CL_MEM_ALLOC_HOST_PTR
test passed
test passed
Testing with cl_mem_flags src: CL_MEM_IMMUTABLE_EXT | CL_MEM_USE_HOST_PTR dst: CL_MEM_ALLOC_HOST_PTR
test passed
test passed
Testing with cl_mem_flags src: CL_MEM_IMMUTABLE_EXT | CL_MEM_USE_HOST_PTR dst: CL_MEM_ALLOC_HOST_PTR | CL_MEM_COPY_HOST_PTR
test passed
test passed
Testing with cl_mem_flags src: CL_MEM_IMMUTABLE_EXT | CL_MEM_USE_HOST_PTR dst: CL_MEM_USE_HOST_PTR
test passed
test passed
Testing with cl_mem_flags src: CL_MEM_IMMUTABLE_EXT | CL_MEM_USE_HOST_PTR dst: CL_MEM_COPY_HOST_PTR
test passed
test passed
Testing with cl_mem_flags src: CL_MEM_IMMUTABLE_EXT | CL_MEM_USE_HOST_PTR dst: 0
test passed
test passed
Testing with cl_mem_flags src: CL_MEM_IMMUTABLE_EXT | CL_MEM_USE_HOST_PTR dst: CL_MEM_IMMUTABLE_EXT | CL_MEM_USE_HOST_PTR
test passed
test passed
Testing with cl_mem_flags src: CL_MEM_IMMUTABLE_EXT | CL_MEM_USE_HOST_PTR dst: CL_MEM_IMMUTABLE_EXT | CL_MEM_COPY_HOST_PTR
test passed
test passed
Testing with cl_mem_flags src: CL_MEM_IMMUTABLE_EXT | CL_MEM_USE_HOST_PTR dst: CL_MEM_IMMUTABLE_EXT | CL_MEM_COPY_HOST_PTR | CL_MEM_ALLOC_HOST_PTR
test passed
test passed
Testing with cl_mem_flags src: CL_MEM_IMMUTABLE_EXT | CL_MEM_COPY_HOST_PTR dst: CL_MEM_ALLOC_HOST_PTR
test passed
test passed
Testing with cl_mem_flags src: CL_MEM_IMMUTABLE_EXT | CL_MEM_COPY_HOST_PTR dst: CL_MEM_ALLOC_HOST_PTR | CL_MEM_COPY_HOST_PTR
test passed
test passed
Testing with cl_mem_flags src: CL_MEM_IMMUTABLE_EXT | CL_MEM_COPY_HOST_PTR dst: CL_MEM_USE_HOST_PTR
test passed
test passed
Testing with cl_mem_flags src: CL_MEM_IMMUTABLE_EXT | CL_MEM_COPY_HOST_PTR dst: CL_MEM_COPY_HOST_PTR
test passed
test passed
Testing with cl_mem_flags src: CL_MEM_IMMUTABLE_EXT | CL_MEM_COPY_HOST_PTR dst: 0
test passed
test passed
Testing with cl_mem_flags src: CL_MEM_IMMUTABLE_EXT | CL_MEM_COPY_HOST_PTR dst: CL_MEM_IMMUTABLE_EXT | CL_MEM_USE_HOST_PTR
test passed
test passed
Testing with cl_mem_flags src: CL_MEM_IMMUTABLE_EXT | CL_MEM_COPY_HOST_PTR dst: CL_MEM_IMMUTABLE_EXT | CL_MEM_COPY_HOST_PTR
test passed
test passed
Testing with cl_mem_flags src: CL_MEM_IMMUTABLE_EXT | CL_MEM_COPY_HOST_PTR dst: CL_MEM_IMMUTABLE_EXT | CL_MEM_COPY_HOST_PTR | CL_MEM_ALLOC_HOST_PTR
test passed
test passed
Testing with cl_mem_flags src: CL_MEM_IMMUTABLE_EXT | CL_MEM_COPY_HOST_PTR | CL_MEM_ALLOC_HOST_PTR dst: CL_MEM_ALLOC_HOST_PTR
test passed
test passed
Testing with cl_mem_flags src: CL_MEM_IMMUTABLE_EXT | CL_MEM_COPY_HOST_PTR | CL_MEM_ALLOC_HOST_PTR dst: CL_MEM_ALLOC_HOST_PTR | CL_MEM_COPY_HOST_PTR
test passed
test passed
Testing with cl_mem_flags src: CL_MEM_IMMUTABLE_EXT | CL_MEM_COPY_HOST_PTR | CL_MEM_ALLOC_HOST_PTR dst: CL_MEM_USE_HOST_PTR
test passed
test passed
Testing with cl_mem_flags src: CL_MEM_IMMUTABLE_EXT | CL_MEM_COPY_HOST_PTR | CL_MEM_ALLOC_HOST_PTR dst: CL_MEM_COPY_HOST_PTR
test passed
test passed
Testing with cl_mem_flags src: CL_MEM_IMMUTABLE_EXT | CL_MEM_COPY_HOST_PTR | CL_MEM_ALLOC_HOST_PTR dst: 0
test passed
test passed
Testing with cl_mem_flags src: CL_MEM_IMMUTABLE_EXT | CL_MEM_COPY_HOST_PTR | CL_MEM_ALLOC_HOST_PTR dst: CL_MEM_IMMUTABLE_EXT | CL_MEM_USE_HOST_PTR
test passed
test passed
Testing with cl_mem_flags src: CL_MEM_IMMUTABLE_EXT | CL_MEM_COPY_HOST_PTR | CL_MEM_ALLOC_HOST_PTR dst: CL_MEM_IMMUTABLE_EXT | CL_MEM_COPY_HOST_PTR
test passed
test passed
Testing with cl_mem_flags src: CL_MEM_IMMUTABLE_EXT | CL_MEM_COPY_HOST_PTR | CL_MEM_ALLOC_HOST_PTR dst: CL_MEM_IMMUTABLE_EXT | CL_MEM_COPY_HOST_PTR | CL_MEM_ALLOC_HOST_PTR
test passed
test passed
random size: 121726: Testing with cl_mem_flags src: CL_MEM_ALLOC_HOST_PTR dst: CL_MEM_ALLOC_HOST_PTR
test passed
test passed
Testing with cl_mem_flags src: CL_MEM_ALLOC_HOST_PTR dst: CL_MEM_ALLOC_HOST_PTR | CL_MEM_COPY_HOST_PTR
test passed
test passed
Testing with cl_mem_flags src: CL_MEM_ALLOC_HOST_PTR dst: CL_MEM_USE_HOST_PTR
test passed
test passed
Testing with cl_mem_flags src: CL_MEM_ALLOC_HOST_PTR dst: CL_MEM_COPY_HOST_PTR
test passed
test passed
Testing with cl_mem_flags src: CL_MEM_ALLOC_HOST_PTR dst: 0
test passed
test passed
Testing with cl_mem_flags src: CL_MEM_ALLOC_HOST_PTR dst: CL_MEM_IMMUTABLE_EXT | CL_MEM_USE_HOST_PTR
test passed
test passed
Testing with cl_mem_flags src: CL_MEM_ALLOC_HOST_PTR dst: CL_MEM_IMMUTABLE_EXT | CL_MEM_COPY_HOST_PTR
test passed
test passed
Testing with cl_mem_flags src: CL_MEM_ALLOC_HOST_PTR dst: CL_MEM_IMMUTABLE_EXT | CL_MEM_COPY_HOST_PTR | CL_MEM_ALLOC_HOST_PTR
test passed
test passed
Testing with cl_mem_flags src: CL_MEM_ALLOC_HOST_PTR | CL_MEM_COPY_HOST_PTR dst: CL_MEM_ALLOC_HOST_PTR
test passed
test passed
Testing with cl_mem_flags src: CL_MEM_ALLOC_HOST_PTR | CL_MEM_COPY_HOST_PTR dst: CL_MEM_ALLOC_HOST_PTR | CL_MEM_COPY_HOST_PTR
test passed
test passed
Testing with cl_mem_flags src: CL_MEM_ALLOC_HOST_PTR | CL_MEM_COPY_HOST_PTR dst: CL_MEM_USE_HOST_PTR
test passed
test passed
Testing with cl_mem_flags src: CL_MEM_ALLOC_HOST_PTR | CL_MEM_COPY_HOST_PTR dst: CL_MEM_COPY_HOST_PTR
test passed
test passed
Testing with cl_mem_flags src: CL_MEM_ALLOC_HOST_PTR | CL_MEM_COPY_HOST_PTR dst: 0
test passed
test passed
Testing with cl_mem_flags src: CL_MEM_ALLOC_HOST_PTR | CL_MEM_COPY_HOST_PTR dst: CL_MEM_IMMUTABLE_EXT | CL_MEM_USE_HOST_PTR
test passed
test passed
Testing with cl_mem_flags src: CL_MEM_ALLOC_HOST_PTR | CL_MEM_COPY_HOST_PTR dst: CL_MEM_IMMUTABLE_EXT | CL_MEM_COPY_HOST_PTR
test passed
test passed
Testing with cl_mem_flags src: CL_MEM_ALLOC_HOST_PTR | CL_MEM_COPY_HOST_PTR dst: CL_MEM_IMMUTABLE_EXT | CL_MEM_COPY_HOST_PTR | CL_MEM_ALLOC_HOST_PTR
test passed
test passed
Testing with cl_mem_flags src: CL_MEM_USE_HOST_PTR dst: CL_MEM_ALLOC_HOST_PTR
test passed
test passed
Testing with cl_mem_flags src: CL_MEM_USE_HOST_PTR dst: CL_MEM_ALLOC_HOST_PTR | CL_MEM_COPY_HOST_PTR
test passed
test passed
Testing with cl_mem_flags src: CL_MEM_USE_HOST_PTR dst: CL_MEM_USE_HOST_PTR
test passed
test passed
Testing with cl_mem_flags src: CL_MEM_USE_HOST_PTR dst: CL_MEM_COPY_HOST_PTR
test passed
test passed
Testing with cl_mem_flags src: CL_MEM_USE_HOST_PTR dst: 0
test passed
test passed
Testing with cl_mem_flags src: CL_MEM_USE_HOST_PTR dst: CL_MEM_IMMUTABLE_EXT | CL_MEM_USE_HOST_PTR
test passed
test passed
Testing with cl_mem_flags src: CL_MEM_USE_HOST_PTR dst: CL_MEM_IMMUTABLE_EXT | CL_MEM_COPY_HOST_PTR
test passed
test passed
Testing with cl_mem_flags src: CL_MEM_USE_HOST_PTR dst: CL_MEM_IMMUTABLE_EXT | CL_MEM_COPY_HOST_PTR | CL_MEM_ALLOC_HOST_PTR
test passed
test passed
Testing with cl_mem_flags src: CL_MEM_COPY_HOST_PTR dst: CL_MEM_ALLOC_HOST_PTR
test passed
test passed
Testing with cl_mem_flags src: CL_MEM_COPY_HOST_PTR dst: CL_MEM_ALLOC_HOST_PTR | CL_MEM_COPY_HOST_PTR
test passed
test passed
Testing with cl_mem_flags src: CL_MEM_COPY_HOST_PTR dst: CL_MEM_USE_HOST_PTR
test passed
test passed
Testing with cl_mem_flags src: CL_MEM_COPY_HOST_PTR dst: CL_MEM_COPY_HOST_PTR
test passed
test passed
Testing with cl_mem_flags src: CL_MEM_COPY_HOST_PTR dst: 0
test passed
test passed
Testing with cl_mem_flags src: CL_MEM_COPY_HOST_PTR dst: CL_MEM_IMMUTABLE_EXT | CL_MEM_USE_HOST_PTR
test passed
test passed
Testing with cl_mem_flags src: CL_MEM_COPY_HOST_PTR dst: CL_MEM_IMMUTABLE_EXT | CL_MEM_COPY_HOST_PTR
test passed
test passed
Testing with cl_mem_flags src: CL_MEM_COPY_HOST_PTR dst: CL_MEM_IMMUTABLE_EXT | CL_MEM_COPY_HOST_PTR | CL_MEM_ALLOC_HOST_PTR
test passed
test passed
Testing with cl_mem_flags src: 0 dst: CL_MEM_ALLOC_HOST_PTR
test passed
test passed
Testing with cl_mem_flags src: 0 dst: CL_MEM_ALLOC_HOST_PTR | CL_MEM_COPY_HOST_PTR
test passed
test passed
Testing with cl_mem_flags src: 0 dst: CL_MEM_USE_HOST_PTR
test passed
test passed
Testing with cl_mem_flags src: 0 dst: CL_MEM_COPY_HOST_PTR
test passed
test passed
Testing with cl_mem_flags src: 0 dst: 0
test passed
test passed
Testing with cl_mem_flags src: 0 dst: CL_MEM_IMMUTABLE_EXT | CL_MEM_USE_HOST_PTR
test passed
test passed
Testing with cl_mem_flags src: 0 dst: CL_MEM_IMMUTABLE_EXT | CL_MEM_COPY_HOST_PTR
test passed
test passed
Testing with cl_mem_flags src: 0 dst: CL_MEM_IMMUTABLE_EXT | CL_MEM_COPY_HOST_PTR | CL_MEM_ALLOC_HOST_PTR
test passed
test passed
Testing with cl_mem_flags src: CL_MEM_IMMUTABLE_EXT | CL_MEM_USE_HOST_PTR dst: CL_MEM_ALLOC_HOST_PTR
test passed
test passed
Testing with cl_mem_flags src: CL_MEM_IMMUTABLE_EXT | CL_MEM_USE_HOST_PTR dst: CL_MEM_ALLOC_HOST_PTR | CL_MEM_COPY_HOST_PTR
test passed
test passed
Testing with cl_mem_flags src: CL_MEM_IMMUTABLE_EXT | CL_MEM_USE_HOST_PTR dst: CL_MEM_USE_HOST_PTR
test passed
test passed
Testing with cl_mem_flags src: CL_MEM_IMMUTABLE_EXT | CL_MEM_USE_HOST_PTR dst: CL_MEM_COPY_HOST_PTR
test passed
test passed
Testing with cl_mem_flags src: CL_MEM_IMMUTABLE_EXT | CL_MEM_USE_HOST_PTR dst: 0
test passed
test passed
Testing with cl_mem_flags src: CL_MEM_IMMUTABLE_EXT | CL_MEM_USE_HOST_PTR dst: CL_MEM_IMMUTABLE_EXT | CL_MEM_USE_HOST_PTR
test passed
test passed
Testing with cl_mem_flags src: CL_MEM_IMMUTABLE_EXT | CL_MEM_USE_HOST_PTR dst: CL_MEM_IMMUTABLE_EXT | CL_MEM_COPY_HOST_PTR
test passed
test passed
Testing with cl_mem_flags src: CL_MEM_IMMUTABLE_EXT | CL_MEM_USE_HOST_PTR dst: CL_MEM_IMMUTABLE_EXT | CL_MEM_COPY_HOST_PTR | CL_MEM_ALLOC_HOST_PTR
test passed
test passed
Testing with cl_mem_flags src: CL_MEM_IMMUTABLE_EXT | CL_MEM_COPY_HOST_PTR dst: CL_MEM_ALLOC_HOST_PTR
test passed
test passed
Testing with cl_mem_flags src: CL_MEM_IMMUTABLE_EXT | CL_MEM_COPY_HOST_PTR dst: CL_MEM_ALLOC_HOST_PTR | CL_MEM_COPY_HOST_PTR
test passed
test passed
Testing with cl_mem_flags src: CL_MEM_IMMUTABLE_EXT | CL_MEM_COPY_HOST_PTR dst: CL_MEM_USE_HOST_PTR
test passed
test passed
Testing with cl_mem_flags src: CL_MEM_IMMUTABLE_EXT | CL_MEM_COPY_HOST_PTR dst: CL_MEM_COPY_HOST_PTR
test passed
test passed
Testing with cl_mem_flags src: CL_MEM_IMMUTABLE_EXT | CL_MEM_COPY_HOST_PTR dst: 0
test passed
test passed
Testing with cl_mem_flags src: CL_MEM_IMMUTABLE_EXT | CL_MEM_COPY_HOST_PTR dst: CL_MEM_IMMUTABLE_EXT | CL_MEM_USE_HOST_PTR
test passed
test passed
Testing with cl_mem_flags src: CL_MEM_IMMUTABLE_EXT | CL_MEM_COPY_HOST_PTR dst: CL_MEM_IMMUTABLE_EXT | CL_MEM_COPY_HOST_PTR
test passed
test passed
Testing with cl_mem_flags src: CL_MEM_IMMUTABLE_EXT | CL_MEM_COPY_HOST_PTR dst: CL_MEM_IMMUTABLE_EXT | CL_MEM_COPY_HOST_PTR | CL_MEM_ALLOC_HOST_PTR
test passed
test passed
Testing with cl_mem_flags src: CL_MEM_IMMUTABLE_EXT | CL_MEM_COPY_HOST_PTR | CL_MEM_ALLOC_HOST_PTR dst: CL_MEM_ALLOC_HOST_PTR
test passed
test passed
Testing with cl_mem_flags src: CL_MEM_IMMUTABLE_EXT | CL_MEM_COPY_HOST_PTR | CL_MEM_ALLOC_HOST_PTR dst: CL_MEM_ALLOC_HOST_PTR | CL_MEM_COPY_HOST_PTR
test passed
test passed
Testing with cl_mem_flags src: CL_MEM_IMMUTABLE_EXT | CL_MEM_COPY_HOST_PTR | CL_MEM_ALLOC_HOST_PTR dst: CL_MEM_USE_HOST_PTR
test passed
test passed
Testing with cl_mem_flags src: CL_MEM_IMMUTABLE_EXT | CL_MEM_COPY_HOST_PTR | CL_MEM_ALLOC_HOST_PTR dst: CL_MEM_COPY_HOST_PTR
test passed
test passed
Testing with cl_mem_flags src: CL_MEM_IMMUTABLE_EXT | CL_MEM_COPY_HOST_PTR | CL_MEM_ALLOC_HOST_PTR dst: 0
test passed
test passed
Testing with cl_mem_flags src: CL_MEM_IMMUTABLE_EXT | CL_MEM_COPY_HOST_PTR | CL_MEM_ALLOC_HOST_PTR dst: CL_MEM_IMMUTABLE_EXT | CL_MEM_USE_HOST_PTR
test passed
test passed
Testing with cl_mem_flags src: CL_MEM_IMMUTABLE_EXT | CL_MEM_COPY_HOST_PTR | CL_MEM_ALLOC_HOST_PTR dst: CL_MEM_IMMUTABLE_EXT | CL_MEM_COPY_HOST_PTR
test passed
test passed
Testing with cl_mem_flags src: CL_MEM_IMMUTABLE_EXT | CL_MEM_COPY_HOST_PTR | CL_MEM_ALLOC_HOST_PTR dst: CL_MEM_IMMUTABLE_EXT | CL_MEM_COPY_HOST_PTR | CL_MEM_ALLOC_HOST_PTR
test passed
test passed
random size: 54937: Testing with cl_mem_flags src: CL_MEM_ALLOC_HOST_PTR dst: CL_MEM_ALLOC_HOST_PTR
test passed
test passed
Testing with cl_mem_flags src: CL_MEM_ALLOC_HOST_PTR dst: CL_MEM_ALLOC_HOST_PTR | CL_MEM_COPY_HOST_PTR
test passed
test passed
Testing with cl_mem_flags src: CL_MEM_ALLOC_HOST_PTR dst: CL_MEM_USE_HOST_PTR
test passed
test passed
Testing with cl_mem_flags src: CL_MEM_ALLOC_HOST_PTR dst: CL_MEM_COPY_HOST_PTR
test passed
test passed
Testing with cl_mem_flags src: CL_MEM_ALLOC_HOST_PTR dst: 0
test passed
test passed
Testing with cl_mem_flags src: CL_MEM_ALLOC_HOST_PTR dst: CL_MEM_IMMUTABLE_EXT | CL_MEM_USE_HOST_PTR
test passed
test passed
Testing with cl_mem_flags src: CL_MEM_ALLOC_HOST_PTR dst: CL_MEM_IMMUTABLE_EXT | CL_MEM_COPY_HOST_PTR
test passed
test passed
Testing with cl_mem_flags src: CL_MEM_ALLOC_HOST_PTR dst: CL_MEM_IMMUTABLE_EXT | CL_MEM_COPY_HOST_PTR | CL_MEM_ALLOC_HOST_PTR
test passed
test passed
Testing with cl_mem_flags src: CL_MEM_ALLOC_HOST_PTR | CL_MEM_COPY_HOST_PTR dst: CL_MEM_ALLOC_HOST_PTR
test passed
test passed
Testing with cl_mem_flags src: CL_MEM_ALLOC_HOST_PTR | CL_MEM_COPY_HOST_PTR dst: CL_MEM_ALLOC_HOST_PTR | CL_MEM_COPY_HOST_PTR
test passed
test passed
Testing with cl_mem_flags src: CL_MEM_ALLOC_HOST_PTR | CL_MEM_COPY_HOST_PTR dst: CL_MEM_USE_HOST_PTR
test passed
test passed
Testing with cl_mem_flags src: CL_MEM_ALLOC_HOST_PTR | CL_MEM_COPY_HOST_PTR dst: CL_MEM_COPY_HOST_PTR
test passed
test passed
Testing with cl_mem_flags src: CL_MEM_ALLOC_HOST_PTR | CL_MEM_COPY_HOST_PTR dst: 0
test passed
test passed
Testing with cl_mem_flags src: CL_MEM_ALLOC_HOST_PTR | CL_MEM_COPY_HOST_PTR dst: CL_MEM_IMMUTABLE_EXT | CL_MEM_USE_HOST_PTR
test passed
test passed
Testing with cl_mem_flags src: CL_MEM_ALLOC_HOST_PTR | CL_MEM_COPY_HOST_PTR dst: CL_MEM_IMMUTABLE_EXT | CL_MEM_COPY_HOST_PTR
test passed
test passed
Testing with cl_mem_flags src: CL_MEM_ALLOC_HOST_PTR | CL_MEM_COPY_HOST_PTR dst: CL_MEM_IMMUTABLE_EXT | CL_MEM_COPY_HOST_PTR | CL_MEM_ALLOC_HOST_PTR
test passed
test passed
Testing with cl_mem_flags src: CL_MEM_USE_HOST_PTR dst: CL_MEM_ALLOC_HOST_PTR
test passed
test passed
Testing with cl_mem_flags src: CL_MEM_USE_HOST_PTR dst: CL_MEM_ALLOC_HOST_PTR | CL_MEM_COPY_HOST_PTR
test passed
test passed
Testing with cl_mem_flags src: CL_MEM_USE_HOST_PTR dst: CL_MEM_USE_HOST_PTR
test passed
test passed
Testing with cl_mem_flags src: CL_MEM_USE_HOST_PTR dst: CL_MEM_COPY_HOST_PTR
test passed
test passed
Testing with cl_mem_flags src: CL_MEM_USE_HOST_PTR dst: 0
test passed
test passed
Testing with cl_mem_flags src: CL_MEM_USE_HOST_PTR dst: CL_MEM_IMMUTABLE_EXT | CL_MEM_USE_HOST_PTR
test passed
test passed
Testing with cl_mem_flags src: CL_MEM_USE_HOST_PTR dst: CL_MEM_IMMUTABLE_EXT | CL_MEM_COPY_HOST_PTR
test passed
test passed
Testing with cl_mem_flags src: CL_MEM_USE_HOST_PTR dst: CL_MEM_IMMUTABLE_EXT | CL_MEM_COPY_HOST_PTR | CL_MEM_ALLOC_HOST_PTR
test passed
test passed
Testing with cl_mem_flags src: CL_MEM_COPY_HOST_PTR dst: CL_MEM_ALLOC_HOST_PTR
test passed
test passed
Testing with cl_mem_flags src: CL_MEM_COPY_HOST_PTR dst: CL_MEM_ALLOC_HOST_PTR | CL_MEM_COPY_HOST_PTR
test passed
test passed
Testing with cl_mem_flags src: CL_MEM_COPY_HOST_PTR dst: CL_MEM_USE_HOST_PTR
test passed
test passed
Testing with cl_mem_flags src: CL_MEM_COPY_HOST_PTR dst: CL_MEM_COPY_HOST_PTR
test passed
test passed
Testing with cl_mem_flags src: CL_MEM_COPY_HOST_PTR dst: 0
test passed
test passed
Testing with cl_mem_flags src: CL_MEM_COPY_HOST_PTR dst: CL_MEM_IMMUTABLE_EXT | CL_MEM_USE_HOST_PTR
test passed
test passed
Testing with cl_mem_flags src: CL_MEM_COPY_HOST_PTR dst: CL_MEM_IMMUTABLE_EXT | CL_MEM_COPY_HOST_PTR
test passed
test passed
Testing with cl_mem_flags src: CL_MEM_COPY_HOST_PTR dst: CL_MEM_IMMUTABLE_EXT | CL_MEM_COPY_HOST_PTR | CL_MEM_ALLOC_HOST_PTR
test passed
test passed
Testing with cl_mem_flags src: 0 dst: CL_MEM_ALLOC_HOST_PTR
test passed
test passed
Testing with cl_mem_flags src: 0 dst: CL_MEM_ALLOC_HOST_PTR | CL_MEM_COPY_HOST_PTR
test passed
test passed
Testing with cl_mem_flags src: 0 dst: CL_MEM_USE_HOST_PTR
test passed
test passed
Testing with cl_mem_flags src: 0 dst: CL_MEM_COPY_HOST_PTR
test passed
test passed
Testing with cl_mem_flags src: 0 dst: 0
test passed
test passed
Testing with cl_mem_flags src: 0 dst: CL_MEM_IMMUTABLE_EXT | CL_MEM_USE_HOST_PTR
test passed
test passed
Testing with cl_mem_flags src: 0 dst: CL_MEM_IMMUTABLE_EXT | CL_MEM_COPY_HOST_PTR
test passed
test passed
Testing with cl_mem_flags src: 0 dst: CL_MEM_IMMUTABLE_EXT | CL_MEM_COPY_HOST_PTR | CL_MEM_ALLOC_HOST_PTR
test passed
test passed
Testing with cl_mem_flags src: CL_MEM_IMMUTABLE_EXT | CL_MEM_USE_HOST_PTR dst: CL_MEM_ALLOC_HOST_PTR
test passed
test passed
Testing with cl_mem_flags src: CL_MEM_IMMUTABLE_EXT | CL_MEM_USE_HOST_PTR dst: CL_MEM_ALLOC_HOST_PTR | CL_MEM_COPY_HOST_PTR
test passed
test passed
Testing with cl_mem_flags src: CL_MEM_IMMUTABLE_EXT | CL_MEM_USE_HOST_PTR dst: CL_MEM_USE_HOST_PTR
test passed
test passed
Testing with cl_mem_flags src: CL_MEM_IMMUTABLE_EXT | CL_MEM_USE_HOST_PTR dst: CL_MEM_COPY_HOST_PTR
test passed
test passed
Testing with cl_mem_flags src: CL_MEM_IMMUTABLE_EXT | CL_MEM_USE_HOST_PTR dst: 0
test passed
test passed
Testing with cl_mem_flags src: CL_MEM_IMMUTABLE_EXT | CL_MEM_USE_HOST_PTR dst: CL_MEM_IMMUTABLE_EXT | CL_MEM_USE_HOST_PTR
test passed
test passed
Testing with cl_mem_flags src: CL_MEM_IMMUTABLE_EXT | CL_MEM_USE_HOST_PTR dst: CL_MEM_IMMUTABLE_EXT | CL_MEM_COPY_HOST_PTR
test passed
test passed
Testing with cl_mem_flags src: CL_MEM_IMMUTABLE_EXT | CL_MEM_USE_HOST_PTR dst: CL_MEM_IMMUTABLE_EXT | CL_MEM_COPY_HOST_PTR | CL_MEM_ALLOC_HOST_PTR
test passed
test passed
Testing with cl_mem_flags src: CL_MEM_IMMUTABLE_EXT | CL_MEM_COPY_HOST_PTR dst: CL_MEM_ALLOC_HOST_PTR
test passed
test passed
Testing with cl_mem_flags src: CL_MEM_IMMUTABLE_EXT | CL_MEM_COPY_HOST_PTR dst: CL_MEM_ALLOC_HOST_PTR | CL_MEM_COPY_HOST_PTR
test passed
test passed
Testing with cl_mem_flags src: CL_MEM_IMMUTABLE_EXT | CL_MEM_COPY_HOST_PTR dst: CL_MEM_USE_HOST_PTR
test passed
test passed
Testing with cl_mem_flags src: CL_MEM_IMMUTABLE_EXT | CL_MEM_COPY_HOST_PTR dst: CL_MEM_COPY_HOST_PTR
test passed
test passed
Testing with cl_mem_flags src: CL_MEM_IMMUTABLE_EXT | CL_MEM_COPY_HOST_PTR dst: 0
test passed
test passed
Testing with cl_mem_flags src: CL_MEM_IMMUTABLE_EXT | CL_MEM_COPY_HOST_PTR dst: CL_MEM_IMMUTABLE_EXT | CL_MEM_USE_HOST_PTR
test passed
test passed
Testing with cl_mem_flags src: CL_MEM_IMMUTABLE_EXT | CL_MEM_COPY_HOST_PTR dst: CL_MEM_IMMUTABLE_EXT | CL_MEM_COPY_HOST_PTR
test passed
test passed
Testing with cl_mem_flags src: CL_MEM_IMMUTABLE_EXT | CL_MEM_COPY_HOST_PTR dst: CL_MEM_IMMUTABLE_EXT | CL_MEM_COPY_HOST_PTR | CL_MEM_ALLOC_HOST_PTR
test passed
test passed
Testing with cl_mem_flags src: CL_MEM_IMMUTABLE_EXT | CL_MEM_COPY_HOST_PTR | CL_MEM_ALLOC_HOST_PTR dst: CL_MEM_ALLOC_HOST_PTR
test passed
test passed
Testing with cl_mem_flags src: CL_MEM_IMMUTABLE_EXT | CL_MEM_COPY_HOST_PTR | CL_MEM_ALLOC_HOST_PTR dst: CL_MEM_ALLOC_HOST_PTR | CL_MEM_COPY_HOST_PTR
test passed
test passed
Testing with cl_mem_flags src: CL_MEM_IMMUTABLE_EXT | CL_MEM_COPY_HOST_PTR | CL_MEM_ALLOC_HOST_PTR dst: CL_MEM_USE_HOST_PTR
test passed
test passed
Testing with cl_mem_flags src: CL_MEM_IMMUTABLE_EXT | CL_MEM_COPY_HOST_PTR | CL_MEM_ALLOC_HOST_PTR dst: CL_MEM_COPY_HOST_PTR
test passed
test passed
Testing with cl_mem_flags src: CL_MEM_IMMUTABLE_EXT | CL_MEM_COPY_HOST_PTR | CL_MEM_ALLOC_HOST_PTR dst: 0
test passed
test passed
Testing with cl_mem_flags src: CL_MEM_IMMUTABLE_EXT | CL_MEM_COPY_HOST_PTR | CL_MEM_ALLOC_HOST_PTR dst: CL_MEM_IMMUTABLE_EXT | CL_MEM_USE_HOST_PTR
test passed
test passed
Testing with cl_mem_flags src: CL_MEM_IMMUTABLE_EXT | CL_MEM_COPY_HOST_PTR | CL_MEM_ALLOC_HOST_PTR dst: CL_MEM_IMMUTABLE_EXT | CL_MEM_COPY_HOST_PTR
test passed
test passed
Testing with cl_mem_flags src: CL_MEM_IMMUTABLE_EXT | CL_MEM_COPY_HOST_PTR | CL_MEM_ALLOC_HOST_PTR dst: CL_MEM_IMMUTABLE_EXT | CL_MEM_COPY_HOST_PTR | CL_MEM_ALLOC_HOST_PTR
test passed
test passed
random size: 605: Testing with cl_mem_flags src: CL_MEM_ALLOC_HOST_PTR dst: CL_MEM_ALLOC_HOST_PTR
test passed
test passed
Testing with cl_mem_flags src: CL_MEM_ALLOC_HOST_PTR dst: CL_MEM_ALLOC_HOST_PTR | CL_MEM_COPY_HOST_PTR
test passed
test passed
Testing with cl_mem_flags src: CL_MEM_ALLOC_HOST_PTR dst: CL_MEM_USE_HOST_PTR
test passed
test passed
Testing with cl_mem_flags src: CL_MEM_ALLOC_HOST_PTR dst: CL_MEM_COPY_HOST_PTR
test passed
test passed
Testing with cl_mem_flags src: CL_MEM_ALLOC_HOST_PTR dst: 0
test passed
test passed
Testing with cl_mem_flags src: CL_MEM_ALLOC_HOST_PTR dst: CL_MEM_IMMUTABLE_EXT | CL_MEM_USE_HOST_PTR
test passed
test passed
Testing with cl_mem_flags src: CL_MEM_ALLOC_HOST_PTR dst: CL_MEM_IMMUTABLE_EXT | CL_MEM_COPY_HOST_PTR
test passed
test passed
Testing with cl_mem_flags src: CL_MEM_ALLOC_HOST_PTR dst: CL_MEM_IMMUTABLE_EXT | CL_MEM_COPY_HOST_PTR | CL_MEM_ALLOC_HOST_PTR
test passed
test passed
Testing with cl_mem_flags src: CL_MEM_ALLOC_HOST_PTR | CL_MEM_COPY_HOST_PTR dst: CL_MEM_ALLOC_HOST_PTR
test passed
test passed
Testing with cl_mem_flags src: CL_MEM_ALLOC_HOST_PTR | CL_MEM_COPY_HOST_PTR dst: CL_MEM_ALLOC_HOST_PTR | CL_MEM_COPY_HOST_PTR
test passed
test passed
Testing with cl_mem_flags src: CL_MEM_ALLOC_HOST_PTR | CL_MEM_COPY_HOST_PTR dst: CL_MEM_USE_HOST_PTR
test passed
test passed
Testing with cl_mem_flags src: CL_MEM_ALLOC_HOST_PTR | CL_MEM_COPY_HOST_PTR dst: CL_MEM_COPY_HOST_PTR
test passed
test passed
Testing with cl_mem_flags src: CL_MEM_ALLOC_HOST_PTR | CL_MEM_COPY_HOST_PTR dst: 0
test passed
test passed
Testing with cl_mem_flags src: CL_MEM_ALLOC_HOST_PTR | CL_MEM_COPY_HOST_PTR dst: CL_MEM_IMMUTABLE_EXT | CL_MEM_USE_HOST_PTR
test passed
test passed
Testing with cl_mem_flags src: CL_MEM_ALLOC_HOST_PTR | CL_MEM_COPY_HOST_PTR dst: CL_MEM_IMMUTABLE_EXT | CL_MEM_COPY_HOST_PTR
test passed
test passed
Testing with cl_mem_flags src: CL_MEM_ALLOC_HOST_PTR | CL_MEM_COPY_HOST_PTR dst: CL_MEM_IMMUTABLE_EXT | CL_MEM_COPY_HOST_PTR | CL_MEM_ALLOC_HOST_PTR
test passed
test passed
Testing with cl_mem_flags src: CL_MEM_USE_HOST_PTR dst: CL_MEM_ALLOC_HOST_PTR
test passed
test passed
Testing with cl_mem_flags src: CL_MEM_USE_HOST_PTR dst: CL_MEM_ALLOC_HOST_PTR | CL_MEM_COPY_HOST_PTR
test passed
test passed
Testing with cl_mem_flags src: CL_MEM_USE_HOST_PTR dst: CL_MEM_USE_HOST_PTR
test passed
test passed
Testing with cl_mem_flags src: CL_MEM_USE_HOST_PTR dst: CL_MEM_COPY_HOST_PTR
test passed
test passed
Testing with cl_mem_flags src: CL_MEM_USE_HOST_PTR dst: 0
test passed
test passed
Testing with cl_mem_flags src: CL_MEM_USE_HOST_PTR dst: CL_MEM_IMMUTABLE_EXT | CL_MEM_USE_HOST_PTR
test passed
test passed
Testing with cl_mem_flags src: CL_MEM_USE_HOST_PTR dst: CL_MEM_IMMUTABLE_EXT | CL_MEM_COPY_HOST_PTR
test passed
test passed
Testing with cl_mem_flags src: CL_MEM_USE_HOST_PTR dst: CL_MEM_IMMUTABLE_EXT | CL_MEM_COPY_HOST_PTR | CL_MEM_ALLOC_HOST_PTR
test passed
test passed
Testing with cl_mem_flags src: CL_MEM_COPY_HOST_PTR dst: CL_MEM_ALLOC_HOST_PTR
test passed
test passed
Testing with cl_mem_flags src: CL_MEM_COPY_HOST_PTR dst: CL_MEM_ALLOC_HOST_PTR | CL_MEM_COPY_HOST_PTR
test passed
test passed
Testing with cl_mem_flags src: CL_MEM_COPY_HOST_PTR dst: CL_MEM_USE_HOST_PTR
test passed
test passed
Testing with cl_mem_flags src: CL_MEM_COPY_HOST_PTR dst: CL_MEM_COPY_HOST_PTR
test passed
test passed
Testing with cl_mem_flags src: CL_MEM_COPY_HOST_PTR dst: 0
test passed
test passed
Testing with cl_mem_flags src: CL_MEM_COPY_HOST_PTR dst: CL_MEM_IMMUTABLE_EXT | CL_MEM_USE_HOST_PTR
test passed
test passed
Testing with cl_mem_flags src: CL_MEM_COPY_HOST_PTR dst: CL_MEM_IMMUTABLE_EXT | CL_MEM_COPY_HOST_PTR
test passed
test passed
Testing with cl_mem_flags src: CL_MEM_COPY_HOST_PTR dst: CL_MEM_IMMUTABLE_EXT | CL_MEM_COPY_HOST_PTR | CL_MEM_ALLOC_HOST_PTR
test passed
test passed
Testing with cl_mem_flags src: 0 dst: CL_MEM_ALLOC_HOST_PTR
test passed
test passed
Testing with cl_mem_flags src: 0 dst: CL_MEM_ALLOC_HOST_PTR | CL_MEM_COPY_HOST_PTR
test passed
test passed
Testing with cl_mem_flags src: 0 dst: CL_MEM_USE_HOST_PTR
test passed
test passed
Testing with cl_mem_flags src: 0 dst: CL_MEM_COPY_HOST_PTR
test passed
test passed
Testing with cl_mem_flags src: 0 dst: 0
test passed
test passed
Testing with cl_mem_flags src: 0 dst: CL_MEM_IMMUTABLE_EXT | CL_MEM_USE_HOST_PTR
test passed
test passed
Testing with cl_mem_flags src: 0 dst: CL_MEM_IMMUTABLE_EXT | CL_MEM_COPY_HOST_PTR
test passed
test passed
Testing with cl_mem_flags src: 0 dst: CL_MEM_IMMUTABLE_EXT | CL_MEM_COPY_HOST_PTR | CL_MEM_ALLOC_HOST_PTR
test passed
test passed
Testing with cl_mem_flags src: CL_MEM_IMMUTABLE_EXT | CL_MEM_USE_HOST_PTR dst: CL_MEM_ALLOC_HOST_PTR
test passed
test passed
Testing with cl_mem_flags src: CL_MEM_IMMUTABLE_EXT | CL_MEM_USE_HOST_PTR dst: CL_MEM_ALLOC_HOST_PTR | CL_MEM_COPY_HOST_PTR
test passed
test passed
Testing with cl_mem_flags src: CL_MEM_IMMUTABLE_EXT | CL_MEM_USE_HOST_PTR dst: CL_MEM_USE_HOST_PTR
test passed
test passed
Testing with cl_mem_flags src: CL_MEM_IMMUTABLE_EXT | CL_MEM_USE_HOST_PTR dst: CL_MEM_COPY_HOST_PTR
test passed
test passed
Testing with cl_mem_flags src: CL_MEM_IMMUTABLE_EXT | CL_MEM_USE_HOST_PTR dst: 0
test passed
test passed
Testing with cl_mem_flags src: CL_MEM_IMMUTABLE_EXT | CL_MEM_USE_HOST_PTR dst: CL_MEM_IMMUTABLE_EXT | CL_MEM_USE_HOST_PTR
test passed
test passed
Testing with cl_mem_flags src: CL_MEM_IMMUTABLE_EXT | CL_MEM_USE_HOST_PTR dst: CL_MEM_IMMUTABLE_EXT | CL_MEM_COPY_HOST_PTR
test passed
test passed
Testing with cl_mem_flags src: CL_MEM_IMMUTABLE_EXT | CL_MEM_USE_HOST_PTR dst: CL_MEM_IMMUTABLE_EXT | CL_MEM_COPY_HOST_PTR | CL_MEM_ALLOC_HOST_PTR
test passed
test passed
Testing with cl_mem_flags src: CL_MEM_IMMUTABLE_EXT | CL_MEM_COPY_HOST_PTR dst: CL_MEM_ALLOC_HOST_PTR
test passed
test passed
Testing with cl_mem_flags src: CL_MEM_IMMUTABLE_EXT | CL_MEM_COPY_HOST_PTR dst: CL_MEM_ALLOC_HOST_PTR | CL_MEM_COPY_HOST_PTR
test passed
test passed
Testing with cl_mem_flags src: CL_MEM_IMMUTABLE_EXT | CL_MEM_COPY_HOST_PTR dst: CL_MEM_USE_HOST_PTR
test passed
test passed
Testing with cl_mem_flags src: CL_MEM_IMMUTABLE_EXT | CL_MEM_COPY_HOST_PTR dst: CL_MEM_COPY_HOST_PTR
test passed
test passed
Testing with cl_mem_flags src: CL_MEM_IMMUTABLE_EXT | CL_MEM_COPY_HOST_PTR dst: 0
test passed
test passed
Testing with cl_mem_flags src: CL_MEM_IMMUTABLE_EXT | CL_MEM_COPY_HOST_PTR dst: CL_MEM_IMMUTABLE_EXT | CL_MEM_USE_HOST_PTR
test passed
test passed
Testing with cl_mem_flags src: CL_MEM_IMMUTABLE_EXT | CL_MEM_COPY_HOST_PTR dst: CL_MEM_IMMUTABLE_EXT | CL_MEM_COPY_HOST_PTR
test passed
test passed
Testing with cl_mem_flags src: CL_MEM_IMMUTABLE_EXT | CL_MEM_COPY_HOST_PTR dst: CL_MEM_IMMUTABLE_EXT | CL_MEM_COPY_HOST_PTR | CL_MEM_ALLOC_HOST_PTR
test passed
test passed
Testing with cl_mem_flags src: CL_MEM_IMMUTABLE_EXT | CL_MEM_COPY_HOST_PTR | CL_MEM_ALLOC_HOST_PTR dst: CL_MEM_ALLOC_HOST_PTR
test passed
test passed
Testing with cl_mem_flags src: CL_MEM_IMMUTABLE_EXT | CL_MEM_COPY_HOST_PTR | CL_MEM_ALLOC_HOST_PTR dst: CL_MEM_ALLOC_HOST_PTR | CL_MEM_COPY_HOST_PTR
test passed
test passed
Testing with cl_mem_flags src: CL_MEM_IMMUTABLE_EXT | CL_MEM_COPY_HOST_PTR | CL_MEM_ALLOC_HOST_PTR dst: CL_MEM_USE_HOST_PTR
test passed
test passed
Testing with cl_mem_flags src: CL_MEM_IMMUTABLE_EXT | CL_MEM_COPY_HOST_PTR | CL_MEM_ALLOC_HOST_PTR dst: CL_MEM_COPY_HOST_PTR
test passed
test passed
Testing with cl_mem_flags src: CL_MEM_IMMUTABLE_EXT | CL_MEM_COPY_HOST_PTR | CL_MEM_ALLOC_HOST_PTR dst: 0
test passed
test passed
Testing with cl_mem_flags src: CL_MEM_IMMUTABLE_EXT | CL_MEM_COPY_HOST_PTR | CL_MEM_ALLOC_HOST_PTR dst: CL_MEM_IMMUTABLE_EXT | CL_MEM_USE_HOST_PTR
test passed
test passed
Testing with cl_mem_flags src: CL_MEM_IMMUTABLE_EXT | CL_MEM_COPY_HOST_PTR | CL_MEM_ALLOC_HOST_PTR dst: CL_MEM_IMMUTABLE_EXT | CL_MEM_COPY_HOST_PTR
test passed
test passed
Testing with cl_mem_flags src: CL_MEM_IMMUTABLE_EXT | CL_MEM_COPY_HOST_PTR | CL_MEM_ALLOC_HOST_PTR dst: CL_MEM_IMMUTABLE_EXT | CL_MEM_COPY_HOST_PTR | CL_MEM_ALLOC_HOST_PTR
test passed
test passed
random size: 130797: Testing with cl_mem_flags src: CL_MEM_ALLOC_HOST_PTR dst: CL_MEM_ALLOC_HOST_PTR
test passed
test passed
Testing with cl_mem_flags src: CL_MEM_ALLOC_HOST_PTR dst: CL_MEM_ALLOC_HOST_PTR | CL_MEM_COPY_HOST_PTR
test passed
test passed
Testing with cl_mem_flags src: CL_MEM_ALLOC_HOST_PTR dst: CL_MEM_USE_HOST_PTR
test passed
test passed
Testing with cl_mem_flags src: CL_MEM_ALLOC_HOST_PTR dst: CL_MEM_COPY_HOST_PTR
test passed
test passed
Testing with cl_mem_flags src: CL_MEM_ALLOC_HOST_PTR dst: 0
test passed
test passed
Testing with cl_mem_flags src: CL_MEM_ALLOC_HOST_PTR dst: CL_MEM_IMMUTABLE_EXT | CL_MEM_USE_HOST_PTR
test passed
test passed
Testing with cl_mem_flags src: CL_MEM_ALLOC_HOST_PTR dst: CL_MEM_IMMUTABLE_EXT | CL_MEM_COPY_HOST_PTR
test passed
test passed
Testing with cl_mem_flags src: CL_MEM_ALLOC_HOST_PTR dst: CL_MEM_IMMUTABLE_EXT | CL_MEM_COPY_HOST_PTR | CL_MEM_ALLOC_HOST_PTR
test passed
test passed
Testing with cl_mem_flags src: CL_MEM_ALLOC_HOST_PTR | CL_MEM_COPY_HOST_PTR dst: CL_MEM_ALLOC_HOST_PTR
test passed
test passed
Testing with cl_mem_flags src: CL_MEM_ALLOC_HOST_PTR | CL_MEM_COPY_HOST_PTR dst: CL_MEM_ALLOC_HOST_PTR | CL_MEM_COPY_HOST_PTR
test passed
test passed
Testing with cl_mem_flags src: CL_MEM_ALLOC_HOST_PTR | CL_MEM_COPY_HOST_PTR dst: CL_MEM_USE_HOST_PTR
test passed
test passed
Testing with cl_mem_flags src: CL_MEM_ALLOC_HOST_PTR | CL_MEM_COPY_HOST_PTR dst: CL_MEM_COPY_HOST_PTR
test passed
test passed
Testing with cl_mem_flags src: CL_MEM_ALLOC_HOST_PTR | CL_MEM_COPY_HOST_PTR dst: 0
test passed
test passed
Testing with cl_mem_flags src: CL_MEM_ALLOC_HOST_PTR | CL_MEM_COPY_HOST_PTR dst: CL_MEM_IMMUTABLE_EXT | CL_MEM_USE_HOST_PTR
test passed
test passed
Testing with cl_mem_flags src: CL_MEM_ALLOC_HOST_PTR | CL_MEM_COPY_HOST_PTR dst: CL_MEM_IMMUTABLE_EXT | CL_MEM_COPY_HOST_PTR
test passed
test passed
Testing with cl_mem_flags src: CL_MEM_ALLOC_HOST_PTR | CL_MEM_COPY_HOST_PTR dst: CL_MEM_IMMUTABLE_EXT | CL_MEM_COPY_HOST_PTR | CL_MEM_ALLOC_HOST_PTR
test passed
test passed
Testing with cl_mem_flags src: CL_MEM_USE_HOST_PTR dst: CL_MEM_ALLOC_HOST_PTR
test passed
test passed
Testing with cl_mem_flags src: CL_MEM_USE_HOST_PTR dst: CL_MEM_ALLOC_HOST_PTR | CL_MEM_COPY_HOST_PTR
test passed
test passed
Testing with cl_mem_flags src: CL_MEM_USE_HOST_PTR dst: CL_MEM_USE_HOST_PTR
test passed
test passed
Testing with cl_mem_flags src: CL_MEM_USE_HOST_PTR dst: CL_MEM_COPY_HOST_PTR
test passed
test passed
Testing with cl_mem_flags src: CL_MEM_USE_HOST_PTR dst: 0
test passed
test passed
Testing with cl_mem_flags src: CL_MEM_USE_HOST_PTR dst: CL_MEM_IMMUTABLE_EXT | CL_MEM_USE_HOST_PTR
test passed
test passed
Testing with cl_mem_flags src: CL_MEM_USE_HOST_PTR dst: CL_MEM_IMMUTABLE_EXT | CL_MEM_COPY_HOST_PTR
test passed
test passed
Testing with cl_mem_flags src: CL_MEM_USE_HOST_PTR dst: CL_MEM_IMMUTABLE_EXT | CL_MEM_COPY_HOST_PTR | CL_MEM_ALLOC_HOST_PTR
test passed
test passed
Testing with cl_mem_flags src: CL_MEM_COPY_HOST_PTR dst: CL_MEM_ALLOC_HOST_PTR
test passed
test passed
Testing with cl_mem_flags src: CL_MEM_COPY_HOST_PTR dst: CL_MEM_ALLOC_HOST_PTR | CL_MEM_COPY_HOST_PTR
test passed
test passed
Testing with cl_mem_flags src: CL_MEM_COPY_HOST_PTR dst: CL_MEM_USE_HOST_PTR
test passed
test passed
Testing with cl_mem_flags src: CL_MEM_COPY_HOST_PTR dst: CL_MEM_COPY_HOST_PTR
test passed
test passed
Testing with cl_mem_flags src: CL_MEM_COPY_HOST_PTR dst: 0
test passed
test passed
Testing with cl_mem_flags src: CL_MEM_COPY_HOST_PTR dst: CL_MEM_IMMUTABLE_EXT | CL_MEM_USE_HOST_PTR
test passed
test passed
Testing with cl_mem_flags src: CL_MEM_COPY_HOST_PTR dst: CL_MEM_IMMUTABLE_EXT | CL_MEM_COPY_HOST_PTR
test passed
test passed
Testing with cl_mem_flags src: CL_MEM_COPY_HOST_PTR dst: CL_MEM_IMMUTABLE_EXT | CL_MEM_COPY_HOST_PTR | CL_MEM_ALLOC_HOST_PTR
test passed
test passed
Testing with cl_mem_flags src: 0 dst: CL_MEM_ALLOC_HOST_PTR
test passed
test passed
Testing with cl_mem_flags src: 0 dst: CL_MEM_ALLOC_HOST_PTR | CL_MEM_COPY_HOST_PTR
test passed
test passed
Testing with cl_mem_flags src: 0 dst: CL_MEM_USE_HOST_PTR
test passed
test passed
Testing with cl_mem_flags src: 0 dst: CL_MEM_COPY_HOST_PTR
test passed
test passed
Testing with cl_mem_flags src: 0 dst: 0
test passed
test passed
Testing with cl_mem_flags src: 0 dst: CL_MEM_IMMUTABLE_EXT | CL_MEM_USE_HOST_PTR
test passed
test passed
Testing with cl_mem_flags src: 0 dst: CL_MEM_IMMUTABLE_EXT | CL_MEM_COPY_HOST_PTR
test passed
test passed
Testing with cl_mem_flags src: 0 dst: CL_MEM_IMMUTABLE_EXT | CL_MEM_COPY_HOST_PTR | CL_MEM_ALLOC_HOST_PTR
test passed
test passed
Testing with cl_mem_flags src: CL_MEM_IMMUTABLE_EXT | CL_MEM_USE_HOST_PTR dst: CL_MEM_ALLOC_HOST_PTR
test passed
test passed
Testing with cl_mem_flags src: CL_MEM_IMMUTABLE_EXT | CL_MEM_USE_HOST_PTR dst: CL_MEM_ALLOC_HOST_PTR | CL_MEM_COPY_HOST_PTR
test passed
test passed
Testing with cl_mem_flags src: CL_MEM_IMMUTABLE_EXT | CL_MEM_USE_HOST_PTR dst: CL_MEM_USE_HOST_PTR
test passed
test passed
Testing with cl_mem_flags src: CL_MEM_IMMUTABLE_EXT | CL_MEM_USE_HOST_PTR dst: CL_MEM_COPY_HOST_PTR
test passed
test passed
Testing with cl_mem_flags src: CL_MEM_IMMUTABLE_EXT | CL_MEM_USE_HOST_PTR dst: 0
test passed
test passed
Testing with cl_mem_flags src: CL_MEM_IMMUTABLE_EXT | CL_MEM_USE_HOST_PTR dst: CL_MEM_IMMUTABLE_EXT | CL_MEM_USE_HOST_PTR
test passed
test passed
Testing with cl_mem_flags src: CL_MEM_IMMUTABLE_EXT | CL_MEM_USE_HOST_PTR dst: CL_MEM_IMMUTABLE_EXT | CL_MEM_COPY_HOST_PTR
test passed
test passed
Testing with cl_mem_flags src: CL_MEM_IMMUTABLE_EXT | CL_MEM_USE_HOST_PTR dst: CL_MEM_IMMUTABLE_EXT | CL_MEM_COPY_HOST_PTR | CL_MEM_ALLOC_HOST_PTR
test passed
test passed
Testing with cl_mem_flags src: CL_MEM_IMMUTABLE_EXT | CL_MEM_COPY_HOST_PTR dst: CL_MEM_ALLOC_HOST_PTR
test passed
test passed
Testing with cl_mem_flags src: CL_MEM_IMMUTABLE_EXT | CL_MEM_COPY_HOST_PTR dst: CL_MEM_ALLOC_HOST_PTR | CL_MEM_COPY_HOST_PTR
test passed
test passed
Testing with cl_mem_flags src: CL_MEM_IMMUTABLE_EXT | CL_MEM_COPY_HOST_PTR dst: CL_MEM_USE_HOST_PTR
test passed
test passed
Testing with cl_mem_flags src: CL_MEM_IMMUTABLE_EXT | CL_MEM_COPY_HOST_PTR dst: CL_MEM_COPY_HOST_PTR
test passed
test passed
Testing with cl_mem_flags src: CL_MEM_IMMUTABLE_EXT | CL_MEM_COPY_HOST_PTR dst: 0
test passed
test passed
Testing with cl_mem_flags src: CL_MEM_IMMUTABLE_EXT | CL_MEM_COPY_HOST_PTR dst: CL_MEM_IMMUTABLE_EXT | CL_MEM_USE_HOST_PTR
test passed
test passed
Testing with cl_mem_flags src: CL_MEM_IMMUTABLE_EXT | CL_MEM_COPY_HOST_PTR dst: CL_MEM_IMMUTABLE_EXT | CL_MEM_COPY_HOST_PTR
test passed
test passed
Testing with cl_mem_flags src: CL_MEM_IMMUTABLE_EXT | CL_MEM_COPY_HOST_PTR dst: CL_MEM_IMMUTABLE_EXT | CL_MEM_COPY_HOST_PTR | CL_MEM_ALLOC_HOST_PTR
test passed
test passed
Testing with cl_mem_flags src: CL_MEM_IMMUTABLE_EXT | CL_MEM_COPY_HOST_PTR | CL_MEM_ALLOC_HOST_PTR dst: CL_MEM_ALLOC_HOST_PTR
test passed
test passed
Testing with cl_mem_flags src: CL_MEM_IMMUTABLE_EXT | CL_MEM_COPY_HOST_PTR | CL_MEM_ALLOC_HOST_PTR dst: CL_MEM_ALLOC_HOST_PTR | CL_MEM_COPY_HOST_PTR
test passed
test passed
Testing with cl_mem_flags src: CL_MEM_IMMUTABLE_EXT | CL_MEM_COPY_HOST_PTR | CL_MEM_ALLOC_HOST_PTR dst: CL_MEM_USE_HOST_PTR
test passed
test passed
Testing with cl_mem_flags src: CL_MEM_IMMUTABLE_EXT | CL_MEM_COPY_HOST_PTR | CL_MEM_ALLOC_HOST_PTR dst: CL_MEM_COPY_HOST_PTR
test passed
test passed
Testing with cl_mem_flags src: CL_MEM_IMMUTABLE_EXT | CL_MEM_COPY_HOST_PTR | CL_MEM_ALLOC_HOST_PTR dst: 0
test passed
test passed
Testing with cl_mem_flags src: CL_MEM_IMMUTABLE_EXT | CL_MEM_COPY_HOST_PTR | CL_MEM_ALLOC_HOST_PTR dst: CL_MEM_IMMUTABLE_EXT | CL_MEM_USE_HOST_PTR
test passed
test passed
Testing with cl_mem_flags src: CL_MEM_IMMUTABLE_EXT | CL_MEM_COPY_HOST_PTR | CL_MEM_ALLOC_HOST_PTR dst: CL_MEM_IMMUTABLE_EXT | CL_MEM_COPY_HOST_PTR
test passed
test passed
Testing with cl_mem_flags src: CL_MEM_IMMUTABLE_EXT | CL_MEM_COPY_HOST_PTR | CL_MEM_ALLOC_HOST_PTR dst: CL_MEM_IMMUTABLE_EXT | CL_MEM_COPY_HOST_PTR | CL_MEM_ALLOC_HOST_PTR
test passed
test passed
random size: 127328: Testing with cl_mem_flags src: CL_MEM_ALLOC_HOST_PTR dst: CL_MEM_ALLOC_HOST_PTR
test passed
test passed
Testing with cl_mem_flags src: CL_MEM_ALLOC_HOST_PTR dst: CL_MEM_ALLOC_HOST_PTR | CL_MEM_COPY_HOST_PTR
test passed
test passed
Testing with cl_mem_flags src: CL_MEM_ALLOC_HOST_PTR dst: CL_MEM_USE_HOST_PTR
test passed
test passed
Testing with cl_mem_flags src: CL_MEM_ALLOC_HOST_PTR dst: CL_MEM_COPY_HOST_PTR
test passed
test passed
Testing with cl_mem_flags src: CL_MEM_ALLOC_HOST_PTR dst: 0
test passed
test passed
Testing with cl_mem_flags src: CL_MEM_ALLOC_HOST_PTR dst: CL_MEM_IMMUTABLE_EXT | CL_MEM_USE_HOST_PTR
test passed
test passed
Testing with cl_mem_flags src: CL_MEM_ALLOC_HOST_PTR dst: CL_MEM_IMMUTABLE_EXT | CL_MEM_COPY_HOST_PTR
test passed
test passed
Testing with cl_mem_flags src: CL_MEM_ALLOC_HOST_PTR dst: CL_MEM_IMMUTABLE_EXT | CL_MEM_COPY_HOST_PTR | CL_MEM_ALLOC_HOST_PTR
test passed
test passed
Testing with cl_mem_flags src: CL_MEM_ALLOC_HOST_PTR | CL_MEM_COPY_HOST_PTR dst: CL_MEM_ALLOC_HOST_PTR
test passed
test passed
Testing with cl_mem_flags src: CL_MEM_ALLOC_HOST_PTR | CL_MEM_COPY_HOST_PTR dst: CL_MEM_ALLOC_HOST_PTR | CL_MEM_COPY_HOST_PTR
test passed
test passed
Testing with cl_mem_flags src: CL_MEM_ALLOC_HOST_PTR | CL_MEM_COPY_HOST_PTR dst: CL_MEM_USE_HOST_PTR
test passed
test passed
Testing with cl_mem_flags src: CL_MEM_ALLOC_HOST_PTR | CL_MEM_COPY_HOST_PTR dst: CL_MEM_COPY_HOST_PTR
test passed
test passed
Testing with cl_mem_flags src: CL_MEM_ALLOC_HOST_PTR | CL_MEM_COPY_HOST_PTR dst: 0
test passed
test passed
Testing with cl_mem_flags src: CL_MEM_ALLOC_HOST_PTR | CL_MEM_COPY_HOST_PTR dst: CL_MEM_IMMUTABLE_EXT | CL_MEM_USE_HOST_PTR
test passed
test passed
Testing with cl_mem_flags src: CL_MEM_ALLOC_HOST_PTR | CL_MEM_COPY_HOST_PTR dst: CL_MEM_IMMUTABLE_EXT | CL_MEM_COPY_HOST_PTR
test passed
test passed
Testing with cl_mem_flags src: CL_MEM_ALLOC_HOST_PTR | CL_MEM_COPY_HOST_PTR dst: CL_MEM_IMMUTABLE_EXT | CL_MEM_COPY_HOST_PTR | CL_MEM_ALLOC_HOST_PTR
test passed
test passed
Testing with cl_mem_flags src: CL_MEM_USE_HOST_PTR dst: CL_MEM_ALLOC_HOST_PTR
test passed
test passed
Testing with cl_mem_flags src: CL_MEM_USE_HOST_PTR dst: CL_MEM_ALLOC_HOST_PTR | CL_MEM_COPY_HOST_PTR
test passed
test passed
Testing with cl_mem_flags src: CL_MEM_USE_HOST_PTR dst: CL_MEM_USE_HOST_PTR
test passed
test passed
Testing with cl_mem_flags src: CL_MEM_USE_HOST_PTR dst: CL_MEM_COPY_HOST_PTR
test passed
test passed
Testing with cl_mem_flags src: CL_MEM_USE_HOST_PTR dst: 0
test passed
test passed
Testing with cl_mem_flags src: CL_MEM_USE_HOST_PTR dst: CL_MEM_IMMUTABLE_EXT | CL_MEM_USE_HOST_PTR
test passed
test passed
Testing with cl_mem_flags src: CL_MEM_USE_HOST_PTR dst: CL_MEM_IMMUTABLE_EXT | CL_MEM_COPY_HOST_PTR
test passed
test passed
Testing with cl_mem_flags src: CL_MEM_USE_HOST_PTR dst: CL_MEM_IMMUTABLE_EXT | CL_MEM_COPY_HOST_PTR | CL_MEM_ALLOC_HOST_PTR
test passed
test passed
Testing with cl_mem_flags src: CL_MEM_COPY_HOST_PTR dst: CL_MEM_ALLOC_HOST_PTR
test passed
test passed
Testing with cl_mem_flags src: CL_MEM_COPY_HOST_PTR dst: CL_MEM_ALLOC_HOST_PTR | CL_MEM_COPY_HOST_PTR
test passed
test passed
Testing with cl_mem_flags src: CL_MEM_COPY_HOST_PTR dst: CL_MEM_USE_HOST_PTR
test passed
test passed
Testing with cl_mem_flags src: CL_MEM_COPY_HOST_PTR dst: CL_MEM_COPY_HOST_PTR
test passed
test passed
Testing with cl_mem_flags src: CL_MEM_COPY_HOST_PTR dst: 0
test passed
test passed
Testing with cl_mem_flags src: CL_MEM_COPY_HOST_PTR dst: CL_MEM_IMMUTABLE_EXT | CL_MEM_USE_HOST_PTR
test passed
test passed
Testing with cl_mem_flags src: CL_MEM_COPY_HOST_PTR dst: CL_MEM_IMMUTABLE_EXT | CL_MEM_COPY_HOST_PTR
test passed
test passed
Testing with cl_mem_flags src: CL_MEM_COPY_HOST_PTR dst: CL_MEM_IMMUTABLE_EXT | CL_MEM_COPY_HOST_PTR | CL_MEM_ALLOC_HOST_PTR
test passed
test passed
Testing with cl_mem_flags src: 0 dst: CL_MEM_ALLOC_HOST_PTR
test passed
test passed
Testing with cl_mem_flags src: 0 dst: CL_MEM_ALLOC_HOST_PTR | CL_MEM_COPY_HOST_PTR
test passed
test passed
Testing with cl_mem_flags src: 0 dst: CL_MEM_USE_HOST_PTR
test passed
test passed
Testing with cl_mem_flags src: 0 dst: CL_MEM_COPY_HOST_PTR
test passed
test passed
Testing with cl_mem_flags src: 0 dst: 0
test passed
test passed
Testing with cl_mem_flags src: 0 dst: CL_MEM_IMMUTABLE_EXT | CL_MEM_USE_HOST_PTR
test passed
test passed
Testing with cl_mem_flags src: 0 dst: CL_MEM_IMMUTABLE_EXT | CL_MEM_COPY_HOST_PTR
test passed
test passed
Testing with cl_mem_flags src: 0 dst: CL_MEM_IMMUTABLE_EXT | CL_MEM_COPY_HOST_PTR | CL_MEM_ALLOC_HOST_PTR
test passed
test passed
Testing with cl_mem_flags src: CL_MEM_IMMUTABLE_EXT | CL_MEM_USE_HOST_PTR dst: CL_MEM_ALLOC_HOST_PTR
test passed
test passed
Testing with cl_mem_flags src: CL_MEM_IMMUTABLE_EXT | CL_MEM_USE_HOST_PTR dst: CL_MEM_ALLOC_HOST_PTR | CL_MEM_COPY_HOST_PTR
test passed
test passed
Testing with cl_mem_flags src: CL_MEM_IMMUTABLE_EXT | CL_MEM_USE_HOST_PTR dst: CL_MEM_USE_HOST_PTR
test passed
test passed
Testing with cl_mem_flags src: CL_MEM_IMMUTABLE_EXT | CL_MEM_USE_HOST_PTR dst: CL_MEM_COPY_HOST_PTR
test passed
test passed
Testing with cl_mem_flags src: CL_MEM_IMMUTABLE_EXT | CL_MEM_USE_HOST_PTR dst: 0
test passed
test passed
Testing with cl_mem_flags src: CL_MEM_IMMUTABLE_EXT | CL_MEM_USE_HOST_PTR dst: CL_MEM_IMMUTABLE_EXT | CL_MEM_USE_HOST_PTR
test passed
test passed
Testing with cl_mem_flags src: CL_MEM_IMMUTABLE_EXT | CL_MEM_USE_HOST_PTR dst: CL_MEM_IMMUTABLE_EXT | CL_MEM_COPY_HOST_PTR
test passed
test passed
Testing with cl_mem_flags src: CL_MEM_IMMUTABLE_EXT | CL_MEM_USE_HOST_PTR dst: CL_MEM_IMMUTABLE_EXT | CL_MEM_COPY_HOST_PTR | CL_MEM_ALLOC_HOST_PTR
test passed
test passed
Testing with cl_mem_flags src: CL_MEM_IMMUTABLE_EXT | CL_MEM_COPY_HOST_PTR dst: CL_MEM_ALLOC_HOST_PTR
test passed
test passed
Testing with cl_mem_flags src: CL_MEM_IMMUTABLE_EXT | CL_MEM_COPY_HOST_PTR dst: CL_MEM_ALLOC_HOST_PTR | CL_MEM_COPY_HOST_PTR
test passed
test passed
Testing with cl_mem_flags src: CL_MEM_IMMUTABLE_EXT | CL_MEM_COPY_HOST_PTR dst: CL_MEM_USE_HOST_PTR
test passed
test passed
Testing with cl_mem_flags src: CL_MEM_IMMUTABLE_EXT | CL_MEM_COPY_HOST_PTR dst: CL_MEM_COPY_HOST_PTR
test passed
test passed
Testing with cl_mem_flags src: CL_MEM_IMMUTABLE_EXT | CL_MEM_COPY_HOST_PTR dst: 0
test passed
test passed
Testing with cl_mem_flags src: CL_MEM_IMMUTABLE_EXT | CL_MEM_COPY_HOST_PTR dst: CL_MEM_IMMUTABLE_EXT | CL_MEM_USE_HOST_PTR
test passed
test passed
Testing with cl_mem_flags src: CL_MEM_IMMUTABLE_EXT | CL_MEM_COPY_HOST_PTR dst: CL_MEM_IMMUTABLE_EXT | CL_MEM_COPY_HOST_PTR
test passed
test passed
Testing with cl_mem_flags src: CL_MEM_IMMUTABLE_EXT | CL_MEM_COPY_HOST_PTR dst: CL_MEM_IMMUTABLE_EXT | CL_MEM_COPY_HOST_PTR | CL_MEM_ALLOC_HOST_PTR
test passed
test passed
Testing with cl_mem_flags src: CL_MEM_IMMUTABLE_EXT | CL_MEM_COPY_HOST_PTR | CL_MEM_ALLOC_HOST_PTR dst: CL_MEM_ALLOC_HOST_PTR
test passed
test passed
Testing with cl_mem_flags src: CL_MEM_IMMUTABLE_EXT | CL_MEM_COPY_HOST_PTR | CL_MEM_ALLOC_HOST_PTR dst: CL_MEM_ALLOC_HOST_PTR | CL_MEM_COPY_HOST_PTR
test passed
test passed
Testing with cl_mem_flags src: CL_MEM_IMMUTABLE_EXT | CL_MEM_COPY_HOST_PTR | CL_MEM_ALLOC_HOST_PTR dst: CL_MEM_USE_HOST_PTR
test passed
test passed
Testing with cl_mem_flags src: CL_MEM_IMMUTABLE_EXT | CL_MEM_COPY_HOST_PTR | CL_MEM_ALLOC_HOST_PTR dst: CL_MEM_COPY_HOST_PTR
test passed
test passed
Testing with cl_mem_flags src: CL_MEM_IMMUTABLE_EXT | CL_MEM_COPY_HOST_PTR | CL_MEM_ALLOC_HOST_PTR dst: 0
test passed
test passed
Testing with cl_mem_flags src: CL_MEM_IMMUTABLE_EXT | CL_MEM_COPY_HOST_PTR | CL_MEM_ALLOC_HOST_PTR dst: CL_MEM_IMMUTABLE_EXT | CL_MEM_USE_HOST_PTR
test passed
test passed
Testing with cl_mem_flags src: CL_MEM_IMMUTABLE_EXT | CL_MEM_COPY_HOST_PTR | CL_MEM_ALLOC_HOST_PTR dst: CL_MEM_IMMUTABLE_EXT | CL_MEM_COPY_HOST_PTR
test passed
test passed
Testing with cl_mem_flags src: CL_MEM_IMMUTABLE_EXT | CL_MEM_COPY_HOST_PTR | CL_MEM_ALLOC_HOST_PTR dst: CL_MEM_IMMUTABLE_EXT | CL_MEM_COPY_HOST_PTR | CL_MEM_ALLOC_HOST_PTR
test passed
test passed
buffer_copy passed
buffer_partial_copy...
random partial copy from 8987 to 8579, size: 4388: Testing with cl_mem_flags src: CL_MEM_ALLOC_HOST_PTR dst: CL_MEM_ALLOC_HOST_PTR
test passed
test passed
Testing with cl_mem_flags src: CL_MEM_ALLOC_HOST_PTR dst: CL_MEM_ALLOC_HOST_PTR | CL_MEM_COPY_HOST_PTR
test passed
test passed
Testing with cl_mem_flags src: CL_MEM_ALLOC_HOST_PTR dst: CL_MEM_USE_HOST_PTR
test passed
test passed
Testing with cl_mem_flags src: CL_MEM_ALLOC_HOST_PTR dst: CL_MEM_COPY_HOST_PTR
test passed
test passed
Testing with cl_mem_flags src: CL_MEM_ALLOC_HOST_PTR dst: 0
test passed
test passed
Testing with cl_mem_flags src: CL_MEM_ALLOC_HOST_PTR dst: CL_MEM_IMMUTABLE_EXT | CL_MEM_USE_HOST_PTR
test passed
test passed
Testing with cl_mem_flags src: CL_MEM_ALLOC_HOST_PTR dst: CL_MEM_IMMUTABLE_EXT | CL_MEM_COPY_HOST_PTR
test passed
test passed
Testing with cl_mem_flags src: CL_MEM_ALLOC_HOST_PTR dst: CL_MEM_IMMUTABLE_EXT | CL_MEM_COPY_HOST_PTR | CL_MEM_ALLOC_HOST_PTR
test passed
test passed
Testing with cl_mem_flags src: CL_MEM_ALLOC_HOST_PTR | CL_MEM_COPY_HOST_PTR dst: CL_MEM_ALLOC_HOST_PTR
test passed
test passed
Testing with cl_mem_flags src: CL_MEM_ALLOC_HOST_PTR | CL_MEM_COPY_HOST_PTR dst: CL_MEM_ALLOC_HOST_PTR | CL_MEM_COPY_HOST_PTR
test passed
test passed
Testing with cl_mem_flags src: CL_MEM_ALLOC_HOST_PTR | CL_MEM_COPY_HOST_PTR dst: CL_MEM_USE_HOST_PTR
test passed
test passed
Testing with cl_mem_flags src: CL_MEM_ALLOC_HOST_PTR | CL_MEM_COPY_HOST_PTR dst: CL_MEM_COPY_HOST_PTR
test passed
test passed
Testing with cl_mem_flags src: CL_MEM_ALLOC_HOST_PTR | CL_MEM_COPY_HOST_PTR dst: 0
test passed
test passed
Testing with cl_mem_flags src: CL_MEM_ALLOC_HOST_PTR | CL_MEM_COPY_HOST_PTR dst: CL_MEM_IMMUTABLE_EXT | CL_MEM_USE_HOST_PTR
test passed
test passed
Testing with cl_mem_flags src: CL_MEM_ALLOC_HOST_PTR | CL_MEM_COPY_HOST_PTR dst: CL_MEM_IMMUTABLE_EXT | CL_MEM_COPY_HOST_PTR
test passed
test passed
Testing with cl_mem_flags src: CL_MEM_ALLOC_HOST_PTR | CL_MEM_COPY_HOST_PTR dst: CL_MEM_IMMUTABLE_EXT | CL_MEM_COPY_HOST_PTR | CL_MEM_ALLOC_HOST_PTR
test passed
test passed
Testing with cl_mem_flags src: CL_MEM_USE_HOST_PTR dst: CL_MEM_ALLOC_HOST_PTR
test passed
test passed
Testing with cl_mem_flags src: CL_MEM_USE_HOST_PTR dst: CL_MEM_ALLOC_HOST_PTR | CL_MEM_COPY_HOST_PTR
test passed
test passed
Testing with cl_mem_flags src: CL_MEM_USE_HOST_PTR dst: CL_MEM_USE_HOST_PTR
test passed
test passed
Testing with cl_mem_flags src: CL_MEM_USE_HOST_PTR dst: CL_MEM_COPY_HOST_PTR
test passed
test passed
Testing with cl_mem_flags src: CL_MEM_USE_HOST_PTR dst: 0
test passed
test passed
Testing with cl_mem_flags src: CL_MEM_USE_HOST_PTR dst: CL_MEM_IMMUTABLE_EXT | CL_MEM_USE_HOST_PTR
test passed
test passed
Testing with cl_mem_flags src: CL_MEM_USE_HOST_PTR dst: CL_MEM_IMMUTABLE_EXT | CL_MEM_COPY_HOST_PTR
test passed
test passed
Testing with cl_mem_flags src: CL_MEM_USE_HOST_PTR dst: CL_MEM_IMMUTABLE_EXT | CL_MEM_COPY_HOST_PTR | CL_MEM_ALLOC_HOST_PTR
test passed
test passed
Testing with cl_mem_flags src: CL_MEM_COPY_HOST_PTR dst: CL_MEM_ALLOC_HOST_PTR
test passed
test passed
Testing with cl_mem_flags src: CL_MEM_COPY_HOST_PTR dst: CL_MEM_ALLOC_HOST_PTR | CL_MEM_COPY_HOST_PTR
test passed
test passed
Testing with cl_mem_flags src: CL_MEM_COPY_HOST_PTR dst: CL_MEM_USE_HOST_PTR
test passed
test passed
Testing with cl_mem_flags src: CL_MEM_COPY_HOST_PTR dst: CL_MEM_COPY_HOST_PTR
test passed
test passed
Testing with cl_mem_flags src: CL_MEM_COPY_HOST_PTR dst: 0
test passed
test passed
Testing with cl_mem_flags src: CL_MEM_COPY_HOST_PTR dst: CL_MEM_IMMUTABLE_EXT | CL_MEM_USE_HOST_PTR
test passed
test passed
Testing with cl_mem_flags src: CL_MEM_COPY_HOST_PTR dst: CL_MEM_IMMUTABLE_EXT | CL_MEM_COPY_HOST_PTR
test passed
test passed
Testing with cl_mem_flags src: CL_MEM_COPY_HOST_PTR dst: CL_MEM_IMMUTABLE_EXT | CL_MEM_COPY_HOST_PTR | CL_MEM_ALLOC_HOST_PTR
test passed
test passed
Testing with cl_mem_flags src: 0 dst: CL_MEM_ALLOC_HOST_PTR
test passed
test passed
Testing with cl_mem_flags src: 0 dst: CL_MEM_ALLOC_HOST_PTR | CL_MEM_COPY_HOST_PTR
test passed
test passed
Testing with cl_mem_flags src: 0 dst: CL_MEM_USE_HOST_PTR
test passed
test passed
Testing with cl_mem_flags src: 0 dst: CL_MEM_COPY_HOST_PTR
test passed
test passed
Testing with cl_mem_flags src: 0 dst: 0
test passed
test passed
Testing with cl_mem_flags src: 0 dst: CL_MEM_IMMUTABLE_EXT | CL_MEM_USE_HOST_PTR
test passed
test passed
Testing with cl_mem_flags src: 0 dst: CL_MEM_IMMUTABLE_EXT | CL_MEM_COPY_HOST_PTR
test passed
test passed
Testing with cl_mem_flags src: 0 dst: CL_MEM_IMMUTABLE_EXT | CL_MEM_COPY_HOST_PTR | CL_MEM_ALLOC_HOST_PTR
test passed
test passed
Testing with cl_mem_flags src: CL_MEM_IMMUTABLE_EXT | CL_MEM_USE_HOST_PTR dst: CL_MEM_ALLOC_HOST_PTR
test passed
test passed
Testing with cl_mem_flags src: CL_MEM_IMMUTABLE_EXT | CL_MEM_USE_HOST_PTR dst: CL_MEM_ALLOC_HOST_PTR | CL_MEM_COPY_HOST_PTR
test passed
test passed
Testing with cl_mem_flags src: CL_MEM_IMMUTABLE_EXT | CL_MEM_USE_HOST_PTR dst: CL_MEM_USE_HOST_PTR
test passed
test passed
Testing with cl_mem_flags src: CL_MEM_IMMUTABLE_EXT | CL_MEM_USE_HOST_PTR dst: CL_MEM_COPY_HOST_PTR
test passed
test passed
Testing with cl_mem_flags src: CL_MEM_IMMUTABLE_EXT | CL_MEM_USE_HOST_PTR dst: 0
test passed
test passed
Testing with cl_mem_flags src: CL_MEM_IMMUTABLE_EXT | CL_MEM_USE_HOST_PTR dst: CL_MEM_IMMUTABLE_EXT | CL_MEM_USE_HOST_PTR
test passed
test passed
Testing with cl_mem_flags src: CL_MEM_IMMUTABLE_EXT | CL_MEM_USE_HOST_PTR dst: CL_MEM_IMMUTABLE_EXT | CL_MEM_COPY_HOST_PTR
test passed
test passed
Testing with cl_mem_flags src: CL_MEM_IMMUTABLE_EXT | CL_MEM_USE_HOST_PTR dst: CL_MEM_IMMUTABLE_EXT | CL_MEM_COPY_HOST_PTR | CL_MEM_ALLOC_HOST_PTR
test passed
test passed
Testing with cl_mem_flags src: CL_MEM_IMMUTABLE_EXT | CL_MEM_COPY_HOST_PTR dst: CL_MEM_ALLOC_HOST_PTR
test passed
test passed
Testing with cl_mem_flags src: CL_MEM_IMMUTABLE_EXT | CL_MEM_COPY_HOST_PTR dst: CL_MEM_ALLOC_HOST_PTR | CL_MEM_COPY_HOST_PTR
test passed
test passed
Testing with cl_mem_flags src: CL_MEM_IMMUTABLE_EXT | CL_MEM_COPY_HOST_PTR dst: CL_MEM_USE_HOST_PTR
test passed
test passed
Testing with cl_mem_flags src: CL_MEM_IMMUTABLE_EXT | CL_MEM_COPY_HOST_PTR dst: CL_MEM_COPY_HOST_PTR
test passed
test passed
Testing with cl_mem_flags src: CL_MEM_IMMUTABLE_EXT | CL_MEM_COPY_HOST_PTR dst: 0
test passed
test passed
Testing with cl_mem_flags src: CL_MEM_IMMUTABLE_EXT | CL_MEM_COPY_HOST_PTR dst: CL_MEM_IMMUTABLE_EXT | CL_MEM_USE_HOST_PTR
test passed
test passed
Testing with cl_mem_flags src: CL_MEM_IMMUTABLE_EXT | CL_MEM_COPY_HOST_PTR dst: CL_MEM_IMMUTABLE_EXT | CL_MEM_COPY_HOST_PTR
test passed
test passed
Testing with cl_mem_flags src: CL_MEM_IMMUTABLE_EXT | CL_MEM_COPY_HOST_PTR dst: CL_MEM_IMMUTABLE_EXT | CL_MEM_COPY_HOST_PTR | CL_MEM_ALLOC_HOST_PTR
test passed
test passed
Testing with cl_mem_flags src: CL_MEM_IMMUTABLE_EXT | CL_MEM_COPY_HOST_PTR | CL_MEM_ALLOC_HOST_PTR dst: CL_MEM_ALLOC_HOST_PTR
test passed
test passed
Testing with cl_mem_flags src: CL_MEM_IMMUTABLE_EXT | CL_MEM_COPY_HOST_PTR | CL_MEM_ALLOC_HOST_PTR dst: CL_MEM_ALLOC_HOST_PTR | CL_MEM_COPY_HOST_PTR
test passed
test passed
Testing with cl_mem_flags src: CL_MEM_IMMUTABLE_EXT | CL_MEM_COPY_HOST_PTR | CL_MEM_ALLOC_HOST_PTR dst: CL_MEM_USE_HOST_PTR
test passed
test passed
Testing with cl_mem_flags src: CL_MEM_IMMUTABLE_EXT | CL_MEM_COPY_HOST_PTR | CL_MEM_ALLOC_HOST_PTR dst: CL_MEM_COPY_HOST_PTR
test passed
test passed
Testing with cl_mem_flags src: CL_MEM_IMMUTABLE_EXT | CL_MEM_COPY_HOST_PTR | CL_MEM_ALLOC_HOST_PTR dst: 0
test passed
test passed
Testing with cl_mem_flags src: CL_MEM_IMMUTABLE_EXT | CL_MEM_COPY_HOST_PTR | CL_MEM_ALLOC_HOST_PTR dst: CL_MEM_IMMUTABLE_EXT | CL_MEM_USE_HOST_PTR
test passed
test passed
Testing with cl_mem_flags src: CL_MEM_IMMUTABLE_EXT | CL_MEM_COPY_HOST_PTR | CL_MEM_ALLOC_HOST_PTR dst: CL_MEM_IMMUTABLE_EXT | CL_MEM_COPY_HOST_PTR
test passed
test passed
Testing with cl_mem_flags src: CL_MEM_IMMUTABLE_EXT | CL_MEM_COPY_HOST_PTR | CL_MEM_ALLOC_HOST_PTR dst: CL_MEM_IMMUTABLE_EXT | CL_MEM_COPY_HOST_PTR | CL_MEM_ALLOC_HOST_PTR
test passed
test passed
random partial copy from 5058 to 2092, size: 4271: Testing with cl_mem_flags src: CL_MEM_ALLOC_HOST_PTR dst: CL_MEM_ALLOC_HOST_PTR
test passed
test passed
Testing with cl_mem_flags src: CL_MEM_ALLOC_HOST_PTR dst: CL_MEM_ALLOC_HOST_PTR | CL_MEM_COPY_HOST_PTR
test passed
test passed
Testing with cl_mem_flags src: CL_MEM_ALLOC_HOST_PTR dst: CL_MEM_USE_HOST_PTR
test passed
test passed
Testing with cl_mem_flags src: CL_MEM_ALLOC_HOST_PTR dst: CL_MEM_COPY_HOST_PTR
test passed
test passed
Testing with cl_mem_flags src: CL_MEM_ALLOC_HOST_PTR dst: 0
test passed
test passed
Testing with cl_mem_flags src: CL_MEM_ALLOC_HOST_PTR dst: CL_MEM_IMMUTABLE_EXT | CL_MEM_USE_HOST_PTR
test passed
test passed
Testing with cl_mem_flags src: CL_MEM_ALLOC_HOST_PTR dst: CL_MEM_IMMUTABLE_EXT | CL_MEM_COPY_HOST_PTR
test passed
test passed
Testing with cl_mem_flags src: CL_MEM_ALLOC_HOST_PTR dst: CL_MEM_IMMUTABLE_EXT | CL_MEM_COPY_HOST_PTR | CL_MEM_ALLOC_HOST_PTR
test passed
test passed
Testing with cl_mem_flags src: CL_MEM_ALLOC_HOST_PTR | CL_MEM_COPY_HOST_PTR dst: CL_MEM_ALLOC_HOST_PTR
test passed
test passed
Testing with cl_mem_flags src: CL_MEM_ALLOC_HOST_PTR | CL_MEM_COPY_HOST_PTR dst: CL_MEM_ALLOC_HOST_PTR | CL_MEM_COPY_HOST_PTR
test passed
test passed
Testing with cl_mem_flags src: CL_MEM_ALLOC_HOST_PTR | CL_MEM_COPY_HOST_PTR dst: CL_MEM_USE_HOST_PTR
test passed
test passed
Testing with cl_mem_flags src: CL_MEM_ALLOC_HOST_PTR | CL_MEM_COPY_HOST_PTR dst: CL_MEM_COPY_HOST_PTR
test passed
test passed
Testing with cl_mem_flags src: CL_MEM_ALLOC_HOST_PTR | CL_MEM_COPY_HOST_PTR dst: 0
test passed
test passed
Testing with cl_mem_flags src: CL_MEM_ALLOC_HOST_PTR | CL_MEM_COPY_HOST_PTR dst: CL_MEM_IMMUTABLE_EXT | CL_MEM_USE_HOST_PTR
test passed
test passed
Testing with cl_mem_flags src: CL_MEM_ALLOC_HOST_PTR | CL_MEM_COPY_HOST_PTR dst: CL_MEM_IMMUTABLE_EXT | CL_MEM_COPY_HOST_PTR
test passed
test passed
Testing with cl_mem_flags src: CL_MEM_ALLOC_HOST_PTR | CL_MEM_COPY_HOST_PTR dst: CL_MEM_IMMUTABLE_EXT | CL_MEM_COPY_HOST_PTR | CL_MEM_ALLOC_HOST_PTR
test passed
test passed
Testing with cl_mem_flags src: CL_MEM_USE_HOST_PTR dst: CL_MEM_ALLOC_HOST_PTR
test passed
test passed
Testing with cl_mem_flags src: CL_MEM_USE_HOST_PTR dst: CL_MEM_ALLOC_HOST_PTR | CL_MEM_COPY_HOST_PTR
test passed
test passed
Testing with cl_mem_flags src: CL_MEM_USE_HOST_PTR dst: CL_MEM_USE_HOST_PTR
test passed
test passed
Testing with cl_mem_flags src: CL_MEM_USE_HOST_PTR dst: CL_MEM_COPY_HOST_PTR
test passed
test passed
Testing with cl_mem_flags src: CL_MEM_USE_HOST_PTR dst: 0
test passed
test passed
Testing with cl_mem_flags src: CL_MEM_USE_HOST_PTR dst: CL_MEM_IMMUTABLE_EXT | CL_MEM_USE_HOST_PTR
test passed
test passed
Testing with cl_mem_flags src: CL_MEM_USE_HOST_PTR dst: CL_MEM_IMMUTABLE_EXT | CL_MEM_COPY_HOST_PTR
test passed
test passed
Testing with cl_mem_flags src: CL_MEM_USE_HOST_PTR dst: CL_MEM_IMMUTABLE_EXT | CL_MEM_COPY_HOST_PTR | CL_MEM_ALLOC_HOST_PTR
test passed
test passed
Testing with cl_mem_flags src: CL_MEM_COPY_HOST_PTR dst: CL_MEM_ALLOC_HOST_PTR
test passed
test passed
Testing with cl_mem_flags src: CL_MEM_COPY_HOST_PTR dst: CL_MEM_ALLOC_HOST_PTR | CL_MEM_COPY_HOST_PTR
test passed
test passed
Testing with cl_mem_flags src: CL_MEM_COPY_HOST_PTR dst: CL_MEM_USE_HOST_PTR
test passed
test passed
Testing with cl_mem_flags src: CL_MEM_COPY_HOST_PTR dst: CL_MEM_COPY_HOST_PTR
test passed
test passed
Testing with cl_mem_flags src: CL_MEM_COPY_HOST_PTR dst: 0
test passed
test passed
Testing with cl_mem_flags src: CL_MEM_COPY_HOST_PTR dst: CL_MEM_IMMUTABLE_EXT | CL_MEM_USE_HOST_PTR
test passed
test passed
Testing with cl_mem_flags src: CL_MEM_COPY_HOST_PTR dst: CL_MEM_IMMUTABLE_EXT | CL_MEM_COPY_HOST_PTR
test passed
test passed
Testing with cl_mem_flags src: CL_MEM_COPY_HOST_PTR dst: CL_MEM_IMMUTABLE_EXT | CL_MEM_COPY_HOST_PTR | CL_MEM_ALLOC_HOST_PTR
test passed
test passed
Testing with cl_mem_flags src: 0 dst: CL_MEM_ALLOC_HOST_PTR
test passed
test passed
Testing with cl_mem_flags src: 0 dst: CL_MEM_ALLOC_HOST_PTR | CL_MEM_COPY_HOST_PTR
test passed
test passed
Testing with cl_mem_flags src: 0 dst: CL_MEM_USE_HOST_PTR
test passed
test passed
Testing with cl_mem_flags src: 0 dst: CL_MEM_COPY_HOST_PTR
test passed
test passed
Testing with cl_mem_flags src: 0 dst: 0
test passed
test passed
Testing with cl_mem_flags src: 0 dst: CL_MEM_IMMUTABLE_EXT | CL_MEM_USE_HOST_PTR
test passed
test passed
Testing with cl_mem_flags src: 0 dst: CL_MEM_IMMUTABLE_EXT | CL_MEM_COPY_HOST_PTR
test passed
test passed
Testing with cl_mem_flags src: 0 dst: CL_MEM_IMMUTABLE_EXT | CL_MEM_COPY_HOST_PTR | CL_MEM_ALLOC_HOST_PTR
test passed
test passed
Testing with cl_mem_flags src: CL_MEM_IMMUTABLE_EXT | CL_MEM_USE_HOST_PTR dst: CL_MEM_ALLOC_HOST_PTR
test passed
test passed
Testing with cl_mem_flags src: CL_MEM_IMMUTABLE_EXT | CL_MEM_USE_HOST_PTR dst: CL_MEM_ALLOC_HOST_PTR | CL_MEM_COPY_HOST_PTR
test passed
test passed
Testing with cl_mem_flags src: CL_MEM_IMMUTABLE_EXT | CL_MEM_USE_HOST_PTR dst: CL_MEM_USE_HOST_PTR
test passed
test passed
Testing with cl_mem_flags src: CL_MEM_IMMUTABLE_EXT | CL_MEM_USE_HOST_PTR dst: CL_MEM_COPY_HOST_PTR
test passed
test passed
Testing with cl_mem_flags src: CL_MEM_IMMUTABLE_EXT | CL_MEM_USE_HOST_PTR dst: 0
test passed
test passed
Testing with cl_mem_flags src: CL_MEM_IMMUTABLE_EXT | CL_MEM_USE_HOST_PTR dst: CL_MEM_IMMUTABLE_EXT | CL_MEM_USE_HOST_PTR
test passed
test passed
Testing with cl_mem_flags src: CL_MEM_IMMUTABLE_EXT | CL_MEM_USE_HOST_PTR dst: CL_MEM_IMMUTABLE_EXT | CL_MEM_COPY_HOST_PTR
test passed
test passed
Testing with cl_mem_flags src: CL_MEM_IMMUTABLE_EXT | CL_MEM_USE_HOST_PTR dst: CL_MEM_IMMUTABLE_EXT | CL_MEM_COPY_HOST_PTR | CL_MEM_ALLOC_HOST_PTR
test passed
test passed
Testing with cl_mem_flags src: CL_MEM_IMMUTABLE_EXT | CL_MEM_COPY_HOST_PTR dst: CL_MEM_ALLOC_HOST_PTR
test passed
test passed
Testing with cl_mem_flags src: CL_MEM_IMMUTABLE_EXT | CL_MEM_COPY_HOST_PTR dst: CL_MEM_ALLOC_HOST_PTR | CL_MEM_COPY_HOST_PTR
test passed
test passed
Testing with cl_mem_flags src: CL_MEM_IMMUTABLE_EXT | CL_MEM_COPY_HOST_PTR dst: CL_MEM_USE_HOST_PTR
test passed
test passed
Testing with cl_mem_flags src: CL_MEM_IMMUTABLE_EXT | CL_MEM_COPY_HOST_PTR dst: CL_MEM_COPY_HOST_PTR
test passed
test passed
Testing with cl_mem_flags src: CL_MEM_IMMUTABLE_EXT | CL_MEM_COPY_HOST_PTR dst: 0
test passed
test passed
Testing with cl_mem_flags src: CL_MEM_IMMUTABLE_EXT | CL_MEM_COPY_HOST_PTR dst: CL_MEM_IMMUTABLE_EXT | CL_MEM_USE_HOST_PTR
test passed
test passed
Testing with cl_mem_flags src: CL_MEM_IMMUTABLE_EXT | CL_MEM_COPY_HOST_PTR dst: CL_MEM_IMMUTABLE_EXT | CL_MEM_COPY_HOST_PTR
test passed
test passed
Testing with cl_mem_flags src: CL_MEM_IMMUTABLE_EXT | CL_MEM_COPY_HOST_PTR dst: CL_MEM_IMMUTABLE_EXT | CL_MEM_COPY_HOST_PTR | CL_MEM_ALLOC_HOST_PTR
test passed
test passed
Testing with cl_mem_flags src: CL_MEM_IMMUTABLE_EXT | CL_MEM_COPY_HOST_PTR | CL_MEM_ALLOC_HOST_PTR dst: CL_MEM_ALLOC_HOST_PTR
test passed
test passed
Testing with cl_mem_flags src: CL_MEM_IMMUTABLE_EXT | CL_MEM_COPY_HOST_PTR | CL_MEM_ALLOC_HOST_PTR dst: CL_MEM_ALLOC_HOST_PTR | CL_MEM_COPY_HOST_PTR
test passed
test passed
Testing with cl_mem_flags src: CL_MEM_IMMUTABLE_EXT | CL_MEM_COPY_HOST_PTR | CL_MEM_ALLOC_HOST_PTR dst: CL_MEM_USE_HOST_PTR
test passed
test passed
Testing with cl_mem_flags src: CL_MEM_IMMUTABLE_EXT | CL_MEM_COPY_HOST_PTR | CL_MEM_ALLOC_HOST_PTR dst: CL_MEM_COPY_HOST_PTR
test passed
test passed
Testing with cl_mem_flags src: CL_MEM_IMMUTABLE_EXT | CL_MEM_COPY_HOST_PTR | CL_MEM_ALLOC_HOST_PTR dst: 0
test passed
test passed
Testing with cl_mem_flags src: CL_MEM_IMMUTABLE_EXT | CL_MEM_COPY_HOST_PTR | CL_MEM_ALLOC_HOST_PTR dst: CL_MEM_IMMUTABLE_EXT | CL_MEM_USE_HOST_PTR
test passed
test passed
Testing with cl_mem_flags src: CL_MEM_IMMUTABLE_EXT | CL_MEM_COPY_HOST_PTR | CL_MEM_ALLOC_HOST_PTR dst: CL_MEM_IMMUTABLE_EXT | CL_MEM_COPY_HOST_PTR
test passed
test passed
Testing with cl_mem_flags src: CL_MEM_IMMUTABLE_EXT | CL_MEM_COPY_HOST_PTR | CL_MEM_ALLOC_HOST_PTR dst: CL_MEM_IMMUTABLE_EXT | CL_MEM_COPY_HOST_PTR | CL_MEM_ALLOC_HOST_PTR
test passed
test passed
random partial copy from 8194 to 15379, size: 329: Testing with cl_mem_flags src: CL_MEM_ALLOC_HOST_PTR dst: CL_MEM_ALLOC_HOST_PTR
test passed
test passed
Testing with cl_mem_flags src: CL_MEM_ALLOC_HOST_PTR dst: CL_MEM_ALLOC_HOST_PTR | CL_MEM_COPY_HOST_PTR
test passed
test passed
Testing with cl_mem_flags src: CL_MEM_ALLOC_HOST_PTR dst: CL_MEM_USE_HOST_PTR
test passed
test passed
Testing with cl_mem_flags src: CL_MEM_ALLOC_HOST_PTR dst: CL_MEM_COPY_HOST_PTR
test passed
test passed
Testing with cl_mem_flags src: CL_MEM_ALLOC_HOST_PTR dst: 0
test passed
test passed
Testing with cl_mem_flags src: CL_MEM_ALLOC_HOST_PTR dst: CL_MEM_IMMUTABLE_EXT | CL_MEM_USE_HOST_PTR
test passed
test passed
Testing with cl_mem_flags src: CL_MEM_ALLOC_HOST_PTR dst: CL_MEM_IMMUTABLE_EXT | CL_MEM_COPY_HOST_PTR
test passed
test passed
Testing with cl_mem_flags src: CL_MEM_ALLOC_HOST_PTR dst: CL_MEM_IMMUTABLE_EXT | CL_MEM_COPY_HOST_PTR | CL_MEM_ALLOC_HOST_PTR
test passed
test passed
Testing with cl_mem_flags src: CL_MEM_ALLOC_HOST_PTR | CL_MEM_COPY_HOST_PTR dst: CL_MEM_ALLOC_HOST_PTR
test passed
test passed
Testing with cl_mem_flags src: CL_MEM_ALLOC_HOST_PTR | CL_MEM_COPY_HOST_PTR dst: CL_MEM_ALLOC_HOST_PTR | CL_MEM_COPY_HOST_PTR
test passed
test passed
Testing with cl_mem_flags src: CL_MEM_ALLOC_HOST_PTR | CL_MEM_COPY_HOST_PTR dst: CL_MEM_USE_HOST_PTR
test passed
test passed
Testing with cl_mem_flags src: CL_MEM_ALLOC_HOST_PTR | CL_MEM_COPY_HOST_PTR dst: CL_MEM_COPY_HOST_PTR
test passed
test passed
Testing with cl_mem_flags src: CL_MEM_ALLOC_HOST_PTR | CL_MEM_COPY_HOST_PTR dst: 0
test passed
test passed
Testing with cl_mem_flags src: CL_MEM_ALLOC_HOST_PTR | CL_MEM_COPY_HOST_PTR dst: CL_MEM_IMMUTABLE_EXT | CL_MEM_USE_HOST_PTR
test passed
test passed
Testing with cl_mem_flags src: CL_MEM_ALLOC_HOST_PTR | CL_MEM_COPY_HOST_PTR dst: CL_MEM_IMMUTABLE_EXT | CL_MEM_COPY_HOST_PTR
test passed
test passed
Testing with cl_mem_flags src: CL_MEM_ALLOC_HOST_PTR | CL_MEM_COPY_HOST_PTR dst: CL_MEM_IMMUTABLE_EXT | CL_MEM_COPY_HOST_PTR | CL_MEM_ALLOC_HOST_PTR
test passed
test passed
Testing with cl_mem_flags src: CL_MEM_USE_HOST_PTR dst: CL_MEM_ALLOC_HOST_PTR
test passed
test passed
Testing with cl_mem_flags src: CL_MEM_USE_HOST_PTR dst: CL_MEM_ALLOC_HOST_PTR | CL_MEM_COPY_HOST_PTR
test passed
test passed
Testing with cl_mem_flags src: CL_MEM_USE_HOST_PTR dst: CL_MEM_USE_HOST_PTR
test passed
test passed
Testing with cl_mem_flags src: CL_MEM_USE_HOST_PTR dst: CL_MEM_COPY_HOST_PTR
test passed
test passed
Testing with cl_mem_flags src: CL_MEM_USE_HOST_PTR dst: 0
test passed
test passed
Testing with cl_mem_flags src: CL_MEM_USE_HOST_PTR dst: CL_MEM_IMMUTABLE_EXT | CL_MEM_USE_HOST_PTR
test passed
test passed
Testing with cl_mem_flags src: CL_MEM_USE_HOST_PTR dst: CL_MEM_IMMUTABLE_EXT | CL_MEM_COPY_HOST_PTR
test passed
test passed
Testing with cl_mem_flags src: CL_MEM_USE_HOST_PTR dst: CL_MEM_IMMUTABLE_EXT | CL_MEM_COPY_HOST_PTR | CL_MEM_ALLOC_HOST_PTR
test passed
test passed
Testing with cl_mem_flags src: CL_MEM_COPY_HOST_PTR dst: CL_MEM_ALLOC_HOST_PTR
test passed
test passed
Testing with cl_mem_flags src: CL_MEM_COPY_HOST_PTR dst: CL_MEM_ALLOC_HOST_PTR | CL_MEM_COPY_HOST_PTR
test passed
test passed
Testing with cl_mem_flags src: CL_MEM_COPY_HOST_PTR dst: CL_MEM_USE_HOST_PTR
test passed
test passed
Testing with cl_mem_flags src: CL_MEM_COPY_HOST_PTR dst: CL_MEM_COPY_HOST_PTR
test passed
test passed
Testing with cl_mem_flags src: CL_MEM_COPY_HOST_PTR dst: 0
test passed
test passed
Testing with cl_mem_flags src: CL_MEM_COPY_HOST_PTR dst: CL_MEM_IMMUTABLE_EXT | CL_MEM_USE_HOST_PTR
test passed
test passed
Testing with cl_mem_flags src: CL_MEM_COPY_HOST_PTR dst: CL_MEM_IMMUTABLE_EXT | CL_MEM_COPY_HOST_PTR
test passed
test passed
Testing with cl_mem_flags src: CL_MEM_COPY_HOST_PTR dst: CL_MEM_IMMUTABLE_EXT | CL_MEM_COPY_HOST_PTR | CL_MEM_ALLOC_HOST_PTR
test passed
test passed
Testing with cl_mem_flags src: 0 dst: CL_MEM_ALLOC_HOST_PTR
test passed
test passed
Testing with cl_mem_flags src: 0 dst: CL_MEM_ALLOC_HOST_PTR | CL_MEM_COPY_HOST_PTR
test passed
test passed
Testing with cl_mem_flags src: 0 dst: CL_MEM_USE_HOST_PTR
test passed
test passed
Testing with cl_mem_flags src: 0 dst: CL_MEM_COPY_HOST_PTR
test passed
test passed
Testing with cl_mem_flags src: 0 dst: 0
test passed
test passed
Testing with cl_mem_flags src: 0 dst: CL_MEM_IMMUTABLE_EXT | CL_MEM_USE_HOST_PTR
test passed
test passed
Testing with cl_mem_flags src: 0 dst: CL_MEM_IMMUTABLE_EXT | CL_MEM_COPY_HOST_PTR
test passed
test passed
Testing with cl_mem_flags src: 0 dst: CL_MEM_IMMUTABLE_EXT | CL_MEM_COPY_HOST_PTR | CL_MEM_ALLOC_HOST_PTR
test passed
test passed
Testing with cl_mem_flags src: CL_MEM_IMMUTABLE_EXT | CL_MEM_USE_HOST_PTR dst: CL_MEM_ALLOC_HOST_PTR
test passed
test passed
Testing with cl_mem_flags src: CL_MEM_IMMUTABLE_EXT | CL_MEM_USE_HOST_PTR dst: CL_MEM_ALLOC_HOST_PTR | CL_MEM_COPY_HOST_PTR
test passed
test passed
Testing with cl_mem_flags src: CL_MEM_IMMUTABLE_EXT | CL_MEM_USE_HOST_PTR dst: CL_MEM_USE_HOST_PTR
test passed
test passed
Testing with cl_mem_flags src: CL_MEM_IMMUTABLE_EXT | CL_MEM_USE_HOST_PTR dst: CL_MEM_COPY_HOST_PTR
test passed
test passed
Testing with cl_mem_flags src: CL_MEM_IMMUTABLE_EXT | CL_MEM_USE_HOST_PTR dst: 0
test passed
test passed
Testing with cl_mem_flags src: CL_MEM_IMMUTABLE_EXT | CL_MEM_USE_HOST_PTR dst: CL_MEM_IMMUTABLE_EXT | CL_MEM_USE_HOST_PTR
test passed
test passed
Testing with cl_mem_flags src: CL_MEM_IMMUTABLE_EXT | CL_MEM_USE_HOST_PTR dst: CL_MEM_IMMUTABLE_EXT | CL_MEM_COPY_HOST_PTR
test passed
test passed
Testing with cl_mem_flags src: CL_MEM_IMMUTABLE_EXT | CL_MEM_USE_HOST_PTR dst: CL_MEM_IMMUTABLE_EXT | CL_MEM_COPY_HOST_PTR | CL_MEM_ALLOC_HOST_PTR
test passed
test passed
Testing with cl_mem_flags src: CL_MEM_IMMUTABLE_EXT | CL_MEM_COPY_HOST_PTR dst: CL_MEM_ALLOC_HOST_PTR
test passed
test passed
Testing with cl_mem_flags src: CL_MEM_IMMUTABLE_EXT | CL_MEM_COPY_HOST_PTR dst: CL_MEM_ALLOC_HOST_PTR | CL_MEM_COPY_HOST_PTR
test passed
test passed
Testing with cl_mem_flags src: CL_MEM_IMMUTABLE_EXT | CL_MEM_COPY_HOST_PTR dst: CL_MEM_USE_HOST_PTR
test passed
test passed
Testing with cl_mem_flags src: CL_MEM_IMMUTABLE_EXT | CL_MEM_COPY_HOST_PTR dst: CL_MEM_COPY_HOST_PTR
test passed
test passed
Testing with cl_mem_flags src: CL_MEM_IMMUTABLE_EXT | CL_MEM_COPY_HOST_PTR dst: 0
test passed
test passed
Testing with cl_mem_flags src: CL_MEM_IMMUTABLE_EXT | CL_MEM_COPY_HOST_PTR dst: CL_MEM_IMMUTABLE_EXT | CL_MEM_USE_HOST_PTR
test passed
test passed
Testing with cl_mem_flags src: CL_MEM_IMMUTABLE_EXT | CL_MEM_COPY_HOST_PTR dst: CL_MEM_IMMUTABLE_EXT | CL_MEM_COPY_HOST_PTR
test passed
test passed
Testing with cl_mem_flags src: CL_MEM_IMMUTABLE_EXT | CL_MEM_COPY_HOST_PTR dst: CL_MEM_IMMUTABLE_EXT | CL_MEM_COPY_HOST_PTR | CL_MEM_ALLOC_HOST_PTR
test passed
test passed
Testing with cl_mem_flags src: CL_MEM_IMMUTABLE_EXT | CL_MEM_COPY_HOST_PTR | CL_MEM_ALLOC_HOST_PTR dst: CL_MEM_ALLOC_HOST_PTR
test passed
test passed
Testing with cl_mem_flags src: CL_MEM_IMMUTABLE_EXT | CL_MEM_COPY_HOST_PTR | CL_MEM_ALLOC_HOST_PTR dst: CL_MEM_ALLOC_HOST_PTR | CL_MEM_COPY_HOST_PTR
test passed
test passed
Testing with cl_mem_flags src: CL_MEM_IMMUTABLE_EXT | CL_MEM_COPY_HOST_PTR | CL_MEM_ALLOC_HOST_PTR dst: CL_MEM_USE_HOST_PTR
test passed
test passed
Testing with cl_mem_flags src: CL_MEM_IMMUTABLE_EXT | CL_MEM_COPY_HOST_PTR | CL_MEM_ALLOC_HOST_PTR dst: CL_MEM_COPY_HOST_PTR
test passed
test passed
Testing with cl_mem_flags src: CL_MEM_IMMUTABLE_EXT | CL_MEM_COPY_HOST_PTR | CL_MEM_ALLOC_HOST_PTR dst: 0
test passed
test passed
Testing with cl_mem_flags src: CL_MEM_IMMUTABLE_EXT | CL_MEM_COPY_HOST_PTR | CL_MEM_ALLOC_HOST_PTR dst: CL_MEM_IMMUTABLE_EXT | CL_MEM_USE_HOST_PTR
test passed
test passed
Testing with cl_mem_flags src: CL_MEM_IMMUTABLE_EXT | CL_MEM_COPY_HOST_PTR | CL_MEM_ALLOC_HOST_PTR dst: CL_MEM_IMMUTABLE_EXT | CL_MEM_COPY_HOST_PTR
test passed
test passed
Testing with cl_mem_flags src: CL_MEM_IMMUTABLE_EXT | CL_MEM_COPY_HOST_PTR | CL_MEM_ALLOC_HOST_PTR dst: CL_MEM_IMMUTABLE_EXT | CL_MEM_COPY_HOST_PTR | CL_MEM_ALLOC_HOST_PTR
test passed
test passed
random partial copy from 9202 to 7569, size: 2780: Testing with cl_mem_flags src: CL_MEM_ALLOC_HOST_PTR dst: CL_MEM_ALLOC_HOST_PTR
test passed
test passed
Testing with cl_mem_flags src: CL_MEM_ALLOC_HOST_PTR dst: CL_MEM_ALLOC_HOST_PTR | CL_MEM_COPY_HOST_PTR
test passed
test passed
Testing with cl_mem_flags src: CL_MEM_ALLOC_HOST_PTR dst: CL_MEM_USE_HOST_PTR
test passed
test passed
Testing with cl_mem_flags src: CL_MEM_ALLOC_HOST_PTR dst: CL_MEM_COPY_HOST_PTR
test passed
test passed
Testing with cl_mem_flags src: CL_MEM_ALLOC_HOST_PTR dst: 0
test passed
test passed
Testing with cl_mem_flags src: CL_MEM_ALLOC_HOST_PTR dst: CL_MEM_IMMUTABLE_EXT | CL_MEM_USE_HOST_PTR
test passed
test passed
Testing with cl_mem_flags src: CL_MEM_ALLOC_HOST_PTR dst: CL_MEM_IMMUTABLE_EXT | CL_MEM_COPY_HOST_PTR
test passed
test passed
Testing with cl_mem_flags src: CL_MEM_ALLOC_HOST_PTR dst: CL_MEM_IMMUTABLE_EXT | CL_MEM_COPY_HOST_PTR | CL_MEM_ALLOC_HOST_PTR
test passed
test passed
Testing with cl_mem_flags src: CL_MEM_ALLOC_HOST_PTR | CL_MEM_COPY_HOST_PTR dst: CL_MEM_ALLOC_HOST_PTR
test passed
test passed
Testing with cl_mem_flags src: CL_MEM_ALLOC_HOST_PTR | CL_MEM_COPY_HOST_PTR dst: CL_MEM_ALLOC_HOST_PTR | CL_MEM_COPY_HOST_PTR
test passed
test passed
Testing with cl_mem_flags src: CL_MEM_ALLOC_HOST_PTR | CL_MEM_COPY_HOST_PTR dst: CL_MEM_USE_HOST_PTR
test passed
test passed
Testing with cl_mem_flags src: CL_MEM_ALLOC_HOST_PTR | CL_MEM_COPY_HOST_PTR dst: CL_MEM_COPY_HOST_PTR
test passed
test passed
Testing with cl_mem_flags src: CL_MEM_ALLOC_HOST_PTR | CL_MEM_COPY_HOST_PTR dst: 0
test passed
test passed
Testing with cl_mem_flags src: CL_MEM_ALLOC_HOST_PTR | CL_MEM_COPY_HOST_PTR dst: CL_MEM_IMMUTABLE_EXT | CL_MEM_USE_HOST_PTR
test passed
test passed
Testing with cl_mem_flags src: CL_MEM_ALLOC_HOST_PTR | CL_MEM_COPY_HOST_PTR dst: CL_MEM_IMMUTABLE_EXT | CL_MEM_COPY_HOST_PTR
test passed
test passed
Testing with cl_mem_flags src: CL_MEM_ALLOC_HOST_PTR | CL_MEM_COPY_HOST_PTR dst: CL_MEM_IMMUTABLE_EXT | CL_MEM_COPY_HOST_PTR | CL_MEM_ALLOC_HOST_PTR
test passed
test passed
Testing with cl_mem_flags src: CL_MEM_USE_HOST_PTR dst: CL_MEM_ALLOC_HOST_PTR
test passed
test passed
Testing with cl_mem_flags src: CL_MEM_USE_HOST_PTR dst: CL_MEM_ALLOC_HOST_PTR | CL_MEM_COPY_HOST_PTR
test passed
test passed
Testing with cl_mem_flags src: CL_MEM_USE_HOST_PTR dst: CL_MEM_USE_HOST_PTR
test passed
test passed
Testing with cl_mem_flags src: CL_MEM_USE_HOST_PTR dst: CL_MEM_COPY_HOST_PTR
test passed
test passed
Testing with cl_mem_flags src: CL_MEM_USE_HOST_PTR dst: 0
test passed
test passed
Testing with cl_mem_flags src: CL_MEM_USE_HOST_PTR dst: CL_MEM_IMMUTABLE_EXT | CL_MEM_USE_HOST_PTR
test passed
test passed
Testing with cl_mem_flags src: CL_MEM_USE_HOST_PTR dst: CL_MEM_IMMUTABLE_EXT | CL_MEM_COPY_HOST_PTR
test passed
test passed
Testing with cl_mem_flags src: CL_MEM_USE_HOST_PTR dst: CL_MEM_IMMUTABLE_EXT | CL_MEM_COPY_HOST_PTR | CL_MEM_ALLOC_HOST_PTR
test passed
test passed
Testing with cl_mem_flags src: CL_MEM_COPY_HOST_PTR dst: CL_MEM_ALLOC_HOST_PTR
test passed
test passed
Testing with cl_mem_flags src: CL_MEM_COPY_HOST_PTR dst: CL_MEM_ALLOC_HOST_PTR | CL_MEM_COPY_HOST_PTR
test passed
test passed
Testing with cl_mem_flags src: CL_MEM_COPY_HOST_PTR dst: CL_MEM_USE_HOST_PTR
test passed
test passed
Testing with cl_mem_flags src: CL_MEM_COPY_HOST_PTR dst: CL_MEM_COPY_HOST_PTR
test passed
test passed
Testing with cl_mem_flags src: CL_MEM_COPY_HOST_PTR dst: 0
test passed
test passed
Testing with cl_mem_flags src: CL_MEM_COPY_HOST_PTR dst: CL_MEM_IMMUTABLE_EXT | CL_MEM_USE_HOST_PTR
test passed
test passed
Testing with cl_mem_flags src: CL_MEM_COPY_HOST_PTR dst: CL_MEM_IMMUTABLE_EXT | CL_MEM_COPY_HOST_PTR
test passed
test passed
Testing with cl_mem_flags src: CL_MEM_COPY_HOST_PTR dst: CL_MEM_IMMUTABLE_EXT | CL_MEM_COPY_HOST_PTR | CL_MEM_ALLOC_HOST_PTR
test passed
test passed
Testing with cl_mem_flags src: 0 dst: CL_MEM_ALLOC_HOST_PTR
test passed
test passed
Testing with cl_mem_flags src: 0 dst: CL_MEM_ALLOC_HOST_PTR | CL_MEM_COPY_HOST_PTR
test passed
test passed
Testing with cl_mem_flags src: 0 dst: CL_MEM_USE_HOST_PTR
test passed
test passed
Testing with cl_mem_flags src: 0 dst: CL_MEM_COPY_HOST_PTR
test passed
test passed
Testing with cl_mem_flags src: 0 dst: 0
test passed
test passed
Testing with cl_mem_flags src: 0 dst: CL_MEM_IMMUTABLE_EXT | CL_MEM_USE_HOST_PTR
test passed
test passed
Testing with cl_mem_flags src: 0 dst: CL_MEM_IMMUTABLE_EXT | CL_MEM_COPY_HOST_PTR
test passed
test passed
Testing with cl_mem_flags src: 0 dst: CL_MEM_IMMUTABLE_EXT | CL_MEM_COPY_HOST_PTR | CL_MEM_ALLOC_HOST_PTR
test passed
test passed
Testing with cl_mem_flags src: CL_MEM_IMMUTABLE_EXT | CL_MEM_USE_HOST_PTR dst: CL_MEM_ALLOC_HOST_PTR
test passed
test passed
Testing with cl_mem_flags src: CL_MEM_IMMUTABLE_EXT | CL_MEM_USE_HOST_PTR dst: CL_MEM_ALLOC_HOST_PTR | CL_MEM_COPY_HOST_PTR
test passed
test passed
Testing with cl_mem_flags src: CL_MEM_IMMUTABLE_EXT | CL_MEM_USE_HOST_PTR dst: CL_MEM_USE_HOST_PTR
test passed
test passed
Testing with cl_mem_flags src: CL_MEM_IMMUTABLE_EXT | CL_MEM_USE_HOST_PTR dst: CL_MEM_COPY_HOST_PTR
test passed
test passed
Testing with cl_mem_flags src: CL_MEM_IMMUTABLE_EXT | CL_MEM_USE_HOST_PTR dst: 0
test passed
test passed
Testing with cl_mem_flags src: CL_MEM_IMMUTABLE_EXT | CL_MEM_USE_HOST_PTR dst: CL_MEM_IMMUTABLE_EXT | CL_MEM_USE_HOST_PTR
test passed
test passed
Testing with cl_mem_flags src: CL_MEM_IMMUTABLE_EXT | CL_MEM_USE_HOST_PTR dst: CL_MEM_IMMUTABLE_EXT | CL_MEM_COPY_HOST_PTR
test passed
test passed
Testing with cl_mem_flags src: CL_MEM_IMMUTABLE_EXT | CL_MEM_USE_HOST_PTR dst: CL_MEM_IMMUTABLE_EXT | CL_MEM_COPY_HOST_PTR | CL_MEM_ALLOC_HOST_PTR
test passed
test passed
Testing with cl_mem_flags src: CL_MEM_IMMUTABLE_EXT | CL_MEM_COPY_HOST_PTR dst: CL_MEM_ALLOC_HOST_PTR
test passed
test passed
Testing with cl_mem_flags src: CL_MEM_IMMUTABLE_EXT | CL_MEM_COPY_HOST_PTR dst: CL_MEM_ALLOC_HOST_PTR | CL_MEM_COPY_HOST_PTR
test passed
test passed
Testing with cl_mem_flags src: CL_MEM_IMMUTABLE_EXT | CL_MEM_COPY_HOST_PTR dst: CL_MEM_USE_HOST_PTR
test passed
test passed
Testing with cl_mem_flags src: CL_MEM_IMMUTABLE_EXT | CL_MEM_COPY_HOST_PTR dst: CL_MEM_COPY_HOST_PTR
test passed
test passed
Testing with cl_mem_flags src: CL_MEM_IMMUTABLE_EXT | CL_MEM_COPY_HOST_PTR dst: 0
test passed
test passed
Testing with cl_mem_flags src: CL_MEM_IMMUTABLE_EXT | CL_MEM_COPY_HOST_PTR dst: CL_MEM_IMMUTABLE_EXT | CL_MEM_USE_HOST_PTR
test passed
test passed
Testing with cl_mem_flags src: CL_MEM_IMMUTABLE_EXT | CL_MEM_COPY_HOST_PTR dst: CL_MEM_IMMUTABLE_EXT | CL_MEM_COPY_HOST_PTR
test passed
test passed
Testing with cl_mem_flags src: CL_MEM_IMMUTABLE_EXT | CL_MEM_COPY_HOST_PTR dst: CL_MEM_IMMUTABLE_EXT | CL_MEM_COPY_HOST_PTR | CL_MEM_ALLOC_HOST_PTR
test passed
test passed
Testing with cl_mem_flags src: CL_MEM_IMMUTABLE_EXT | CL_MEM_COPY_HOST_PTR | CL_MEM_ALLOC_HOST_PTR dst: CL_MEM_ALLOC_HOST_PTR
test passed
test passed
Testing with cl_mem_flags src: CL_MEM_IMMUTABLE_EXT | CL_MEM_COPY_HOST_PTR | CL_MEM_ALLOC_HOST_PTR dst: CL_MEM_ALLOC_HOST_PTR | CL_MEM_COPY_HOST_PTR
test passed
test passed
Testing with cl_mem_flags src: CL_MEM_IMMUTABLE_EXT | CL_MEM_COPY_HOST_PTR | CL_MEM_ALLOC_HOST_PTR dst: CL_MEM_USE_HOST_PTR
test passed
test passed
Testing with cl_mem_flags src: CL_MEM_IMMUTABLE_EXT | CL_MEM_COPY_HOST_PTR | CL_MEM_ALLOC_HOST_PTR dst: CL_MEM_COPY_HOST_PTR
test passed
test passed
Testing with cl_mem_flags src: CL_MEM_IMMUTABLE_EXT | CL_MEM_COPY_HOST_PTR | CL_MEM_ALLOC_HOST_PTR dst: 0
test passed
test passed
Testing with cl_mem_flags src: CL_MEM_IMMUTABLE_EXT | CL_MEM_COPY_HOST_PTR | CL_MEM_ALLOC_HOST_PTR dst: CL_MEM_IMMUTABLE_EXT | CL_MEM_USE_HOST_PTR
test passed
test passed
Testing with cl_mem_flags src: CL_MEM_IMMUTABLE_EXT | CL_MEM_COPY_HOST_PTR | CL_MEM_ALLOC_HOST_PTR dst: CL_MEM_IMMUTABLE_EXT | CL_MEM_COPY_HOST_PTR
test passed
test passed
Testing with cl_mem_flags src: CL_MEM_IMMUTABLE_EXT | CL_MEM_COPY_HOST_PTR | CL_MEM_ALLOC_HOST_PTR dst: CL_MEM_IMMUTABLE_EXT | CL_MEM_COPY_HOST_PTR | CL_MEM_ALLOC_HOST_PTR
test passed
test passed
random partial copy from 5044 to 302, size: 10197: Testing with cl_mem_flags src: CL_MEM_ALLOC_HOST_PTR dst: CL_MEM_ALLOC_HOST_PTR
test passed
test passed
Testing with cl_mem_flags src: CL_MEM_ALLOC_HOST_PTR dst: CL_MEM_ALLOC_HOST_PTR | CL_MEM_COPY_HOST_PTR
test passed
test passed
Testing with cl_mem_flags src: CL_MEM_ALLOC_HOST_PTR dst: CL_MEM_USE_HOST_PTR
test passed
test passed
Testing with cl_mem_flags src: CL_MEM_ALLOC_HOST_PTR dst: CL_MEM_COPY_HOST_PTR
test passed
test passed
Testing with cl_mem_flags src: CL_MEM_ALLOC_HOST_PTR dst: 0
test passed
test passed
Testing with cl_mem_flags src: CL_MEM_ALLOC_HOST_PTR dst: CL_MEM_IMMUTABLE_EXT | CL_MEM_USE_HOST_PTR
test passed
test passed
Testing with cl_mem_flags src: CL_MEM_ALLOC_HOST_PTR dst: CL_MEM_IMMUTABLE_EXT | CL_MEM_COPY_HOST_PTR
test passed
test passed
Testing with cl_mem_flags src: CL_MEM_ALLOC_HOST_PTR dst: CL_MEM_IMMUTABLE_EXT | CL_MEM_COPY_HOST_PTR | CL_MEM_ALLOC_HOST_PTR
test passed
test passed
Testing with cl_mem_flags src: CL_MEM_ALLOC_HOST_PTR | CL_MEM_COPY_HOST_PTR dst: CL_MEM_ALLOC_HOST_PTR
test passed
test passed
Testing with cl_mem_flags src: CL_MEM_ALLOC_HOST_PTR | CL_MEM_COPY_HOST_PTR dst: CL_MEM_ALLOC_HOST_PTR | CL_MEM_COPY_HOST_PTR
test passed
test passed
Testing with cl_mem_flags src: CL_MEM_ALLOC_HOST_PTR | CL_MEM_COPY_HOST_PTR dst: CL_MEM_USE_HOST_PTR
test passed
test passed
Testing with cl_mem_flags src: CL_MEM_ALLOC_HOST_PTR | CL_MEM_COPY_HOST_PTR dst: CL_MEM_COPY_HOST_PTR
test passed
test passed
Testing with cl_mem_flags src: CL_MEM_ALLOC_HOST_PTR | CL_MEM_COPY_HOST_PTR dst: 0
test passed
test passed
Testing with cl_mem_flags src: CL_MEM_ALLOC_HOST_PTR | CL_MEM_COPY_HOST_PTR dst: CL_MEM_IMMUTABLE_EXT | CL_MEM_USE_HOST_PTR
test passed
test passed
Testing with cl_mem_flags src: CL_MEM_ALLOC_HOST_PTR | CL_MEM_COPY_HOST_PTR dst: CL_MEM_IMMUTABLE_EXT | CL_MEM_COPY_HOST_PTR
test passed
test passed
Testing with cl_mem_flags src: CL_MEM_ALLOC_HOST_PTR | CL_MEM_COPY_HOST_PTR dst: CL_MEM_IMMUTABLE_EXT | CL_MEM_COPY_HOST_PTR | CL_MEM_ALLOC_HOST_PTR
test passed
test passed
Testing with cl_mem_flags src: CL_MEM_USE_HOST_PTR dst: CL_MEM_ALLOC_HOST_PTR
test passed
test passed
Testing with cl_mem_flags src: CL_MEM_USE_HOST_PTR dst: CL_MEM_ALLOC_HOST_PTR | CL_MEM_COPY_HOST_PTR
test passed
test passed
Testing with cl_mem_flags src: CL_MEM_USE_HOST_PTR dst: CL_MEM_USE_HOST_PTR
test passed
test passed
Testing with cl_mem_flags src: CL_MEM_USE_HOST_PTR dst: CL_MEM_COPY_HOST_PTR
test passed
test passed
Testing with cl_mem_flags src: CL_MEM_USE_HOST_PTR dst: 0
test passed
test passed
Testing with cl_mem_flags src: CL_MEM_USE_HOST_PTR dst: CL_MEM_IMMUTABLE_EXT | CL_MEM_USE_HOST_PTR
test passed
test passed
Testing with cl_mem_flags src: CL_MEM_USE_HOST_PTR dst: CL_MEM_IMMUTABLE_EXT | CL_MEM_COPY_HOST_PTR
test passed
test passed
Testing with cl_mem_flags src: CL_MEM_USE_HOST_PTR dst: CL_MEM_IMMUTABLE_EXT | CL_MEM_COPY_HOST_PTR | CL_MEM_ALLOC_HOST_PTR
test passed
test passed
Testing with cl_mem_flags src: CL_MEM_COPY_HOST_PTR dst: CL_MEM_ALLOC_HOST_PTR
test passed
test passed
Testing with cl_mem_flags src: CL_MEM_COPY_HOST_PTR dst: CL_MEM_ALLOC_HOST_PTR | CL_MEM_COPY_HOST_PTR
test passed
test passed
Testing with cl_mem_flags src: CL_MEM_COPY_HOST_PTR dst: CL_MEM_USE_HOST_PTR
test passed
test passed
Testing with cl_mem_flags src: CL_MEM_COPY_HOST_PTR dst: CL_MEM_COPY_HOST_PTR
test passed
test passed
Testing with cl_mem_flags src: CL_MEM_COPY_HOST_PTR dst: 0
test passed
test passed
Testing with cl_mem_flags src: CL_MEM_COPY_HOST_PTR dst: CL_MEM_IMMUTABLE_EXT | CL_MEM_USE_HOST_PTR
test passed
test passed
Testing with cl_mem_flags src: CL_MEM_COPY_HOST_PTR dst: CL_MEM_IMMUTABLE_EXT | CL_MEM_COPY_HOST_PTR
test passed
test passed
Testing with cl_mem_flags src: CL_MEM_COPY_HOST_PTR dst: CL_MEM_IMMUTABLE_EXT | CL_MEM_COPY_HOST_PTR | CL_MEM_ALLOC_HOST_PTR
test passed
test passed
Testing with cl_mem_flags src: 0 dst: CL_MEM_ALLOC_HOST_PTR
test passed
test passed
Testing with cl_mem_flags src: 0 dst: CL_MEM_ALLOC_HOST_PTR | CL_MEM_COPY_HOST_PTR
test passed
test passed
Testing with cl_mem_flags src: 0 dst: CL_MEM_USE_HOST_PTR
test passed
test passed
Testing with cl_mem_flags src: 0 dst: CL_MEM_COPY_HOST_PTR
test passed
test passed
Testing with cl_mem_flags src: 0 dst: 0
test passed
test passed
Testing with cl_mem_flags src: 0 dst: CL_MEM_IMMUTABLE_EXT | CL_MEM_USE_HOST_PTR
test passed
test passed
Testing with cl_mem_flags src: 0 dst: CL_MEM_IMMUTABLE_EXT | CL_MEM_COPY_HOST_PTR
test passed
test passed
Testing with cl_mem_flags src: 0 dst: CL_MEM_IMMUTABLE_EXT | CL_MEM_COPY_HOST_PTR | CL_MEM_ALLOC_HOST_PTR
test passed
test passed
Testing with cl_mem_flags src: CL_MEM_IMMUTABLE_EXT | CL_MEM_USE_HOST_PTR dst: CL_MEM_ALLOC_HOST_PTR
test passed
test passed
Testing with cl_mem_flags src: CL_MEM_IMMUTABLE_EXT | CL_MEM_USE_HOST_PTR dst: CL_MEM_ALLOC_HOST_PTR | CL_MEM_COPY_HOST_PTR
test passed
test passed
Testing with cl_mem_flags src: CL_MEM_IMMUTABLE_EXT | CL_MEM_USE_HOST_PTR dst: CL_MEM_USE_HOST_PTR
test passed
test passed
Testing with cl_mem_flags src: CL_MEM_IMMUTABLE_EXT | CL_MEM_USE_HOST_PTR dst: CL_MEM_COPY_HOST_PTR
test passed
test passed
Testing with cl_mem_flags src: CL_MEM_IMMUTABLE_EXT | CL_MEM_USE_HOST_PTR dst: 0
test passed
test passed
Testing with cl_mem_flags src: CL_MEM_IMMUTABLE_EXT | CL_MEM_USE_HOST_PTR dst: CL_MEM_IMMUTABLE_EXT | CL_MEM_USE_HOST_PTR
test passed
test passed
Testing with cl_mem_flags src: CL_MEM_IMMUTABLE_EXT | CL_MEM_USE_HOST_PTR dst: CL_MEM_IMMUTABLE_EXT | CL_MEM_COPY_HOST_PTR
test passed
test passed
Testing with cl_mem_flags src: CL_MEM_IMMUTABLE_EXT | CL_MEM_USE_HOST_PTR dst: CL_MEM_IMMUTABLE_EXT | CL_MEM_COPY_HOST_PTR | CL_MEM_ALLOC_HOST_PTR
test passed
test passed
Testing with cl_mem_flags src: CL_MEM_IMMUTABLE_EXT | CL_MEM_COPY_HOST_PTR dst: CL_MEM_ALLOC_HOST_PTR
test passed
test passed
Testing with cl_mem_flags src: CL_MEM_IMMUTABLE_EXT | CL_MEM_COPY_HOST_PTR dst: CL_MEM_ALLOC_HOST_PTR | CL_MEM_COPY_HOST_PTR
test passed
test passed
Testing with cl_mem_flags src: CL_MEM_IMMUTABLE_EXT | CL_MEM_COPY_HOST_PTR dst: CL_MEM_USE_HOST_PTR
test passed
test passed
Testing with cl_mem_flags src: CL_MEM_IMMUTABLE_EXT | CL_MEM_COPY_HOST_PTR dst: CL_MEM_COPY_HOST_PTR
test passed
test passed
Testing with cl_mem_flags src: CL_MEM_IMMUTABLE_EXT | CL_MEM_COPY_HOST_PTR dst: 0
test passed
test passed
Testing with cl_mem_flags src: CL_MEM_IMMUTABLE_EXT | CL_MEM_COPY_HOST_PTR dst: CL_MEM_IMMUTABLE_EXT | CL_MEM_USE_HOST_PTR
test passed
test passed
Testing with cl_mem_flags src: CL_MEM_IMMUTABLE_EXT | CL_MEM_COPY_HOST_PTR dst: CL_MEM_IMMUTABLE_EXT | CL_MEM_COPY_HOST_PTR
test passed
test passed
Testing with cl_mem_flags src: CL_MEM_IMMUTABLE_EXT | CL_MEM_COPY_HOST_PTR dst: CL_MEM_IMMUTABLE_EXT | CL_MEM_COPY_HOST_PTR | CL_MEM_ALLOC_HOST_PTR
test passed
test passed
Testing with cl_mem_flags src: CL_MEM_IMMUTABLE_EXT | CL_MEM_COPY_HOST_PTR | CL_MEM_ALLOC_HOST_PTR dst: CL_MEM_ALLOC_HOST_PTR
test passed
test passed
Testing with cl_mem_flags src: CL_MEM_IMMUTABLE_EXT | CL_MEM_COPY_HOST_PTR | CL_MEM_ALLOC_HOST_PTR dst: CL_MEM_ALLOC_HOST_PTR | CL_MEM_COPY_HOST_PTR
test passed
test passed
Testing with cl_mem_flags src: CL_MEM_IMMUTABLE_EXT | CL_MEM_COPY_HOST_PTR | CL_MEM_ALLOC_HOST_PTR dst: CL_MEM_USE_HOST_PTR
test passed
test passed
Testing with cl_mem_flags src: CL_MEM_IMMUTABLE_EXT | CL_MEM_COPY_HOST_PTR | CL_MEM_ALLOC_HOST_PTR dst: CL_MEM_COPY_HOST_PTR
test passed
test passed
Testing with cl_mem_flags src: CL_MEM_IMMUTABLE_EXT | CL_MEM_COPY_HOST_PTR | CL_MEM_ALLOC_HOST_PTR dst: 0
test passed
test passed
Testing with cl_mem_flags src: CL_MEM_IMMUTABLE_EXT | CL_MEM_COPY_HOST_PTR | CL_MEM_ALLOC_HOST_PTR dst: CL_MEM_IMMUTABLE_EXT | CL_MEM_USE_HOST_PTR
test passed
test passed
Testing with cl_mem_flags src: CL_MEM_IMMUTABLE_EXT | CL_MEM_COPY_HOST_PTR | CL_MEM_ALLOC_HOST_PTR dst: CL_MEM_IMMUTABLE_EXT | CL_MEM_COPY_HOST_PTR
test passed
test passed
Testing with cl_mem_flags src: CL_MEM_IMMUTABLE_EXT | CL_MEM_COPY_HOST_PTR | CL_MEM_ALLOC_HOST_PTR dst: CL_MEM_IMMUTABLE_EXT | CL_MEM_COPY_HOST_PTR | CL_MEM_ALLOC_HOST_PTR
test passed
test passed
random partial copy from 3324 to 5736, size: 5775: Testing with cl_mem_flags src: CL_MEM_ALLOC_HOST_PTR dst: CL_MEM_ALLOC_HOST_PTR
test passed
test passed
Testing with cl_mem_flags src: CL_MEM_ALLOC_HOST_PTR dst: CL_MEM_ALLOC_HOST_PTR | CL_MEM_COPY_HOST_PTR
test passed
test passed
Testing with cl_mem_flags src: CL_MEM_ALLOC_HOST_PTR dst: CL_MEM_USE_HOST_PTR
test passed
test passed
Testing with cl_mem_flags src: CL_MEM_ALLOC_HOST_PTR dst: CL_MEM_COPY_HOST_PTR
test passed
test passed
Testing with cl_mem_flags src: CL_MEM_ALLOC_HOST_PTR dst: 0
test passed
test passed
Testing with cl_mem_flags src: CL_MEM_ALLOC_HOST_PTR dst: CL_MEM_IMMUTABLE_EXT | CL_MEM_USE_HOST_PTR
test passed
test passed
Testing with cl_mem_flags src: CL_MEM_ALLOC_HOST_PTR dst: CL_MEM_IMMUTABLE_EXT | CL_MEM_COPY_HOST_PTR
test passed
test passed
Testing with cl_mem_flags src: CL_MEM_ALLOC_HOST_PTR dst: CL_MEM_IMMUTABLE_EXT | CL_MEM_COPY_HOST_PTR | CL_MEM_ALLOC_HOST_PTR
test passed
test passed
Testing with cl_mem_flags src: CL_MEM_ALLOC_HOST_PTR | CL_MEM_COPY_HOST_PTR dst: CL_MEM_ALLOC_HOST_PTR
test passed
test passed
Testing with cl_mem_flags src: CL_MEM_ALLOC_HOST_PTR | CL_MEM_COPY_HOST_PTR dst: CL_MEM_ALLOC_HOST_PTR | CL_MEM_COPY_HOST_PTR
test passed
test passed
Testing with cl_mem_flags src: CL_MEM_ALLOC_HOST_PTR | CL_MEM_COPY_HOST_PTR dst: CL_MEM_USE_HOST_PTR
test passed
test passed
Testing with cl_mem_flags src: CL_MEM_ALLOC_HOST_PTR | CL_MEM_COPY_HOST_PTR dst: CL_MEM_COPY_HOST_PTR
test passed
test passed
Testing with cl_mem_flags src: CL_MEM_ALLOC_HOST_PTR | CL_MEM_COPY_HOST_PTR dst: 0
test passed
test passed
Testing with cl_mem_flags src: CL_MEM_ALLOC_HOST_PTR | CL_MEM_COPY_HOST_PTR dst: CL_MEM_IMMUTABLE_EXT | CL_MEM_USE_HOST_PTR
test passed
test passed
Testing with cl_mem_flags src: CL_MEM_ALLOC_HOST_PTR | CL_MEM_COPY_HOST_PTR dst: CL_MEM_IMMUTABLE_EXT | CL_MEM_COPY_HOST_PTR
test passed
test passed
Testing with cl_mem_flags src: CL_MEM_ALLOC_HOST_PTR | CL_MEM_COPY_HOST_PTR dst: CL_MEM_IMMUTABLE_EXT | CL_MEM_COPY_HOST_PTR | CL_MEM_ALLOC_HOST_PTR
test passed
test passed
Testing with cl_mem_flags src: CL_MEM_USE_HOST_PTR dst: CL_MEM_ALLOC_HOST_PTR
test passed
test passed
Testing with cl_mem_flags src: CL_MEM_USE_HOST_PTR dst: CL_MEM_ALLOC_HOST_PTR | CL_MEM_COPY_HOST_PTR
test passed
test passed
Testing with cl_mem_flags src: CL_MEM_USE_HOST_PTR dst: CL_MEM_USE_HOST_PTR
test passed
test passed
Testing with cl_mem_flags src: CL_MEM_USE_HOST_PTR dst: CL_MEM_COPY_HOST_PTR
test passed
test passed
Testing with cl_mem_flags src: CL_MEM_USE_HOST_PTR dst: 0
test passed
test passed
Testing with cl_mem_flags src: CL_MEM_USE_HOST_PTR dst: CL_MEM_IMMUTABLE_EXT | CL_MEM_USE_HOST_PTR
test passed
test passed
Testing with cl_mem_flags src: CL_MEM_USE_HOST_PTR dst: CL_MEM_IMMUTABLE_EXT | CL_MEM_COPY_HOST_PTR
test passed
test passed
Testing with cl_mem_flags src: CL_MEM_USE_HOST_PTR dst: CL_MEM_IMMUTABLE_EXT | CL_MEM_COPY_HOST_PTR | CL_MEM_ALLOC_HOST_PTR
test passed
test passed
Testing with cl_mem_flags src: CL_MEM_COPY_HOST_PTR dst: CL_MEM_ALLOC_HOST_PTR
test passed
test passed
Testing with cl_mem_flags src: CL_MEM_COPY_HOST_PTR dst: CL_MEM_ALLOC_HOST_PTR | CL_MEM_COPY_HOST_PTR
test passed
test passed
Testing with cl_mem_flags src: CL_MEM_COPY_HOST_PTR dst: CL_MEM_USE_HOST_PTR
test passed
test passed
Testing with cl_mem_flags src: CL_MEM_COPY_HOST_PTR dst: CL_MEM_COPY_HOST_PTR
test passed
test passed
Testing with cl_mem_flags src: CL_MEM_COPY_HOST_PTR dst: 0
test passed
test passed
Testing with cl_mem_flags src: CL_MEM_COPY_HOST_PTR dst: CL_MEM_IMMUTABLE_EXT | CL_MEM_USE_HOST_PTR
test passed
test passed
Testing with cl_mem_flags src: CL_MEM_COPY_HOST_PTR dst: CL_MEM_IMMUTABLE_EXT | CL_MEM_COPY_HOST_PTR
test passed
test passed
Testing with cl_mem_flags src: CL_MEM_COPY_HOST_PTR dst: CL_MEM_IMMUTABLE_EXT | CL_MEM_COPY_HOST_PTR | CL_MEM_ALLOC_HOST_PTR
test passed
test passed
Testing with cl_mem_flags src: 0 dst: CL_MEM_ALLOC_HOST_PTR
test passed
test passed
Testing with cl_mem_flags src: 0 dst: CL_MEM_ALLOC_HOST_PTR | CL_MEM_COPY_HOST_PTR
test passed
test passed
Testing with cl_mem_flags src: 0 dst: CL_MEM_USE_HOST_PTR
test passed
test passed
Testing with cl_mem_flags src: 0 dst: CL_MEM_COPY_HOST_PTR
test passed
test passed
Testing with cl_mem_flags src: 0 dst: 0
test passed
test passed
Testing with cl_mem_flags src: 0 dst: CL_MEM_IMMUTABLE_EXT | CL_MEM_USE_HOST_PTR
test passed
test passed
Testing with cl_mem_flags src: 0 dst: CL_MEM_IMMUTABLE_EXT | CL_MEM_COPY_HOST_PTR
test passed
test passed
Testing with cl_mem_flags src: 0 dst: CL_MEM_IMMUTABLE_EXT | CL_MEM_COPY_HOST_PTR | CL_MEM_ALLOC_HOST_PTR
test passed
test passed
Testing with cl_mem_flags src: CL_MEM_IMMUTABLE_EXT | CL_MEM_USE_HOST_PTR dst: CL_MEM_ALLOC_HOST_PTR
test passed
test passed
Testing with cl_mem_flags src: CL_MEM_IMMUTABLE_EXT | CL_MEM_USE_HOST_PTR dst: CL_MEM_ALLOC_HOST_PTR | CL_MEM_COPY_HOST_PTR
test passed
test passed
Testing with cl_mem_flags src: CL_MEM_IMMUTABLE_EXT | CL_MEM_USE_HOST_PTR dst: CL_MEM_USE_HOST_PTR
test passed
test passed
Testing with cl_mem_flags src: CL_MEM_IMMUTABLE_EXT | CL_MEM_USE_HOST_PTR dst: CL_MEM_COPY_HOST_PTR
test passed
test passed
Testing with cl_mem_flags src: CL_MEM_IMMUTABLE_EXT | CL_MEM_USE_HOST_PTR dst: 0
test passed
test passed
Testing with cl_mem_flags src: CL_MEM_IMMUTABLE_EXT | CL_MEM_USE_HOST_PTR dst: CL_MEM_IMMUTABLE_EXT | CL_MEM_USE_HOST_PTR
test passed
test passed
Testing with cl_mem_flags src: CL_MEM_IMMUTABLE_EXT | CL_MEM_USE_HOST_PTR dst: CL_MEM_IMMUTABLE_EXT | CL_MEM_COPY_HOST_PTR
test passed
test passed
Testing with cl_mem_flags src: CL_MEM_IMMUTABLE_EXT | CL_MEM_USE_HOST_PTR dst: CL_MEM_IMMUTABLE_EXT | CL_MEM_COPY_HOST_PTR | CL_MEM_ALLOC_HOST_PTR
test passed
test passed
Testing with cl_mem_flags src: CL_MEM_IMMUTABLE_EXT | CL_MEM_COPY_HOST_PTR dst: CL_MEM_ALLOC_HOST_PTR
test passed
test passed
Testing with cl_mem_flags src: CL_MEM_IMMUTABLE_EXT | CL_MEM_COPY_HOST_PTR dst: CL_MEM_ALLOC_HOST_PTR | CL_MEM_COPY_HOST_PTR
test passed
test passed
Testing with cl_mem_flags src: CL_MEM_IMMUTABLE_EXT | CL_MEM_COPY_HOST_PTR dst: CL_MEM_USE_HOST_PTR
test passed
test passed
Testing with cl_mem_flags src: CL_MEM_IMMUTABLE_EXT | CL_MEM_COPY_HOST_PTR dst: CL_MEM_COPY_HOST_PTR
test passed
test passed
Testing with cl_mem_flags src: CL_MEM_IMMUTABLE_EXT | CL_MEM_COPY_HOST_PTR dst: 0
test passed
test passed
Testing with cl_mem_flags src: CL_MEM_IMMUTABLE_EXT | CL_MEM_COPY_HOST_PTR dst: CL_MEM_IMMUTABLE_EXT | CL_MEM_USE_HOST_PTR
test passed
test passed
Testing with cl_mem_flags src: CL_MEM_IMMUTABLE_EXT | CL_MEM_COPY_HOST_PTR dst: CL_MEM_IMMUTABLE_EXT | CL_MEM_COPY_HOST_PTR
test passed
test passed
Testing with cl_mem_flags src: CL_MEM_IMMUTABLE_EXT | CL_MEM_COPY_HOST_PTR dst: CL_MEM_IMMUTABLE_EXT | CL_MEM_COPY_HOST_PTR | CL_MEM_ALLOC_HOST_PTR
test passed
test passed
Testing with cl_mem_flags src: CL_MEM_IMMUTABLE_EXT | CL_MEM_COPY_HOST_PTR | CL_MEM_ALLOC_HOST_PTR dst: CL_MEM_ALLOC_HOST_PTR
test passed
test passed
Testing with cl_mem_flags src: CL_MEM_IMMUTABLE_EXT | CL_MEM_COPY_HOST_PTR | CL_MEM_ALLOC_HOST_PTR dst: CL_MEM_ALLOC_HOST_PTR | CL_MEM_COPY_HOST_PTR
test passed
test passed
Testing with cl_mem_flags src: CL_MEM_IMMUTABLE_EXT | CL_MEM_COPY_HOST_PTR | CL_MEM_ALLOC_HOST_PTR dst: CL_MEM_USE_HOST_PTR
test passed
test passed
Testing with cl_mem_flags src: CL_MEM_IMMUTABLE_EXT | CL_MEM_COPY_HOST_PTR | CL_MEM_ALLOC_HOST_PTR dst: CL_MEM_COPY_HOST_PTR
test passed
test passed
Testing with cl_mem_flags src: CL_MEM_IMMUTABLE_EXT | CL_MEM_COPY_HOST_PTR | CL_MEM_ALLOC_HOST_PTR dst: 0
test passed
test passed
Testing with cl_mem_flags src: CL_MEM_IMMUTABLE_EXT | CL_MEM_COPY_HOST_PTR | CL_MEM_ALLOC_HOST_PTR dst: CL_MEM_IMMUTABLE_EXT | CL_MEM_USE_HOST_PTR
test passed
test passed
Testing with cl_mem_flags src: CL_MEM_IMMUTABLE_EXT | CL_MEM_COPY_HOST_PTR | CL_MEM_ALLOC_HOST_PTR dst: CL_MEM_IMMUTABLE_EXT | CL_MEM_COPY_HOST_PTR
test passed
test passed
Testing with cl_mem_flags src: CL_MEM_IMMUTABLE_EXT | CL_MEM_COPY_HOST_PTR | CL_MEM_ALLOC_HOST_PTR dst: CL_MEM_IMMUTABLE_EXT | CL_MEM_COPY_HOST_PTR | CL_MEM_ALLOC_HOST_PTR
test passed
test passed
random partial copy from 2285 to 13710, size: 1980: Testing with cl_mem_flags src: CL_MEM_ALLOC_HOST_PTR dst: CL_MEM_ALLOC_HOST_PTR
test passed
test passed
Testing with cl_mem_flags src: CL_MEM_ALLOC_HOST_PTR dst: CL_MEM_ALLOC_HOST_PTR | CL_MEM_COPY_HOST_PTR
test passed
test passed
Testing with cl_mem_flags src: CL_MEM_ALLOC_HOST_PTR dst: CL_MEM_USE_HOST_PTR
test passed
test passed
Testing with cl_mem_flags src: CL_MEM_ALLOC_HOST_PTR dst: CL_MEM_COPY_HOST_PTR
test passed
test passed
Testing with cl_mem_flags src: CL_MEM_ALLOC_HOST_PTR dst: 0
test passed
test passed
Testing with cl_mem_flags src: CL_MEM_ALLOC_HOST_PTR dst: CL_MEM_IMMUTABLE_EXT | CL_MEM_USE_HOST_PTR
test passed
test passed
Testing with cl_mem_flags src: CL_MEM_ALLOC_HOST_PTR dst: CL_MEM_IMMUTABLE_EXT | CL_MEM_COPY_HOST_PTR
test passed
test passed
Testing with cl_mem_flags src: CL_MEM_ALLOC_HOST_PTR dst: CL_MEM_IMMUTABLE_EXT | CL_MEM_COPY_HOST_PTR | CL_MEM_ALLOC_HOST_PTR
test passed
test passed
Testing with cl_mem_flags src: CL_MEM_ALLOC_HOST_PTR | CL_MEM_COPY_HOST_PTR dst: CL_MEM_ALLOC_HOST_PTR
test passed
test passed
Testing with cl_mem_flags src: CL_MEM_ALLOC_HOST_PTR | CL_MEM_COPY_HOST_PTR dst: CL_MEM_ALLOC_HOST_PTR | CL_MEM_COPY_HOST_PTR
test passed
test passed
Testing with cl_mem_flags src: CL_MEM_ALLOC_HOST_PTR | CL_MEM_COPY_HOST_PTR dst: CL_MEM_USE_HOST_PTR
test passed
test passed
Testing with cl_mem_flags src: CL_MEM_ALLOC_HOST_PTR | CL_MEM_COPY_HOST_PTR dst: CL_MEM_COPY_HOST_PTR
test passed
test passed
Testing with cl_mem_flags src: CL_MEM_ALLOC_HOST_PTR | CL_MEM_COPY_HOST_PTR dst: 0
test passed
test passed
Testing with cl_mem_flags src: CL_MEM_ALLOC_HOST_PTR | CL_MEM_COPY_HOST_PTR dst: CL_MEM_IMMUTABLE_EXT | CL_MEM_USE_HOST_PTR
test passed
test passed
Testing with cl_mem_flags src: CL_MEM_ALLOC_HOST_PTR | CL_MEM_COPY_HOST_PTR dst: CL_MEM_IMMUTABLE_EXT | CL_MEM_COPY_HOST_PTR
test passed
test passed
Testing with cl_mem_flags src: CL_MEM_ALLOC_HOST_PTR | CL_MEM_COPY_HOST_PTR dst: CL_MEM_IMMUTABLE_EXT | CL_MEM_COPY_HOST_PTR | CL_MEM_ALLOC_HOST_PTR
test passed
test passed
Testing with cl_mem_flags src: CL_MEM_USE_HOST_PTR dst: CL_MEM_ALLOC_HOST_PTR
test passed
test passed
Testing with cl_mem_flags src: CL_MEM_USE_HOST_PTR dst: CL_MEM_ALLOC_HOST_PTR | CL_MEM_COPY_HOST_PTR
test passed
test passed
Testing with cl_mem_flags src: CL_MEM_USE_HOST_PTR dst: CL_MEM_USE_HOST_PTR
test passed
test passed
Testing with cl_mem_flags src: CL_MEM_USE_HOST_PTR dst: CL_MEM_COPY_HOST_PTR
test passed
test passed
Testing with cl_mem_flags src: CL_MEM_USE_HOST_PTR dst: 0
test passed
test passed
Testing with cl_mem_flags src: CL_MEM_USE_HOST_PTR dst: CL_MEM_IMMUTABLE_EXT | CL_MEM_USE_HOST_PTR
test passed
test passed
Testing with cl_mem_flags src: CL_MEM_USE_HOST_PTR dst: CL_MEM_IMMUTABLE_EXT | CL_MEM_COPY_HOST_PTR
test passed
test passed
Testing with cl_mem_flags src: CL_MEM_USE_HOST_PTR dst: CL_MEM_IMMUTABLE_EXT | CL_MEM_COPY_HOST_PTR | CL_MEM_ALLOC_HOST_PTR
test passed
test passed
Testing with cl_mem_flags src: CL_MEM_COPY_HOST_PTR dst: CL_MEM_ALLOC_HOST_PTR
test passed
test passed
Testing with cl_mem_flags src: CL_MEM_COPY_HOST_PTR dst: CL_MEM_ALLOC_HOST_PTR | CL_MEM_COPY_HOST_PTR
test passed
test passed
Testing with cl_mem_flags src: CL_MEM_COPY_HOST_PTR dst: CL_MEM_USE_HOST_PTR
test passed
test passed
Testing with cl_mem_flags src: CL_MEM_COPY_HOST_PTR dst: CL_MEM_COPY_HOST_PTR
test passed
test passed
Testing with cl_mem_flags src: CL_MEM_COPY_HOST_PTR dst: 0
test passed
test passed
Testing with cl_mem_flags src: CL_MEM_COPY_HOST_PTR dst: CL_MEM_IMMUTABLE_EXT | CL_MEM_USE_HOST_PTR
test passed
test passed
Testing with cl_mem_flags src: CL_MEM_COPY_HOST_PTR dst: CL_MEM_IMMUTABLE_EXT | CL_MEM_COPY_HOST_PTR
test passed
test passed
Testing with cl_mem_flags src: CL_MEM_COPY_HOST_PTR dst: CL_MEM_IMMUTABLE_EXT | CL_MEM_COPY_HOST_PTR | CL_MEM_ALLOC_HOST_PTR
test passed
test passed
Testing with cl_mem_flags src: 0 dst: CL_MEM_ALLOC_HOST_PTR
test passed
test passed
Testing with cl_mem_flags src: 0 dst: CL_MEM_ALLOC_HOST_PTR | CL_MEM_COPY_HOST_PTR
test passed
test passed
Testing with cl_mem_flags src: 0 dst: CL_MEM_USE_HOST_PTR
test passed
test passed
Testing with cl_mem_flags src: 0 dst: CL_MEM_COPY_HOST_PTR
test passed
test passed
Testing with cl_mem_flags src: 0 dst: 0
test passed
test passed
Testing with cl_mem_flags src: 0 dst: CL_MEM_IMMUTABLE_EXT | CL_MEM_USE_HOST_PTR
test passed
test passed
Testing with cl_mem_flags src: 0 dst: CL_MEM_IMMUTABLE_EXT | CL_MEM_COPY_HOST_PTR
test passed
test passed
Testing with cl_mem_flags src: 0 dst: CL_MEM_IMMUTABLE_EXT | CL_MEM_COPY_HOST_PTR | CL_MEM_ALLOC_HOST_PTR
test passed
test passed
Testing with cl_mem_flags src: CL_MEM_IMMUTABLE_EXT | CL_MEM_USE_HOST_PTR dst: CL_MEM_ALLOC_HOST_PTR
test passed
test passed
Testing with cl_mem_flags src: CL_MEM_IMMUTABLE_EXT | CL_MEM_USE_HOST_PTR dst: CL_MEM_ALLOC_HOST_PTR | CL_MEM_COPY_HOST_PTR
test passed
test passed
Testing with cl_mem_flags src: CL_MEM_IMMUTABLE_EXT | CL_MEM_USE_HOST_PTR dst: CL_MEM_USE_HOST_PTR
test passed
test passed
Testing with cl_mem_flags src: CL_MEM_IMMUTABLE_EXT | CL_MEM_USE_HOST_PTR dst: CL_MEM_COPY_HOST_PTR
test passed
test passed
Testing with cl_mem_flags src: CL_MEM_IMMUTABLE_EXT | CL_MEM_USE_HOST_PTR dst: 0
test passed
test passed
Testing with cl_mem_flags src: CL_MEM_IMMUTABLE_EXT | CL_MEM_USE_HOST_PTR dst: CL_MEM_IMMUTABLE_EXT | CL_MEM_USE_HOST_PTR
test passed
test passed
Testing with cl_mem_flags src: CL_MEM_IMMUTABLE_EXT | CL_MEM_USE_HOST_PTR dst: CL_MEM_IMMUTABLE_EXT | CL_MEM_COPY_HOST_PTR
test passed
test passed
Testing with cl_mem_flags src: CL_MEM_IMMUTABLE_EXT | CL_MEM_USE_HOST_PTR dst: CL_MEM_IMMUTABLE_EXT | CL_MEM_COPY_HOST_PTR | CL_MEM_ALLOC_HOST_PTR
test passed
test passed
Testing with cl_mem_flags src: CL_MEM_IMMUTABLE_EXT | CL_MEM_COPY_HOST_PTR dst: CL_MEM_ALLOC_HOST_PTR
test passed
test passed
Testing with cl_mem_flags src: CL_MEM_IMMUTABLE_EXT | CL_MEM_COPY_HOST_PTR dst: CL_MEM_ALLOC_HOST_PTR | CL_MEM_COPY_HOST_PTR
test passed
test passed
Testing with cl_mem_flags src: CL_MEM_IMMUTABLE_EXT | CL_MEM_COPY_HOST_PTR dst: CL_MEM_USE_HOST_PTR
test passed
test passed
Testing with cl_mem_flags src: CL_MEM_IMMUTABLE_EXT | CL_MEM_COPY_HOST_PTR dst: CL_MEM_COPY_HOST_PTR
test passed
test passed
Testing with cl_mem_flags src: CL_MEM_IMMUTABLE_EXT | CL_MEM_COPY_HOST_PTR dst: 0
test passed
test passed
Testing with cl_mem_flags src: CL_MEM_IMMUTABLE_EXT | CL_MEM_COPY_HOST_PTR dst: CL_MEM_IMMUTABLE_EXT | CL_MEM_USE_HOST_PTR
test passed
test passed
Testing with cl_mem_flags src: CL_MEM_IMMUTABLE_EXT | CL_MEM_COPY_HOST_PTR dst: CL_MEM_IMMUTABLE_EXT | CL_MEM_COPY_HOST_PTR
test passed
test passed
Testing with cl_mem_flags src: CL_MEM_IMMUTABLE_EXT | CL_MEM_COPY_HOST_PTR dst: CL_MEM_IMMUTABLE_EXT | CL_MEM_COPY_HOST_PTR | CL_MEM_ALLOC_HOST_PTR
test passed
test passed
Testing with cl_mem_flags src: CL_MEM_IMMUTABLE_EXT | CL_MEM_COPY_HOST_PTR | CL_MEM_ALLOC_HOST_PTR dst: CL_MEM_ALLOC_HOST_PTR
test passed
test passed
Testing with cl_mem_flags src: CL_MEM_IMMUTABLE_EXT | CL_MEM_COPY_HOST_PTR | CL_MEM_ALLOC_HOST_PTR dst: CL_MEM_ALLOC_HOST_PTR | CL_MEM_COPY_HOST_PTR
test passed
test passed
Testing with cl_mem_flags src: CL_MEM_IMMUTABLE_EXT | CL_MEM_COPY_HOST_PTR | CL_MEM_ALLOC_HOST_PTR dst: CL_MEM_USE_HOST_PTR
test passed
test passed
Testing with cl_mem_flags src: CL_MEM_IMMUTABLE_EXT | CL_MEM_COPY_HOST_PTR | CL_MEM_ALLOC_HOST_PTR dst: CL_MEM_COPY_HOST_PTR
test passed
test passed
Testing with cl_mem_flags src: CL_MEM_IMMUTABLE_EXT | CL_MEM_COPY_HOST_PTR | CL_MEM_ALLOC_HOST_PTR dst: 0
test passed
test passed
Testing with cl_mem_flags src: CL_MEM_IMMUTABLE_EXT | CL_MEM_COPY_HOST_PTR | CL_MEM_ALLOC_HOST_PTR dst: CL_MEM_IMMUTABLE_EXT | CL_MEM_USE_HOST_PTR
test passed
test passed
Testing with cl_mem_flags src: CL_MEM_IMMUTABLE_EXT | CL_MEM_COPY_HOST_PTR | CL_MEM_ALLOC_HOST_PTR dst: CL_MEM_IMMUTABLE_EXT | CL_MEM_COPY_HOST_PTR
test passed
test passed
Testing with cl_mem_flags src: CL_MEM_IMMUTABLE_EXT | CL_MEM_COPY_HOST_PTR | CL_MEM_ALLOC_HOST_PTR dst: CL_MEM_IMMUTABLE_EXT | CL_MEM_COPY_HOST_PTR | CL_MEM_ALLOC_HOST_PTR
test passed
test passed
random partial copy from 14796 to 3998, size: 1319: Testing with cl_mem_flags src: CL_MEM_ALLOC_HOST_PTR dst: CL_MEM_ALLOC_HOST_PTR
test passed
test passed
Testing with cl_mem_flags src: CL_MEM_ALLOC_HOST_PTR dst: CL_MEM_ALLOC_HOST_PTR | CL_MEM_COPY_HOST_PTR
test passed
test passed
Testing with cl_mem_flags src: CL_MEM_ALLOC_HOST_PTR dst: CL_MEM_USE_HOST_PTR
test passed
test passed
Testing with cl_mem_flags src: CL_MEM_ALLOC_HOST_PTR dst: CL_MEM_COPY_HOST_PTR
test passed
test passed
Testing with cl_mem_flags src: CL_MEM_ALLOC_HOST_PTR dst: 0
test passed
test passed
Testing with cl_mem_flags src: CL_MEM_ALLOC_HOST_PTR dst: CL_MEM_IMMUTABLE_EXT | CL_MEM_USE_HOST_PTR
test passed
test passed
Testing with cl_mem_flags src: CL_MEM_ALLOC_HOST_PTR dst: CL_MEM_IMMUTABLE_EXT | CL_MEM_COPY_HOST_PTR
test passed
test passed
Testing with cl_mem_flags src: CL_MEM_ALLOC_HOST_PTR dst: CL_MEM_IMMUTABLE_EXT | CL_MEM_COPY_HOST_PTR | CL_MEM_ALLOC_HOST_PTR
test passed
test passed
Testing with cl_mem_flags src: CL_MEM_ALLOC_HOST_PTR | CL_MEM_COPY_HOST_PTR dst: CL_MEM_ALLOC_HOST_PTR
test passed
test passed
Testing with cl_mem_flags src: CL_MEM_ALLOC_HOST_PTR | CL_MEM_COPY_HOST_PTR dst: CL_MEM_ALLOC_HOST_PTR | CL_MEM_COPY_HOST_PTR
test passed
test passed
Testing with cl_mem_flags src: CL_MEM_ALLOC_HOST_PTR | CL_MEM_COPY_HOST_PTR dst: CL_MEM_USE_HOST_PTR
test passed
test passed
Testing with cl_mem_flags src: CL_MEM_ALLOC_HOST_PTR | CL_MEM_COPY_HOST_PTR dst: CL_MEM_COPY_HOST_PTR
test passed
test passed
Testing with cl_mem_flags src: CL_MEM_ALLOC_HOST_PTR | CL_MEM_COPY_HOST_PTR dst: 0
test passed
test passed
Testing with cl_mem_flags src: CL_MEM_ALLOC_HOST_PTR | CL_MEM_COPY_HOST_PTR dst: CL_MEM_IMMUTABLE_EXT | CL_MEM_USE_HOST_PTR
test passed
test passed
Testing with cl_mem_flags src: CL_MEM_ALLOC_HOST_PTR | CL_MEM_COPY_HOST_PTR dst: CL_MEM_IMMUTABLE_EXT | CL_MEM_COPY_HOST_PTR
test passed
test passed
Testing with cl_mem_flags src: CL_MEM_ALLOC_HOST_PTR | CL_MEM_COPY_HOST_PTR dst: CL_MEM_IMMUTABLE_EXT | CL_MEM_COPY_HOST_PTR | CL_MEM_ALLOC_HOST_PTR
test passed
test passed
Testing with cl_mem_flags src: CL_MEM_USE_HOST_PTR dst: CL_MEM_ALLOC_HOST_PTR
test passed
test passed
Testing with cl_mem_flags src: CL_MEM_USE_HOST_PTR dst: CL_MEM_ALLOC_HOST_PTR | CL_MEM_COPY_HOST_PTR
test passed
test passed
Testing with cl_mem_flags src: CL_MEM_USE_HOST_PTR dst: CL_MEM_USE_HOST_PTR
test passed
test passed
Testing with cl_mem_flags src: CL_MEM_USE_HOST_PTR dst: CL_MEM_COPY_HOST_PTR
test passed
test passed
Testing with cl_mem_flags src: CL_MEM_USE_HOST_PTR dst: 0
test passed
test passed
Testing with cl_mem_flags src: CL_MEM_USE_HOST_PTR dst: CL_MEM_IMMUTABLE_EXT | CL_MEM_USE_HOST_PTR
test passed
test passed
Testing with cl_mem_flags src: CL_MEM_USE_HOST_PTR dst: CL_MEM_IMMUTABLE_EXT | CL_MEM_COPY_HOST_PTR
test passed
test passed
Testing with cl_mem_flags src: CL_MEM_USE_HOST_PTR dst: CL_MEM_IMMUTABLE_EXT | CL_MEM_COPY_HOST_PTR | CL_MEM_ALLOC_HOST_PTR
test passed
test passed
Testing with cl_mem_flags src: CL_MEM_COPY_HOST_PTR dst: CL_MEM_ALLOC_HOST_PTR
test passed
test passed
Testing with cl_mem_flags src: CL_MEM_COPY_HOST_PTR dst: CL_MEM_ALLOC_HOST_PTR | CL_MEM_COPY_HOST_PTR
test passed
test passed
Testing with cl_mem_flags src: CL_MEM_COPY_HOST_PTR dst: CL_MEM_USE_HOST_PTR
test passed
test passed
Testing with cl_mem_flags src: CL_MEM_COPY_HOST_PTR dst: CL_MEM_COPY_HOST_PTR
test passed
test passed
Testing with cl_mem_flags src: CL_MEM_COPY_HOST_PTR dst: 0
test passed
test passed
Testing with cl_mem_flags src: CL_MEM_COPY_HOST_PTR dst: CL_MEM_IMMUTABLE_EXT | CL_MEM_USE_HOST_PTR
test passed
test passed
Testing with cl_mem_flags src: CL_MEM_COPY_HOST_PTR dst: CL_MEM_IMMUTABLE_EXT | CL_MEM_COPY_HOST_PTR
test passed
test passed
Testing with cl_mem_flags src: CL_MEM_COPY_HOST_PTR dst: CL_MEM_IMMUTABLE_EXT | CL_MEM_COPY_HOST_PTR | CL_MEM_ALLOC_HOST_PTR
test passed
test passed
Testing with cl_mem_flags src: 0 dst: CL_MEM_ALLOC_HOST_PTR
test passed
test passed
Testing with cl_mem_flags src: 0 dst: CL_MEM_ALLOC_HOST_PTR | CL_MEM_COPY_HOST_PTR
test passed
test passed
Testing with cl_mem_flags src: 0 dst: CL_MEM_USE_HOST_PTR
test passed
test passed
Testing with cl_mem_flags src: 0 dst: CL_MEM_COPY_HOST_PTR
test passed
test passed
Testing with cl_mem_flags src: 0 dst: 0
test passed
test passed
Testing with cl_mem_flags src: 0 dst: CL_MEM_IMMUTABLE_EXT | CL_MEM_USE_HOST_PTR
test passed
test passed
Testing with cl_mem_flags src: 0 dst: CL_MEM_IMMUTABLE_EXT | CL_MEM_COPY_HOST_PTR
test passed
test passed
Testing with cl_mem_flags src: 0 dst: CL_MEM_IMMUTABLE_EXT | CL_MEM_COPY_HOST_PTR | CL_MEM_ALLOC_HOST_PTR
test passed
test passed
Testing with cl_mem_flags src: CL_MEM_IMMUTABLE_EXT | CL_MEM_USE_HOST_PTR dst: CL_MEM_ALLOC_HOST_PTR
test passed
test passed
Testing with cl_mem_flags src: CL_MEM_IMMUTABLE_EXT | CL_MEM_USE_HOST_PTR dst: CL_MEM_ALLOC_HOST_PTR | CL_MEM_COPY_HOST_PTR
test passed
test passed
Testing with cl_mem_flags src: CL_MEM_IMMUTABLE_EXT | CL_MEM_USE_HOST_PTR dst: CL_MEM_USE_HOST_PTR
test passed
test passed
Testing with cl_mem_flags src: CL_MEM_IMMUTABLE_EXT | CL_MEM_USE_HOST_PTR dst: CL_MEM_COPY_HOST_PTR
test passed
test passed
Testing with cl_mem_flags src: CL_MEM_IMMUTABLE_EXT | CL_MEM_USE_HOST_PTR dst: 0
test passed
test passed
Testing with cl_mem_flags src: CL_MEM_IMMUTABLE_EXT | CL_MEM_USE_HOST_PTR dst: CL_MEM_IMMUTABLE_EXT | CL_MEM_USE_HOST_PTR
test passed
test passed
Testing with cl_mem_flags src: CL_MEM_IMMUTABLE_EXT | CL_MEM_USE_HOST_PTR dst: CL_MEM_IMMUTABLE_EXT | CL_MEM_COPY_HOST_PTR
test passed
test passed
Testing with cl_mem_flags src: CL_MEM_IMMUTABLE_EXT | CL_MEM_USE_HOST_PTR dst: CL_MEM_IMMUTABLE_EXT | CL_MEM_COPY_HOST_PTR | CL_MEM_ALLOC_HOST_PTR
test passed
test passed
Testing with cl_mem_flags src: CL_MEM_IMMUTABLE_EXT | CL_MEM_COPY_HOST_PTR dst: CL_MEM_ALLOC_HOST_PTR
test passed
test passed
Testing with cl_mem_flags src: CL_MEM_IMMUTABLE_EXT | CL_MEM_COPY_HOST_PTR dst: CL_MEM_ALLOC_HOST_PTR | CL_MEM_COPY_HOST_PTR
test passed
test passed
Testing with cl_mem_flags src: CL_MEM_IMMUTABLE_EXT | CL_MEM_COPY_HOST_PTR dst: CL_MEM_USE_HOST_PTR
test passed
test passed
Testing with cl_mem_flags src: CL_MEM_IMMUTABLE_EXT | CL_MEM_COPY_HOST_PTR dst: CL_MEM_COPY_HOST_PTR
test passed
test passed
Testing with cl_mem_flags src: CL_MEM_IMMUTABLE_EXT | CL_MEM_COPY_HOST_PTR dst: 0
test passed
test passed
Testing with cl_mem_flags src: CL_MEM_IMMUTABLE_EXT | CL_MEM_COPY_HOST_PTR dst: CL_MEM_IMMUTABLE_EXT | CL_MEM_USE_HOST_PTR
test passed
test passed
Testing with cl_mem_flags src: CL_MEM_IMMUTABLE_EXT | CL_MEM_COPY_HOST_PTR dst: CL_MEM_IMMUTABLE_EXT | CL_MEM_COPY_HOST_PTR
test passed
test passed
Testing with cl_mem_flags src: CL_MEM_IMMUTABLE_EXT | CL_MEM_COPY_HOST_PTR dst: CL_MEM_IMMUTABLE_EXT | CL_MEM_COPY_HOST_PTR | CL_MEM_ALLOC_HOST_PTR
test passed
test passed
Testing with cl_mem_flags src: CL_MEM_IMMUTABLE_EXT | CL_MEM_COPY_HOST_PTR | CL_MEM_ALLOC_HOST_PTR dst: CL_MEM_ALLOC_HOST_PTR
test passed
test passed
Testing with cl_mem_flags src: CL_MEM_IMMUTABLE_EXT | CL_MEM_COPY_HOST_PTR | CL_MEM_ALLOC_HOST_PTR dst: CL_MEM_ALLOC_HOST_PTR | CL_MEM_COPY_HOST_PTR
test passed
test passed
Testing with cl_mem_flags src: CL_MEM_IMMUTABLE_EXT | CL_MEM_COPY_HOST_PTR | CL_MEM_ALLOC_HOST_PTR dst: CL_MEM_USE_HOST_PTR
test passed
test passed
Testing with cl_mem_flags src: CL_MEM_IMMUTABLE_EXT | CL_MEM_COPY_HOST_PTR | CL_MEM_ALLOC_HOST_PTR dst: CL_MEM_COPY_HOST_PTR
test passed
test passed
Testing with cl_mem_flags src: CL_MEM_IMMUTABLE_EXT | CL_MEM_COPY_HOST_PTR | CL_MEM_ALLOC_HOST_PTR dst: 0
test passed
test passed
Testing with cl_mem_flags src: CL_MEM_IMMUTABLE_EXT | CL_MEM_COPY_HOST_PTR | CL_MEM_ALLOC_HOST_PTR dst: CL_MEM_IMMUTABLE_EXT | CL_MEM_USE_HOST_PTR
test passed
test passed
Testing with cl_mem_flags src: CL_MEM_IMMUTABLE_EXT | CL_MEM_COPY_HOST_PTR | CL_MEM_ALLOC_HOST_PTR dst: CL_MEM_IMMUTABLE_EXT | CL_MEM_COPY_HOST_PTR
test passed
test passed
Testing with cl_mem_flags src: CL_MEM_IMMUTABLE_EXT | CL_MEM_COPY_HOST_PTR | CL_MEM_ALLOC_HOST_PTR dst: CL_MEM_IMMUTABLE_EXT | CL_MEM_COPY_HOST_PTR | CL_MEM_ALLOC_HOST_PTR
test passed
test passed
buffer_partial_copy passed
buffer_read_int...
 int1 test passed. cl_mem_flags src: CL_MEM_ALLOC_HOST_PTR
 int1 test passed in-place readback
 int1 test passed. cl_mem_flags src: CL_MEM_ALLOC_HOST_PTR | CL_MEM_COPY_HOST_PTR
 int1 test passed in-place readback
 int1 test passed. cl_mem_flags src: CL_MEM_USE_HOST_PTR
 int1 test passed in-place readback
 int1 test passed. cl_mem_flags src: CL_MEM_COPY_HOST_PTR
 int1 test passed in-place readback
 int1 test passed. cl_mem_flags src: 0
 int1 test passed in-place readback
 int2 test passed. cl_mem_flags src: CL_MEM_ALLOC_HOST_PTR
 int2 test passed in-place readback
 int2 test passed. cl_mem_flags src: CL_MEM_ALLOC_HOST_PTR | CL_MEM_COPY_HOST_PTR
 int2 test passed in-place readback
 int2 test passed. cl_mem_flags src: CL_MEM_USE_HOST_PTR
 int2 test passed in-place readback
 int2 test passed. cl_mem_flags src: CL_MEM_COPY_HOST_PTR
 int2 test passed in-place readback
 int2 test passed. cl_mem_flags src: 0
 int2 test passed in-place readback
 int4 test passed. cl_mem_flags src: CL_MEM_ALLOC_HOST_PTR
 int4 test passed in-place readback
 int4 test passed. cl_mem_flags src: CL_MEM_ALLOC_HOST_PTR | CL_MEM_COPY_HOST_PTR
 int4 test passed in-place readback
 int4 test passed. cl_mem_flags src: CL_MEM_USE_HOST_PTR
 int4 test passed in-place readback
 int4 test passed. cl_mem_flags src: CL_MEM_COPY_HOST_PTR
 int4 test passed in-place readback
 int4 test passed. cl_mem_flags src: 0
 int4 test passed in-place readback
 int8 test passed. cl_mem_flags src: CL_MEM_ALLOC_HOST_PTR
 int8 test passed in-place readback
 int8 test passed. cl_mem_flags src: CL_MEM_ALLOC_HOST_PTR | CL_MEM_COPY_HOST_PTR
 int8 test passed in-place readback
 int8 test passed. cl_mem_flags src: CL_MEM_USE_HOST_PTR
 int8 test passed in-place readback
 int8 test passed. cl_mem_flags src: CL_MEM_COPY_HOST_PTR
 int8 test passed in-place readback
 int8 test passed. cl_mem_flags src: 0
 int8 test passed in-place readback
 int16 test passed. cl_mem_flags src: CL_MEM_ALLOC_HOST_PTR
 int16 test passed in-place readback
 int16 test passed. cl_mem_flags src: CL_MEM_ALLOC_HOST_PTR | CL_MEM_COPY_HOST_PTR
 int16 test passed in-place readback
 int16 test passed. cl_mem_flags src: CL_MEM_USE_HOST_PTR
 int16 test passed in-place readback
 int16 test passed. cl_mem_flags src: CL_MEM_COPY_HOST_PTR
 int16 test passed in-place readback
 int16 test passed. cl_mem_flags src: 0
 int16 test passed in-place readback
buffer_read_int passed
buffer_read_uint...
 uint1 test passed. cl_mem_flags src: CL_MEM_ALLOC_HOST_PTR
 uint1 test passed in-place readback
 uint1 test passed. cl_mem_flags src: CL_MEM_ALLOC_HOST_PTR | CL_MEM_COPY_HOST_PTR
 uint1 test passed in-place readback
 uint1 test passed. cl_mem_flags src: CL_MEM_USE_HOST_PTR
 uint1 test passed in-place readback
 uint1 test passed. cl_mem_flags src: CL_MEM_COPY_HOST_PTR
 uint1 test passed in-place readback
 uint1 test passed. cl_mem_flags src: 0
 uint1 test passed in-place readback
 uint2 test passed. cl_mem_flags src: CL_MEM_ALLOC_HOST_PTR
 uint2 test passed in-place readback
 uint2 test passed. cl_mem_flags src: CL_MEM_ALLOC_HOST_PTR | CL_MEM_COPY_HOST_PTR
 uint2 test passed in-place readback
 uint2 test passed. cl_mem_flags src: CL_MEM_USE_HOST_PTR
 uint2 test passed in-place readback
 uint2 test passed. cl_mem_flags src: CL_MEM_COPY_HOST_PTR
 uint2 test passed in-place readback
 uint2 test passed. cl_mem_flags src: 0
 uint2 test passed in-place readback
 uint4 test passed. cl_mem_flags src: CL_MEM_ALLOC_HOST_PTR
 uint4 test passed in-place readback
 uint4 test passed. cl_mem_flags src: CL_MEM_ALLOC_HOST_PTR | CL_MEM_COPY_HOST_PTR
 uint4 test passed in-place readback
 uint4 test passed. cl_mem_flags src: CL_MEM_USE_HOST_PTR
 uint4 test passed in-place readback
 uint4 test passed. cl_mem_flags src: CL_MEM_COPY_HOST_PTR
 uint4 test passed in-place readback
 uint4 test passed. cl_mem_flags src: 0
 uint4 test passed in-place readback
 uint8 test passed. cl_mem_flags src: CL_MEM_ALLOC_HOST_PTR
 uint8 test passed in-place readback
 uint8 test passed. cl_mem_flags src: CL_MEM_ALLOC_HOST_PTR | CL_MEM_COPY_HOST_PTR
 uint8 test passed in-place readback
 uint8 test passed. cl_mem_flags src: CL_MEM_USE_HOST_PTR
 uint8 test passed in-place readback
 uint8 test passed. cl_mem_flags src: CL_MEM_COPY_HOST_PTR
 uint8 test passed in-place readback
 uint8 test passed. cl_mem_flags src: 0
 uint8 test passed in-place readback
 uint16 test passed. cl_mem_flags src: CL_MEM_ALLOC_HOST_PTR
 uint16 test passed in-place readback
 uint16 test passed. cl_mem_flags src: CL_MEM_ALLOC_HOST_PTR | CL_MEM_COPY_HOST_PTR
 uint16 test passed in-place readback
 uint16 test passed. cl_mem_flags src: CL_MEM_USE_HOST_PTR
 uint16 test passed in-place readback
 uint16 test passed. cl_mem_flags src: CL_MEM_COPY_HOST_PTR
 uint16 test passed in-place readback
 uint16 test passed. cl_mem_flags src: 0
 uint16 test passed in-place readback
buffer_read_uint passed
buffer_read_long...
 long1 test passed. cl_mem_flags src: CL_MEM_ALLOC_HOST_PTR
 long1 test passed in-place readback
 long1 test passed. cl_mem_flags src: CL_MEM_ALLOC_HOST_PTR | CL_MEM_COPY_HOST_PTR
 long1 test passed in-place readback
 long1 test passed. cl_mem_flags src: CL_MEM_USE_HOST_PTR
 long1 test passed in-place readback
 long1 test passed. cl_mem_flags src: CL_MEM_COPY_HOST_PTR
 long1 test passed in-place readback
 long1 test passed. cl_mem_flags src: 0
 long1 test passed in-place readback
 long2 test passed. cl_mem_flags src: CL_MEM_ALLOC_HOST_PTR
 long2 test passed in-place readback
 long2 test passed. cl_mem_flags src: CL_MEM_ALLOC_HOST_PTR | CL_MEM_COPY_HOST_PTR
 long2 test passed in-place readback
 long2 test passed. cl_mem_flags src: CL_MEM_USE_HOST_PTR
 long2 test passed in-place readback
 long2 test passed. cl_mem_flags src: CL_MEM_COPY_HOST_PTR
 long2 test passed in-place readback
 long2 test passed. cl_mem_flags src: 0
 long2 test passed in-place readback
 long4 test passed. cl_mem_flags src: CL_MEM_ALLOC_HOST_PTR
 long4 test passed in-place readback
 long4 test passed. cl_mem_flags src: CL_MEM_ALLOC_HOST_PTR | CL_MEM_COPY_HOST_PTR
 long4 test passed in-place readback
 long4 test passed. cl_mem_flags src: CL_MEM_USE_HOST_PTR
 long4 test passed in-place readback
 long4 test passed. cl_mem_flags src: CL_MEM_COPY_HOST_PTR
 long4 test passed in-place readback
 long4 test passed. cl_mem_flags src: 0
 long4 test passed in-place readback
 long8 test passed. cl_mem_flags src: CL_MEM_ALLOC_HOST_PTR
 long8 test passed in-place readback
 long8 test passed. cl_mem_flags src: CL_MEM_ALLOC_HOST_PTR | CL_MEM_COPY_HOST_PTR
 long8 test passed in-place readback
 long8 test passed. cl_mem_flags src: CL_MEM_USE_HOST_PTR
 long8 test passed in-place readback
 long8 test passed. cl_mem_flags src: CL_MEM_COPY_HOST_PTR
 long8 test passed in-place readback
 long8 test passed. cl_mem_flags src: 0
 long8 test passed in-place readback
 long16 test passed. cl_mem_flags src: CL_MEM_ALLOC_HOST_PTR
 long16 test passed in-place readback
 long16 test passed. cl_mem_flags src: CL_MEM_ALLOC_HOST_PTR | CL_MEM_COPY_HOST_PTR
 long16 test passed in-place readback
 long16 test passed. cl_mem_flags src: CL_MEM_USE_HOST_PTR
 long16 test passed in-place readback
 long16 test passed. cl_mem_flags src: CL_MEM_COPY_HOST_PTR
 long16 test passed in-place readback
 long16 test passed. cl_mem_flags src: 0
 long16 test passed in-place readback
buffer_read_long passed
buffer_read_ulong...
 ulong1 test passed. cl_mem_flags src: CL_MEM_ALLOC_HOST_PTR
 ulong1 test passed in-place readback
 ulong1 test passed. cl_mem_flags src: CL_MEM_ALLOC_HOST_PTR | CL_MEM_COPY_HOST_PTR
 ulong1 test passed in-place readback
 ulong1 test passed. cl_mem_flags src: CL_MEM_USE_HOST_PTR
 ulong1 test passed in-place readback
 ulong1 test passed. cl_mem_flags src: CL_MEM_COPY_HOST_PTR
 ulong1 test passed in-place readback
 ulong1 test passed. cl_mem_flags src: 0
 ulong1 test passed in-place readback
 ulong2 test passed. cl_mem_flags src: CL_MEM_ALLOC_HOST_PTR
 ulong2 test passed in-place readback
 ulong2 test passed. cl_mem_flags src: CL_MEM_ALLOC_HOST_PTR | CL_MEM_COPY_HOST_PTR
 ulong2 test passed in-place readback
 ulong2 test passed. cl_mem_flags src: CL_MEM_USE_HOST_PTR
 ulong2 test passed in-place readback
 ulong2 test passed. cl_mem_flags src: CL_MEM_COPY_HOST_PTR
 ulong2 test passed in-place readback
 ulong2 test passed. cl_mem_flags src: 0
 ulong2 test passed in-place readback
 ulong4 test passed. cl_mem_flags src: CL_MEM_ALLOC_HOST_PTR
 ulong4 test passed in-place readback
 ulong4 test passed. cl_mem_flags src: CL_MEM_ALLOC_HOST_PTR | CL_MEM_COPY_HOST_PTR
 ulong4 test passed in-place readback
 ulong4 test passed. cl_mem_flags src: CL_MEM_USE_HOST_PTR
 ulong4 test passed in-place readback
 ulong4 test passed. cl_mem_flags src: CL_MEM_COPY_HOST_PTR
 ulong4 test passed in-place readback
 ulong4 test passed. cl_mem_flags src: 0
 ulong4 test passed in-place readback
 ulong8 test passed. cl_mem_flags src: CL_MEM_ALLOC_HOST_PTR
 ulong8 test passed in-place readback
 ulong8 test passed. cl_mem_flags src: CL_MEM_ALLOC_HOST_PTR | CL_MEM_COPY_HOST_PTR
 ulong8 test passed in-place readback
 ulong8 test passed. cl_mem_flags src: CL_MEM_USE_HOST_PTR
 ulong8 test passed in-place readback
 ulong8 test passed. cl_mem_flags src: CL_MEM_COPY_HOST_PTR
 ulong8 test passed in-place readback
 ulong8 test passed. cl_mem_flags src: 0
 ulong8 test passed in-place readback
 ulong16 test passed. cl_mem_flags src: CL_MEM_ALLOC_HOST_PTR
 ulong16 test passed in-place readback
 ulong16 test passed. cl_mem_flags src: CL_MEM_ALLOC_HOST_PTR | CL_MEM_COPY_HOST_PTR
 ulong16 test passed in-place readback
 ulong16 test passed. cl_mem_flags src: CL_MEM_USE_HOST_PTR
 ulong16 test passed in-place readback
 ulong16 test passed. cl_mem_flags src: CL_MEM_COPY_HOST_PTR
 ulong16 test passed in-place readback
 ulong16 test passed. cl_mem_flags src: 0
 ulong16 test passed in-place readback
buffer_read_ulong passed
buffer_read_short...
 short1 test passed. cl_mem_flags src: CL_MEM_ALLOC_HOST_PTR
 short1 test passed in-place readback
 short1 test passed. cl_mem_flags src: CL_MEM_ALLOC_HOST_PTR | CL_MEM_COPY_HOST_PTR
 short1 test passed in-place readback
 short1 test passed. cl_mem_flags src: CL_MEM_USE_HOST_PTR
 short1 test passed in-place readback
 short1 test passed. cl_mem_flags src: CL_MEM_COPY_HOST_PTR
 short1 test passed in-place readback
 short1 test passed. cl_mem_flags src: 0
 short1 test passed in-place readback
 short2 test passed. cl_mem_flags src: CL_MEM_ALLOC_HOST_PTR
 short2 test passed in-place readback
 short2 test passed. cl_mem_flags src: CL_MEM_ALLOC_HOST_PTR | CL_MEM_COPY_HOST_PTR
 short2 test passed in-place readback
 short2 test passed. cl_mem_flags src: CL_MEM_USE_HOST_PTR
 short2 test passed in-place readback
 short2 test passed. cl_mem_flags src: CL_MEM_COPY_HOST_PTR
 short2 test passed in-place readback
 short2 test passed. cl_mem_flags src: 0
 short2 test passed in-place readback
 short4 test passed. cl_mem_flags src: CL_MEM_ALLOC_HOST_PTR
 short4 test passed in-place readback
 short4 test passed. cl_mem_flags src: CL_MEM_ALLOC_HOST_PTR | CL_MEM_COPY_HOST_PTR
 short4 test passed in-place readback
 short4 test passed. cl_mem_flags src: CL_MEM_USE_HOST_PTR
 short4 test passed in-place readback
 short4 test passed. cl_mem_flags src: CL_MEM_COPY_HOST_PTR
 short4 test passed in-place readback
 short4 test passed. cl_mem_flags src: 0
 short4 test passed in-place readback
 short8 test passed. cl_mem_flags src: CL_MEM_ALLOC_HOST_PTR
 short8 test passed in-place readback
 short8 test passed. cl_mem_flags src: CL_MEM_ALLOC_HOST_PTR | CL_MEM_COPY_HOST_PTR
 short8 test passed in-place readback
 short8 test passed. cl_mem_flags src: CL_MEM_USE_HOST_PTR
 short8 test passed in-place readback
 short8 test passed. cl_mem_flags src: CL_MEM_COPY_HOST_PTR
 short8 test passed in-place readback
 short8 test passed. cl_mem_flags src: 0
 short8 test passed in-place readback
 short16 test passed. cl_mem_flags src: CL_MEM_ALLOC_HOST_PTR
 short16 test passed in-place readback
 short16 test passed. cl_mem_flags src: CL_MEM_ALLOC_HOST_PTR | CL_MEM_COPY_HOST_PTR
 short16 test passed in-place readback
 short16 test passed. cl_mem_flags src: CL_MEM_USE_HOST_PTR
 short16 test passed in-place readback
 short16 test passed. cl_mem_flags src: CL_MEM_COPY_HOST_PTR
 short16 test passed in-place readback
 short16 test passed. cl_mem_flags src: 0
 short16 test passed in-place readback
buffer_read_short passed
buffer_read_ushort...
 ushort1 test passed. cl_mem_flags src: CL_MEM_ALLOC_HOST_PTR
 ushort1 test passed in-place readback
 ushort1 test passed. cl_mem_flags src: CL_MEM_ALLOC_HOST_PTR | CL_MEM_COPY_HOST_PTR
 ushort1 test passed in-place readback
 ushort1 test passed. cl_mem_flags src: CL_MEM_USE_HOST_PTR
 ushort1 test passed in-place readback
 ushort1 test passed. cl_mem_flags src: CL_MEM_COPY_HOST_PTR
 ushort1 test passed in-place readback
 ushort1 test passed. cl_mem_flags src: 0
 ushort1 test passed in-place readback
 ushort2 test passed. cl_mem_flags src: CL_MEM_ALLOC_HOST_PTR
 ushort2 test passed in-place readback
 ushort2 test passed. cl_mem_flags src: CL_MEM_ALLOC_HOST_PTR | CL_MEM_COPY_HOST_PTR
 ushort2 test passed in-place readback
 ushort2 test passed. cl_mem_flags src: CL_MEM_USE_HOST_PTR
 ushort2 test passed in-place readback
 ushort2 test passed. cl_mem_flags src: CL_MEM_COPY_HOST_PTR
 ushort2 test passed in-place readback
 ushort2 test passed. cl_mem_flags src: 0
 ushort2 test passed in-place readback
 ushort4 test passed. cl_mem_flags src: CL_MEM_ALLOC_HOST_PTR
 ushort4 test passed in-place readback
 ushort4 test passed. cl_mem_flags src: CL_MEM_ALLOC_HOST_PTR | CL_MEM_COPY_HOST_PTR
 ushort4 test passed in-place readback
 ushort4 test passed. cl_mem_flags src: CL_MEM_USE_HOST_PTR
 ushort4 test passed in-place readback
 ushort4 test passed. cl_mem_flags src: CL_MEM_COPY_HOST_PTR
 ushort4 test passed in-place readback
 ushort4 test passed. cl_mem_flags src: 0
 ushort4 test passed in-place readback
 ushort8 test passed. cl_mem_flags src: CL_MEM_ALLOC_HOST_PTR
 ushort8 test passed in-place readback
 ushort8 test passed. cl_mem_flags src: CL_MEM_ALLOC_HOST_PTR | CL_MEM_COPY_HOST_PTR
 ushort8 test passed in-place readback
 ushort8 test passed. cl_mem_flags src: CL_MEM_USE_HOST_PTR
 ushort8 test passed in-place readback
 ushort8 test passed. cl_mem_flags src: CL_MEM_COPY_HOST_PTR
 ushort8 test passed in-place readback
 ushort8 test passed. cl_mem_flags src: 0
 ushort8 test passed in-place readback
 ushort16 test passed. cl_mem_flags src: CL_MEM_ALLOC_HOST_PTR
 ushort16 test passed in-place readback
 ushort16 test passed. cl_mem_flags src: CL_MEM_ALLOC_HOST_PTR | CL_MEM_COPY_HOST_PTR
 ushort16 test passed in-place readback
 ushort16 test passed. cl_mem_flags src: CL_MEM_USE_HOST_PTR
 ushort16 test passed in-place readback
 ushort16 test passed. cl_mem_flags src: CL_MEM_COPY_HOST_PTR
 ushort16 test passed in-place readback
 ushort16 test passed. cl_mem_flags src: 0
 ushort16 test passed in-place readback
buffer_read_ushort passed
buffer_read_float...
 float1 test passed. cl_mem_flags src: CL_MEM_ALLOC_HOST_PTR
 float1 test passed in-place readback
 float1 test passed. cl_mem_flags src: CL_MEM_ALLOC_HOST_PTR | CL_MEM_COPY_HOST_PTR
 float1 test passed in-place readback
 float1 test passed. cl_mem_flags src: CL_MEM_USE_HOST_PTR
 float1 test passed in-place readback
 float1 test passed. cl_mem_flags src: CL_MEM_COPY_HOST_PTR
 float1 test passed in-place readback
 float1 test passed. cl_mem_flags src: 0
 float1 test passed in-place readback
 float2 test passed. cl_mem_flags src: CL_MEM_ALLOC_HOST_PTR
 float2 test passed in-place readback
 float2 test passed. cl_mem_flags src: CL_MEM_ALLOC_HOST_PTR | CL_MEM_COPY_HOST_PTR
 float2 test passed in-place readback
 float2 test passed. cl_mem_flags src: CL_MEM_USE_HOST_PTR
 float2 test passed in-place readback
 float2 test passed. cl_mem_flags src: CL_MEM_COPY_HOST_PTR
 float2 test passed in-place readback
 float2 test passed. cl_mem_flags src: 0
 float2 test passed in-place readback
 float4 test passed. cl_mem_flags src: CL_MEM_ALLOC_HOST_PTR
 float4 test passed in-place readback
 float4 test passed. cl_mem_flags src: CL_MEM_ALLOC_HOST_PTR | CL_MEM_COPY_HOST_PTR
 float4 test passed in-place readback
 float4 test passed. cl_mem_flags src: CL_MEM_USE_HOST_PTR
 float4 test passed in-place readback
 float4 test passed. cl_mem_flags src: CL_MEM_COPY_HOST_PTR
 float4 test passed in-place readback
 float4 test passed. cl_mem_flags src: 0
 float4 test passed in-place readback
 float8 test passed. cl_mem_flags src: CL_MEM_ALLOC_HOST_PTR
 float8 test passed in-place readback
 float8 test passed. cl_mem_flags src: CL_MEM_ALLOC_HOST_PTR | CL_MEM_COPY_HOST_PTR
 float8 test passed in-place readback
 float8 test passed. cl_mem_flags src: CL_MEM_USE_HOST_PTR
 float8 test passed in-place readback
 float8 test passed. cl_mem_flags src: CL_MEM_COPY_HOST_PTR
 float8 test passed in-place readback
 float8 test passed. cl_mem_flags src: 0
 float8 test passed in-place readback
 float16 test passed. cl_mem_flags src: CL_MEM_ALLOC_HOST_PTR
 float16 test passed in-place readback
 float16 test passed. cl_mem_flags src: CL_MEM_ALLOC_HOST_PTR | CL_MEM_COPY_HOST_PTR
 float16 test passed in-place readback
 float16 test passed. cl_mem_flags src: CL_MEM_USE_HOST_PTR
 float16 test passed in-place readback
 float16 test passed. cl_mem_flags src: CL_MEM_COPY_HOST_PTR
 float16 test passed in-place readback
 float16 test passed. cl_mem_flags src: 0
 float16 test passed in-place readback
buffer_read_float passed
buffer_read_char...
 char1 test passed. cl_mem_flags src: CL_MEM_ALLOC_HOST_PTR
 char1 test passed in-place readback
 char1 test passed. cl_mem_flags src: CL_MEM_ALLOC_HOST_PTR | CL_MEM_COPY_HOST_PTR
 char1 test passed in-place readback
 char1 test passed. cl_mem_flags src: CL_MEM_USE_HOST_PTR
 char1 test passed in-place readback
 char1 test passed. cl_mem_flags src: CL_MEM_COPY_HOST_PTR
 char1 test passed in-place readback
 char1 test passed. cl_mem_flags src: 0
 char1 test passed in-place readback
 char2 test passed. cl_mem_flags src: CL_MEM_ALLOC_HOST_PTR
 char2 test passed in-place readback
 char2 test passed. cl_mem_flags src: CL_MEM_ALLOC_HOST_PTR | CL_MEM_COPY_HOST_PTR
 char2 test passed in-place readback
 char2 test passed. cl_mem_flags src: CL_MEM_USE_HOST_PTR
 char2 test passed in-place readback
 char2 test passed. cl_mem_flags src: CL_MEM_COPY_HOST_PTR
 char2 test passed in-place readback
 char2 test passed. cl_mem_flags src: 0
 char2 test passed in-place readback
 char4 test passed. cl_mem_flags src: CL_MEM_ALLOC_HOST_PTR
 char4 test passed in-place readback
 char4 test passed. cl_mem_flags src: CL_MEM_ALLOC_HOST_PTR | CL_MEM_COPY_HOST_PTR
 char4 test passed in-place readback
 char4 test passed. cl_mem_flags src: CL_MEM_USE_HOST_PTR
 char4 test passed in-place readback
 char4 test passed. cl_mem_flags src: CL_MEM_COPY_HOST_PTR
 char4 test passed in-place readback
 char4 test passed. cl_mem_flags src: 0
 char4 test passed in-place readback
 char8 test passed. cl_mem_flags src: CL_MEM_ALLOC_HOST_PTR
 char8 test passed in-place readback
 char8 test passed. cl_mem_flags src: CL_MEM_ALLOC_HOST_PTR | CL_MEM_COPY_HOST_PTR
 char8 test passed in-place readback
 char8 test passed. cl_mem_flags src: CL_MEM_USE_HOST_PTR
 char8 test passed in-place readback
 char8 test passed. cl_mem_flags src: CL_MEM_COPY_HOST_PTR
 char8 test passed in-place readback
 char8 test passed. cl_mem_flags src: 0
 char8 test passed in-place readback
 char16 test passed. cl_mem_flags src: CL_MEM_ALLOC_HOST_PTR
 char16 test passed in-place readback
 char16 test passed. cl_mem_flags src: CL_MEM_ALLOC_HOST_PTR | CL_MEM_COPY_HOST_PTR
 char16 test passed in-place readback
 char16 test passed. cl_mem_flags src: CL_MEM_USE_HOST_PTR
 char16 test passed in-place readback
 char16 test passed. cl_mem_flags src: CL_MEM_COPY_HOST_PTR
 char16 test passed in-place readback
 char16 test passed. cl_mem_flags src: 0
 char16 test passed in-place readback
buffer_read_char passed
buffer_read_uchar...
 uchar1 test passed. cl_mem_flags src: CL_MEM_ALLOC_HOST_PTR
 uchar1 test passed in-place readback
 uchar1 test passed. cl_mem_flags src: CL_MEM_ALLOC_HOST_PTR | CL_MEM_COPY_HOST_PTR
 uchar1 test passed in-place readback
 uchar1 test passed. cl_mem_flags src: CL_MEM_USE_HOST_PTR
 uchar1 test passed in-place readback
 uchar1 test passed. cl_mem_flags src: CL_MEM_COPY_HOST_PTR
 uchar1 test passed in-place readback
 uchar1 test passed. cl_mem_flags src: 0
 uchar1 test passed in-place readback
 uchar2 test passed. cl_mem_flags src: CL_MEM_ALLOC_HOST_PTR
 uchar2 test passed in-place readback
 uchar2 test passed. cl_mem_flags src: CL_MEM_ALLOC_HOST_PTR | CL_MEM_COPY_HOST_PTR
 uchar2 test passed in-place readback
 uchar2 test passed. cl_mem_flags src: CL_MEM_USE_HOST_PTR
 uchar2 test passed in-place readback
 uchar2 test passed. cl_mem_flags src: CL_MEM_COPY_HOST_PTR
 uchar2 test passed in-place readback
 uchar2 test passed. cl_mem_flags src: 0
 uchar2 test passed in-place readback
 uchar4 test passed. cl_mem_flags src: CL_MEM_ALLOC_HOST_PTR
 uchar4 test passed in-place readback
 uchar4 test passed. cl_mem_flags src: CL_MEM_ALLOC_HOST_PTR | CL_MEM_COPY_HOST_PTR
 uchar4 test passed in-place readback
 uchar4 test passed. cl_mem_flags src: CL_MEM_USE_HOST_PTR
 uchar4 test passed in-place readback
 uchar4 test passed. cl_mem_flags src: CL_MEM_COPY_HOST_PTR
 uchar4 test passed in-place readback
 uchar4 test passed. cl_mem_flags src: 0
 uchar4 test passed in-place readback
 uchar8 test passed. cl_mem_flags src: CL_MEM_ALLOC_HOST_PTR
 uchar8 test passed in-place readback
 uchar8 test passed. cl_mem_flags src: CL_MEM_ALLOC_HOST_PTR | CL_MEM_COPY_HOST_PTR
 uchar8 test passed in-place readback
 uchar8 test passed. cl_mem_flags src: CL_MEM_USE_HOST_PTR
 uchar8 test passed in-place readback
 uchar8 test passed. cl_mem_flags src: CL_MEM_COPY_HOST_PTR
 uchar8 test passed in-place readback
 uchar8 test passed. cl_mem_flags src: 0
 uchar8 test passed in-place readback
 uchar16 test passed. cl_mem_flags src: CL_MEM_ALLOC_HOST_PTR
 uchar16 test passed in-place readback
 uchar16 test passed. cl_mem_flags src: CL_MEM_ALLOC_HOST_PTR | CL_MEM_COPY_HOST_PTR
 uchar16 test passed in-place readback
 uchar16 test passed. cl_mem_flags src: CL_MEM_USE_HOST_PTR
 uchar16 test passed in-place readback
 uchar16 test passed. cl_mem_flags src: CL_MEM_COPY_HOST_PTR
 uchar16 test passed in-place readback
 uchar16 test passed. cl_mem_flags src: 0
 uchar16 test passed in-place readback
buffer_read_uchar passed
buffer_read_half...
 half1 test passed. cl_mem_flags src: CL_MEM_ALLOC_HOST_PTR
 half1 test passed in-place readback
 half1 test passed. cl_mem_flags src: CL_MEM_ALLOC_HOST_PTR | CL_MEM_COPY_HOST_PTR
 half1 test passed in-place readback
 half1 test passed. cl_mem_flags src: CL_MEM_USE_HOST_PTR
 half1 test passed in-place readback
 half1 test passed. cl_mem_flags src: CL_MEM_COPY_HOST_PTR
 half1 test passed in-place readback
 half1 test passed. cl_mem_flags src: 0
 half1 test passed in-place readback
 half2 test passed. cl_mem_flags src: CL_MEM_ALLOC_HOST_PTR
 half2 test passed in-place readback
 half2 test passed. cl_mem_flags src: CL_MEM_ALLOC_HOST_PTR | CL_MEM_COPY_HOST_PTR
 half2 test passed in-place readback
 half2 test passed. cl_mem_flags src: CL_MEM_USE_HOST_PTR
 half2 test passed in-place readback
 half2 test passed. cl_mem_flags src: CL_MEM_COPY_HOST_PTR
 half2 test passed in-place readback
 half2 test passed. cl_mem_flags src: 0
 half2 test passed in-place readback
 half4 test passed. cl_mem_flags src: CL_MEM_ALLOC_HOST_PTR
 half4 test passed in-place readback
 half4 test passed. cl_mem_flags src: CL_MEM_ALLOC_HOST_PTR | CL_MEM_COPY_HOST_PTR
 half4 test passed in-place readback
 half4 test passed. cl_mem_flags src: CL_MEM_USE_HOST_PTR
 half4 test passed in-place readback
 half4 test passed. cl_mem_flags src: CL_MEM_COPY_HOST_PTR
 half4 test passed in-place readback
 half4 test passed. cl_mem_flags src: 0
 half4 test passed in-place readback
 half8 test passed. cl_mem_flags src: CL_MEM_ALLOC_HOST_PTR
 half8 test passed in-place readback
 half8 test passed. cl_mem_flags src: CL_MEM_ALLOC_HOST_PTR | CL_MEM_COPY_HOST_PTR
 half8 test passed in-place readback
 half8 test passed. cl_mem_flags src: CL_MEM_USE_HOST_PTR
 half8 test passed in-place readback
 half8 test passed. cl_mem_flags src: CL_MEM_COPY_HOST_PTR
 half8 test passed in-place readback
 half8 test passed. cl_mem_flags src: 0
 half8 test passed in-place readback
 half16 test passed. cl_mem_flags src: CL_MEM_ALLOC_HOST_PTR
 half16 test passed in-place readback
 half16 test passed. cl_mem_flags src: CL_MEM_ALLOC_HOST_PTR | CL_MEM_COPY_HOST_PTR
 half16 test passed in-place readback
 half16 test passed. cl_mem_flags src: CL_MEM_USE_HOST_PTR
 half16 test passed in-place readback
 half16 test passed. cl_mem_flags src: CL_MEM_COPY_HOST_PTR
 half16 test passed in-place readback
 half16 test passed. cl_mem_flags src: 0
 half16 test passed in-place readback
buffer_read_half passed
buffer_read_async_char...
 char1 test passed. cl_mem_flags src: CL_MEM_ALLOC_HOST_PTR
 char1 test passed. cl_mem_flags src: CL_MEM_ALLOC_HOST_PTR | CL_MEM_COPY_HOST_PTR
 char1 test passed. cl_mem_flags src: CL_MEM_USE_HOST_PTR
 char1 test passed. cl_mem_flags src: CL_MEM_COPY_HOST_PTR
 char1 test passed. cl_mem_flags src: 0
 char2 test passed. cl_mem_flags src: CL_MEM_ALLOC_HOST_PTR
 char2 test passed. cl_mem_flags src: CL_MEM_ALLOC_HOST_PTR | CL_MEM_COPY_HOST_PTR
 char2 test passed. cl_mem_flags src: CL_MEM_USE_HOST_PTR
 char2 test passed. cl_mem_flags src: CL_MEM_COPY_HOST_PTR
 char2 test passed. cl_mem_flags src: 0
 char4 test passed. cl_mem_flags src: CL_MEM_ALLOC_HOST_PTR
 char4 test passed. cl_mem_flags src: CL_MEM_ALLOC_HOST_PTR | CL_MEM_COPY_HOST_PTR
 char4 test passed. cl_mem_flags src: CL_MEM_USE_HOST_PTR
 char4 test passed. cl_mem_flags src: CL_MEM_COPY_HOST_PTR
 char4 test passed. cl_mem_flags src: 0
 char8 test passed. cl_mem_flags src: CL_MEM_ALLOC_HOST_PTR
 char8 test passed. cl_mem_flags src: CL_MEM_ALLOC_HOST_PTR | CL_MEM_COPY_HOST_PTR
 char8 test passed. cl_mem_flags src: CL_MEM_USE_HOST_PTR
 char8 test passed. cl_mem_flags src: CL_MEM_COPY_HOST_PTR
 char8 test passed. cl_mem_flags src: 0
 char16 test passed. cl_mem_flags src: CL_MEM_ALLOC_HOST_PTR
 char16 test passed. cl_mem_flags src: CL_MEM_ALLOC_HOST_PTR | CL_MEM_COPY_HOST_PTR
 char16 test passed. cl_mem_flags src: CL_MEM_USE_HOST_PTR
 char16 test passed. cl_mem_flags src: CL_MEM_COPY_HOST_PTR
 char16 test passed. cl_mem_flags src: 0
buffer_read_async_char passed
buffer_read_async_uchar...
 uchar1 test passed. cl_mem_flags src: CL_MEM_ALLOC_HOST_PTR
 uchar1 test passed. cl_mem_flags src: CL_MEM_ALLOC_HOST_PTR | CL_MEM_COPY_HOST_PTR
 uchar1 test passed. cl_mem_flags src: CL_MEM_USE_HOST_PTR
 uchar1 test passed. cl_mem_flags src: CL_MEM_COPY_HOST_PTR
 uchar1 test passed. cl_mem_flags src: 0
 uchar2 test passed. cl_mem_flags src: CL_MEM_ALLOC_HOST_PTR
 uchar2 test passed. cl_mem_flags src: CL_MEM_ALLOC_HOST_PTR | CL_MEM_COPY_HOST_PTR
 uchar2 test passed. cl_mem_flags src: CL_MEM_USE_HOST_PTR
 uchar2 test passed. cl_mem_flags src: CL_MEM_COPY_HOST_PTR
 uchar2 test passed. cl_mem_flags src: 0
 uchar4 test passed. cl_mem_flags src: CL_MEM_ALLOC_HOST_PTR
 uchar4 test passed. cl_mem_flags src: CL_MEM_ALLOC_HOST_PTR | CL_MEM_COPY_HOST_PTR
 uchar4 test passed. cl_mem_flags src: CL_MEM_USE_HOST_PTR
 uchar4 test passed. cl_mem_flags src: CL_MEM_COPY_HOST_PTR
 uchar4 test passed. cl_mem_flags src: 0
 uchar8 test passed. cl_mem_flags src: CL_MEM_ALLOC_HOST_PTR
 uchar8 test passed. cl_mem_flags src: CL_MEM_ALLOC_HOST_PTR | CL_MEM_COPY_HOST_PTR
 uchar8 test passed. cl_mem_flags src: CL_MEM_USE_HOST_PTR
 uchar8 test passed. cl_mem_flags src: CL_MEM_COPY_HOST_PTR
 uchar8 test passed. cl_mem_flags src: 0
 uchar16 test passed. cl_mem_flags src: CL_MEM_ALLOC_HOST_PTR
 uchar16 test passed. cl_mem_flags src: CL_MEM_ALLOC_HOST_PTR | CL_MEM_COPY_HOST_PTR
 uchar16 test passed. cl_mem_flags src: CL_MEM_USE_HOST_PTR
 uchar16 test passed. cl_mem_flags src: CL_MEM_COPY_HOST_PTR
 uchar16 test passed. cl_mem_flags src: 0
buffer_read_async_uchar passed
buffer_read_async_short...
 short1 test passed. cl_mem_flags src: CL_MEM_ALLOC_HOST_PTR
 short1 test passed. cl_mem_flags src: CL_MEM_ALLOC_HOST_PTR | CL_MEM_COPY_HOST_PTR
 short1 test passed. cl_mem_flags src: CL_MEM_USE_HOST_PTR
 short1 test passed. cl_mem_flags src: CL_MEM_COPY_HOST_PTR
 short1 test passed. cl_mem_flags src: 0
 short2 test passed. cl_mem_flags src: CL_MEM_ALLOC_HOST_PTR
 short2 test passed. cl_mem_flags src: CL_MEM_ALLOC_HOST_PTR | CL_MEM_COPY_HOST_PTR
 short2 test passed. cl_mem_flags src: CL_MEM_USE_HOST_PTR
 short2 test passed. cl_mem_flags src: CL_MEM_COPY_HOST_PTR
 short2 test passed. cl_mem_flags src: 0
 short4 test passed. cl_mem_flags src: CL_MEM_ALLOC_HOST_PTR
 short4 test passed. cl_mem_flags src: CL_MEM_ALLOC_HOST_PTR | CL_MEM_COPY_HOST_PTR
 short4 test passed. cl_mem_flags src: CL_MEM_USE_HOST_PTR
 short4 test passed. cl_mem_flags src: CL_MEM_COPY_HOST_PTR
 short4 test passed. cl_mem_flags src: 0
 short8 test passed. cl_mem_flags src: CL_MEM_ALLOC_HOST_PTR
 short8 test passed. cl_mem_flags src: CL_MEM_ALLOC_HOST_PTR | CL_MEM_COPY_HOST_PTR
 short8 test passed. cl_mem_flags src: CL_MEM_USE_HOST_PTR
 short8 test passed. cl_mem_flags src: CL_MEM_COPY_HOST_PTR
 short8 test passed. cl_mem_flags src: 0
 short16 test passed. cl_mem_flags src: CL_MEM_ALLOC_HOST_PTR
 short16 test passed. cl_mem_flags src: CL_MEM_ALLOC_HOST_PTR | CL_MEM_COPY_HOST_PTR
 short16 test passed. cl_mem_flags src: CL_MEM_USE_HOST_PTR
 short16 test passed. cl_mem_flags src: CL_MEM_COPY_HOST_PTR
 short16 test passed. cl_mem_flags src: 0
buffer_read_async_short passed
buffer_read_async_ushort...
 ushort1 test passed. cl_mem_flags src: CL_MEM_ALLOC_HOST_PTR
 ushort1 test passed. cl_mem_flags src: CL_MEM_ALLOC_HOST_PTR | CL_MEM_COPY_HOST_PTR
 ushort1 test passed. cl_mem_flags src: CL_MEM_USE_HOST_PTR
 ushort1 test passed. cl_mem_flags src: CL_MEM_COPY_HOST_PTR
 ushort1 test passed. cl_mem_flags src: 0
 ushort2 test passed. cl_mem_flags src: CL_MEM_ALLOC_HOST_PTR
 ushort2 test passed. cl_mem_flags src: CL_MEM_ALLOC_HOST_PTR | CL_MEM_COPY_HOST_PTR
 ushort2 test passed. cl_mem_flags src: CL_MEM_USE_HOST_PTR
 ushort2 test passed. cl_mem_flags src: CL_MEM_COPY_HOST_PTR
 ushort2 test passed. cl_mem_flags src: 0
 ushort4 test passed. cl_mem_flags src: CL_MEM_ALLOC_HOST_PTR
 ushort4 test passed. cl_mem_flags src: CL_MEM_ALLOC_HOST_PTR | CL_MEM_COPY_HOST_PTR
 ushort4 test passed. cl_mem_flags src: CL_MEM_USE_HOST_PTR
 ushort4 test passed. cl_mem_flags src: CL_MEM_COPY_HOST_PTR
 ushort4 test passed. cl_mem_flags src: 0
 ushort8 test passed. cl_mem_flags src: CL_MEM_ALLOC_HOST_PTR
 ushort8 test passed. cl_mem_flags src: CL_MEM_ALLOC_HOST_PTR | CL_MEM_COPY_HOST_PTR
 ushort8 test passed. cl_mem_flags src: CL_MEM_USE_HOST_PTR
 ushort8 test passed. cl_mem_flags src: CL_MEM_COPY_HOST_PTR
 ushort8 test passed. cl_mem_flags src: 0
 ushort16 test passed. cl_mem_flags src: CL_MEM_ALLOC_HOST_PTR
 ushort16 test passed. cl_mem_flags src: CL_MEM_ALLOC_HOST_PTR | CL_MEM_COPY_HOST_PTR
 ushort16 test passed. cl_mem_flags src: CL_MEM_USE_HOST_PTR
 ushort16 test passed. cl_mem_flags src: CL_MEM_COPY_HOST_PTR
 ushort16 test passed. cl_mem_flags src: 0
buffer_read_async_ushort passed
buffer_read_async_int...
 int1 test passed. cl_mem_flags src: CL_MEM_ALLOC_HOST_PTR
 int1 test passed. cl_mem_flags src: CL_MEM_ALLOC_HOST_PTR | CL_MEM_COPY_HOST_PTR
 int1 test passed. cl_mem_flags src: CL_MEM_USE_HOST_PTR
 int1 test passed. cl_mem_flags src: CL_MEM_COPY_HOST_PTR
 int1 test passed. cl_mem_flags src: 0
 int2 test passed. cl_mem_flags src: CL_MEM_ALLOC_HOST_PTR
 int2 test passed. cl_mem_flags src: CL_MEM_ALLOC_HOST_PTR | CL_MEM_COPY_HOST_PTR
 int2 test passed. cl_mem_flags src: CL_MEM_USE_HOST_PTR
 int2 test passed. cl_mem_flags src: CL_MEM_COPY_HOST_PTR
 int2 test passed. cl_mem_flags src: 0
 int4 test passed. cl_mem_flags src: CL_MEM_ALLOC_HOST_PTR
 int4 test passed. cl_mem_flags src: CL_MEM_ALLOC_HOST_PTR | CL_MEM_COPY_HOST_PTR
 int4 test passed. cl_mem_flags src: CL_MEM_USE_HOST_PTR
 int4 test passed. cl_mem_flags src: CL_MEM_COPY_HOST_PTR
 int4 test passed. cl_mem_flags src: 0
 int8 test passed. cl_mem_flags src: CL_MEM_ALLOC_HOST_PTR
 int8 test passed. cl_mem_flags src: CL_MEM_ALLOC_HOST_PTR | CL_MEM_COPY_HOST_PTR
 int8 test passed. cl_mem_flags src: CL_MEM_USE_HOST_PTR
 int8 test passed. cl_mem_flags src: CL_MEM_COPY_HOST_PTR
 int8 test passed. cl_mem_flags src: 0
 int16 test passed. cl_mem_flags src: CL_MEM_ALLOC_HOST_PTR
 int16 test passed. cl_mem_flags src: CL_MEM_ALLOC_HOST_PTR | CL_MEM_COPY_HOST_PTR
 int16 test passed. cl_mem_flags src: CL_MEM_USE_HOST_PTR
 int16 test passed. cl_mem_flags src: CL_MEM_COPY_HOST_PTR
 int16 test passed. cl_mem_flags src: 0
buffer_read_async_int passed
buffer_read_async_uint...
 uint1 test passed. cl_mem_flags src: CL_MEM_ALLOC_HOST_PTR
 uint1 test passed. cl_mem_flags src: CL_MEM_ALLOC_HOST_PTR | CL_MEM_COPY_HOST_PTR
 uint1 test passed. cl_mem_flags src: CL_MEM_USE_HOST_PTR
 uint1 test passed. cl_mem_flags src: CL_MEM_COPY_HOST_PTR
 uint1 test passed. cl_mem_flags src: 0
 uint2 test passed. cl_mem_flags src: CL_MEM_ALLOC_HOST_PTR
 uint2 test passed. cl_mem_flags src: CL_MEM_ALLOC_HOST_PTR | CL_MEM_COPY_HOST_PTR
 uint2 test passed. cl_mem_flags src: CL_MEM_USE_HOST_PTR
 uint2 test passed. cl_mem_flags src: CL_MEM_COPY_HOST_PTR
 uint2 test passed. cl_mem_flags src: 0
 uint4 test passed. cl_mem_flags src: CL_MEM_ALLOC_HOST_PTR
 uint4 test passed. cl_mem_flags src: CL_MEM_ALLOC_HOST_PTR | CL_MEM_COPY_HOST_PTR
 uint4 test passed. cl_mem_flags src: CL_MEM_USE_HOST_PTR
 uint4 test passed. cl_mem_flags src: CL_MEM_COPY_HOST_PTR
 uint4 test passed. cl_mem_flags src: 0
 uint8 test passed. cl_mem_flags src: CL_MEM_ALLOC_HOST_PTR
 uint8 test passed. cl_mem_flags src: CL_MEM_ALLOC_HOST_PTR | CL_MEM_COPY_HOST_PTR
 uint8 test passed. cl_mem_flags src: CL_MEM_USE_HOST_PTR
 uint8 test passed. cl_mem_flags src: CL_MEM_COPY_HOST_PTR
 uint8 test passed. cl_mem_flags src: 0
 uint16 test passed. cl_mem_flags src: CL_MEM_ALLOC_HOST_PTR
 uint16 test passed. cl_mem_flags src: CL_MEM_ALLOC_HOST_PTR | CL_MEM_COPY_HOST_PTR
 uint16 test passed. cl_mem_flags src: CL_MEM_USE_HOST_PTR
 uint16 test passed. cl_mem_flags src: CL_MEM_COPY_HOST_PTR
 uint16 test passed. cl_mem_flags src: 0
buffer_read_async_uint passed
buffer_read_async_long...
 long1 test passed. cl_mem_flags src: CL_MEM_ALLOC_HOST_PTR
 long1 test passed. cl_mem_flags src: CL_MEM_ALLOC_HOST_PTR | CL_MEM_COPY_HOST_PTR
 long1 test passed. cl_mem_flags src: CL_MEM_USE_HOST_PTR
 long1 test passed. cl_mem_flags src: CL_MEM_COPY_HOST_PTR
 long1 test passed. cl_mem_flags src: 0
 long2 test passed. cl_mem_flags src: CL_MEM_ALLOC_HOST_PTR
 long2 test passed. cl_mem_flags src: CL_MEM_ALLOC_HOST_PTR | CL_MEM_COPY_HOST_PTR
 long2 test passed. cl_mem_flags src: CL_MEM_USE_HOST_PTR
 long2 test passed. cl_mem_flags src: CL_MEM_COPY_HOST_PTR
 long2 test passed. cl_mem_flags src: 0
 long4 test passed. cl_mem_flags src: CL_MEM_ALLOC_HOST_PTR
 long4 test passed. cl_mem_flags src: CL_MEM_ALLOC_HOST_PTR | CL_MEM_COPY_HOST_PTR
 long4 test passed. cl_mem_flags src: CL_MEM_USE_HOST_PTR
 long4 test passed. cl_mem_flags src: CL_MEM_COPY_HOST_PTR
 long4 test passed. cl_mem_flags src: 0
 long8 test passed. cl_mem_flags src: CL_MEM_ALLOC_HOST_PTR
 long8 test passed. cl_mem_flags src: CL_MEM_ALLOC_HOST_PTR | CL_MEM_COPY_HOST_PTR
 long8 test passed. cl_mem_flags src: CL_MEM_USE_HOST_PTR
 long8 test passed. cl_mem_flags src: CL_MEM_COPY_HOST_PTR
 long8 test passed. cl_mem_flags src: 0
 long16 test passed. cl_mem_flags src: CL_MEM_ALLOC_HOST_PTR
 long16 test passed. cl_mem_flags src: CL_MEM_ALLOC_HOST_PTR | CL_MEM_COPY_HOST_PTR
 long16 test passed. cl_mem_flags src: CL_MEM_USE_HOST_PTR
 long16 test passed. cl_mem_flags src: CL_MEM_COPY_HOST_PTR
 long16 test passed. cl_mem_flags src: 0
buffer_read_async_long passed
buffer_read_async_ulong...
 ulong1 test passed. cl_mem_flags src: CL_MEM_ALLOC_HOST_PTR
 ulong1 test passed. cl_mem_flags src: CL_MEM_ALLOC_HOST_PTR | CL_MEM_COPY_HOST_PTR
 ulong1 test passed. cl_mem_flags src: CL_MEM_USE_HOST_PTR
 ulong1 test passed. cl_mem_flags src: CL_MEM_COPY_HOST_PTR
 ulong1 test passed. cl_mem_flags src: 0
 ulong2 test passed. cl_mem_flags src: CL_MEM_ALLOC_HOST_PTR
 ulong2 test passed. cl_mem_flags src: CL_MEM_ALLOC_HOST_PTR | CL_MEM_COPY_HOST_PTR
 ulong2 test passed. cl_mem_flags src: CL_MEM_USE_HOST_PTR
 ulong2 test passed. cl_mem_flags src: CL_MEM_COPY_HOST_PTR
 ulong2 test passed. cl_mem_flags src: 0
 ulong4 test passed. cl_mem_flags src: CL_MEM_ALLOC_HOST_PTR
 ulong4 test passed. cl_mem_flags src: CL_MEM_ALLOC_HOST_PTR | CL_MEM_COPY_HOST_PTR
 ulong4 test passed. cl_mem_flags src: CL_MEM_USE_HOST_PTR
 ulong4 test passed. cl_mem_flags src: CL_MEM_COPY_HOST_PTR
 ulong4 test passed. cl_mem_flags src: 0
 ulong8 test passed. cl_mem_flags src: CL_MEM_ALLOC_HOST_PTR
 ulong8 test passed. cl_mem_flags src: CL_MEM_ALLOC_HOST_PTR | CL_MEM_COPY_HOST_PTR
 ulong8 test passed. cl_mem_flags src: CL_MEM_USE_HOST_PTR
 ulong8 test passed. cl_mem_flags src: CL_MEM_COPY_HOST_PTR
 ulong8 test passed. cl_mem_flags src: 0
 ulong16 test passed. cl_mem_flags src: CL_MEM_ALLOC_HOST_PTR
 ulong16 test passed. cl_mem_flags src: CL_MEM_ALLOC_HOST_PTR | CL_MEM_COPY_HOST_PTR
 ulong16 test passed. cl_mem_flags src: CL_MEM_USE_HOST_PTR
 ulong16 test passed. cl_mem_flags src: CL_MEM_COPY_HOST_PTR
 ulong16 test passed. cl_mem_flags src: 0
buffer_read_async_ulong passed
buffer_read_async_float...
 float1 test passed. cl_mem_flags src: CL_MEM_ALLOC_HOST_PTR
 float1 test passed. cl_mem_flags src: CL_MEM_ALLOC_HOST_PTR | CL_MEM_COPY_HOST_PTR
 float1 test passed. cl_mem_flags src: CL_MEM_USE_HOST_PTR
 float1 test passed. cl_mem_flags src: CL_MEM_COPY_HOST_PTR
 float1 test passed. cl_mem_flags src: 0
 float2 test passed. cl_mem_flags src: CL_MEM_ALLOC_HOST_PTR
 float2 test passed. cl_mem_flags src: CL_MEM_ALLOC_HOST_PTR | CL_MEM_COPY_HOST_PTR
 float2 test passed. cl_mem_flags src: CL_MEM_USE_HOST_PTR
 float2 test passed. cl_mem_flags src: CL_MEM_COPY_HOST_PTR
 float2 test passed. cl_mem_flags src: 0
 float4 test passed. cl_mem_flags src: CL_MEM_ALLOC_HOST_PTR
 float4 test passed. cl_mem_flags src: CL_MEM_ALLOC_HOST_PTR | CL_MEM_COPY_HOST_PTR
 float4 test passed. cl_mem_flags src: CL_MEM_USE_HOST_PTR
 float4 test passed. cl_mem_flags src: CL_MEM_COPY_HOST_PTR
 float4 test passed. cl_mem_flags src: 0
 float8 test passed. cl_mem_flags src: CL_MEM_ALLOC_HOST_PTR
 float8 test passed. cl_mem_flags src: CL_MEM_ALLOC_HOST_PTR | CL_MEM_COPY_HOST_PTR
 float8 test passed. cl_mem_flags src: CL_MEM_USE_HOST_PTR
 float8 test passed. cl_mem_flags src: CL_MEM_COPY_HOST_PTR
 float8 test passed. cl_mem_flags src: 0
 float16 test passed. cl_mem_flags src: CL_MEM_ALLOC_HOST_PTR
 float16 test passed. cl_mem_flags src: CL_MEM_ALLOC_HOST_PTR | CL_MEM_COPY_HOST_PTR
 float16 test passed. cl_mem_flags src: CL_MEM_USE_HOST_PTR
 float16 test passed. cl_mem_flags src: CL_MEM_COPY_HOST_PTR
 float16 test passed. cl_mem_flags src: 0
buffer_read_async_float passed
buffer_read_array_barrier_int...
 int1 test passed. cl_mem_flags src: CL_MEM_ALLOC_HOST_PTR
 int1 test passed. cl_mem_flags src: CL_MEM_ALLOC_HOST_PTR | CL_MEM_COPY_HOST_PTR
 int1 test passed. cl_mem_flags src: CL_MEM_USE_HOST_PTR
 int1 test passed. cl_mem_flags src: CL_MEM_COPY_HOST_PTR
 int1 test passed. cl_mem_flags src: 0
 int2 test passed. cl_mem_flags src: CL_MEM_ALLOC_HOST_PTR
 int2 test passed. cl_mem_flags src: CL_MEM_ALLOC_HOST_PTR | CL_MEM_COPY_HOST_PTR
 int2 test passed. cl_mem_flags src: CL_MEM_USE_HOST_PTR
 int2 test passed. cl_mem_flags src: CL_MEM_COPY_HOST_PTR
 int2 test passed. cl_mem_flags src: 0
 int4 test passed. cl_mem_flags src: CL_MEM_ALLOC_HOST_PTR
 int4 test passed. cl_mem_flags src: CL_MEM_ALLOC_HOST_PTR | CL_MEM_COPY_HOST_PTR
 int4 test passed. cl_mem_flags src: CL_MEM_USE_HOST_PTR
 int4 test passed. cl_mem_flags src: CL_MEM_COPY_HOST_PTR
 int4 test passed. cl_mem_flags src: 0
 int8 test passed. cl_mem_flags src: CL_MEM_ALLOC_HOST_PTR
 int8 test passed. cl_mem_flags src: CL_MEM_ALLOC_HOST_PTR | CL_MEM_COPY_HOST_PTR
 int8 test passed. cl_mem_flags src: CL_MEM_USE_HOST_PTR
 int8 test passed. cl_mem_flags src: CL_MEM_COPY_HOST_PTR
 int8 test passed. cl_mem_flags src: 0
 int16 test passed. cl_mem_flags src: CL_MEM_ALLOC_HOST_PTR
 int16 test passed. cl_mem_flags src: CL_MEM_ALLOC_HOST_PTR | CL_MEM_COPY_HOST_PTR
 int16 test passed. cl_mem_flags src: CL_MEM_USE_HOST_PTR
 int16 test passed. cl_mem_flags src: CL_MEM_COPY_HOST_PTR
 int16 test passed. cl_mem_flags src: 0
buffer_read_array_barrier_int passed
buffer_read_array_barrier_uint...
 uint1 test passed. cl_mem_flags src: CL_MEM_ALLOC_HOST_PTR
 uint1 test passed. cl_mem_flags src: CL_MEM_ALLOC_HOST_PTR | CL_MEM_COPY_HOST_PTR
 uint1 test passed. cl_mem_flags src: CL_MEM_USE_HOST_PTR
 uint1 test passed. cl_mem_flags src: CL_MEM_COPY_HOST_PTR
 uint1 test passed. cl_mem_flags src: 0
 uint2 test passed. cl_mem_flags src: CL_MEM_ALLOC_HOST_PTR
 uint2 test passed. cl_mem_flags src: CL_MEM_ALLOC_HOST_PTR | CL_MEM_COPY_HOST_PTR
 uint2 test passed. cl_mem_flags src: CL_MEM_USE_HOST_PTR
 uint2 test passed. cl_mem_flags src: CL_MEM_COPY_HOST_PTR
 uint2 test passed. cl_mem_flags src: 0
 uint4 test passed. cl_mem_flags src: CL_MEM_ALLOC_HOST_PTR
 uint4 test passed. cl_mem_flags src: CL_MEM_ALLOC_HOST_PTR | CL_MEM_COPY_HOST_PTR
 uint4 test passed. cl_mem_flags src: CL_MEM_USE_HOST_PTR
 uint4 test passed. cl_mem_flags src: CL_MEM_COPY_HOST_PTR
 uint4 test passed. cl_mem_flags src: 0
 uint8 test passed. cl_mem_flags src: CL_MEM_ALLOC_HOST_PTR
 uint8 test passed. cl_mem_flags src: CL_MEM_ALLOC_HOST_PTR | CL_MEM_COPY_HOST_PTR
 uint8 test passed. cl_mem_flags src: CL_MEM_USE_HOST_PTR
 uint8 test passed. cl_mem_flags src: CL_MEM_COPY_HOST_PTR
 uint8 test passed. cl_mem_flags src: 0
 uint16 test passed. cl_mem_flags src: CL_MEM_ALLOC_HOST_PTR
 uint16 test passed. cl_mem_flags src: CL_MEM_ALLOC_HOST_PTR | CL_MEM_COPY_HOST_PTR
 uint16 test passed. cl_mem_flags src: CL_MEM_USE_HOST_PTR
 uint16 test passed. cl_mem_flags src: CL_MEM_COPY_HOST_PTR
 uint16 test passed. cl_mem_flags src: 0
buffer_read_array_barrier_uint passed
buffer_read_array_barrier_long...
 long1 test passed. cl_mem_flags src: CL_MEM_ALLOC_HOST_PTR
 long1 test passed. cl_mem_flags src: CL_MEM_ALLOC_HOST_PTR | CL_MEM_COPY_HOST_PTR
 long1 test passed. cl_mem_flags src: CL_MEM_USE_HOST_PTR
 long1 test passed. cl_mem_flags src: CL_MEM_COPY_HOST_PTR
 long1 test passed. cl_mem_flags src: 0
 long2 test passed. cl_mem_flags src: CL_MEM_ALLOC_HOST_PTR
 long2 test passed. cl_mem_flags src: CL_MEM_ALLOC_HOST_PTR | CL_MEM_COPY_HOST_PTR
 long2 test passed. cl_mem_flags src: CL_MEM_USE_HOST_PTR
 long2 test passed. cl_mem_flags src: CL_MEM_COPY_HOST_PTR
 long2 test passed. cl_mem_flags src: 0
 long4 test passed. cl_mem_flags src: CL_MEM_ALLOC_HOST_PTR
 long4 test passed. cl_mem_flags src: CL_MEM_ALLOC_HOST_PTR | CL_MEM_COPY_HOST_PTR
 long4 test passed. cl_mem_flags src: CL_MEM_USE_HOST_PTR
 long4 test passed. cl_mem_flags src: CL_MEM_COPY_HOST_PTR
 long4 test passed. cl_mem_flags src: 0
 long8 test passed. cl_mem_flags src: CL_MEM_ALLOC_HOST_PTR
 long8 test passed. cl_mem_flags src: CL_MEM_ALLOC_HOST_PTR | CL_MEM_COPY_HOST_PTR
 long8 test passed. cl_mem_flags src: CL_MEM_USE_HOST_PTR
 long8 test passed. cl_mem_flags src: CL_MEM_COPY_HOST_PTR
 long8 test passed. cl_mem_flags src: 0
 long16 test passed. cl_mem_flags src: CL_MEM_ALLOC_HOST_PTR
 long16 test passed. cl_mem_flags src: CL_MEM_ALLOC_HOST_PTR | CL_MEM_COPY_HOST_PTR
 long16 test passed. cl_mem_flags src: CL_MEM_USE_HOST_PTR
 long16 test passed. cl_mem_flags src: CL_MEM_COPY_HOST_PTR
 long16 test passed. cl_mem_flags src: 0
buffer_read_array_barrier_long passed
buffer_read_array_barrier_ulong...
 ulong1 test passed. cl_mem_flags src: CL_MEM_ALLOC_HOST_PTR
 ulong1 test passed. cl_mem_flags src: CL_MEM_ALLOC_HOST_PTR | CL_MEM_COPY_HOST_PTR
 ulong1 test passed. cl_mem_flags src: CL_MEM_USE_HOST_PTR
 ulong1 test passed. cl_mem_flags src: CL_MEM_COPY_HOST_PTR
 ulong1 test passed. cl_mem_flags src: 0
 ulong2 test passed. cl_mem_flags src: CL_MEM_ALLOC_HOST_PTR
 ulong2 test passed. cl_mem_flags src: CL_MEM_ALLOC_HOST_PTR | CL_MEM_COPY_HOST_PTR
 ulong2 test passed. cl_mem_flags src: CL_MEM_USE_HOST_PTR
 ulong2 test passed. cl_mem_flags src: CL_MEM_COPY_HOST_PTR
 ulong2 test passed. cl_mem_flags src: 0
 ulong4 test passed. cl_mem_flags src: CL_MEM_ALLOC_HOST_PTR
 ulong4 test passed. cl_mem_flags src: CL_MEM_ALLOC_HOST_PTR | CL_MEM_COPY_HOST_PTR
 ulong4 test passed. cl_mem_flags src: CL_MEM_USE_HOST_PTR
 ulong4 test passed. cl_mem_flags src: CL_MEM_COPY_HOST_PTR
 ulong4 test passed. cl_mem_flags src: 0
 ulong8 test passed. cl_mem_flags src: CL_MEM_ALLOC_HOST_PTR
 ulong8 test passed. cl_mem_flags src: CL_MEM_ALLOC_HOST_PTR | CL_MEM_COPY_HOST_PTR
 ulong8 test passed. cl_mem_flags src: CL_MEM_USE_HOST_PTR
 ulong8 test passed. cl_mem_flags src: CL_MEM_COPY_HOST_PTR
 ulong8 test passed. cl_mem_flags src: 0
 ulong16 test passed. cl_mem_flags src: CL_MEM_ALLOC_HOST_PTR
 ulong16 test passed. cl_mem_flags src: CL_MEM_ALLOC_HOST_PTR | CL_MEM_COPY_HOST_PTR
 ulong16 test passed. cl_mem_flags src: CL_MEM_USE_HOST_PTR
 ulong16 test passed. cl_mem_flags src: CL_MEM_COPY_HOST_PTR
 ulong16 test passed. cl_mem_flags src: 0
buffer_read_array_barrier_ulong passed
buffer_read_array_barrier_short...
 short1 test passed. cl_mem_flags src: CL_MEM_ALLOC_HOST_PTR
 short1 test passed. cl_mem_flags src: CL_MEM_ALLOC_HOST_PTR | CL_MEM_COPY_HOST_PTR
 short1 test passed. cl_mem_flags src: CL_MEM_USE_HOST_PTR
 short1 test passed. cl_mem_flags src: CL_MEM_COPY_HOST_PTR
 short1 test passed. cl_mem_flags src: 0
 short2 test passed. cl_mem_flags src: CL_MEM_ALLOC_HOST_PTR
 short2 test passed. cl_mem_flags src: CL_MEM_ALLOC_HOST_PTR | CL_MEM_COPY_HOST_PTR
 short2 test passed. cl_mem_flags src: CL_MEM_USE_HOST_PTR
 short2 test passed. cl_mem_flags src: CL_MEM_COPY_HOST_PTR
 short2 test passed. cl_mem_flags src: 0
 short4 test passed. cl_mem_flags src: CL_MEM_ALLOC_HOST_PTR
 short4 test passed. cl_mem_flags src: CL_MEM_ALLOC_HOST_PTR | CL_MEM_COPY_HOST_PTR
 short4 test passed. cl_mem_flags src: CL_MEM_USE_HOST_PTR
 short4 test passed. cl_mem_flags src: CL_MEM_COPY_HOST_PTR
 short4 test passed. cl_mem_flags src: 0
 short8 test passed. cl_mem_flags src: CL_MEM_ALLOC_HOST_PTR
 short8 test passed. cl_mem_flags src: CL_MEM_ALLOC_HOST_PTR | CL_MEM_COPY_HOST_PTR
 short8 test passed. cl_mem_flags src: CL_MEM_USE_HOST_PTR
 short8 test passed. cl_mem_flags src: CL_MEM_COPY_HOST_PTR
 short8 test passed. cl_mem_flags src: 0
 short16 test passed. cl_mem_flags src: CL_MEM_ALLOC_HOST_PTR
 short16 test passed. cl_mem_flags src: CL_MEM_ALLOC_HOST_PTR | CL_MEM_COPY_HOST_PTR
 short16 test passed. cl_mem_flags src: CL_MEM_USE_HOST_PTR
 short16 test passed. cl_mem_flags src: CL_MEM_COPY_HOST_PTR
 short16 test passed. cl_mem_flags src: 0
buffer_read_array_barrier_short passed
buffer_read_array_barrier_ushort...
 ushort1 test passed. cl_mem_flags src: CL_MEM_ALLOC_HOST_PTR
 ushort1 test passed. cl_mem_flags src: CL_MEM_ALLOC_HOST_PTR | CL_MEM_COPY_HOST_PTR
 ushort1 test passed. cl_mem_flags src: CL_MEM_USE_HOST_PTR
 ushort1 test passed. cl_mem_flags src: CL_MEM_COPY_HOST_PTR
 ushort1 test passed. cl_mem_flags src: 0
 ushort2 test passed. cl_mem_flags src: CL_MEM_ALLOC_HOST_PTR
 ushort2 test passed. cl_mem_flags src: CL_MEM_ALLOC_HOST_PTR | CL_MEM_COPY_HOST_PTR
 ushort2 test passed. cl_mem_flags src: CL_MEM_USE_HOST_PTR
 ushort2 test passed. cl_mem_flags src: CL_MEM_COPY_HOST_PTR
 ushort2 test passed. cl_mem_flags src: 0
 ushort4 test passed. cl_mem_flags src: CL_MEM_ALLOC_HOST_PTR
 ushort4 test passed. cl_mem_flags src: CL_MEM_ALLOC_HOST_PTR | CL_MEM_COPY_HOST_PTR
 ushort4 test passed. cl_mem_flags src: CL_MEM_USE_HOST_PTR
 ushort4 test passed. cl_mem_flags src: CL_MEM_COPY_HOST_PTR
 ushort4 test passed. cl_mem_flags src: 0
 ushort8 test passed. cl_mem_flags src: CL_MEM_ALLOC_HOST_PTR
 ushort8 test passed. cl_mem_flags src: CL_MEM_ALLOC_HOST_PTR | CL_MEM_COPY_HOST_PTR
 ushort8 test passed. cl_mem_flags src: CL_MEM_USE_HOST_PTR
 ushort8 test passed. cl_mem_flags src: CL_MEM_COPY_HOST_PTR
 ushort8 test passed. cl_mem_flags src: 0
 ushort16 test passed. cl_mem_flags src: CL_MEM_ALLOC_HOST_PTR
 ushort16 test passed. cl_mem_flags src: CL_MEM_ALLOC_HOST_PTR | CL_MEM_COPY_HOST_PTR
 ushort16 test passed. cl_mem_flags src: CL_MEM_USE_HOST_PTR
 ushort16 test passed. cl_mem_flags src: CL_MEM_COPY_HOST_PTR
 ushort16 test passed. cl_mem_flags src: 0
buffer_read_array_barrier_ushort passed
buffer_read_array_barrier_char...
 char1 test passed. cl_mem_flags src: CL_MEM_ALLOC_HOST_PTR
 char1 test passed. cl_mem_flags src: CL_MEM_ALLOC_HOST_PTR | CL_MEM_COPY_HOST_PTR
 char1 test passed. cl_mem_flags src: CL_MEM_USE_HOST_PTR
 char1 test passed. cl_mem_flags src: CL_MEM_COPY_HOST_PTR
 char1 test passed. cl_mem_flags src: 0
 char2 test passed. cl_mem_flags src: CL_MEM_ALLOC_HOST_PTR
 char2 test passed. cl_mem_flags src: CL_MEM_ALLOC_HOST_PTR | CL_MEM_COPY_HOST_PTR
 char2 test passed. cl_mem_flags src: CL_MEM_USE_HOST_PTR
 char2 test passed. cl_mem_flags src: CL_MEM_COPY_HOST_PTR
 char2 test passed. cl_mem_flags src: 0
 char4 test passed. cl_mem_flags src: CL_MEM_ALLOC_HOST_PTR
 char4 test passed. cl_mem_flags src: CL_MEM_ALLOC_HOST_PTR | CL_MEM_COPY_HOST_PTR
 char4 test passed. cl_mem_flags src: CL_MEM_USE_HOST_PTR
 char4 test passed. cl_mem_flags src: CL_MEM_COPY_HOST_PTR
 char4 test passed. cl_mem_flags src: 0
 char8 test passed. cl_mem_flags src: CL_MEM_ALLOC_HOST_PTR
 char8 test passed. cl_mem_flags src: CL_MEM_ALLOC_HOST_PTR | CL_MEM_COPY_HOST_PTR
 char8 test passed. cl_mem_flags src: CL_MEM_USE_HOST_PTR
 char8 test passed. cl_mem_flags src: CL_MEM_COPY_HOST_PTR
 char8 test passed. cl_mem_flags src: 0
 char16 test passed. cl_mem_flags src: CL_MEM_ALLOC_HOST_PTR
 char16 test passed. cl_mem_flags src: CL_MEM_ALLOC_HOST_PTR | CL_MEM_COPY_HOST_PTR
 char16 test passed. cl_mem_flags src: CL_MEM_USE_HOST_PTR
 char16 test passed. cl_mem_flags src: CL_MEM_COPY_HOST_PTR
 char16 test passed. cl_mem_flags src: 0
buffer_read_array_barrier_char passed
buffer_read_array_barrier_uchar...
 uchar1 test passed. cl_mem_flags src: CL_MEM_ALLOC_HOST_PTR
 uchar1 test passed. cl_mem_flags src: CL_MEM_ALLOC_HOST_PTR | CL_MEM_COPY_HOST_PTR
 uchar1 test passed. cl_mem_flags src: CL_MEM_USE_HOST_PTR
 uchar1 test passed. cl_mem_flags src: CL_MEM_COPY_HOST_PTR
 uchar1 test passed. cl_mem_flags src: 0
 uchar2 test passed. cl_mem_flags src: CL_MEM_ALLOC_HOST_PTR
 uchar2 test passed. cl_mem_flags src: CL_MEM_ALLOC_HOST_PTR | CL_MEM_COPY_HOST_PTR
 uchar2 test passed. cl_mem_flags src: CL_MEM_USE_HOST_PTR
 uchar2 test passed. cl_mem_flags src: CL_MEM_COPY_HOST_PTR
 uchar2 test passed. cl_mem_flags src: 0
 uchar4 test passed. cl_mem_flags src: CL_MEM_ALLOC_HOST_PTR
 uchar4 test passed. cl_mem_flags src: CL_MEM_ALLOC_HOST_PTR | CL_MEM_COPY_HOST_PTR
 uchar4 test passed. cl_mem_flags src: CL_MEM_USE_HOST_PTR
 uchar4 test passed. cl_mem_flags src: CL_MEM_COPY_HOST_PTR
 uchar4 test passed. cl_mem_flags src: 0
 uchar8 test passed. cl_mem_flags src: CL_MEM_ALLOC_HOST_PTR
 uchar8 test passed. cl_mem_flags src: CL_MEM_ALLOC_HOST_PTR | CL_MEM_COPY_HOST_PTR
 uchar8 test passed. cl_mem_flags src: CL_MEM_USE_HOST_PTR
 uchar8 test passed. cl_mem_flags src: CL_MEM_COPY_HOST_PTR
 uchar8 test passed. cl_mem_flags src: 0
 uchar16 test passed. cl_mem_flags src: CL_MEM_ALLOC_HOST_PTR
 uchar16 test passed. cl_mem_flags src: CL_MEM_ALLOC_HOST_PTR | CL_MEM_COPY_HOST_PTR
 uchar16 test passed. cl_mem_flags src: CL_MEM_USE_HOST_PTR
 uchar16 test passed. cl_mem_flags src: CL_MEM_COPY_HOST_PTR
 uchar16 test passed. cl_mem_flags src: 0
buffer_read_array_barrier_uchar passed
buffer_read_array_barrier_float...
 float1 test passed. cl_mem_flags src: CL_MEM_ALLOC_HOST_PTR
 float1 test passed. cl_mem_flags src: CL_MEM_ALLOC_HOST_PTR | CL_MEM_COPY_HOST_PTR
 float1 test passed. cl_mem_flags src: CL_MEM_USE_HOST_PTR
 float1 test passed. cl_mem_flags src: CL_MEM_COPY_HOST_PTR
 float1 test passed. cl_mem_flags src: 0
 float2 test passed. cl_mem_flags src: CL_MEM_ALLOC_HOST_PTR
 float2 test passed. cl_mem_flags src: CL_MEM_ALLOC_HOST_PTR | CL_MEM_COPY_HOST_PTR
 float2 test passed. cl_mem_flags src: CL_MEM_USE_HOST_PTR
 float2 test passed. cl_mem_flags src: CL_MEM_COPY_HOST_PTR
 float2 test passed. cl_mem_flags src: 0
 float4 test passed. cl_mem_flags src: CL_MEM_ALLOC_HOST_PTR
 float4 test passed. cl_mem_flags src: CL_MEM_ALLOC_HOST_PTR | CL_MEM_COPY_HOST_PTR
 float4 test passed. cl_mem_flags src: CL_MEM_USE_HOST_PTR
 float4 test passed. cl_mem_flags src: CL_MEM_COPY_HOST_PTR
 float4 test passed. cl_mem_flags src: 0
 float8 test passed. cl_mem_flags src: CL_MEM_ALLOC_HOST_PTR
 float8 test passed. cl_mem_flags src: CL_MEM_ALLOC_HOST_PTR | CL_MEM_COPY_HOST_PTR
 float8 test passed. cl_mem_flags src: CL_MEM_USE_HOST_PTR
 float8 test passed. cl_mem_flags src: CL_MEM_COPY_HOST_PTR
 float8 test passed. cl_mem_flags src: 0
 float16 test passed. cl_mem_flags src: CL_MEM_ALLOC_HOST_PTR
 float16 test passed. cl_mem_flags src: CL_MEM_ALLOC_HOST_PTR | CL_MEM_COPY_HOST_PTR
 float16 test passed. cl_mem_flags src: CL_MEM_USE_HOST_PTR
 float16 test passed. cl_mem_flags src: CL_MEM_COPY_HOST_PTR
 float16 test passed. cl_mem_flags src: 0
buffer_read_array_barrier_float passed
buffer_read_struct...
 struct test passed
buffer_read_struct passed
buffer_read_random_size...
 random size from 8987, size: 4388 test passed on i1
 random size from 8987, size: 4388 test passed on i2
 random size from 8987, size: 4388 test passed on i4
 random size from 11711, size: 3946 test passed on i1
 random size from 11711, size: 3946 test passed on i2
 random size from 11711, size: 3946 test passed on i4
 random size from 9870, size: 5589 test passed on i1
 random size from 9870, size: 5589 test passed on i2
 random size from 9870, size: 5589 test passed on i4
 random size from 8923, size: 6322 test passed on i1
 random size from 8923, size: 6322 test passed on i2
 random size from 8923, size: 6322 test passed on i4
 random size from 6937, size: 5893 test passed on i1
 random size from 6937, size: 5893 test passed on i2
 random size from 6937, size: 5893 test passed on i4
 random size from 10577, size: 2237 test passed on i1
 random size from 10577, size: 2237 test passed on i2
 random size from 10577, size: 2237 test passed on i4
 random size from 7165, size: 2748 test passed on i1
 random size from 7165, size: 2748 test passed on i2
 random size from 7165, size: 2748 test passed on i4
 random size from 14603, size: 108 test passed on i1
 random size from 14603, size: 108 test passed on i2
 random size from 14603, size: 108 test passed on i4
buffer_read_random_size passed
buffer_write_struct...
 buffer_WRITE struct1 test passed. cl_mem_flags src: CL_MEM_ALLOC_HOST_PTR dst: CL_MEM_ALLOC_HOST_PTR
 buffer_WRITE struct1 test passed. cl_mem_flags src: CL_MEM_ALLOC_HOST_PTR dst: CL_MEM_ALLOC_HOST_PTR | CL_MEM_COPY_HOST_PTR
 buffer_WRITE struct1 test passed. cl_mem_flags src: CL_MEM_ALLOC_HOST_PTR dst: CL_MEM_USE_HOST_PTR
 buffer_WRITE struct1 test passed. cl_mem_flags src: CL_MEM_ALLOC_HOST_PTR dst: CL_MEM_COPY_HOST_PTR
 buffer_WRITE struct1 test passed. cl_mem_flags src: CL_MEM_ALLOC_HOST_PTR dst: 0
 buffer_WRITE struct1 test passed. cl_mem_flags src: CL_MEM_ALLOC_HOST_PTR | CL_MEM_COPY_HOST_PTR dst: CL_MEM_ALLOC_HOST_PTR
 buffer_WRITE struct1 test passed. cl_mem_flags src: CL_MEM_ALLOC_HOST_PTR | CL_MEM_COPY_HOST_PTR dst: CL_MEM_ALLOC_HOST_PTR | CL_MEM_COPY_HOST_PTR
 buffer_WRITE struct1 test passed. cl_mem_flags src: CL_MEM_ALLOC_HOST_PTR | CL_MEM_COPY_HOST_PTR dst: CL_MEM_USE_HOST_PTR
 buffer_WRITE struct1 test passed. cl_mem_flags src: CL_MEM_ALLOC_HOST_PTR | CL_MEM_COPY_HOST_PTR dst: CL_MEM_COPY_HOST_PTR
 buffer_WRITE struct1 test passed. cl_mem_flags src: CL_MEM_ALLOC_HOST_PTR | CL_MEM_COPY_HOST_PTR dst: 0
 buffer_WRITE struct1 test passed. cl_mem_flags src: CL_MEM_USE_HOST_PTR dst: CL_MEM_ALLOC_HOST_PTR
 buffer_WRITE struct1 test passed. cl_mem_flags src: CL_MEM_USE_HOST_PTR dst: CL_MEM_ALLOC_HOST_PTR | CL_MEM_COPY_HOST_PTR
 buffer_WRITE struct1 test passed. cl_mem_flags src: CL_MEM_USE_HOST_PTR dst: CL_MEM_USE_HOST_PTR
 buffer_WRITE struct1 test passed. cl_mem_flags src: CL_MEM_USE_HOST_PTR dst: CL_MEM_COPY_HOST_PTR
 buffer_WRITE struct1 test passed. cl_mem_flags src: CL_MEM_USE_HOST_PTR dst: 0
 buffer_WRITE struct1 test passed. cl_mem_flags src: CL_MEM_COPY_HOST_PTR dst: CL_MEM_ALLOC_HOST_PTR
 buffer_WRITE struct1 test passed. cl_mem_flags src: CL_MEM_COPY_HOST_PTR dst: CL_MEM_ALLOC_HOST_PTR | CL_MEM_COPY_HOST_PTR
 buffer_WRITE struct1 test passed. cl_mem_flags src: CL_MEM_COPY_HOST_PTR dst: CL_MEM_USE_HOST_PTR
 buffer_WRITE struct1 test passed. cl_mem_flags src: CL_MEM_COPY_HOST_PTR dst: CL_MEM_COPY_HOST_PTR
 buffer_WRITE struct1 test passed. cl_mem_flags src: CL_MEM_COPY_HOST_PTR dst: 0
 buffer_WRITE struct1 test passed. cl_mem_flags src: 0 dst: CL_MEM_ALLOC_HOST_PTR
 buffer_WRITE struct1 test passed. cl_mem_flags src: 0 dst: CL_MEM_ALLOC_HOST_PTR | CL_MEM_COPY_HOST_PTR
 buffer_WRITE struct1 test passed. cl_mem_flags src: 0 dst: CL_MEM_USE_HOST_PTR
 buffer_WRITE struct1 test passed. cl_mem_flags src: 0 dst: CL_MEM_COPY_HOST_PTR
 buffer_WRITE struct1 test passed. cl_mem_flags src: 0 dst: 0
buffer_write_struct passed
buffer_write_int...
 int1 test passed. cl_mem_flags src: CL_MEM_ALLOC_HOST_PTR dst: CL_MEM_ALLOC_HOST_PTR
 int1 test passed. cl_mem_flags src: CL_MEM_ALLOC_HOST_PTR dst: CL_MEM_ALLOC_HOST_PTR | CL_MEM_COPY_HOST_PTR
 int1 test passed. cl_mem_flags src: CL_MEM_ALLOC_HOST_PTR dst: CL_MEM_USE_HOST_PTR
 int1 test passed. cl_mem_flags src: CL_MEM_ALLOC_HOST_PTR dst: CL_MEM_COPY_HOST_PTR
 int1 test passed. cl_mem_flags src: CL_MEM_ALLOC_HOST_PTR dst: 0
 int1 test passed. cl_mem_flags src: CL_MEM_ALLOC_HOST_PTR | CL_MEM_COPY_HOST_PTR dst: CL_MEM_ALLOC_HOST_PTR
 int1 test passed. cl_mem_flags src: CL_MEM_ALLOC_HOST_PTR | CL_MEM_COPY_HOST_PTR dst: CL_MEM_ALLOC_HOST_PTR | CL_MEM_COPY_HOST_PTR
 int1 test passed. cl_mem_flags src: CL_MEM_ALLOC_HOST_PTR | CL_MEM_COPY_HOST_PTR dst: CL_MEM_USE_HOST_PTR
 int1 test passed. cl_mem_flags src: CL_MEM_ALLOC_HOST_PTR | CL_MEM_COPY_HOST_PTR dst: CL_MEM_COPY_HOST_PTR
 int1 test passed. cl_mem_flags src: CL_MEM_ALLOC_HOST_PTR | CL_MEM_COPY_HOST_PTR dst: 0
 int1 test passed. cl_mem_flags src: CL_MEM_USE_HOST_PTR dst: CL_MEM_ALLOC_HOST_PTR
 int1 test passed. cl_mem_flags src: CL_MEM_USE_HOST_PTR dst: CL_MEM_ALLOC_HOST_PTR | CL_MEM_COPY_HOST_PTR
 int1 test passed. cl_mem_flags src: CL_MEM_USE_HOST_PTR dst: CL_MEM_USE_HOST_PTR
 int1 test passed. cl_mem_flags src: CL_MEM_USE_HOST_PTR dst: CL_MEM_COPY_HOST_PTR
 int1 test passed. cl_mem_flags src: CL_MEM_USE_HOST_PTR dst: 0
 int1 test passed. cl_mem_flags src: CL_MEM_COPY_HOST_PTR dst: CL_MEM_ALLOC_HOST_PTR
 int1 test passed. cl_mem_flags src: CL_MEM_COPY_HOST_PTR dst: CL_MEM_ALLOC_HOST_PTR | CL_MEM_COPY_HOST_PTR
 int1 test passed. cl_mem_flags src: CL_MEM_COPY_HOST_PTR dst: CL_MEM_USE_HOST_PTR
 int1 test passed. cl_mem_flags src: CL_MEM_COPY_HOST_PTR dst: CL_MEM_COPY_HOST_PTR
 int1 test passed. cl_mem_flags src: CL_MEM_COPY_HOST_PTR dst: 0
 int1 test passed. cl_mem_flags src: 0 dst: CL_MEM_ALLOC_HOST_PTR
 int1 test passed. cl_mem_flags src: 0 dst: CL_MEM_ALLOC_HOST_PTR | CL_MEM_COPY_HOST_PTR
 int1 test passed. cl_mem_flags src: 0 dst: CL_MEM_USE_HOST_PTR
 int1 test passed. cl_mem_flags src: 0 dst: CL_MEM_COPY_HOST_PTR
 int1 test passed. cl_mem_flags src: 0 dst: 0
 int2 test passed. cl_mem_flags src: CL_MEM_ALLOC_HOST_PTR dst: CL_MEM_ALLOC_HOST_PTR
 int2 test passed. cl_mem_flags src: CL_MEM_ALLOC_HOST_PTR dst: CL_MEM_ALLOC_HOST_PTR | CL_MEM_COPY_HOST_PTR
 int2 test passed. cl_mem_flags src: CL_MEM_ALLOC_HOST_PTR dst: CL_MEM_USE_HOST_PTR
 int2 test passed. cl_mem_flags src: CL_MEM_ALLOC_HOST_PTR dst: CL_MEM_COPY_HOST_PTR
 int2 test passed. cl_mem_flags src: CL_MEM_ALLOC_HOST_PTR dst: 0
 int2 test passed. cl_mem_flags src: CL_MEM_ALLOC_HOST_PTR | CL_MEM_COPY_HOST_PTR dst: CL_MEM_ALLOC_HOST_PTR
 int2 test passed. cl_mem_flags src: CL_MEM_ALLOC_HOST_PTR | CL_MEM_COPY_HOST_PTR dst: CL_MEM_ALLOC_HOST_PTR | CL_MEM_COPY_HOST_PTR
 int2 test passed. cl_mem_flags src: CL_MEM_ALLOC_HOST_PTR | CL_MEM_COPY_HOST_PTR dst: CL_MEM_USE_HOST_PTR
 int2 test passed. cl_mem_flags src: CL_MEM_ALLOC_HOST_PTR | CL_MEM_COPY_HOST_PTR dst: CL_MEM_COPY_HOST_PTR
 int2 test passed. cl_mem_flags src: CL_MEM_ALLOC_HOST_PTR | CL_MEM_COPY_HOST_PTR dst: 0
 int2 test passed. cl_mem_flags src: CL_MEM_USE_HOST_PTR dst: CL_MEM_ALLOC_HOST_PTR
 int2 test passed. cl_mem_flags src: CL_MEM_USE_HOST_PTR dst: CL_MEM_ALLOC_HOST_PTR | CL_MEM_COPY_HOST_PTR
 int2 test passed. cl_mem_flags src: CL_MEM_USE_HOST_PTR dst: CL_MEM_USE_HOST_PTR
 int2 test passed. cl_mem_flags src: CL_MEM_USE_HOST_PTR dst: CL_MEM_COPY_HOST_PTR
 int2 test passed. cl_mem_flags src: CL_MEM_USE_HOST_PTR dst: 0
 int2 test passed. cl_mem_flags src: CL_MEM_COPY_HOST_PTR dst: CL_MEM_ALLOC_HOST_PTR
 int2 test passed. cl_mem_flags src: CL_MEM_COPY_HOST_PTR dst: CL_MEM_ALLOC_HOST_PTR | CL_MEM_COPY_HOST_PTR
 int2 test passed. cl_mem_flags src: CL_MEM_COPY_HOST_PTR dst: CL_MEM_USE_HOST_PTR
 int2 test passed. cl_mem_flags src: CL_MEM_COPY_HOST_PTR dst: CL_MEM_COPY_HOST_PTR
 int2 test passed. cl_mem_flags src: CL_MEM_COPY_HOST_PTR dst: 0
 int2 test passed. cl_mem_flags src: 0 dst: CL_MEM_ALLOC_HOST_PTR
 int2 test passed. cl_mem_flags src: 0 dst: CL_MEM_ALLOC_HOST_PTR | CL_MEM_COPY_HOST_PTR
 int2 test passed. cl_mem_flags src: 0 dst: CL_MEM_USE_HOST_PTR
 int2 test passed. cl_mem_flags src: 0 dst: CL_MEM_COPY_HOST_PTR
 int2 test passed. cl_mem_flags src: 0 dst: 0
 int4 test passed. cl_mem_flags src: CL_MEM_ALLOC_HOST_PTR dst: CL_MEM_ALLOC_HOST_PTR
 int4 test passed. cl_mem_flags src: CL_MEM_ALLOC_HOST_PTR dst: CL_MEM_ALLOC_HOST_PTR | CL_MEM_COPY_HOST_PTR
 int4 test passed. cl_mem_flags src: CL_MEM_ALLOC_HOST_PTR dst: CL_MEM_USE_HOST_PTR
 int4 test passed. cl_mem_flags src: CL_MEM_ALLOC_HOST_PTR dst: CL_MEM_COPY_HOST_PTR
 int4 test passed. cl_mem_flags src: CL_MEM_ALLOC_HOST_PTR dst: 0
 int4 test passed. cl_mem_flags src: CL_MEM_ALLOC_HOST_PTR | CL_MEM_COPY_HOST_PTR dst: CL_MEM_ALLOC_HOST_PTR
 int4 test passed. cl_mem_flags src: CL_MEM_ALLOC_HOST_PTR | CL_MEM_COPY_HOST_PTR dst: CL_MEM_ALLOC_HOST_PTR | CL_MEM_COPY_HOST_PTR
 int4 test passed. cl_mem_flags src: CL_MEM_ALLOC_HOST_PTR | CL_MEM_COPY_HOST_PTR dst: CL_MEM_USE_HOST_PTR
 int4 test passed. cl_mem_flags src: CL_MEM_ALLOC_HOST_PTR | CL_MEM_COPY_HOST_PTR dst: CL_MEM_COPY_HOST_PTR
 int4 test passed. cl_mem_flags src: CL_MEM_ALLOC_HOST_PTR | CL_MEM_COPY_HOST_PTR dst: 0
 int4 test passed. cl_mem_flags src: CL_MEM_USE_HOST_PTR dst: CL_MEM_ALLOC_HOST_PTR
 int4 test passed. cl_mem_flags src: CL_MEM_USE_HOST_PTR dst: CL_MEM_ALLOC_HOST_PTR | CL_MEM_COPY_HOST_PTR
 int4 test passed. cl_mem_flags src: CL_MEM_USE_HOST_PTR dst: CL_MEM_USE_HOST_PTR
 int4 test passed. cl_mem_flags src: CL_MEM_USE_HOST_PTR dst: CL_MEM_COPY_HOST_PTR
 int4 test passed. cl_mem_flags src: CL_MEM_USE_HOST_PTR dst: 0
 int4 test passed. cl_mem_flags src: CL_MEM_COPY_HOST_PTR dst: CL_MEM_ALLOC_HOST_PTR
 int4 test passed. cl_mem_flags src: CL_MEM_COPY_HOST_PTR dst: CL_MEM_ALLOC_HOST_PTR | CL_MEM_COPY_HOST_PTR
 int4 test passed. cl_mem_flags src: CL_MEM_COPY_HOST_PTR dst: CL_MEM_USE_HOST_PTR
 int4 test passed. cl_mem_flags src: CL_MEM_COPY_HOST_PTR dst: CL_MEM_COPY_HOST_PTR
 int4 test passed. cl_mem_flags src: CL_MEM_COPY_HOST_PTR dst: 0
 int4 test passed. cl_mem_flags src: 0 dst: CL_MEM_ALLOC_HOST_PTR
 int4 test passed. cl_mem_flags src: 0 dst: CL_MEM_ALLOC_HOST_PTR | CL_MEM_COPY_HOST_PTR
 int4 test passed. cl_mem_flags src: 0 dst: CL_MEM_USE_HOST_PTR
 int4 test passed. cl_mem_flags src: 0 dst: CL_MEM_COPY_HOST_PTR
 int4 test passed. cl_mem_flags src: 0 dst: 0
 int8 test passed. cl_mem_flags src: CL_MEM_ALLOC_HOST_PTR dst: CL_MEM_ALLOC_HOST_PTR
 int8 test passed. cl_mem_flags src: CL_MEM_ALLOC_HOST_PTR dst: CL_MEM_ALLOC_HOST_PTR | CL_MEM_COPY_HOST_PTR
 int8 test passed. cl_mem_flags src: CL_MEM_ALLOC_HOST_PTR dst: CL_MEM_USE_HOST_PTR
 int8 test passed. cl_mem_flags src: CL_MEM_ALLOC_HOST_PTR dst: CL_MEM_COPY_HOST_PTR
 int8 test passed. cl_mem_flags src: CL_MEM_ALLOC_HOST_PTR dst: 0
 int8 test passed. cl_mem_flags src: CL_MEM_ALLOC_HOST_PTR | CL_MEM_COPY_HOST_PTR dst: CL_MEM_ALLOC_HOST_PTR
 int8 test passed. cl_mem_flags src: CL_MEM_ALLOC_HOST_PTR | CL_MEM_COPY_HOST_PTR dst: CL_MEM_ALLOC_HOST_PTR | CL_MEM_COPY_HOST_PTR
 int8 test passed. cl_mem_flags src: CL_MEM_ALLOC_HOST_PTR | CL_MEM_COPY_HOST_PTR dst: CL_MEM_USE_HOST_PTR
 int8 test passed. cl_mem_flags src: CL_MEM_ALLOC_HOST_PTR | CL_MEM_COPY_HOST_PTR dst: CL_MEM_COPY_HOST_PTR
 int8 test passed. cl_mem_flags src: CL_MEM_ALLOC_HOST_PTR | CL_MEM_COPY_HOST_PTR dst: 0
 int8 test passed. cl_mem_flags src: CL_MEM_USE_HOST_PTR dst: CL_MEM_ALLOC_HOST_PTR
 int8 test passed. cl_mem_flags src: CL_MEM_USE_HOST_PTR dst: CL_MEM_ALLOC_HOST_PTR | CL_MEM_COPY_HOST_PTR
 int8 test passed. cl_mem_flags src: CL_MEM_USE_HOST_PTR dst: CL_MEM_USE_HOST_PTR
 int8 test passed. cl_mem_flags src: CL_MEM_USE_HOST_PTR dst: CL_MEM_COPY_HOST_PTR
 int8 test passed. cl_mem_flags src: CL_MEM_USE_HOST_PTR dst: 0
 int8 test passed. cl_mem_flags src: CL_MEM_COPY_HOST_PTR dst: CL_MEM_ALLOC_HOST_PTR
 int8 test passed. cl_mem_flags src: CL_MEM_COPY_HOST_PTR dst: CL_MEM_ALLOC_HOST_PTR | CL_MEM_COPY_HOST_PTR
 int8 test passed. cl_mem_flags src: CL_MEM_COPY_HOST_PTR dst: CL_MEM_USE_HOST_PTR
 int8 test passed. cl_mem_flags src: CL_MEM_COPY_HOST_PTR dst: CL_MEM_COPY_HOST_PTR
 int8 test passed. cl_mem_flags src: CL_MEM_COPY_HOST_PTR dst: 0
 int8 test passed. cl_mem_flags src: 0 dst: CL_MEM_ALLOC_HOST_PTR
 int8 test passed. cl_mem_flags src: 0 dst: CL_MEM_ALLOC_HOST_PTR | CL_MEM_COPY_HOST_PTR
 int8 test passed. cl_mem_flags src: 0 dst: CL_MEM_USE_HOST_PTR
 int8 test passed. cl_mem_flags src: 0 dst: CL_MEM_COPY_HOST_PTR
 int8 test passed. cl_mem_flags src: 0 dst: 0
 int16 test passed. cl_mem_flags src: CL_MEM_ALLOC_HOST_PTR dst: CL_MEM_ALLOC_HOST_PTR
 int16 test passed. cl_mem_flags src: CL_MEM_ALLOC_HOST_PTR dst: CL_MEM_ALLOC_HOST_PTR | CL_MEM_COPY_HOST_PTR
 int16 test passed. cl_mem_flags src: CL_MEM_ALLOC_HOST_PTR dst: CL_MEM_USE_HOST_PTR
 int16 test passed. cl_mem_flags src: CL_MEM_ALLOC_HOST_PTR dst: CL_MEM_COPY_HOST_PTR
 int16 test passed. cl_mem_flags src: CL_MEM_ALLOC_HOST_PTR dst: 0
 int16 test passed. cl_mem_flags src: CL_MEM_ALLOC_HOST_PTR | CL_MEM_COPY_HOST_PTR dst: CL_MEM_ALLOC_HOST_PTR
 int16 test passed. cl_mem_flags src: CL_MEM_ALLOC_HOST_PTR | CL_MEM_COPY_HOST_PTR dst: CL_MEM_ALLOC_HOST_PTR | CL_MEM_COPY_HOST_PTR
 int16 test passed. cl_mem_flags src: CL_MEM_ALLOC_HOST_PTR | CL_MEM_COPY_HOST_PTR dst: CL_MEM_USE_HOST_PTR
 int16 test passed. cl_mem_flags src: CL_MEM_ALLOC_HOST_PTR | CL_MEM_COPY_HOST_PTR dst: CL_MEM_COPY_HOST_PTR
 int16 test passed. cl_mem_flags src: CL_MEM_ALLOC_HOST_PTR | CL_MEM_COPY_HOST_PTR dst: 0
 int16 test passed. cl_mem_flags src: CL_MEM_USE_HOST_PTR dst: CL_MEM_ALLOC_HOST_PTR
 int16 test passed. cl_mem_flags src: CL_MEM_USE_HOST_PTR dst: CL_MEM_ALLOC_HOST_PTR | CL_MEM_COPY_HOST_PTR
 int16 test passed. cl_mem_flags src: CL_MEM_USE_HOST_PTR dst: CL_MEM_USE_HOST_PTR
 int16 test passed. cl_mem_flags src: CL_MEM_USE_HOST_PTR dst: CL_MEM_COPY_HOST_PTR
 int16 test passed. cl_mem_flags src: CL_MEM_USE_HOST_PTR dst: 0
 int16 test passed. cl_mem_flags src: CL_MEM_COPY_HOST_PTR dst: CL_MEM_ALLOC_HOST_PTR
 int16 test passed. cl_mem_flags src: CL_MEM_COPY_HOST_PTR dst: CL_MEM_ALLOC_HOST_PTR | CL_MEM_COPY_HOST_PTR
 int16 test passed. cl_mem_flags src: CL_MEM_COPY_HOST_PTR dst: CL_MEM_USE_HOST_PTR
 int16 test passed. cl_mem_flags src: CL_MEM_COPY_HOST_PTR dst: CL_MEM_COPY_HOST_PTR
 int16 test passed. cl_mem_flags src: CL_MEM_COPY_HOST_PTR dst: 0
 int16 test passed. cl_mem_flags src: 0 dst: CL_MEM_ALLOC_HOST_PTR
 int16 test passed. cl_mem_flags src: 0 dst: CL_MEM_ALLOC_HOST_PTR | CL_MEM_COPY_HOST_PTR
 int16 test passed. cl_mem_flags src: 0 dst: CL_MEM_USE_HOST_PTR
 int16 test passed. cl_mem_flags src: 0 dst: CL_MEM_COPY_HOST_PTR
 int16 test passed. cl_mem_flags src: 0 dst: 0
buffer_write_int passed
buffer_write_uint...
 uint1 test passed. cl_mem_flags src: CL_MEM_ALLOC_HOST_PTR dst: CL_MEM_ALLOC_HOST_PTR
 uint1 test passed. cl_mem_flags src: CL_MEM_ALLOC_HOST_PTR dst: CL_MEM_ALLOC_HOST_PTR | CL_MEM_COPY_HOST_PTR
 uint1 test passed. cl_mem_flags src: CL_MEM_ALLOC_HOST_PTR dst: CL_MEM_USE_HOST_PTR
 uint1 test passed. cl_mem_flags src: CL_MEM_ALLOC_HOST_PTR dst: CL_MEM_COPY_HOST_PTR
 uint1 test passed. cl_mem_flags src: CL_MEM_ALLOC_HOST_PTR dst: 0
 uint1 test passed. cl_mem_flags src: CL_MEM_ALLOC_HOST_PTR | CL_MEM_COPY_HOST_PTR dst: CL_MEM_ALLOC_HOST_PTR
 uint1 test passed. cl_mem_flags src: CL_MEM_ALLOC_HOST_PTR | CL_MEM_COPY_HOST_PTR dst: CL_MEM_ALLOC_HOST_PTR | CL_MEM_COPY_HOST_PTR
 uint1 test passed. cl_mem_flags src: CL_MEM_ALLOC_HOST_PTR | CL_MEM_COPY_HOST_PTR dst: CL_MEM_USE_HOST_PTR
 uint1 test passed. cl_mem_flags src: CL_MEM_ALLOC_HOST_PTR | CL_MEM_COPY_HOST_PTR dst: CL_MEM_COPY_HOST_PTR
 uint1 test passed. cl_mem_flags src: CL_MEM_ALLOC_HOST_PTR | CL_MEM_COPY_HOST_PTR dst: 0
 uint1 test passed. cl_mem_flags src: CL_MEM_USE_HOST_PTR dst: CL_MEM_ALLOC_HOST_PTR
 uint1 test passed. cl_mem_flags src: CL_MEM_USE_HOST_PTR dst: CL_MEM_ALLOC_HOST_PTR | CL_MEM_COPY_HOST_PTR
 uint1 test passed. cl_mem_flags src: CL_MEM_USE_HOST_PTR dst: CL_MEM_USE_HOST_PTR
 uint1 test passed. cl_mem_flags src: CL_MEM_USE_HOST_PTR dst: CL_MEM_COPY_HOST_PTR
 uint1 test passed. cl_mem_flags src: CL_MEM_USE_HOST_PTR dst: 0
 uint1 test passed. cl_mem_flags src: CL_MEM_COPY_HOST_PTR dst: CL_MEM_ALLOC_HOST_PTR
 uint1 test passed. cl_mem_flags src: CL_MEM_COPY_HOST_PTR dst: CL_MEM_ALLOC_HOST_PTR | CL_MEM_COPY_HOST_PTR
 uint1 test passed. cl_mem_flags src: CL_MEM_COPY_HOST_PTR dst: CL_MEM_USE_HOST_PTR
 uint1 test passed. cl_mem_flags src: CL_MEM_COPY_HOST_PTR dst: CL_MEM_COPY_HOST_PTR
 uint1 test passed. cl_mem_flags src: CL_MEM_COPY_HOST_PTR dst: 0
 uint1 test passed. cl_mem_flags src: 0 dst: CL_MEM_ALLOC_HOST_PTR
 uint1 test passed. cl_mem_flags src: 0 dst: CL_MEM_ALLOC_HOST_PTR | CL_MEM_COPY_HOST_PTR
 uint1 test passed. cl_mem_flags src: 0 dst: CL_MEM_USE_HOST_PTR
 uint1 test passed. cl_mem_flags src: 0 dst: CL_MEM_COPY_HOST_PTR
 uint1 test passed. cl_mem_flags src: 0 dst: 0
 uint2 test passed. cl_mem_flags src: CL_MEM_ALLOC_HOST_PTR dst: CL_MEM_ALLOC_HOST_PTR
 uint2 test passed. cl_mem_flags src: CL_MEM_ALLOC_HOST_PTR dst: CL_MEM_ALLOC_HOST_PTR | CL_MEM_COPY_HOST_PTR
 uint2 test passed. cl_mem_flags src: CL_MEM_ALLOC_HOST_PTR dst: CL_MEM_USE_HOST_PTR
 uint2 test passed. cl_mem_flags src: CL_MEM_ALLOC_HOST_PTR dst: CL_MEM_COPY_HOST_PTR
 uint2 test passed. cl_mem_flags src: CL_MEM_ALLOC_HOST_PTR dst: 0
 uint2 test passed. cl_mem_flags src: CL_MEM_ALLOC_HOST_PTR | CL_MEM_COPY_HOST_PTR dst: CL_MEM_ALLOC_HOST_PTR
 uint2 test passed. cl_mem_flags src: CL_MEM_ALLOC_HOST_PTR | CL_MEM_COPY_HOST_PTR dst: CL_MEM_ALLOC_HOST_PTR | CL_MEM_COPY_HOST_PTR
 uint2 test passed. cl_mem_flags src: CL_MEM_ALLOC_HOST_PTR | CL_MEM_COPY_HOST_PTR dst: CL_MEM_USE_HOST_PTR
 uint2 test passed. cl_mem_flags src: CL_MEM_ALLOC_HOST_PTR | CL_MEM_COPY_HOST_PTR dst: CL_MEM_COPY_HOST_PTR
 uint2 test passed. cl_mem_flags src: CL_MEM_ALLOC_HOST_PTR | CL_MEM_COPY_HOST_PTR dst: 0
 uint2 test passed. cl_mem_flags src: CL_MEM_USE_HOST_PTR dst: CL_MEM_ALLOC_HOST_PTR
 uint2 test passed. cl_mem_flags src: CL_MEM_USE_HOST_PTR dst: CL_MEM_ALLOC_HOST_PTR | CL_MEM_COPY_HOST_PTR
 uint2 test passed. cl_mem_flags src: CL_MEM_USE_HOST_PTR dst: CL_MEM_USE_HOST_PTR
 uint2 test passed. cl_mem_flags src: CL_MEM_USE_HOST_PTR dst: CL_MEM_COPY_HOST_PTR
 uint2 test passed. cl_mem_flags src: CL_MEM_USE_HOST_PTR dst: 0
 uint2 test passed. cl_mem_flags src: CL_MEM_COPY_HOST_PTR dst: CL_MEM_ALLOC_HOST_PTR
 uint2 test passed. cl_mem_flags src: CL_MEM_COPY_HOST_PTR dst: CL_MEM_ALLOC_HOST_PTR | CL_MEM_COPY_HOST_PTR
 uint2 test passed. cl_mem_flags src: CL_MEM_COPY_HOST_PTR dst: CL_MEM_USE_HOST_PTR
 uint2 test passed. cl_mem_flags src: CL_MEM_COPY_HOST_PTR dst: CL_MEM_COPY_HOST_PTR
 uint2 test passed. cl_mem_flags src: CL_MEM_COPY_HOST_PTR dst: 0
 uint2 test passed. cl_mem_flags src: 0 dst: CL_MEM_ALLOC_HOST_PTR
 uint2 test passed. cl_mem_flags src: 0 dst: CL_MEM_ALLOC_HOST_PTR | CL_MEM_COPY_HOST_PTR
 uint2 test passed. cl_mem_flags src: 0 dst: CL_MEM_USE_HOST_PTR
 uint2 test passed. cl_mem_flags src: 0 dst: CL_MEM_COPY_HOST_PTR
 uint2 test passed. cl_mem_flags src: 0 dst: 0
 uint4 test passed. cl_mem_flags src: CL_MEM_ALLOC_HOST_PTR dst: CL_MEM_ALLOC_HOST_PTR
 uint4 test passed. cl_mem_flags src: CL_MEM_ALLOC_HOST_PTR dst: CL_MEM_ALLOC_HOST_PTR | CL_MEM_COPY_HOST_PTR
 uint4 test passed. cl_mem_flags src: CL_MEM_ALLOC_HOST_PTR dst: CL_MEM_USE_HOST_PTR
 uint4 test passed. cl_mem_flags src: CL_MEM_ALLOC_HOST_PTR dst: CL_MEM_COPY_HOST_PTR
 uint4 test passed. cl_mem_flags src: CL_MEM_ALLOC_HOST_PTR dst: 0
 uint4 test passed. cl_mem_flags src: CL_MEM_ALLOC_HOST_PTR | CL_MEM_COPY_HOST_PTR dst: CL_MEM_ALLOC_HOST_PTR
 uint4 test passed. cl_mem_flags src: CL_MEM_ALLOC_HOST_PTR | CL_MEM_COPY_HOST_PTR dst: CL_MEM_ALLOC_HOST_PTR | CL_MEM_COPY_HOST_PTR
 uint4 test passed. cl_mem_flags src: CL_MEM_ALLOC_HOST_PTR | CL_MEM_COPY_HOST_PTR dst: CL_MEM_USE_HOST_PTR
 uint4 test passed. cl_mem_flags src: CL_MEM_ALLOC_HOST_PTR | CL_MEM_COPY_HOST_PTR dst: CL_MEM_COPY_HOST_PTR
 uint4 test passed. cl_mem_flags src: CL_MEM_ALLOC_HOST_PTR | CL_MEM_COPY_HOST_PTR dst: 0
 uint4 test passed. cl_mem_flags src: CL_MEM_USE_HOST_PTR dst: CL_MEM_ALLOC_HOST_PTR
 uint4 test passed. cl_mem_flags src: CL_MEM_USE_HOST_PTR dst: CL_MEM_ALLOC_HOST_PTR | CL_MEM_COPY_HOST_PTR
 uint4 test passed. cl_mem_flags src: CL_MEM_USE_HOST_PTR dst: CL_MEM_USE_HOST_PTR
 uint4 test passed. cl_mem_flags src: CL_MEM_USE_HOST_PTR dst: CL_MEM_COPY_HOST_PTR
 uint4 test passed. cl_mem_flags src: CL_MEM_USE_HOST_PTR dst: 0
 uint4 test passed. cl_mem_flags src: CL_MEM_COPY_HOST_PTR dst: CL_MEM_ALLOC_HOST_PTR
 uint4 test passed. cl_mem_flags src: CL_MEM_COPY_HOST_PTR dst: CL_MEM_ALLOC_HOST_PTR | CL_MEM_COPY_HOST_PTR
 uint4 test passed. cl_mem_flags src: CL_MEM_COPY_HOST_PTR dst: CL_MEM_USE_HOST_PTR
 uint4 test passed. cl_mem_flags src: CL_MEM_COPY_HOST_PTR dst: CL_MEM_COPY_HOST_PTR
 uint4 test passed. cl_mem_flags src: CL_MEM_COPY_HOST_PTR dst: 0
 uint4 test passed. cl_mem_flags src: 0 dst: CL_MEM_ALLOC_HOST_PTR
 uint4 test passed. cl_mem_flags src: 0 dst: CL_MEM_ALLOC_HOST_PTR | CL_MEM_COPY_HOST_PTR
 uint4 test passed. cl_mem_flags src: 0 dst: CL_MEM_USE_HOST_PTR
 uint4 test passed. cl_mem_flags src: 0 dst: CL_MEM_COPY_HOST_PTR
 uint4 test passed. cl_mem_flags src: 0 dst: 0
 uint8 test passed. cl_mem_flags src: CL_MEM_ALLOC_HOST_PTR dst: CL_MEM_ALLOC_HOST_PTR
 uint8 test passed. cl_mem_flags src: CL_MEM_ALLOC_HOST_PTR dst: CL_MEM_ALLOC_HOST_PTR | CL_MEM_COPY_HOST_PTR
 uint8 test passed. cl_mem_flags src: CL_MEM_ALLOC_HOST_PTR dst: CL_MEM_USE_HOST_PTR
 uint8 test passed. cl_mem_flags src: CL_MEM_ALLOC_HOST_PTR dst: CL_MEM_COPY_HOST_PTR
 uint8 test passed. cl_mem_flags src: CL_MEM_ALLOC_HOST_PTR dst: 0
 uint8 test passed. cl_mem_flags src: CL_MEM_ALLOC_HOST_PTR | CL_MEM_COPY_HOST_PTR dst: CL_MEM_ALLOC_HOST_PTR
 uint8 test passed. cl_mem_flags src: CL_MEM_ALLOC_HOST_PTR | CL_MEM_COPY_HOST_PTR dst: CL_MEM_ALLOC_HOST_PTR | CL_MEM_COPY_HOST_PTR
 uint8 test passed. cl_mem_flags src: CL_MEM_ALLOC_HOST_PTR | CL_MEM_COPY_HOST_PTR dst: CL_MEM_USE_HOST_PTR
 uint8 test passed. cl_mem_flags src: CL_MEM_ALLOC_HOST_PTR | CL_MEM_COPY_HOST_PTR dst: CL_MEM_COPY_HOST_PTR
 uint8 test passed. cl_mem_flags src: CL_MEM_ALLOC_HOST_PTR | CL_MEM_COPY_HOST_PTR dst: 0
 uint8 test passed. cl_mem_flags src: CL_MEM_USE_HOST_PTR dst: CL_MEM_ALLOC_HOST_PTR
 uint8 test passed. cl_mem_flags src: CL_MEM_USE_HOST_PTR dst: CL_MEM_ALLOC_HOST_PTR | CL_MEM_COPY_HOST_PTR
 uint8 test passed. cl_mem_flags src: CL_MEM_USE_HOST_PTR dst: CL_MEM_USE_HOST_PTR
 uint8 test passed. cl_mem_flags src: CL_MEM_USE_HOST_PTR dst: CL_MEM_COPY_HOST_PTR
 uint8 test passed. cl_mem_flags src: CL_MEM_USE_HOST_PTR dst: 0
 uint8 test passed. cl_mem_flags src: CL_MEM_COPY_HOST_PTR dst: CL_MEM_ALLOC_HOST_PTR
 uint8 test passed. cl_mem_flags src: CL_MEM_COPY_HOST_PTR dst: CL_MEM_ALLOC_HOST_PTR | CL_MEM_COPY_HOST_PTR
 uint8 test passed. cl_mem_flags src: CL_MEM_COPY_HOST_PTR dst: CL_MEM_USE_HOST_PTR
 uint8 test passed. cl_mem_flags src: CL_MEM_COPY_HOST_PTR dst: CL_MEM_COPY_HOST_PTR
 uint8 test passed. cl_mem_flags src: CL_MEM_COPY_HOST_PTR dst: 0
 uint8 test passed. cl_mem_flags src: 0 dst: CL_MEM_ALLOC_HOST_PTR
 uint8 test passed. cl_mem_flags src: 0 dst: CL_MEM_ALLOC_HOST_PTR | CL_MEM_COPY_HOST_PTR
 uint8 test passed. cl_mem_flags src: 0 dst: CL_MEM_USE_HOST_PTR
 uint8 test passed. cl_mem_flags src: 0 dst: CL_MEM_COPY_HOST_PTR
 uint8 test passed. cl_mem_flags src: 0 dst: 0
 uint16 test passed. cl_mem_flags src: CL_MEM_ALLOC_HOST_PTR dst: CL_MEM_ALLOC_HOST_PTR
 uint16 test passed. cl_mem_flags src: CL_MEM_ALLOC_HOST_PTR dst: CL_MEM_ALLOC_HOST_PTR | CL_MEM_COPY_HOST_PTR
 uint16 test passed. cl_mem_flags src: CL_MEM_ALLOC_HOST_PTR dst: CL_MEM_USE_HOST_PTR
 uint16 test passed. cl_mem_flags src: CL_MEM_ALLOC_HOST_PTR dst: CL_MEM_COPY_HOST_PTR
 uint16 test passed. cl_mem_flags src: CL_MEM_ALLOC_HOST_PTR dst: 0
 uint16 test passed. cl_mem_flags src: CL_MEM_ALLOC_HOST_PTR | CL_MEM_COPY_HOST_PTR dst: CL_MEM_ALLOC_HOST_PTR
 uint16 test passed. cl_mem_flags src: CL_MEM_ALLOC_HOST_PTR | CL_MEM_COPY_HOST_PTR dst: CL_MEM_ALLOC_HOST_PTR | CL_MEM_COPY_HOST_PTR
 uint16 test passed. cl_mem_flags src: CL_MEM_ALLOC_HOST_PTR | CL_MEM_COPY_HOST_PTR dst: CL_MEM_USE_HOST_PTR
 uint16 test passed. cl_mem_flags src: CL_MEM_ALLOC_HOST_PTR | CL_MEM_COPY_HOST_PTR dst: CL_MEM_COPY_HOST_PTR
 uint16 test passed. cl_mem_flags src: CL_MEM_ALLOC_HOST_PTR | CL_MEM_COPY_HOST_PTR dst: 0
 uint16 test passed. cl_mem_flags src: CL_MEM_USE_HOST_PTR dst: CL_MEM_ALLOC_HOST_PTR
 uint16 test passed. cl_mem_flags src: CL_MEM_USE_HOST_PTR dst: CL_MEM_ALLOC_HOST_PTR | CL_MEM_COPY_HOST_PTR
 uint16 test passed. cl_mem_flags src: CL_MEM_USE_HOST_PTR dst: CL_MEM_USE_HOST_PTR
 uint16 test passed. cl_mem_flags src: CL_MEM_USE_HOST_PTR dst: CL_MEM_COPY_HOST_PTR
 uint16 test passed. cl_mem_flags src: CL_MEM_USE_HOST_PTR dst: 0
 uint16 test passed. cl_mem_flags src: CL_MEM_COPY_HOST_PTR dst: CL_MEM_ALLOC_HOST_PTR
 uint16 test passed. cl_mem_flags src: CL_MEM_COPY_HOST_PTR dst: CL_MEM_ALLOC_HOST_PTR | CL_MEM_COPY_HOST_PTR
 uint16 test passed. cl_mem_flags src: CL_MEM_COPY_HOST_PTR dst: CL_MEM_USE_HOST_PTR
 uint16 test passed. cl_mem_flags src: CL_MEM_COPY_HOST_PTR dst: CL_MEM_COPY_HOST_PTR
 uint16 test passed. cl_mem_flags src: CL_MEM_COPY_HOST_PTR dst: 0
 uint16 test passed. cl_mem_flags src: 0 dst: CL_MEM_ALLOC_HOST_PTR
 uint16 test passed. cl_mem_flags src: 0 dst: CL_MEM_ALLOC_HOST_PTR | CL_MEM_COPY_HOST_PTR
 uint16 test passed. cl_mem_flags src: 0 dst: CL_MEM_USE_HOST_PTR
 uint16 test passed. cl_mem_flags src: 0 dst: CL_MEM_COPY_HOST_PTR
 uint16 test passed. cl_mem_flags src: 0 dst: 0
buffer_write_uint passed
buffer_write_short...
 short1 test passed. cl_mem_flags src: CL_MEM_ALLOC_HOST_PTR dst: CL_MEM_ALLOC_HOST_PTR
 short1 test passed. cl_mem_flags src: CL_MEM_ALLOC_HOST_PTR dst: CL_MEM_ALLOC_HOST_PTR | CL_MEM_COPY_HOST_PTR
 short1 test passed. cl_mem_flags src: CL_MEM_ALLOC_HOST_PTR dst: CL_MEM_USE_HOST_PTR
 short1 test passed. cl_mem_flags src: CL_MEM_ALLOC_HOST_PTR dst: CL_MEM_COPY_HOST_PTR
 short1 test passed. cl_mem_flags src: CL_MEM_ALLOC_HOST_PTR dst: 0
 short1 test passed. cl_mem_flags src: CL_MEM_ALLOC_HOST_PTR | CL_MEM_COPY_HOST_PTR dst: CL_MEM_ALLOC_HOST_PTR
 short1 test passed. cl_mem_flags src: CL_MEM_ALLOC_HOST_PTR | CL_MEM_COPY_HOST_PTR dst: CL_MEM_ALLOC_HOST_PTR | CL_MEM_COPY_HOST_PTR
 short1 test passed. cl_mem_flags src: CL_MEM_ALLOC_HOST_PTR | CL_MEM_COPY_HOST_PTR dst: CL_MEM_USE_HOST_PTR
 short1 test passed. cl_mem_flags src: CL_MEM_ALLOC_HOST_PTR | CL_MEM_COPY_HOST_PTR dst: CL_MEM_COPY_HOST_PTR
 short1 test passed. cl_mem_flags src: CL_MEM_ALLOC_HOST_PTR | CL_MEM_COPY_HOST_PTR dst: 0
 short1 test passed. cl_mem_flags src: CL_MEM_USE_HOST_PTR dst: CL_MEM_ALLOC_HOST_PTR
 short1 test passed. cl_mem_flags src: CL_MEM_USE_HOST_PTR dst: CL_MEM_ALLOC_HOST_PTR | CL_MEM_COPY_HOST_PTR
 short1 test passed. cl_mem_flags src: CL_MEM_USE_HOST_PTR dst: CL_MEM_USE_HOST_PTR
 short1 test passed. cl_mem_flags src: CL_MEM_USE_HOST_PTR dst: CL_MEM_COPY_HOST_PTR
 short1 test passed. cl_mem_flags src: CL_MEM_USE_HOST_PTR dst: 0
 short1 test passed. cl_mem_flags src: CL_MEM_COPY_HOST_PTR dst: CL_MEM_ALLOC_HOST_PTR
 short1 test passed. cl_mem_flags src: CL_MEM_COPY_HOST_PTR dst: CL_MEM_ALLOC_HOST_PTR | CL_MEM_COPY_HOST_PTR
 short1 test passed. cl_mem_flags src: CL_MEM_COPY_HOST_PTR dst: CL_MEM_USE_HOST_PTR
 short1 test passed. cl_mem_flags src: CL_MEM_COPY_HOST_PTR dst: CL_MEM_COPY_HOST_PTR
 short1 test passed. cl_mem_flags src: CL_MEM_COPY_HOST_PTR dst: 0
 short1 test passed. cl_mem_flags src: 0 dst: CL_MEM_ALLOC_HOST_PTR
 short1 test passed. cl_mem_flags src: 0 dst: CL_MEM_ALLOC_HOST_PTR | CL_MEM_COPY_HOST_PTR
 short1 test passed. cl_mem_flags src: 0 dst: CL_MEM_USE_HOST_PTR
 short1 test passed. cl_mem_flags src: 0 dst: CL_MEM_COPY_HOST_PTR
 short1 test passed. cl_mem_flags src: 0 dst: 0
 short2 test passed. cl_mem_flags src: CL_MEM_ALLOC_HOST_PTR dst: CL_MEM_ALLOC_HOST_PTR
 short2 test passed. cl_mem_flags src: CL_MEM_ALLOC_HOST_PTR dst: CL_MEM_ALLOC_HOST_PTR | CL_MEM_COPY_HOST_PTR
 short2 test passed. cl_mem_flags src: CL_MEM_ALLOC_HOST_PTR dst: CL_MEM_USE_HOST_PTR
 short2 test passed. cl_mem_flags src: CL_MEM_ALLOC_HOST_PTR dst: CL_MEM_COPY_HOST_PTR
 short2 test passed. cl_mem_flags src: CL_MEM_ALLOC_HOST_PTR dst: 0
 short2 test passed. cl_mem_flags src: CL_MEM_ALLOC_HOST_PTR | CL_MEM_COPY_HOST_PTR dst: CL_MEM_ALLOC_HOST_PTR
 short2 test passed. cl_mem_flags src: CL_MEM_ALLOC_HOST_PTR | CL_MEM_COPY_HOST_PTR dst: CL_MEM_ALLOC_HOST_PTR | CL_MEM_COPY_HOST_PTR
 short2 test passed. cl_mem_flags src: CL_MEM_ALLOC_HOST_PTR | CL_MEM_COPY_HOST_PTR dst: CL_MEM_USE_HOST_PTR
 short2 test passed. cl_mem_flags src: CL_MEM_ALLOC_HOST_PTR | CL_MEM_COPY_HOST_PTR dst: CL_MEM_COPY_HOST_PTR
 short2 test passed. cl_mem_flags src: CL_MEM_ALLOC_HOST_PTR | CL_MEM_COPY_HOST_PTR dst: 0
 short2 test passed. cl_mem_flags src: CL_MEM_USE_HOST_PTR dst: CL_MEM_ALLOC_HOST_PTR
 short2 test passed. cl_mem_flags src: CL_MEM_USE_HOST_PTR dst: CL_MEM_ALLOC_HOST_PTR | CL_MEM_COPY_HOST_PTR
 short2 test passed. cl_mem_flags src: CL_MEM_USE_HOST_PTR dst: CL_MEM_USE_HOST_PTR
 short2 test passed. cl_mem_flags src: CL_MEM_USE_HOST_PTR dst: CL_MEM_COPY_HOST_PTR
 short2 test passed. cl_mem_flags src: CL_MEM_USE_HOST_PTR dst: 0
 short2 test passed. cl_mem_flags src: CL_MEM_COPY_HOST_PTR dst: CL_MEM_ALLOC_HOST_PTR
 short2 test passed. cl_mem_flags src: CL_MEM_COPY_HOST_PTR dst: CL_MEM_ALLOC_HOST_PTR | CL_MEM_COPY_HOST_PTR
 short2 test passed. cl_mem_flags src: CL_MEM_COPY_HOST_PTR dst: CL_MEM_USE_HOST_PTR
 short2 test passed. cl_mem_flags src: CL_MEM_COPY_HOST_PTR dst: CL_MEM_COPY_HOST_PTR
 short2 test passed. cl_mem_flags src: CL_MEM_COPY_HOST_PTR dst: 0
 short2 test passed. cl_mem_flags src: 0 dst: CL_MEM_ALLOC_HOST_PTR
 short2 test passed. cl_mem_flags src: 0 dst: CL_MEM_ALLOC_HOST_PTR | CL_MEM_COPY_HOST_PTR
 short2 test passed. cl_mem_flags src: 0 dst: CL_MEM_USE_HOST_PTR
 short2 test passed. cl_mem_flags src: 0 dst: CL_MEM_COPY_HOST_PTR
 short2 test passed. cl_mem_flags src: 0 dst: 0
 short4 test passed. cl_mem_flags src: CL_MEM_ALLOC_HOST_PTR dst: CL_MEM_ALLOC_HOST_PTR
 short4 test passed. cl_mem_flags src: CL_MEM_ALLOC_HOST_PTR dst: CL_MEM_ALLOC_HOST_PTR | CL_MEM_COPY_HOST_PTR
 short4 test passed. cl_mem_flags src: CL_MEM_ALLOC_HOST_PTR dst: CL_MEM_USE_HOST_PTR
 short4 test passed. cl_mem_flags src: CL_MEM_ALLOC_HOST_PTR dst: CL_MEM_COPY_HOST_PTR
 short4 test passed. cl_mem_flags src: CL_MEM_ALLOC_HOST_PTR dst: 0
 short4 test passed. cl_mem_flags src: CL_MEM_ALLOC_HOST_PTR | CL_MEM_COPY_HOST_PTR dst: CL_MEM_ALLOC_HOST_PTR
 short4 test passed. cl_mem_flags src: CL_MEM_ALLOC_HOST_PTR | CL_MEM_COPY_HOST_PTR dst: CL_MEM_ALLOC_HOST_PTR | CL_MEM_COPY_HOST_PTR
 short4 test passed. cl_mem_flags src: CL_MEM_ALLOC_HOST_PTR | CL_MEM_COPY_HOST_PTR dst: CL_MEM_USE_HOST_PTR
 short4 test passed. cl_mem_flags src: CL_MEM_ALLOC_HOST_PTR | CL_MEM_COPY_HOST_PTR dst: CL_MEM_COPY_HOST_PTR
 short4 test passed. cl_mem_flags src: CL_MEM_ALLOC_HOST_PTR | CL_MEM_COPY_HOST_PTR dst: 0
 short4 test passed. cl_mem_flags src: CL_MEM_USE_HOST_PTR dst: CL_MEM_ALLOC_HOST_PTR
 short4 test passed. cl_mem_flags src: CL_MEM_USE_HOST_PTR dst: CL_MEM_ALLOC_HOST_PTR | CL_MEM_COPY_HOST_PTR
 short4 test passed. cl_mem_flags src: CL_MEM_USE_HOST_PTR dst: CL_MEM_USE_HOST_PTR
 short4 test passed. cl_mem_flags src: CL_MEM_USE_HOST_PTR dst: CL_MEM_COPY_HOST_PTR
 short4 test passed. cl_mem_flags src: CL_MEM_USE_HOST_PTR dst: 0
 short4 test passed. cl_mem_flags src: CL_MEM_COPY_HOST_PTR dst: CL_MEM_ALLOC_HOST_PTR
 short4 test passed. cl_mem_flags src: CL_MEM_COPY_HOST_PTR dst: CL_MEM_ALLOC_HOST_PTR | CL_MEM_COPY_HOST_PTR
 short4 test passed. cl_mem_flags src: CL_MEM_COPY_HOST_PTR dst: CL_MEM_USE_HOST_PTR
 short4 test passed. cl_mem_flags src: CL_MEM_COPY_HOST_PTR dst: CL_MEM_COPY_HOST_PTR
 short4 test passed. cl_mem_flags src: CL_MEM_COPY_HOST_PTR dst: 0
 short4 test passed. cl_mem_flags src: 0 dst: CL_MEM_ALLOC_HOST_PTR
 short4 test passed. cl_mem_flags src: 0 dst: CL_MEM_ALLOC_HOST_PTR | CL_MEM_COPY_HOST_PTR
 short4 test passed. cl_mem_flags src: 0 dst: CL_MEM_USE_HOST_PTR
 short4 test passed. cl_mem_flags src: 0 dst: CL_MEM_COPY_HOST_PTR
 short4 test passed. cl_mem_flags src: 0 dst: 0
 short8 test passed. cl_mem_flags src: CL_MEM_ALLOC_HOST_PTR dst: CL_MEM_ALLOC_HOST_PTR
 short8 test passed. cl_mem_flags src: CL_MEM_ALLOC_HOST_PTR dst: CL_MEM_ALLOC_HOST_PTR | CL_MEM_COPY_HOST_PTR
 short8 test passed. cl_mem_flags src: CL_MEM_ALLOC_HOST_PTR dst: CL_MEM_USE_HOST_PTR
 short8 test passed. cl_mem_flags src: CL_MEM_ALLOC_HOST_PTR dst: CL_MEM_COPY_HOST_PTR
 short8 test passed. cl_mem_flags src: CL_MEM_ALLOC_HOST_PTR dst: 0
 short8 test passed. cl_mem_flags src: CL_MEM_ALLOC_HOST_PTR | CL_MEM_COPY_HOST_PTR dst: CL_MEM_ALLOC_HOST_PTR
 short8 test passed. cl_mem_flags src: CL_MEM_ALLOC_HOST_PTR | CL_MEM_COPY_HOST_PTR dst: CL_MEM_ALLOC_HOST_PTR | CL_MEM_COPY_HOST_PTR
 short8 test passed. cl_mem_flags src: CL_MEM_ALLOC_HOST_PTR | CL_MEM_COPY_HOST_PTR dst: CL_MEM_USE_HOST_PTR
 short8 test passed. cl_mem_flags src: CL_MEM_ALLOC_HOST_PTR | CL_MEM_COPY_HOST_PTR dst: CL_MEM_COPY_HOST_PTR
 short8 test passed. cl_mem_flags src: CL_MEM_ALLOC_HOST_PTR | CL_MEM_COPY_HOST_PTR dst: 0
 short8 test passed. cl_mem_flags src: CL_MEM_USE_HOST_PTR dst: CL_MEM_ALLOC_HOST_PTR
 short8 test passed. cl_mem_flags src: CL_MEM_USE_HOST_PTR dst: CL_MEM_ALLOC_HOST_PTR | CL_MEM_COPY_HOST_PTR
 short8 test passed. cl_mem_flags src: CL_MEM_USE_HOST_PTR dst: CL_MEM_USE_HOST_PTR
 short8 test passed. cl_mem_flags src: CL_MEM_USE_HOST_PTR dst: CL_MEM_COPY_HOST_PTR
 short8 test passed. cl_mem_flags src: CL_MEM_USE_HOST_PTR dst: 0
 short8 test passed. cl_mem_flags src: CL_MEM_COPY_HOST_PTR dst: CL_MEM_ALLOC_HOST_PTR
 short8 test passed. cl_mem_flags src: CL_MEM_COPY_HOST_PTR dst: CL_MEM_ALLOC_HOST_PTR | CL_MEM_COPY_HOST_PTR
 short8 test passed. cl_mem_flags src: CL_MEM_COPY_HOST_PTR dst: CL_MEM_USE_HOST_PTR
 short8 test passed. cl_mem_flags src: CL_MEM_COPY_HOST_PTR dst: CL_MEM_COPY_HOST_PTR
 short8 test passed. cl_mem_flags src: CL_MEM_COPY_HOST_PTR dst: 0
 short8 test passed. cl_mem_flags src: 0 dst: CL_MEM_ALLOC_HOST_PTR
 short8 test passed. cl_mem_flags src: 0 dst: CL_MEM_ALLOC_HOST_PTR | CL_MEM_COPY_HOST_PTR
 short8 test passed. cl_mem_flags src: 0 dst: CL_MEM_USE_HOST_PTR
 short8 test passed. cl_mem_flags src: 0 dst: CL_MEM_COPY_HOST_PTR
 short8 test passed. cl_mem_flags src: 0 dst: 0
 short16 test passed. cl_mem_flags src: CL_MEM_ALLOC_HOST_PTR dst: CL_MEM_ALLOC_HOST_PTR
 short16 test passed. cl_mem_flags src: CL_MEM_ALLOC_HOST_PTR dst: CL_MEM_ALLOC_HOST_PTR | CL_MEM_COPY_HOST_PTR
 short16 test passed. cl_mem_flags src: CL_MEM_ALLOC_HOST_PTR dst: CL_MEM_USE_HOST_PTR
 short16 test passed. cl_mem_flags src: CL_MEM_ALLOC_HOST_PTR dst: CL_MEM_COPY_HOST_PTR
 short16 test passed. cl_mem_flags src: CL_MEM_ALLOC_HOST_PTR dst: 0
 short16 test passed. cl_mem_flags src: CL_MEM_ALLOC_HOST_PTR | CL_MEM_COPY_HOST_PTR dst: CL_MEM_ALLOC_HOST_PTR
 short16 test passed. cl_mem_flags src: CL_MEM_ALLOC_HOST_PTR | CL_MEM_COPY_HOST_PTR dst: CL_MEM_ALLOC_HOST_PTR | CL_MEM_COPY_HOST_PTR
 short16 test passed. cl_mem_flags src: CL_MEM_ALLOC_HOST_PTR | CL_MEM_COPY_HOST_PTR dst: CL_MEM_USE_HOST_PTR
 short16 test passed. cl_mem_flags src: CL_MEM_ALLOC_HOST_PTR | CL_MEM_COPY_HOST_PTR dst: CL_MEM_COPY_HOST_PTR
 short16 test passed. cl_mem_flags src: CL_MEM_ALLOC_HOST_PTR | CL_MEM_COPY_HOST_PTR dst: 0
 short16 test passed. cl_mem_flags src: CL_MEM_USE_HOST_PTR dst: CL_MEM_ALLOC_HOST_PTR
 short16 test passed. cl_mem_flags src: CL_MEM_USE_HOST_PTR dst: CL_MEM_ALLOC_HOST_PTR | CL_MEM_COPY_HOST_PTR
 short16 test passed. cl_mem_flags src: CL_MEM_USE_HOST_PTR dst: CL_MEM_USE_HOST_PTR
 short16 test passed. cl_mem_flags src: CL_MEM_USE_HOST_PTR dst: CL_MEM_COPY_HOST_PTR
 short16 test passed. cl_mem_flags src: CL_MEM_USE_HOST_PTR dst: 0
 short16 test passed. cl_mem_flags src: CL_MEM_COPY_HOST_PTR dst: CL_MEM_ALLOC_HOST_PTR
 short16 test passed. cl_mem_flags src: CL_MEM_COPY_HOST_PTR dst: CL_MEM_ALLOC_HOST_PTR | CL_MEM_COPY_HOST_PTR
 short16 test passed. cl_mem_flags src: CL_MEM_COPY_HOST_PTR dst: CL_MEM_USE_HOST_PTR
 short16 test passed. cl_mem_flags src: CL_MEM_COPY_HOST_PTR dst: CL_MEM_COPY_HOST_PTR
 short16 test passed. cl_mem_flags src: CL_MEM_COPY_HOST_PTR dst: 0
 short16 test passed. cl_mem_flags src: 0 dst: CL_MEM_ALLOC_HOST_PTR
 short16 test passed. cl_mem_flags src: 0 dst: CL_MEM_ALLOC_HOST_PTR | CL_MEM_COPY_HOST_PTR
 short16 test passed. cl_mem_flags src: 0 dst: CL_MEM_USE_HOST_PTR
 short16 test passed. cl_mem_flags src: 0 dst: CL_MEM_COPY_HOST_PTR
 short16 test passed. cl_mem_flags src: 0 dst: 0
buffer_write_short passed
buffer_write_ushort...
 ushort1 test passed. cl_mem_flags src: CL_MEM_ALLOC_HOST_PTR dst: CL_MEM_ALLOC_HOST_PTR
 ushort1 test passed. cl_mem_flags src: CL_MEM_ALLOC_HOST_PTR dst: CL_MEM_ALLOC_HOST_PTR | CL_MEM_COPY_HOST_PTR
 ushort1 test passed. cl_mem_flags src: CL_MEM_ALLOC_HOST_PTR dst: CL_MEM_USE_HOST_PTR
 ushort1 test passed. cl_mem_flags src: CL_MEM_ALLOC_HOST_PTR dst: CL_MEM_COPY_HOST_PTR
 ushort1 test passed. cl_mem_flags src: CL_MEM_ALLOC_HOST_PTR dst: 0
 ushort1 test passed. cl_mem_flags src: CL_MEM_ALLOC_HOST_PTR | CL_MEM_COPY_HOST_PTR dst: CL_MEM_ALLOC_HOST_PTR
 ushort1 test passed. cl_mem_flags src: CL_MEM_ALLOC_HOST_PTR | CL_MEM_COPY_HOST_PTR dst: CL_MEM_ALLOC_HOST_PTR | CL_MEM_COPY_HOST_PTR
 ushort1 test passed. cl_mem_flags src: CL_MEM_ALLOC_HOST_PTR | CL_MEM_COPY_HOST_PTR dst: CL_MEM_USE_HOST_PTR
 ushort1 test passed. cl_mem_flags src: CL_MEM_ALLOC_HOST_PTR | CL_MEM_COPY_HOST_PTR dst: CL_MEM_COPY_HOST_PTR
 ushort1 test passed. cl_mem_flags src: CL_MEM_ALLOC_HOST_PTR | CL_MEM_COPY_HOST_PTR dst: 0
 ushort1 test passed. cl_mem_flags src: CL_MEM_USE_HOST_PTR dst: CL_MEM_ALLOC_HOST_PTR
 ushort1 test passed. cl_mem_flags src: CL_MEM_USE_HOST_PTR dst: CL_MEM_ALLOC_HOST_PTR | CL_MEM_COPY_HOST_PTR
 ushort1 test passed. cl_mem_flags src: CL_MEM_USE_HOST_PTR dst: CL_MEM_USE_HOST_PTR
 ushort1 test passed. cl_mem_flags src: CL_MEM_USE_HOST_PTR dst: CL_MEM_COPY_HOST_PTR
 ushort1 test passed. cl_mem_flags src: CL_MEM_USE_HOST_PTR dst: 0
 ushort1 test passed. cl_mem_flags src: CL_MEM_COPY_HOST_PTR dst: CL_MEM_ALLOC_HOST_PTR
 ushort1 test passed. cl_mem_flags src: CL_MEM_COPY_HOST_PTR dst: CL_MEM_ALLOC_HOST_PTR | CL_MEM_COPY_HOST_PTR
 ushort1 test passed. cl_mem_flags src: CL_MEM_COPY_HOST_PTR dst: CL_MEM_USE_HOST_PTR
 ushort1 test passed. cl_mem_flags src: CL_MEM_COPY_HOST_PTR dst: CL_MEM_COPY_HOST_PTR
 ushort1 test passed. cl_mem_flags src: CL_MEM_COPY_HOST_PTR dst: 0
 ushort1 test passed. cl_mem_flags src: 0 dst: CL_MEM_ALLOC_HOST_PTR
 ushort1 test passed. cl_mem_flags src: 0 dst: CL_MEM_ALLOC_HOST_PTR | CL_MEM_COPY_HOST_PTR
 ushort1 test passed. cl_mem_flags src: 0 dst: CL_MEM_USE_HOST_PTR
 ushort1 test passed. cl_mem_flags src: 0 dst: CL_MEM_COPY_HOST_PTR
 ushort1 test passed. cl_mem_flags src: 0 dst: 0
 ushort2 test passed. cl_mem_flags src: CL_MEM_ALLOC_HOST_PTR dst: CL_MEM_ALLOC_HOST_PTR
 ushort2 test passed. cl_mem_flags src: CL_MEM_ALLOC_HOST_PTR dst: CL_MEM_ALLOC_HOST_PTR | CL_MEM_COPY_HOST_PTR
 ushort2 test passed. cl_mem_flags src: CL_MEM_ALLOC_HOST_PTR dst: CL_MEM_USE_HOST_PTR
 ushort2 test passed. cl_mem_flags src: CL_MEM_ALLOC_HOST_PTR dst: CL_MEM_COPY_HOST_PTR
 ushort2 test passed. cl_mem_flags src: CL_MEM_ALLOC_HOST_PTR dst: 0
 ushort2 test passed. cl_mem_flags src: CL_MEM_ALLOC_HOST_PTR | CL_MEM_COPY_HOST_PTR dst: CL_MEM_ALLOC_HOST_PTR
 ushort2 test passed. cl_mem_flags src: CL_MEM_ALLOC_HOST_PTR | CL_MEM_COPY_HOST_PTR dst: CL_MEM_ALLOC_HOST_PTR | CL_MEM_COPY_HOST_PTR
 ushort2 test passed. cl_mem_flags src: CL_MEM_ALLOC_HOST_PTR | CL_MEM_COPY_HOST_PTR dst: CL_MEM_USE_HOST_PTR
 ushort2 test passed. cl_mem_flags src: CL_MEM_ALLOC_HOST_PTR | CL_MEM_COPY_HOST_PTR dst: CL_MEM_COPY_HOST_PTR
 ushort2 test passed. cl_mem_flags src: CL_MEM_ALLOC_HOST_PTR | CL_MEM_COPY_HOST_PTR dst: 0
 ushort2 test passed. cl_mem_flags src: CL_MEM_USE_HOST_PTR dst: CL_MEM_ALLOC_HOST_PTR
 ushort2 test passed. cl_mem_flags src: CL_MEM_USE_HOST_PTR dst: CL_MEM_ALLOC_HOST_PTR | CL_MEM_COPY_HOST_PTR
 ushort2 test passed. cl_mem_flags src: CL_MEM_USE_HOST_PTR dst: CL_MEM_USE_HOST_PTR
 ushort2 test passed. cl_mem_flags src: CL_MEM_USE_HOST_PTR dst: CL_MEM_COPY_HOST_PTR
 ushort2 test passed. cl_mem_flags src: CL_MEM_USE_HOST_PTR dst: 0
 ushort2 test passed. cl_mem_flags src: CL_MEM_COPY_HOST_PTR dst: CL_MEM_ALLOC_HOST_PTR
 ushort2 test passed. cl_mem_flags src: CL_MEM_COPY_HOST_PTR dst: CL_MEM_ALLOC_HOST_PTR | CL_MEM_COPY_HOST_PTR
 ushort2 test passed. cl_mem_flags src: CL_MEM_COPY_HOST_PTR dst: CL_MEM_USE_HOST_PTR
 ushort2 test passed. cl_mem_flags src: CL_MEM_COPY_HOST_PTR dst: CL_MEM_COPY_HOST_PTR
 ushort2 test passed. cl_mem_flags src: CL_MEM_COPY_HOST_PTR dst: 0
 ushort2 test passed. cl_mem_flags src: 0 dst: CL_MEM_ALLOC_HOST_PTR
 ushort2 test passed. cl_mem_flags src: 0 dst: CL_MEM_ALLOC_HOST_PTR | CL_MEM_COPY_HOST_PTR
 ushort2 test passed. cl_mem_flags src: 0 dst: CL_MEM_USE_HOST_PTR
 ushort2 test passed. cl_mem_flags src: 0 dst: CL_MEM_COPY_HOST_PTR
 ushort2 test passed. cl_mem_flags src: 0 dst: 0
 ushort4 test passed. cl_mem_flags src: CL_MEM_ALLOC_HOST_PTR dst: CL_MEM_ALLOC_HOST_PTR
 ushort4 test passed. cl_mem_flags src: CL_MEM_ALLOC_HOST_PTR dst: CL_MEM_ALLOC_HOST_PTR | CL_MEM_COPY_HOST_PTR
 ushort4 test passed. cl_mem_flags src: CL_MEM_ALLOC_HOST_PTR dst: CL_MEM_USE_HOST_PTR
 ushort4 test passed. cl_mem_flags src: CL_MEM_ALLOC_HOST_PTR dst: CL_MEM_COPY_HOST_PTR
 ushort4 test passed. cl_mem_flags src: CL_MEM_ALLOC_HOST_PTR dst: 0
 ushort4 test passed. cl_mem_flags src: CL_MEM_ALLOC_HOST_PTR | CL_MEM_COPY_HOST_PTR dst: CL_MEM_ALLOC_HOST_PTR
 ushort4 test passed. cl_mem_flags src: CL_MEM_ALLOC_HOST_PTR | CL_MEM_COPY_HOST_PTR dst: CL_MEM_ALLOC_HOST_PTR | CL_MEM_COPY_HOST_PTR
 ushort4 test passed. cl_mem_flags src: CL_MEM_ALLOC_HOST_PTR | CL_MEM_COPY_HOST_PTR dst: CL_MEM_USE_HOST_PTR
 ushort4 test passed. cl_mem_flags src: CL_MEM_ALLOC_HOST_PTR | CL_MEM_COPY_HOST_PTR dst: CL_MEM_COPY_HOST_PTR
 ushort4 test passed. cl_mem_flags src: CL_MEM_ALLOC_HOST_PTR | CL_MEM_COPY_HOST_PTR dst: 0
 ushort4 test passed. cl_mem_flags src: CL_MEM_USE_HOST_PTR dst: CL_MEM_ALLOC_HOST_PTR
 ushort4 test passed. cl_mem_flags src: CL_MEM_USE_HOST_PTR dst: CL_MEM_ALLOC_HOST_PTR | CL_MEM_COPY_HOST_PTR
 ushort4 test passed. cl_mem_flags src: CL_MEM_USE_HOST_PTR dst: CL_MEM_USE_HOST_PTR
 ushort4 test passed. cl_mem_flags src: CL_MEM_USE_HOST_PTR dst: CL_MEM_COPY_HOST_PTR
 ushort4 test passed. cl_mem_flags src: CL_MEM_USE_HOST_PTR dst: 0
 ushort4 test passed. cl_mem_flags src: CL_MEM_COPY_HOST_PTR dst: CL_MEM_ALLOC_HOST_PTR
 ushort4 test passed. cl_mem_flags src: CL_MEM_COPY_HOST_PTR dst: CL_MEM_ALLOC_HOST_PTR | CL_MEM_COPY_HOST_PTR
 ushort4 test passed. cl_mem_flags src: CL_MEM_COPY_HOST_PTR dst: CL_MEM_USE_HOST_PTR
 ushort4 test passed. cl_mem_flags src: CL_MEM_COPY_HOST_PTR dst: CL_MEM_COPY_HOST_PTR
 ushort4 test passed. cl_mem_flags src: CL_MEM_COPY_HOST_PTR dst: 0
 ushort4 test passed. cl_mem_flags src: 0 dst: CL_MEM_ALLOC_HOST_PTR
 ushort4 test passed. cl_mem_flags src: 0 dst: CL_MEM_ALLOC_HOST_PTR | CL_MEM_COPY_HOST_PTR
 ushort4 test passed. cl_mem_flags src: 0 dst: CL_MEM_USE_HOST_PTR
 ushort4 test passed. cl_mem_flags src: 0 dst: CL_MEM_COPY_HOST_PTR
 ushort4 test passed. cl_mem_flags src: 0 dst: 0
 ushort8 test passed. cl_mem_flags src: CL_MEM_ALLOC_HOST_PTR dst: CL_MEM_ALLOC_HOST_PTR
 ushort8 test passed. cl_mem_flags src: CL_MEM_ALLOC_HOST_PTR dst: CL_MEM_ALLOC_HOST_PTR | CL_MEM_COPY_HOST_PTR
 ushort8 test passed. cl_mem_flags src: CL_MEM_ALLOC_HOST_PTR dst: CL_MEM_USE_HOST_PTR
 ushort8 test passed. cl_mem_flags src: CL_MEM_ALLOC_HOST_PTR dst: CL_MEM_COPY_HOST_PTR
 ushort8 test passed. cl_mem_flags src: CL_MEM_ALLOC_HOST_PTR dst: 0
 ushort8 test passed. cl_mem_flags src: CL_MEM_ALLOC_HOST_PTR | CL_MEM_COPY_HOST_PTR dst: CL_MEM_ALLOC_HOST_PTR
 ushort8 test passed. cl_mem_flags src: CL_MEM_ALLOC_HOST_PTR | CL_MEM_COPY_HOST_PTR dst: CL_MEM_ALLOC_HOST_PTR | CL_MEM_COPY_HOST_PTR
 ushort8 test passed. cl_mem_flags src: CL_MEM_ALLOC_HOST_PTR | CL_MEM_COPY_HOST_PTR dst: CL_MEM_USE_HOST_PTR
 ushort8 test passed. cl_mem_flags src: CL_MEM_ALLOC_HOST_PTR | CL_MEM_COPY_HOST_PTR dst: CL_MEM_COPY_HOST_PTR
 ushort8 test passed. cl_mem_flags src: CL_MEM_ALLOC_HOST_PTR | CL_MEM_COPY_HOST_PTR dst: 0
 ushort8 test passed. cl_mem_flags src: CL_MEM_USE_HOST_PTR dst: CL_MEM_ALLOC_HOST_PTR
 ushort8 test passed. cl_mem_flags src: CL_MEM_USE_HOST_PTR dst: CL_MEM_ALLOC_HOST_PTR | CL_MEM_COPY_HOST_PTR
 ushort8 test passed. cl_mem_flags src: CL_MEM_USE_HOST_PTR dst: CL_MEM_USE_HOST_PTR
 ushort8 test passed. cl_mem_flags src: CL_MEM_USE_HOST_PTR dst: CL_MEM_COPY_HOST_PTR
 ushort8 test passed. cl_mem_flags src: CL_MEM_USE_HOST_PTR dst: 0
 ushort8 test passed. cl_mem_flags src: CL_MEM_COPY_HOST_PTR dst: CL_MEM_ALLOC_HOST_PTR
 ushort8 test passed. cl_mem_flags src: CL_MEM_COPY_HOST_PTR dst: CL_MEM_ALLOC_HOST_PTR | CL_MEM_COPY_HOST_PTR
 ushort8 test passed. cl_mem_flags src: CL_MEM_COPY_HOST_PTR dst: CL_MEM_USE_HOST_PTR
 ushort8 test passed. cl_mem_flags src: CL_MEM_COPY_HOST_PTR dst: CL_MEM_COPY_HOST_PTR
 ushort8 test passed. cl_mem_flags src: CL_MEM_COPY_HOST_PTR dst: 0
 ushort8 test passed. cl_mem_flags src: 0 dst: CL_MEM_ALLOC_HOST_PTR
 ushort8 test passed. cl_mem_flags src: 0 dst: CL_MEM_ALLOC_HOST_PTR | CL_MEM_COPY_HOST_PTR
 ushort8 test passed. cl_mem_flags src: 0 dst: CL_MEM_USE_HOST_PTR
 ushort8 test passed. cl_mem_flags src: 0 dst: CL_MEM_COPY_HOST_PTR
 ushort8 test passed. cl_mem_flags src: 0 dst: 0
 ushort16 test passed. cl_mem_flags src: CL_MEM_ALLOC_HOST_PTR dst: CL_MEM_ALLOC_HOST_PTR
 ushort16 test passed. cl_mem_flags src: CL_MEM_ALLOC_HOST_PTR dst: CL_MEM_ALLOC_HOST_PTR | CL_MEM_COPY_HOST_PTR
 ushort16 test passed. cl_mem_flags src: CL_MEM_ALLOC_HOST_PTR dst: CL_MEM_USE_HOST_PTR
 ushort16 test passed. cl_mem_flags src: CL_MEM_ALLOC_HOST_PTR dst: CL_MEM_COPY_HOST_PTR
 ushort16 test passed. cl_mem_flags src: CL_MEM_ALLOC_HOST_PTR dst: 0
 ushort16 test passed. cl_mem_flags src: CL_MEM_ALLOC_HOST_PTR | CL_MEM_COPY_HOST_PTR dst: CL_MEM_ALLOC_HOST_PTR
 ushort16 test passed. cl_mem_flags src: CL_MEM_ALLOC_HOST_PTR | CL_MEM_COPY_HOST_PTR dst: CL_MEM_ALLOC_HOST_PTR | CL_MEM_COPY_HOST_PTR
 ushort16 test passed. cl_mem_flags src: CL_MEM_ALLOC_HOST_PTR | CL_MEM_COPY_HOST_PTR dst: CL_MEM_USE_HOST_PTR
 ushort16 test passed. cl_mem_flags src: CL_MEM_ALLOC_HOST_PTR | CL_MEM_COPY_HOST_PTR dst: CL_MEM_COPY_HOST_PTR
 ushort16 test passed. cl_mem_flags src: CL_MEM_ALLOC_HOST_PTR | CL_MEM_COPY_HOST_PTR dst: 0
 ushort16 test passed. cl_mem_flags src: CL_MEM_USE_HOST_PTR dst: CL_MEM_ALLOC_HOST_PTR
 ushort16 test passed. cl_mem_flags src: CL_MEM_USE_HOST_PTR dst: CL_MEM_ALLOC_HOST_PTR | CL_MEM_COPY_HOST_PTR
 ushort16 test passed. cl_mem_flags src: CL_MEM_USE_HOST_PTR dst: CL_MEM_USE_HOST_PTR
 ushort16 test passed. cl_mem_flags src: CL_MEM_USE_HOST_PTR dst: CL_MEM_COPY_HOST_PTR
 ushort16 test passed. cl_mem_flags src: CL_MEM_USE_HOST_PTR dst: 0
 ushort16 test passed. cl_mem_flags src: CL_MEM_COPY_HOST_PTR dst: CL_MEM_ALLOC_HOST_PTR
 ushort16 test passed. cl_mem_flags src: CL_MEM_COPY_HOST_PTR dst: CL_MEM_ALLOC_HOST_PTR | CL_MEM_COPY_HOST_PTR
 ushort16 test passed. cl_mem_flags src: CL_MEM_COPY_HOST_PTR dst: CL_MEM_USE_HOST_PTR
 ushort16 test passed. cl_mem_flags src: CL_MEM_COPY_HOST_PTR dst: CL_MEM_COPY_HOST_PTR
 ushort16 test passed. cl_mem_flags src: CL_MEM_COPY_HOST_PTR dst: 0
 ushort16 test passed. cl_mem_flags src: 0 dst: CL_MEM_ALLOC_HOST_PTR
 ushort16 test passed. cl_mem_flags src: 0 dst: CL_MEM_ALLOC_HOST_PTR | CL_MEM_COPY_HOST_PTR
 ushort16 test passed. cl_mem_flags src: 0 dst: CL_MEM_USE_HOST_PTR
 ushort16 test passed. cl_mem_flags src: 0 dst: CL_MEM_COPY_HOST_PTR
 ushort16 test passed. cl_mem_flags src: 0 dst: 0
buffer_write_ushort passed
buffer_write_char...
 char1 test passed. cl_mem_flags src: CL_MEM_ALLOC_HOST_PTR dst: CL_MEM_ALLOC_HOST_PTR
 char1 test passed. cl_mem_flags src: CL_MEM_ALLOC_HOST_PTR dst: CL_MEM_ALLOC_HOST_PTR | CL_MEM_COPY_HOST_PTR
 char1 test passed. cl_mem_flags src: CL_MEM_ALLOC_HOST_PTR dst: CL_MEM_USE_HOST_PTR
 char1 test passed. cl_mem_flags src: CL_MEM_ALLOC_HOST_PTR dst: CL_MEM_COPY_HOST_PTR
 char1 test passed. cl_mem_flags src: CL_MEM_ALLOC_HOST_PTR dst: 0
 char1 test passed. cl_mem_flags src: CL_MEM_ALLOC_HOST_PTR | CL_MEM_COPY_HOST_PTR dst: CL_MEM_ALLOC_HOST_PTR
 char1 test passed. cl_mem_flags src: CL_MEM_ALLOC_HOST_PTR | CL_MEM_COPY_HOST_PTR dst: CL_MEM_ALLOC_HOST_PTR | CL_MEM_COPY_HOST_PTR
 char1 test passed. cl_mem_flags src: CL_MEM_ALLOC_HOST_PTR | CL_MEM_COPY_HOST_PTR dst: CL_MEM_USE_HOST_PTR
 char1 test passed. cl_mem_flags src: CL_MEM_ALLOC_HOST_PTR | CL_MEM_COPY_HOST_PTR dst: CL_MEM_COPY_HOST_PTR
 char1 test passed. cl_mem_flags src: CL_MEM_ALLOC_HOST_PTR | CL_MEM_COPY_HOST_PTR dst: 0
 char1 test passed. cl_mem_flags src: CL_MEM_USE_HOST_PTR dst: CL_MEM_ALLOC_HOST_PTR
 char1 test passed. cl_mem_flags src: CL_MEM_USE_HOST_PTR dst: CL_MEM_ALLOC_HOST_PTR | CL_MEM_COPY_HOST_PTR
 char1 test passed. cl_mem_flags src: CL_MEM_USE_HOST_PTR dst: CL_MEM_USE_HOST_PTR
 char1 test passed. cl_mem_flags src: CL_MEM_USE_HOST_PTR dst: CL_MEM_COPY_HOST_PTR
 char1 test passed. cl_mem_flags src: CL_MEM_USE_HOST_PTR dst: 0
 char1 test passed. cl_mem_flags src: CL_MEM_COPY_HOST_PTR dst: CL_MEM_ALLOC_HOST_PTR
 char1 test passed. cl_mem_flags src: CL_MEM_COPY_HOST_PTR dst: CL_MEM_ALLOC_HOST_PTR | CL_MEM_COPY_HOST_PTR
 char1 test passed. cl_mem_flags src: CL_MEM_COPY_HOST_PTR dst: CL_MEM_USE_HOST_PTR
 char1 test passed. cl_mem_flags src: CL_MEM_COPY_HOST_PTR dst: CL_MEM_COPY_HOST_PTR
 char1 test passed. cl_mem_flags src: CL_MEM_COPY_HOST_PTR dst: 0
 char1 test passed. cl_mem_flags src: 0 dst: CL_MEM_ALLOC_HOST_PTR
 char1 test passed. cl_mem_flags src: 0 dst: CL_MEM_ALLOC_HOST_PTR | CL_MEM_COPY_HOST_PTR
 char1 test passed. cl_mem_flags src: 0 dst: CL_MEM_USE_HOST_PTR
 char1 test passed. cl_mem_flags src: 0 dst: CL_MEM_COPY_HOST_PTR
 char1 test passed. cl_mem_flags src: 0 dst: 0
 char2 test passed. cl_mem_flags src: CL_MEM_ALLOC_HOST_PTR dst: CL_MEM_ALLOC_HOST_PTR
 char2 test passed. cl_mem_flags src: CL_MEM_ALLOC_HOST_PTR dst: CL_MEM_ALLOC_HOST_PTR | CL_MEM_COPY_HOST_PTR
 char2 test passed. cl_mem_flags src: CL_MEM_ALLOC_HOST_PTR dst: CL_MEM_USE_HOST_PTR
 char2 test passed. cl_mem_flags src: CL_MEM_ALLOC_HOST_PTR dst: CL_MEM_COPY_HOST_PTR
 char2 test passed. cl_mem_flags src: CL_MEM_ALLOC_HOST_PTR dst: 0
 char2 test passed. cl_mem_flags src: CL_MEM_ALLOC_HOST_PTR | CL_MEM_COPY_HOST_PTR dst: CL_MEM_ALLOC_HOST_PTR
 char2 test passed. cl_mem_flags src: CL_MEM_ALLOC_HOST_PTR | CL_MEM_COPY_HOST_PTR dst: CL_MEM_ALLOC_HOST_PTR | CL_MEM_COPY_HOST_PTR
 char2 test passed. cl_mem_flags src: CL_MEM_ALLOC_HOST_PTR | CL_MEM_COPY_HOST_PTR dst: CL_MEM_USE_HOST_PTR
 char2 test passed. cl_mem_flags src: CL_MEM_ALLOC_HOST_PTR | CL_MEM_COPY_HOST_PTR dst: CL_MEM_COPY_HOST_PTR
 char2 test passed. cl_mem_flags src: CL_MEM_ALLOC_HOST_PTR | CL_MEM_COPY_HOST_PTR dst: 0
 char2 test passed. cl_mem_flags src: CL_MEM_USE_HOST_PTR dst: CL_MEM_ALLOC_HOST_PTR
 char2 test passed. cl_mem_flags src: CL_MEM_USE_HOST_PTR dst: CL_MEM_ALLOC_HOST_PTR | CL_MEM_COPY_HOST_PTR
 char2 test passed. cl_mem_flags src: CL_MEM_USE_HOST_PTR dst: CL_MEM_USE_HOST_PTR
 char2 test passed. cl_mem_flags src: CL_MEM_USE_HOST_PTR dst: CL_MEM_COPY_HOST_PTR
 char2 test passed. cl_mem_flags src: CL_MEM_USE_HOST_PTR dst: 0
 char2 test passed. cl_mem_flags src: CL_MEM_COPY_HOST_PTR dst: CL_MEM_ALLOC_HOST_PTR
 char2 test passed. cl_mem_flags src: CL_MEM_COPY_HOST_PTR dst: CL_MEM_ALLOC_HOST_PTR | CL_MEM_COPY_HOST_PTR
 char2 test passed. cl_mem_flags src: CL_MEM_COPY_HOST_PTR dst: CL_MEM_USE_HOST_PTR
 char2 test passed. cl_mem_flags src: CL_MEM_COPY_HOST_PTR dst: CL_MEM_COPY_HOST_PTR
 char2 test passed. cl_mem_flags src: CL_MEM_COPY_HOST_PTR dst: 0
 char2 test passed. cl_mem_flags src: 0 dst: CL_MEM_ALLOC_HOST_PTR
 char2 test passed. cl_mem_flags src: 0 dst: CL_MEM_ALLOC_HOST_PTR | CL_MEM_COPY_HOST_PTR
 char2 test passed. cl_mem_flags src: 0 dst: CL_MEM_USE_HOST_PTR
 char2 test passed. cl_mem_flags src: 0 dst: CL_MEM_COPY_HOST_PTR
 char2 test passed. cl_mem_flags src: 0 dst: 0
 char4 test passed. cl_mem_flags src: CL_MEM_ALLOC_HOST_PTR dst: CL_MEM_ALLOC_HOST_PTR
 char4 test passed. cl_mem_flags src: CL_MEM_ALLOC_HOST_PTR dst: CL_MEM_ALLOC_HOST_PTR | CL_MEM_COPY_HOST_PTR
 char4 test passed. cl_mem_flags src: CL_MEM_ALLOC_HOST_PTR dst: CL_MEM_USE_HOST_PTR
 char4 test passed. cl_mem_flags src: CL_MEM_ALLOC_HOST_PTR dst: CL_MEM_COPY_HOST_PTR
 char4 test passed. cl_mem_flags src: CL_MEM_ALLOC_HOST_PTR dst: 0
 char4 test passed. cl_mem_flags src: CL_MEM_ALLOC_HOST_PTR | CL_MEM_COPY_HOST_PTR dst: CL_MEM_ALLOC_HOST_PTR
 char4 test passed. cl_mem_flags src: CL_MEM_ALLOC_HOST_PTR | CL_MEM_COPY_HOST_PTR dst: CL_MEM_ALLOC_HOST_PTR | CL_MEM_COPY_HOST_PTR
 char4 test passed. cl_mem_flags src: CL_MEM_ALLOC_HOST_PTR | CL_MEM_COPY_HOST_PTR dst: CL_MEM_USE_HOST_PTR
 char4 test passed. cl_mem_flags src: CL_MEM_ALLOC_HOST_PTR | CL_MEM_COPY_HOST_PTR dst: CL_MEM_COPY_HOST_PTR
 char4 test passed. cl_mem_flags src: CL_MEM_ALLOC_HOST_PTR | CL_MEM_COPY_HOST_PTR dst: 0
 char4 test passed. cl_mem_flags src: CL_MEM_USE_HOST_PTR dst: CL_MEM_ALLOC_HOST_PTR
 char4 test passed. cl_mem_flags src: CL_MEM_USE_HOST_PTR dst: CL_MEM_ALLOC_HOST_PTR | CL_MEM_COPY_HOST_PTR
 char4 test passed. cl_mem_flags src: CL_MEM_USE_HOST_PTR dst: CL_MEM_USE_HOST_PTR
 char4 test passed. cl_mem_flags src: CL_MEM_USE_HOST_PTR dst: CL_MEM_COPY_HOST_PTR
 char4 test passed. cl_mem_flags src: CL_MEM_USE_HOST_PTR dst: 0
 char4 test passed. cl_mem_flags src: CL_MEM_COPY_HOST_PTR dst: CL_MEM_ALLOC_HOST_PTR
 char4 test passed. cl_mem_flags src: CL_MEM_COPY_HOST_PTR dst: CL_MEM_ALLOC_HOST_PTR | CL_MEM_COPY_HOST_PTR
 char4 test passed. cl_mem_flags src: CL_MEM_COPY_HOST_PTR dst: CL_MEM_USE_HOST_PTR
 char4 test passed. cl_mem_flags src: CL_MEM_COPY_HOST_PTR dst: CL_MEM_COPY_HOST_PTR
 char4 test passed. cl_mem_flags src: CL_MEM_COPY_HOST_PTR dst: 0
 char4 test passed. cl_mem_flags src: 0 dst: CL_MEM_ALLOC_HOST_PTR
 char4 test passed. cl_mem_flags src: 0 dst: CL_MEM_ALLOC_HOST_PTR | CL_MEM_COPY_HOST_PTR
 char4 test passed. cl_mem_flags src: 0 dst: CL_MEM_USE_HOST_PTR
 char4 test passed. cl_mem_flags src: 0 dst: CL_MEM_COPY_HOST_PTR
 char4 test passed. cl_mem_flags src: 0 dst: 0
 char8 test passed. cl_mem_flags src: CL_MEM_ALLOC_HOST_PTR dst: CL_MEM_ALLOC_HOST_PTR
 char8 test passed. cl_mem_flags src: CL_MEM_ALLOC_HOST_PTR dst: CL_MEM_ALLOC_HOST_PTR | CL_MEM_COPY_HOST_PTR
 char8 test passed. cl_mem_flags src: CL_MEM_ALLOC_HOST_PTR dst: CL_MEM_USE_HOST_PTR
 char8 test passed. cl_mem_flags src: CL_MEM_ALLOC_HOST_PTR dst: CL_MEM_COPY_HOST_PTR
 char8 test passed. cl_mem_flags src: CL_MEM_ALLOC_HOST_PTR dst: 0
 char8 test passed. cl_mem_flags src: CL_MEM_ALLOC_HOST_PTR | CL_MEM_COPY_HOST_PTR dst: CL_MEM_ALLOC_HOST_PTR
 char8 test passed. cl_mem_flags src: CL_MEM_ALLOC_HOST_PTR | CL_MEM_COPY_HOST_PTR dst: CL_MEM_ALLOC_HOST_PTR | CL_MEM_COPY_HOST_PTR
 char8 test passed. cl_mem_flags src: CL_MEM_ALLOC_HOST_PTR | CL_MEM_COPY_HOST_PTR dst: CL_MEM_USE_HOST_PTR
 char8 test passed. cl_mem_flags src: CL_MEM_ALLOC_HOST_PTR | CL_MEM_COPY_HOST_PTR dst: CL_MEM_COPY_HOST_PTR
 char8 test passed. cl_mem_flags src: CL_MEM_ALLOC_HOST_PTR | CL_MEM_COPY_HOST_PTR dst: 0
 char8 test passed. cl_mem_flags src: CL_MEM_USE_HOST_PTR dst: CL_MEM_ALLOC_HOST_PTR
 char8 test passed. cl_mem_flags src: CL_MEM_USE_HOST_PTR dst: CL_MEM_ALLOC_HOST_PTR | CL_MEM_COPY_HOST_PTR
 char8 test passed. cl_mem_flags src: CL_MEM_USE_HOST_PTR dst: CL_MEM_USE_HOST_PTR
 char8 test passed. cl_mem_flags src: CL_MEM_USE_HOST_PTR dst: CL_MEM_COPY_HOST_PTR
 char8 test passed. cl_mem_flags src: CL_MEM_USE_HOST_PTR dst: 0
 char8 test passed. cl_mem_flags src: CL_MEM_COPY_HOST_PTR dst: CL_MEM_ALLOC_HOST_PTR
 char8 test passed. cl_mem_flags src: CL_MEM_COPY_HOST_PTR dst: CL_MEM_ALLOC_HOST_PTR | CL_MEM_COPY_HOST_PTR
 char8 test passed. cl_mem_flags src: CL_MEM_COPY_HOST_PTR dst: CL_MEM_USE_HOST_PTR
 char8 test passed. cl_mem_flags src: CL_MEM_COPY_HOST_PTR dst: CL_MEM_COPY_HOST_PTR
 char8 test passed. cl_mem_flags src: CL_MEM_COPY_HOST_PTR dst: 0
 char8 test passed. cl_mem_flags src: 0 dst: CL_MEM_ALLOC_HOST_PTR
 char8 test passed. cl_mem_flags src: 0 dst: CL_MEM_ALLOC_HOST_PTR | CL_MEM_COPY_HOST_PTR
 char8 test passed. cl_mem_flags src: 0 dst: CL_MEM_USE_HOST_PTR
 char8 test passed. cl_mem_flags src: 0 dst: CL_MEM_COPY_HOST_PTR
 char8 test passed. cl_mem_flags src: 0 dst: 0
 char16 test passed. cl_mem_flags src: CL_MEM_ALLOC_HOST_PTR dst: CL_MEM_ALLOC_HOST_PTR
 char16 test passed. cl_mem_flags src: CL_MEM_ALLOC_HOST_PTR dst: CL_MEM_ALLOC_HOST_PTR | CL_MEM_COPY_HOST_PTR
 char16 test passed. cl_mem_flags src: CL_MEM_ALLOC_HOST_PTR dst: CL_MEM_USE_HOST_PTR
 char16 test passed. cl_mem_flags src: CL_MEM_ALLOC_HOST_PTR dst: CL_MEM_COPY_HOST_PTR
 char16 test passed. cl_mem_flags src: CL_MEM_ALLOC_HOST_PTR dst: 0
 char16 test passed. cl_mem_flags src: CL_MEM_ALLOC_HOST_PTR | CL_MEM_COPY_HOST_PTR dst: CL_MEM_ALLOC_HOST_PTR
 char16 test passed. cl_mem_flags src: CL_MEM_ALLOC_HOST_PTR | CL_MEM_COPY_HOST_PTR dst: CL_MEM_ALLOC_HOST_PTR | CL_MEM_COPY_HOST_PTR
 char16 test passed. cl_mem_flags src: CL_MEM_ALLOC_HOST_PTR | CL_MEM_COPY_HOST_PTR dst: CL_MEM_USE_HOST_PTR
 char16 test passed. cl_mem_flags src: CL_MEM_ALLOC_HOST_PTR | CL_MEM_COPY_HOST_PTR dst: CL_MEM_COPY_HOST_PTR
 char16 test passed. cl_mem_flags src: CL_MEM_ALLOC_HOST_PTR | CL_MEM_COPY_HOST_PTR dst: 0
 char16 test passed. cl_mem_flags src: CL_MEM_USE_HOST_PTR dst: CL_MEM_ALLOC_HOST_PTR
 char16 test passed. cl_mem_flags src: CL_MEM_USE_HOST_PTR dst: CL_MEM_ALLOC_HOST_PTR | CL_MEM_COPY_HOST_PTR
 char16 test passed. cl_mem_flags src: CL_MEM_USE_HOST_PTR dst: CL_MEM_USE_HOST_PTR
 char16 test passed. cl_mem_flags src: CL_MEM_USE_HOST_PTR dst: CL_MEM_COPY_HOST_PTR
 char16 test passed. cl_mem_flags src: CL_MEM_USE_HOST_PTR dst: 0
 char16 test passed. cl_mem_flags src: CL_MEM_COPY_HOST_PTR dst: CL_MEM_ALLOC_HOST_PTR
 char16 test passed. cl_mem_flags src: CL_MEM_COPY_HOST_PTR dst: CL_MEM_ALLOC_HOST_PTR | CL_MEM_COPY_HOST_PTR
 char16 test passed. cl_mem_flags src: CL_MEM_COPY_HOST_PTR dst: CL_MEM_USE_HOST_PTR
 char16 test passed. cl_mem_flags src: CL_MEM_COPY_HOST_PTR dst: CL_MEM_COPY_HOST_PTR
 char16 test passed. cl_mem_flags src: CL_MEM_COPY_HOST_PTR dst: 0
 char16 test passed. cl_mem_flags src: 0 dst: CL_MEM_ALLOC_HOST_PTR
 char16 test passed. cl_mem_flags src: 0 dst: CL_MEM_ALLOC_HOST_PTR | CL_MEM_COPY_HOST_PTR
 char16 test passed. cl_mem_flags src: 0 dst: CL_MEM_USE_HOST_PTR
 char16 test passed. cl_mem_flags src: 0 dst: CL_MEM_COPY_HOST_PTR
 char16 test passed. cl_mem_flags src: 0 dst: 0
buffer_write_char passed
buffer_write_uchar...
 uchar1 test passed. cl_mem_flags src: CL_MEM_ALLOC_HOST_PTR dst: CL_MEM_ALLOC_HOST_PTR
 uchar1 test passed. cl_mem_flags src: CL_MEM_ALLOC_HOST_PTR dst: CL_MEM_ALLOC_HOST_PTR | CL_MEM_COPY_HOST_PTR
 uchar1 test passed. cl_mem_flags src: CL_MEM_ALLOC_HOST_PTR dst: CL_MEM_USE_HOST_PTR
 uchar1 test passed. cl_mem_flags src: CL_MEM_ALLOC_HOST_PTR dst: CL_MEM_COPY_HOST_PTR
 uchar1 test passed. cl_mem_flags src: CL_MEM_ALLOC_HOST_PTR dst: 0
 uchar1 test passed. cl_mem_flags src: CL_MEM_ALLOC_HOST_PTR | CL_MEM_COPY_HOST_PTR dst: CL_MEM_ALLOC_HOST_PTR
 uchar1 test passed. cl_mem_flags src: CL_MEM_ALLOC_HOST_PTR | CL_MEM_COPY_HOST_PTR dst: CL_MEM_ALLOC_HOST_PTR | CL_MEM_COPY_HOST_PTR
 uchar1 test passed. cl_mem_flags src: CL_MEM_ALLOC_HOST_PTR | CL_MEM_COPY_HOST_PTR dst: CL_MEM_USE_HOST_PTR
 uchar1 test passed. cl_mem_flags src: CL_MEM_ALLOC_HOST_PTR | CL_MEM_COPY_HOST_PTR dst: CL_MEM_COPY_HOST_PTR
 uchar1 test passed. cl_mem_flags src: CL_MEM_ALLOC_HOST_PTR | CL_MEM_COPY_HOST_PTR dst: 0
 uchar1 test passed. cl_mem_flags src: CL_MEM_USE_HOST_PTR dst: CL_MEM_ALLOC_HOST_PTR
 uchar1 test passed. cl_mem_flags src: CL_MEM_USE_HOST_PTR dst: CL_MEM_ALLOC_HOST_PTR | CL_MEM_COPY_HOST_PTR
 uchar1 test passed. cl_mem_flags src: CL_MEM_USE_HOST_PTR dst: CL_MEM_USE_HOST_PTR
 uchar1 test passed. cl_mem_flags src: CL_MEM_USE_HOST_PTR dst: CL_MEM_COPY_HOST_PTR
 uchar1 test passed. cl_mem_flags src: CL_MEM_USE_HOST_PTR dst: 0
 uchar1 test passed. cl_mem_flags src: CL_MEM_COPY_HOST_PTR dst: CL_MEM_ALLOC_HOST_PTR
 uchar1 test passed. cl_mem_flags src: CL_MEM_COPY_HOST_PTR dst: CL_MEM_ALLOC_HOST_PTR | CL_MEM_COPY_HOST_PTR
 uchar1 test passed. cl_mem_flags src: CL_MEM_COPY_HOST_PTR dst: CL_MEM_USE_HOST_PTR
 uchar1 test passed. cl_mem_flags src: CL_MEM_COPY_HOST_PTR dst: CL_MEM_COPY_HOST_PTR
 uchar1 test passed. cl_mem_flags src: CL_MEM_COPY_HOST_PTR dst: 0
 uchar1 test passed. cl_mem_flags src: 0 dst: CL_MEM_ALLOC_HOST_PTR
 uchar1 test passed. cl_mem_flags src: 0 dst: CL_MEM_ALLOC_HOST_PTR | CL_MEM_COPY_HOST_PTR
 uchar1 test passed. cl_mem_flags src: 0 dst: CL_MEM_USE_HOST_PTR
 uchar1 test passed. cl_mem_flags src: 0 dst: CL_MEM_COPY_HOST_PTR
 uchar1 test passed. cl_mem_flags src: 0 dst: 0
 uchar2 test passed. cl_mem_flags src: CL_MEM_ALLOC_HOST_PTR dst: CL_MEM_ALLOC_HOST_PTR
 uchar2 test passed. cl_mem_flags src: CL_MEM_ALLOC_HOST_PTR dst: CL_MEM_ALLOC_HOST_PTR | CL_MEM_COPY_HOST_PTR
 uchar2 test passed. cl_mem_flags src: CL_MEM_ALLOC_HOST_PTR dst: CL_MEM_USE_HOST_PTR
 uchar2 test passed. cl_mem_flags src: CL_MEM_ALLOC_HOST_PTR dst: CL_MEM_COPY_HOST_PTR
 uchar2 test passed. cl_mem_flags src: CL_MEM_ALLOC_HOST_PTR dst: 0
 uchar2 test passed. cl_mem_flags src: CL_MEM_ALLOC_HOST_PTR | CL_MEM_COPY_HOST_PTR dst: CL_MEM_ALLOC_HOST_PTR
 uchar2 test passed. cl_mem_flags src: CL_MEM_ALLOC_HOST_PTR | CL_MEM_COPY_HOST_PTR dst: CL_MEM_ALLOC_HOST_PTR | CL_MEM_COPY_HOST_PTR
 uchar2 test passed. cl_mem_flags src: CL_MEM_ALLOC_HOST_PTR | CL_MEM_COPY_HOST_PTR dst: CL_MEM_USE_HOST_PTR
 uchar2 test passed. cl_mem_flags src: CL_MEM_ALLOC_HOST_PTR | CL_MEM_COPY_HOST_PTR dst: CL_MEM_COPY_HOST_PTR
 uchar2 test passed. cl_mem_flags src: CL_MEM_ALLOC_HOST_PTR | CL_MEM_COPY_HOST_PTR dst: 0
 uchar2 test passed. cl_mem_flags src: CL_MEM_USE_HOST_PTR dst: CL_MEM_ALLOC_HOST_PTR
 uchar2 test passed. cl_mem_flags src: CL_MEM_USE_HOST_PTR dst: CL_MEM_ALLOC_HOST_PTR | CL_MEM_COPY_HOST_PTR
 uchar2 test passed. cl_mem_flags src: CL_MEM_USE_HOST_PTR dst: CL_MEM_USE_HOST_PTR
 uchar2 test passed. cl_mem_flags src: CL_MEM_USE_HOST_PTR dst: CL_MEM_COPY_HOST_PTR
 uchar2 test passed. cl_mem_flags src: CL_MEM_USE_HOST_PTR dst: 0
 uchar2 test passed. cl_mem_flags src: CL_MEM_COPY_HOST_PTR dst: CL_MEM_ALLOC_HOST_PTR
 uchar2 test passed. cl_mem_flags src: CL_MEM_COPY_HOST_PTR dst: CL_MEM_ALLOC_HOST_PTR | CL_MEM_COPY_HOST_PTR
 uchar2 test passed. cl_mem_flags src: CL_MEM_COPY_HOST_PTR dst: CL_MEM_USE_HOST_PTR
 uchar2 test passed. cl_mem_flags src: CL_MEM_COPY_HOST_PTR dst: CL_MEM_COPY_HOST_PTR
 uchar2 test passed. cl_mem_flags src: CL_MEM_COPY_HOST_PTR dst: 0
 uchar2 test passed. cl_mem_flags src: 0 dst: CL_MEM_ALLOC_HOST_PTR
 uchar2 test passed. cl_mem_flags src: 0 dst: CL_MEM_ALLOC_HOST_PTR | CL_MEM_COPY_HOST_PTR
 uchar2 test passed. cl_mem_flags src: 0 dst: CL_MEM_USE_HOST_PTR
 uchar2 test passed. cl_mem_flags src: 0 dst: CL_MEM_COPY_HOST_PTR
 uchar2 test passed. cl_mem_flags src: 0 dst: 0
 uchar4 test passed. cl_mem_flags src: CL_MEM_ALLOC_HOST_PTR dst: CL_MEM_ALLOC_HOST_PTR
 uchar4 test passed. cl_mem_flags src: CL_MEM_ALLOC_HOST_PTR dst: CL_MEM_ALLOC_HOST_PTR | CL_MEM_COPY_HOST_PTR
 uchar4 test passed. cl_mem_flags src: CL_MEM_ALLOC_HOST_PTR dst: CL_MEM_USE_HOST_PTR
 uchar4 test passed. cl_mem_flags src: CL_MEM_ALLOC_HOST_PTR dst: CL_MEM_COPY_HOST_PTR
 uchar4 test passed. cl_mem_flags src: CL_MEM_ALLOC_HOST_PTR dst: 0
 uchar4 test passed. cl_mem_flags src: CL_MEM_ALLOC_HOST_PTR | CL_MEM_COPY_HOST_PTR dst: CL_MEM_ALLOC_HOST_PTR
 uchar4 test passed. cl_mem_flags src: CL_MEM_ALLOC_HOST_PTR | CL_MEM_COPY_HOST_PTR dst: CL_MEM_ALLOC_HOST_PTR | CL_MEM_COPY_HOST_PTR
 uchar4 test passed. cl_mem_flags src: CL_MEM_ALLOC_HOST_PTR | CL_MEM_COPY_HOST_PTR dst: CL_MEM_USE_HOST_PTR
 uchar4 test passed. cl_mem_flags src: CL_MEM_ALLOC_HOST_PTR | CL_MEM_COPY_HOST_PTR dst: CL_MEM_COPY_HOST_PTR
 uchar4 test passed. cl_mem_flags src: CL_MEM_ALLOC_HOST_PTR | CL_MEM_COPY_HOST_PTR dst: 0
 uchar4 test passed. cl_mem_flags src: CL_MEM_USE_HOST_PTR dst: CL_MEM_ALLOC_HOST_PTR
 uchar4 test passed. cl_mem_flags src: CL_MEM_USE_HOST_PTR dst: CL_MEM_ALLOC_HOST_PTR | CL_MEM_COPY_HOST_PTR
 uchar4 test passed. cl_mem_flags src: CL_MEM_USE_HOST_PTR dst: CL_MEM_USE_HOST_PTR
 uchar4 test passed. cl_mem_flags src: CL_MEM_USE_HOST_PTR dst: CL_MEM_COPY_HOST_PTR
 uchar4 test passed. cl_mem_flags src: CL_MEM_USE_HOST_PTR dst: 0
 uchar4 test passed. cl_mem_flags src: CL_MEM_COPY_HOST_PTR dst: CL_MEM_ALLOC_HOST_PTR
 uchar4 test passed. cl_mem_flags src: CL_MEM_COPY_HOST_PTR dst: CL_MEM_ALLOC_HOST_PTR | CL_MEM_COPY_HOST_PTR
 uchar4 test passed. cl_mem_flags src: CL_MEM_COPY_HOST_PTR dst: CL_MEM_USE_HOST_PTR
 uchar4 test passed. cl_mem_flags src: CL_MEM_COPY_HOST_PTR dst: CL_MEM_COPY_HOST_PTR
 uchar4 test passed. cl_mem_flags src: CL_MEM_COPY_HOST_PTR dst: 0
 uchar4 test passed. cl_mem_flags src: 0 dst: CL_MEM_ALLOC_HOST_PTR
 uchar4 test passed. cl_mem_flags src: 0 dst: CL_MEM_ALLOC_HOST_PTR | CL_MEM_COPY_HOST_PTR
 uchar4 test passed. cl_mem_flags src: 0 dst: CL_MEM_USE_HOST_PTR
 uchar4 test passed. cl_mem_flags src: 0 dst: CL_MEM_COPY_HOST_PTR
 uchar4 test passed. cl_mem_flags src: 0 dst: 0
 uchar8 test passed. cl_mem_flags src: CL_MEM_ALLOC_HOST_PTR dst: CL_MEM_ALLOC_HOST_PTR
 uchar8 test passed. cl_mem_flags src: CL_MEM_ALLOC_HOST_PTR dst: CL_MEM_ALLOC_HOST_PTR | CL_MEM_COPY_HOST_PTR
 uchar8 test passed. cl_mem_flags src: CL_MEM_ALLOC_HOST_PTR dst: CL_MEM_USE_HOST_PTR
 uchar8 test passed. cl_mem_flags src: CL_MEM_ALLOC_HOST_PTR dst: CL_MEM_COPY_HOST_PTR
 uchar8 test passed. cl_mem_flags src: CL_MEM_ALLOC_HOST_PTR dst: 0
 uchar8 test passed. cl_mem_flags src: CL_MEM_ALLOC_HOST_PTR | CL_MEM_COPY_HOST_PTR dst: CL_MEM_ALLOC_HOST_PTR
 uchar8 test passed. cl_mem_flags src: CL_MEM_ALLOC_HOST_PTR | CL_MEM_COPY_HOST_PTR dst: CL_MEM_ALLOC_HOST_PTR | CL_MEM_COPY_HOST_PTR
 uchar8 test passed. cl_mem_flags src: CL_MEM_ALLOC_HOST_PTR | CL_MEM_COPY_HOST_PTR dst: CL_MEM_USE_HOST_PTR
 uchar8 test passed. cl_mem_flags src: CL_MEM_ALLOC_HOST_PTR | CL_MEM_COPY_HOST_PTR dst: CL_MEM_COPY_HOST_PTR
 uchar8 test passed. cl_mem_flags src: CL_MEM_ALLOC_HOST_PTR | CL_MEM_COPY_HOST_PTR dst: 0
 uchar8 test passed. cl_mem_flags src: CL_MEM_USE_HOST_PTR dst: CL_MEM_ALLOC_HOST_PTR
 uchar8 test passed. cl_mem_flags src: CL_MEM_USE_HOST_PTR dst: CL_MEM_ALLOC_HOST_PTR | CL_MEM_COPY_HOST_PTR
 uchar8 test passed. cl_mem_flags src: CL_MEM_USE_HOST_PTR dst: CL_MEM_USE_HOST_PTR
 uchar8 test passed. cl_mem_flags src: CL_MEM_USE_HOST_PTR dst: CL_MEM_COPY_HOST_PTR
 uchar8 test passed. cl_mem_flags src: CL_MEM_USE_HOST_PTR dst: 0
 uchar8 test passed. cl_mem_flags src: CL_MEM_COPY_HOST_PTR dst: CL_MEM_ALLOC_HOST_PTR
 uchar8 test passed. cl_mem_flags src: CL_MEM_COPY_HOST_PTR dst: CL_MEM_ALLOC_HOST_PTR | CL_MEM_COPY_HOST_PTR
 uchar8 test passed. cl_mem_flags src: CL_MEM_COPY_HOST_PTR dst: CL_MEM_USE_HOST_PTR
 uchar8 test passed. cl_mem_flags src: CL_MEM_COPY_HOST_PTR dst: CL_MEM_COPY_HOST_PTR
 uchar8 test passed. cl_mem_flags src: CL_MEM_COPY_HOST_PTR dst: 0
 uchar8 test passed. cl_mem_flags src: 0 dst: CL_MEM_ALLOC_HOST_PTR
 uchar8 test passed. cl_mem_flags src: 0 dst: CL_MEM_ALLOC_HOST_PTR | CL_MEM_COPY_HOST_PTR
 uchar8 test passed. cl_mem_flags src: 0 dst: CL_MEM_USE_HOST_PTR
 uchar8 test passed. cl_mem_flags src: 0 dst: CL_MEM_COPY_HOST_PTR
 uchar8 test passed. cl_mem_flags src: 0 dst: 0
 uchar16 test passed. cl_mem_flags src: CL_MEM_ALLOC_HOST_PTR dst: CL_MEM_ALLOC_HOST_PTR
 uchar16 test passed. cl_mem_flags src: CL_MEM_ALLOC_HOST_PTR dst: CL_MEM_ALLOC_HOST_PTR | CL_MEM_COPY_HOST_PTR
 uchar16 test passed. cl_mem_flags src: CL_MEM_ALLOC_HOST_PTR dst: CL_MEM_USE_HOST_PTR
 uchar16 test passed. cl_mem_flags src: CL_MEM_ALLOC_HOST_PTR dst: CL_MEM_COPY_HOST_PTR
 uchar16 test passed. cl_mem_flags src: CL_MEM_ALLOC_HOST_PTR dst: 0
 uchar16 test passed. cl_mem_flags src: CL_MEM_ALLOC_HOST_PTR | CL_MEM_COPY_HOST_PTR dst: CL_MEM_ALLOC_HOST_PTR
 uchar16 test passed. cl_mem_flags src: CL_MEM_ALLOC_HOST_PTR | CL_MEM_COPY_HOST_PTR dst: CL_MEM_ALLOC_HOST_PTR | CL_MEM_COPY_HOST_PTR
 uchar16 test passed. cl_mem_flags src: CL_MEM_ALLOC_HOST_PTR | CL_MEM_COPY_HOST_PTR dst: CL_MEM_USE_HOST_PTR
 uchar16 test passed. cl_mem_flags src: CL_MEM_ALLOC_HOST_PTR | CL_MEM_COPY_HOST_PTR dst: CL_MEM_COPY_HOST_PTR
 uchar16 test passed. cl_mem_flags src: CL_MEM_ALLOC_HOST_PTR | CL_MEM_COPY_HOST_PTR dst: 0
 uchar16 test passed. cl_mem_flags src: CL_MEM_USE_HOST_PTR dst: CL_MEM_ALLOC_HOST_PTR
 uchar16 test passed. cl_mem_flags src: CL_MEM_USE_HOST_PTR dst: CL_MEM_ALLOC_HOST_PTR | CL_MEM_COPY_HOST_PTR
 uchar16 test passed. cl_mem_flags src: CL_MEM_USE_HOST_PTR dst: CL_MEM_USE_HOST_PTR
 uchar16 test passed. cl_mem_flags src: CL_MEM_USE_HOST_PTR dst: CL_MEM_COPY_HOST_PTR
 uchar16 test passed. cl_mem_flags src: CL_MEM_USE_HOST_PTR dst: 0
 uchar16 test passed. cl_mem_flags src: CL_MEM_COPY_HOST_PTR dst: CL_MEM_ALLOC_HOST_PTR
 uchar16 test passed. cl_mem_flags src: CL_MEM_COPY_HOST_PTR dst: CL_MEM_ALLOC_HOST_PTR | CL_MEM_COPY_HOST_PTR
 uchar16 test passed. cl_mem_flags src: CL_MEM_COPY_HOST_PTR dst: CL_MEM_USE_HOST_PTR
 uchar16 test passed. cl_mem_flags src: CL_MEM_COPY_HOST_PTR dst: CL_MEM_COPY_HOST_PTR
 uchar16 test passed. cl_mem_flags src: CL_MEM_COPY_HOST_PTR dst: 0
 uchar16 test passed. cl_mem_flags src: 0 dst: CL_MEM_ALLOC_HOST_PTR
 uchar16 test passed. cl_mem_flags src: 0 dst: CL_MEM_ALLOC_HOST_PTR | CL_MEM_COPY_HOST_PTR
 uchar16 test passed. cl_mem_flags src: 0 dst: CL_MEM_USE_HOST_PTR
 uchar16 test passed. cl_mem_flags src: 0 dst: CL_MEM_COPY_HOST_PTR
 uchar16 test passed. cl_mem_flags src: 0 dst: 0
buffer_write_uchar passed
buffer_write_float...
 float1 test passed. cl_mem_flags src: CL_MEM_ALLOC_HOST_PTR dst: CL_MEM_ALLOC_HOST_PTR
 float1 test passed. cl_mem_flags src: CL_MEM_ALLOC_HOST_PTR dst: CL_MEM_ALLOC_HOST_PTR | CL_MEM_COPY_HOST_PTR
 float1 test passed. cl_mem_flags src: CL_MEM_ALLOC_HOST_PTR dst: CL_MEM_USE_HOST_PTR
 float1 test passed. cl_mem_flags src: CL_MEM_ALLOC_HOST_PTR dst: CL_MEM_COPY_HOST_PTR
 float1 test passed. cl_mem_flags src: CL_MEM_ALLOC_HOST_PTR dst: 0
 float1 test passed. cl_mem_flags src: CL_MEM_ALLOC_HOST_PTR | CL_MEM_COPY_HOST_PTR dst: CL_MEM_ALLOC_HOST_PTR
 float1 test passed. cl_mem_flags src: CL_MEM_ALLOC_HOST_PTR | CL_MEM_COPY_HOST_PTR dst: CL_MEM_ALLOC_HOST_PTR | CL_MEM_COPY_HOST_PTR
 float1 test passed. cl_mem_flags src: CL_MEM_ALLOC_HOST_PTR | CL_MEM_COPY_HOST_PTR dst: CL_MEM_USE_HOST_PTR
 float1 test passed. cl_mem_flags src: CL_MEM_ALLOC_HOST_PTR | CL_MEM_COPY_HOST_PTR dst: CL_MEM_COPY_HOST_PTR
 float1 test passed. cl_mem_flags src: CL_MEM_ALLOC_HOST_PTR | CL_MEM_COPY_HOST_PTR dst: 0
 float1 test passed. cl_mem_flags src: CL_MEM_USE_HOST_PTR dst: CL_MEM_ALLOC_HOST_PTR
 float1 test passed. cl_mem_flags src: CL_MEM_USE_HOST_PTR dst: CL_MEM_ALLOC_HOST_PTR | CL_MEM_COPY_HOST_PTR
 float1 test passed. cl_mem_flags src: CL_MEM_USE_HOST_PTR dst: CL_MEM_USE_HOST_PTR
 float1 test passed. cl_mem_flags src: CL_MEM_USE_HOST_PTR dst: CL_MEM_COPY_HOST_PTR
 float1 test passed. cl_mem_flags src: CL_MEM_USE_HOST_PTR dst: 0
 float1 test passed. cl_mem_flags src: CL_MEM_COPY_HOST_PTR dst: CL_MEM_ALLOC_HOST_PTR
 float1 test passed. cl_mem_flags src: CL_MEM_COPY_HOST_PTR dst: CL_MEM_ALLOC_HOST_PTR | CL_MEM_COPY_HOST_PTR
 float1 test passed. cl_mem_flags src: CL_MEM_COPY_HOST_PTR dst: CL_MEM_USE_HOST_PTR
 float1 test passed. cl_mem_flags src: CL_MEM_COPY_HOST_PTR dst: CL_MEM_COPY_HOST_PTR
 float1 test passed. cl_mem_flags src: CL_MEM_COPY_HOST_PTR dst: 0
 float1 test passed. cl_mem_flags src: 0 dst: CL_MEM_ALLOC_HOST_PTR
 float1 test passed. cl_mem_flags src: 0 dst: CL_MEM_ALLOC_HOST_PTR | CL_MEM_COPY_HOST_PTR
 float1 test passed. cl_mem_flags src: 0 dst: CL_MEM_USE_HOST_PTR
 float1 test passed. cl_mem_flags src: 0 dst: CL_MEM_COPY_HOST_PTR
 float1 test passed. cl_mem_flags src: 0 dst: 0
 float2 test passed. cl_mem_flags src: CL_MEM_ALLOC_HOST_PTR dst: CL_MEM_ALLOC_HOST_PTR
 float2 test passed. cl_mem_flags src: CL_MEM_ALLOC_HOST_PTR dst: CL_MEM_ALLOC_HOST_PTR | CL_MEM_COPY_HOST_PTR
 float2 test passed. cl_mem_flags src: CL_MEM_ALLOC_HOST_PTR dst: CL_MEM_USE_HOST_PTR
 float2 test passed. cl_mem_flags src: CL_MEM_ALLOC_HOST_PTR dst: CL_MEM_COPY_HOST_PTR
 float2 test passed. cl_mem_flags src: CL_MEM_ALLOC_HOST_PTR dst: 0
 float2 test passed. cl_mem_flags src: CL_MEM_ALLOC_HOST_PTR | CL_MEM_COPY_HOST_PTR dst: CL_MEM_ALLOC_HOST_PTR
 float2 test passed. cl_mem_flags src: CL_MEM_ALLOC_HOST_PTR | CL_MEM_COPY_HOST_PTR dst: CL_MEM_ALLOC_HOST_PTR | CL_MEM_COPY_HOST_PTR
 float2 test passed. cl_mem_flags src: CL_MEM_ALLOC_HOST_PTR | CL_MEM_COPY_HOST_PTR dst: CL_MEM_USE_HOST_PTR
 float2 test passed. cl_mem_flags src: CL_MEM_ALLOC_HOST_PTR | CL_MEM_COPY_HOST_PTR dst: CL_MEM_COPY_HOST_PTR
 float2 test passed. cl_mem_flags src: CL_MEM_ALLOC_HOST_PTR | CL_MEM_COPY_HOST_PTR dst: 0
 float2 test passed. cl_mem_flags src: CL_MEM_USE_HOST_PTR dst: CL_MEM_ALLOC_HOST_PTR
 float2 test passed. cl_mem_flags src: CL_MEM_USE_HOST_PTR dst: CL_MEM_ALLOC_HOST_PTR | CL_MEM_COPY_HOST_PTR
 float2 test passed. cl_mem_flags src: CL_MEM_USE_HOST_PTR dst: CL_MEM_USE_HOST_PTR
 float2 test passed. cl_mem_flags src: CL_MEM_USE_HOST_PTR dst: CL_MEM_COPY_HOST_PTR
 float2 test passed. cl_mem_flags src: CL_MEM_USE_HOST_PTR dst: 0
 float2 test passed. cl_mem_flags src: CL_MEM_COPY_HOST_PTR dst: CL_MEM_ALLOC_HOST_PTR
 float2 test passed. cl_mem_flags src: CL_MEM_COPY_HOST_PTR dst: CL_MEM_ALLOC_HOST_PTR | CL_MEM_COPY_HOST_PTR
 float2 test passed. cl_mem_flags src: CL_MEM_COPY_HOST_PTR dst: CL_MEM_USE_HOST_PTR
 float2 test passed. cl_mem_flags src: CL_MEM_COPY_HOST_PTR dst: CL_MEM_COPY_HOST_PTR
 float2 test passed. cl_mem_flags src: CL_MEM_COPY_HOST_PTR dst: 0
 float2 test passed. cl_mem_flags src: 0 dst: CL_MEM_ALLOC_HOST_PTR
 float2 test passed. cl_mem_flags src: 0 dst: CL_MEM_ALLOC_HOST_PTR | CL_MEM_COPY_HOST_PTR
 float2 test passed. cl_mem_flags src: 0 dst: CL_MEM_USE_HOST_PTR
 float2 test passed. cl_mem_flags src: 0 dst: CL_MEM_COPY_HOST_PTR
 float2 test passed. cl_mem_flags src: 0 dst: 0
 float4 test passed. cl_mem_flags src: CL_MEM_ALLOC_HOST_PTR dst: CL_MEM_ALLOC_HOST_PTR
 float4 test passed. cl_mem_flags src: CL_MEM_ALLOC_HOST_PTR dst: CL_MEM_ALLOC_HOST_PTR | CL_MEM_COPY_HOST_PTR
 float4 test passed. cl_mem_flags src: CL_MEM_ALLOC_HOST_PTR dst: CL_MEM_USE_HOST_PTR
 float4 test passed. cl_mem_flags src: CL_MEM_ALLOC_HOST_PTR dst: CL_MEM_COPY_HOST_PTR
 float4 test passed. cl_mem_flags src: CL_MEM_ALLOC_HOST_PTR dst: 0
 float4 test passed. cl_mem_flags src: CL_MEM_ALLOC_HOST_PTR | CL_MEM_COPY_HOST_PTR dst: CL_MEM_ALLOC_HOST_PTR
 float4 test passed. cl_mem_flags src: CL_MEM_ALLOC_HOST_PTR | CL_MEM_COPY_HOST_PTR dst: CL_MEM_ALLOC_HOST_PTR | CL_MEM_COPY_HOST_PTR
 float4 test passed. cl_mem_flags src: CL_MEM_ALLOC_HOST_PTR | CL_MEM_COPY_HOST_PTR dst: CL_MEM_USE_HOST_PTR
 float4 test passed. cl_mem_flags src: CL_MEM_ALLOC_HOST_PTR | CL_MEM_COPY_HOST_PTR dst: CL_MEM_COPY_HOST_PTR
 float4 test passed. cl_mem_flags src: CL_MEM_ALLOC_HOST_PTR | CL_MEM_COPY_HOST_PTR dst: 0
 float4 test passed. cl_mem_flags src: CL_MEM_USE_HOST_PTR dst: CL_MEM_ALLOC_HOST_PTR
 float4 test passed. cl_mem_flags src: CL_MEM_USE_HOST_PTR dst: CL_MEM_ALLOC_HOST_PTR | CL_MEM_COPY_HOST_PTR
 float4 test passed. cl_mem_flags src: CL_MEM_USE_HOST_PTR dst: CL_MEM_USE_HOST_PTR
 float4 test passed. cl_mem_flags src: CL_MEM_USE_HOST_PTR dst: CL_MEM_COPY_HOST_PTR
 float4 test passed. cl_mem_flags src: CL_MEM_USE_HOST_PTR dst: 0
 float4 test passed. cl_mem_flags src: CL_MEM_COPY_HOST_PTR dst: CL_MEM_ALLOC_HOST_PTR
 float4 test passed. cl_mem_flags src: CL_MEM_COPY_HOST_PTR dst: CL_MEM_ALLOC_HOST_PTR | CL_MEM_COPY_HOST_PTR
 float4 test passed. cl_mem_flags src: CL_MEM_COPY_HOST_PTR dst: CL_MEM_USE_HOST_PTR
 float4 test passed. cl_mem_flags src: CL_MEM_COPY_HOST_PTR dst: CL_MEM_COPY_HOST_PTR
 float4 test passed. cl_mem_flags src: CL_MEM_COPY_HOST_PTR dst: 0
 float4 test passed. cl_mem_flags src: 0 dst: CL_MEM_ALLOC_HOST_PTR
 float4 test passed. cl_mem_flags src: 0 dst: CL_MEM_ALLOC_HOST_PTR | CL_MEM_COPY_HOST_PTR
 float4 test passed. cl_mem_flags src: 0 dst: CL_MEM_USE_HOST_PTR
 float4 test passed. cl_mem_flags src: 0 dst: CL_MEM_COPY_HOST_PTR
 float4 test passed. cl_mem_flags src: 0 dst: 0
 float8 test passed. cl_mem_flags src: CL_MEM_ALLOC_HOST_PTR dst: CL_MEM_ALLOC_HOST_PTR
 float8 test passed. cl_mem_flags src: CL_MEM_ALLOC_HOST_PTR dst: CL_MEM_ALLOC_HOST_PTR | CL_MEM_COPY_HOST_PTR
 float8 test passed. cl_mem_flags src: CL_MEM_ALLOC_HOST_PTR dst: CL_MEM_USE_HOST_PTR
 float8 test passed. cl_mem_flags src: CL_MEM_ALLOC_HOST_PTR dst: CL_MEM_COPY_HOST_PTR
 float8 test passed. cl_mem_flags src: CL_MEM_ALLOC_HOST_PTR dst: 0
 float8 test passed. cl_mem_flags src: CL_MEM_ALLOC_HOST_PTR | CL_MEM_COPY_HOST_PTR dst: CL_MEM_ALLOC_HOST_PTR
 float8 test passed. cl_mem_flags src: CL_MEM_ALLOC_HOST_PTR | CL_MEM_COPY_HOST_PTR dst: CL_MEM_ALLOC_HOST_PTR | CL_MEM_COPY_HOST_PTR
 float8 test passed. cl_mem_flags src: CL_MEM_ALLOC_HOST_PTR | CL_MEM_COPY_HOST_PTR dst: CL_MEM_USE_HOST_PTR
 float8 test passed. cl_mem_flags src: CL_MEM_ALLOC_HOST_PTR | CL_MEM_COPY_HOST_PTR dst: CL_MEM_COPY_HOST_PTR
 float8 test passed. cl_mem_flags src: CL_MEM_ALLOC_HOST_PTR | CL_MEM_COPY_HOST_PTR dst: 0
 float8 test passed. cl_mem_flags src: CL_MEM_USE_HOST_PTR dst: CL_MEM_ALLOC_HOST_PTR
 float8 test passed. cl_mem_flags src: CL_MEM_USE_HOST_PTR dst: CL_MEM_ALLOC_HOST_PTR | CL_MEM_COPY_HOST_PTR
 float8 test passed. cl_mem_flags src: CL_MEM_USE_HOST_PTR dst: CL_MEM_USE_HOST_PTR
 float8 test passed. cl_mem_flags src: CL_MEM_USE_HOST_PTR dst: CL_MEM_COPY_HOST_PTR
 float8 test passed. cl_mem_flags src: CL_MEM_USE_HOST_PTR dst: 0
 float8 test passed. cl_mem_flags src: CL_MEM_COPY_HOST_PTR dst: CL_MEM_ALLOC_HOST_PTR
 float8 test passed. cl_mem_flags src: CL_MEM_COPY_HOST_PTR dst: CL_MEM_ALLOC_HOST_PTR | CL_MEM_COPY_HOST_PTR
 float8 test passed. cl_mem_flags src: CL_MEM_COPY_HOST_PTR dst: CL_MEM_USE_HOST_PTR
 float8 test passed. cl_mem_flags src: CL_MEM_COPY_HOST_PTR dst: CL_MEM_COPY_HOST_PTR
 float8 test passed. cl_mem_flags src: CL_MEM_COPY_HOST_PTR dst: 0
 float8 test passed. cl_mem_flags src: 0 dst: CL_MEM_ALLOC_HOST_PTR
 float8 test passed. cl_mem_flags src: 0 dst: CL_MEM_ALLOC_HOST_PTR | CL_MEM_COPY_HOST_PTR
 float8 test passed. cl_mem_flags src: 0 dst: CL_MEM_USE_HOST_PTR
 float8 test passed. cl_mem_flags src: 0 dst: CL_MEM_COPY_HOST_PTR
 float8 test passed. cl_mem_flags src: 0 dst: 0
 float16 test passed. cl_mem_flags src: CL_MEM_ALLOC_HOST_PTR dst: CL_MEM_ALLOC_HOST_PTR
 float16 test passed. cl_mem_flags src: CL_MEM_ALLOC_HOST_PTR dst: CL_MEM_ALLOC_HOST_PTR | CL_MEM_COPY_HOST_PTR
 float16 test passed. cl_mem_flags src: CL_MEM_ALLOC_HOST_PTR dst: CL_MEM_USE_HOST_PTR
 float16 test passed. cl_mem_flags src: CL_MEM_ALLOC_HOST_PTR dst: CL_MEM_COPY_HOST_PTR
 float16 test passed. cl_mem_flags src: CL_MEM_ALLOC_HOST_PTR dst: 0
 float16 test passed. cl_mem_flags src: CL_MEM_ALLOC_HOST_PTR | CL_MEM_COPY_HOST_PTR dst: CL_MEM_ALLOC_HOST_PTR
 float16 test passed. cl_mem_flags src: CL_MEM_ALLOC_HOST_PTR | CL_MEM_COPY_HOST_PTR dst: CL_MEM_ALLOC_HOST_PTR | CL_MEM_COPY_HOST_PTR
 float16 test passed. cl_mem_flags src: CL_MEM_ALLOC_HOST_PTR | CL_MEM_COPY_HOST_PTR dst: CL_MEM_USE_HOST_PTR
 float16 test passed. cl_mem_flags src: CL_MEM_ALLOC_HOST_PTR | CL_MEM_COPY_HOST_PTR dst: CL_MEM_COPY_HOST_PTR
 float16 test passed. cl_mem_flags src: CL_MEM_ALLOC_HOST_PTR | CL_MEM_COPY_HOST_PTR dst: 0
 float16 test passed. cl_mem_flags src: CL_MEM_USE_HOST_PTR dst: CL_MEM_ALLOC_HOST_PTR
 float16 test passed. cl_mem_flags src: CL_MEM_USE_HOST_PTR dst: CL_MEM_ALLOC_HOST_PTR | CL_MEM_COPY_HOST_PTR
 float16 test passed. cl_mem_flags src: CL_MEM_USE_HOST_PTR dst: CL_MEM_USE_HOST_PTR
 float16 test passed. cl_mem_flags src: CL_MEM_USE_HOST_PTR dst: CL_MEM_COPY_HOST_PTR
 float16 test passed. cl_mem_flags src: CL_MEM_USE_HOST_PTR dst: 0
 float16 test passed. cl_mem_flags src: CL_MEM_COPY_HOST_PTR dst: CL_MEM_ALLOC_HOST_PTR
 float16 test passed. cl_mem_flags src: CL_MEM_COPY_HOST_PTR dst: CL_MEM_ALLOC_HOST_PTR | CL_MEM_COPY_HOST_PTR
 float16 test passed. cl_mem_flags src: CL_MEM_COPY_HOST_PTR dst: CL_MEM_USE_HOST_PTR
 float16 test passed. cl_mem_flags src: CL_MEM_COPY_HOST_PTR dst: CL_MEM_COPY_HOST_PTR
 float16 test passed. cl_mem_flags src: CL_MEM_COPY_HOST_PTR dst: 0
 float16 test passed. cl_mem_flags src: 0 dst: CL_MEM_ALLOC_HOST_PTR
 float16 test passed. cl_mem_flags src: 0 dst: CL_MEM_ALLOC_HOST_PTR | CL_MEM_COPY_HOST_PTR
 float16 test passed. cl_mem_flags src: 0 dst: CL_MEM_USE_HOST_PTR
 float16 test passed. cl_mem_flags src: 0 dst: CL_MEM_COPY_HOST_PTR
 float16 test passed. cl_mem_flags src: 0 dst: 0
buffer_write_float passed
buffer_write_half...
 half1 test passed. cl_mem_flags src: CL_MEM_ALLOC_HOST_PTR dst: CL_MEM_ALLOC_HOST_PTR
 half1 test passed. cl_mem_flags src: CL_MEM_ALLOC_HOST_PTR dst: CL_MEM_ALLOC_HOST_PTR | CL_MEM_COPY_HOST_PTR
 half1 test passed. cl_mem_flags src: CL_MEM_ALLOC_HOST_PTR dst: CL_MEM_USE_HOST_PTR
 half1 test passed. cl_mem_flags src: CL_MEM_ALLOC_HOST_PTR dst: CL_MEM_COPY_HOST_PTR
 half1 test passed. cl_mem_flags src: CL_MEM_ALLOC_HOST_PTR dst: 0
 half1 test passed. cl_mem_flags src: CL_MEM_ALLOC_HOST_PTR | CL_MEM_COPY_HOST_PTR dst: CL_MEM_ALLOC_HOST_PTR
 half1 test passed. cl_mem_flags src: CL_MEM_ALLOC_HOST_PTR | CL_MEM_COPY_HOST_PTR dst: CL_MEM_ALLOC_HOST_PTR | CL_MEM_COPY_HOST_PTR
 half1 test passed. cl_mem_flags src: CL_MEM_ALLOC_HOST_PTR | CL_MEM_COPY_HOST_PTR dst: CL_MEM_USE_HOST_PTR
 half1 test passed. cl_mem_flags src: CL_MEM_ALLOC_HOST_PTR | CL_MEM_COPY_HOST_PTR dst: CL_MEM_COPY_HOST_PTR
 half1 test passed. cl_mem_flags src: CL_MEM_ALLOC_HOST_PTR | CL_MEM_COPY_HOST_PTR dst: 0
 half1 test passed. cl_mem_flags src: CL_MEM_USE_HOST_PTR dst: CL_MEM_ALLOC_HOST_PTR
 half1 test passed. cl_mem_flags src: CL_MEM_USE_HOST_PTR dst: CL_MEM_ALLOC_HOST_PTR | CL_MEM_COPY_HOST_PTR
 half1 test passed. cl_mem_flags src: CL_MEM_USE_HOST_PTR dst: CL_MEM_USE_HOST_PTR
 half1 test passed. cl_mem_flags src: CL_MEM_USE_HOST_PTR dst: CL_MEM_COPY_HOST_PTR
 half1 test passed. cl_mem_flags src: CL_MEM_USE_HOST_PTR dst: 0
 half1 test passed. cl_mem_flags src: CL_MEM_COPY_HOST_PTR dst: CL_MEM_ALLOC_HOST_PTR
 half1 test passed. cl_mem_flags src: CL_MEM_COPY_HOST_PTR dst: CL_MEM_ALLOC_HOST_PTR | CL_MEM_COPY_HOST_PTR
 half1 test passed. cl_mem_flags src: CL_MEM_COPY_HOST_PTR dst: CL_MEM_USE_HOST_PTR
 half1 test passed. cl_mem_flags src: CL_MEM_COPY_HOST_PTR dst: CL_MEM_COPY_HOST_PTR
 half1 test passed. cl_mem_flags src: CL_MEM_COPY_HOST_PTR dst: 0
 half1 test passed. cl_mem_flags src: 0 dst: CL_MEM_ALLOC_HOST_PTR
 half1 test passed. cl_mem_flags src: 0 dst: CL_MEM_ALLOC_HOST_PTR | CL_MEM_COPY_HOST_PTR
 half1 test passed. cl_mem_flags src: 0 dst: CL_MEM_USE_HOST_PTR
 half1 test passed. cl_mem_flags src: 0 dst: CL_MEM_COPY_HOST_PTR
 half1 test passed. cl_mem_flags src: 0 dst: 0
 half2 test passed. cl_mem_flags src: CL_MEM_ALLOC_HOST_PTR dst: CL_MEM_ALLOC_HOST_PTR
 half2 test passed. cl_mem_flags src: CL_MEM_ALLOC_HOST_PTR dst: CL_MEM_ALLOC_HOST_PTR | CL_MEM_COPY_HOST_PTR
 half2 test passed. cl_mem_flags src: CL_MEM_ALLOC_HOST_PTR dst: CL_MEM_USE_HOST_PTR
 half2 test passed. cl_mem_flags src: CL_MEM_ALLOC_HOST_PTR dst: CL_MEM_COPY_HOST_PTR
 half2 test passed. cl_mem_flags src: CL_MEM_ALLOC_HOST_PTR dst: 0
 half2 test passed. cl_mem_flags src: CL_MEM_ALLOC_HOST_PTR | CL_MEM_COPY_HOST_PTR dst: CL_MEM_ALLOC_HOST_PTR
 half2 test passed. cl_mem_flags src: CL_MEM_ALLOC_HOST_PTR | CL_MEM_COPY_HOST_PTR dst: CL_MEM_ALLOC_HOST_PTR | CL_MEM_COPY_HOST_PTR
 half2 test passed. cl_mem_flags src: CL_MEM_ALLOC_HOST_PTR | CL_MEM_COPY_HOST_PTR dst: CL_MEM_USE_HOST_PTR
 half2 test passed. cl_mem_flags src: CL_MEM_ALLOC_HOST_PTR | CL_MEM_COPY_HOST_PTR dst: CL_MEM_COPY_HOST_PTR
 half2 test passed. cl_mem_flags src: CL_MEM_ALLOC_HOST_PTR | CL_MEM_COPY_HOST_PTR dst: 0
 half2 test passed. cl_mem_flags src: CL_MEM_USE_HOST_PTR dst: CL_MEM_ALLOC_HOST_PTR
 half2 test passed. cl_mem_flags src: CL_MEM_USE_HOST_PTR dst: CL_MEM_ALLOC_HOST_PTR | CL_MEM_COPY_HOST_PTR
 half2 test passed. cl_mem_flags src: CL_MEM_USE_HOST_PTR dst: CL_MEM_USE_HOST_PTR
 half2 test passed. cl_mem_flags src: CL_MEM_USE_HOST_PTR dst: CL_MEM_COPY_HOST_PTR
 half2 test passed. cl_mem_flags src: CL_MEM_USE_HOST_PTR dst: 0
 half2 test passed. cl_mem_flags src: CL_MEM_COPY_HOST_PTR dst: CL_MEM_ALLOC_HOST_PTR
 half2 test passed. cl_mem_flags src: CL_MEM_COPY_HOST_PTR dst: CL_MEM_ALLOC_HOST_PTR | CL_MEM_COPY_HOST_PTR
 half2 test passed. cl_mem_flags src: CL_MEM_COPY_HOST_PTR dst: CL_MEM_USE_HOST_PTR
 half2 test passed. cl_mem_flags src: CL_MEM_COPY_HOST_PTR dst: CL_MEM_COPY_HOST_PTR
 half2 test passed. cl_mem_flags src: CL_MEM_COPY_HOST_PTR dst: 0
 half2 test passed. cl_mem_flags src: 0 dst: CL_MEM_ALLOC_HOST_PTR
 half2 test passed. cl_mem_flags src: 0 dst: CL_MEM_ALLOC_HOST_PTR | CL_MEM_COPY_HOST_PTR
 half2 test passed. cl_mem_flags src: 0 dst: CL_MEM_USE_HOST_PTR
 half2 test passed. cl_mem_flags src: 0 dst: CL_MEM_COPY_HOST_PTR
 half2 test passed. cl_mem_flags src: 0 dst: 0
 half4 test passed. cl_mem_flags src: CL_MEM_ALLOC_HOST_PTR dst: CL_MEM_ALLOC_HOST_PTR
 half4 test passed. cl_mem_flags src: CL_MEM_ALLOC_HOST_PTR dst: CL_MEM_ALLOC_HOST_PTR | CL_MEM_COPY_HOST_PTR
 half4 test passed. cl_mem_flags src: CL_MEM_ALLOC_HOST_PTR dst: CL_MEM_USE_HOST_PTR
 half4 test passed. cl_mem_flags src: CL_MEM_ALLOC_HOST_PTR dst: CL_MEM_COPY_HOST_PTR
 half4 test passed. cl_mem_flags src: CL_MEM_ALLOC_HOST_PTR dst: 0
 half4 test passed. cl_mem_flags src: CL_MEM_ALLOC_HOST_PTR | CL_MEM_COPY_HOST_PTR dst: CL_MEM_ALLOC_HOST_PTR
 half4 test passed. cl_mem_flags src: CL_MEM_ALLOC_HOST_PTR | CL_MEM_COPY_HOST_PTR dst: CL_MEM_ALLOC_HOST_PTR | CL_MEM_COPY_HOST_PTR
 half4 test passed. cl_mem_flags src: CL_MEM_ALLOC_HOST_PTR | CL_MEM_COPY_HOST_PTR dst: CL_MEM_USE_HOST_PTR
 half4 test passed. cl_mem_flags src: CL_MEM_ALLOC_HOST_PTR | CL_MEM_COPY_HOST_PTR dst: CL_MEM_COPY_HOST_PTR
 half4 test passed. cl_mem_flags src: CL_MEM_ALLOC_HOST_PTR | CL_MEM_COPY_HOST_PTR dst: 0
 half4 test passed. cl_mem_flags src: CL_MEM_USE_HOST_PTR dst: CL_MEM_ALLOC_HOST_PTR
 half4 test passed. cl_mem_flags src: CL_MEM_USE_HOST_PTR dst: CL_MEM_ALLOC_HOST_PTR | CL_MEM_COPY_HOST_PTR
 half4 test passed. cl_mem_flags src: CL_MEM_USE_HOST_PTR dst: CL_MEM_USE_HOST_PTR
 half4 test passed. cl_mem_flags src: CL_MEM_USE_HOST_PTR dst: CL_MEM_COPY_HOST_PTR
 half4 test passed. cl_mem_flags src: CL_MEM_USE_HOST_PTR dst: 0
 half4 test passed. cl_mem_flags src: CL_MEM_COPY_HOST_PTR dst: CL_MEM_ALLOC_HOST_PTR
 half4 test passed. cl_mem_flags src: CL_MEM_COPY_HOST_PTR dst: CL_MEM_ALLOC_HOST_PTR | CL_MEM_COPY_HOST_PTR
 half4 test passed. cl_mem_flags src: CL_MEM_COPY_HOST_PTR dst: CL_MEM_USE_HOST_PTR
 half4 test passed. cl_mem_flags src: CL_MEM_COPY_HOST_PTR dst: CL_MEM_COPY_HOST_PTR
 half4 test passed. cl_mem_flags src: CL_MEM_COPY_HOST_PTR dst: 0
 half4 test passed. cl_mem_flags src: 0 dst: CL_MEM_ALLOC_HOST_PTR
 half4 test passed. cl_mem_flags src: 0 dst: CL_MEM_ALLOC_HOST_PTR | CL_MEM_COPY_HOST_PTR
 half4 test passed. cl_mem_flags src: 0 dst: CL_MEM_USE_HOST_PTR
 half4 test passed. cl_mem_flags src: 0 dst: CL_MEM_COPY_HOST_PTR
 half4 test passed. cl_mem_flags src: 0 dst: 0
 half8 test passed. cl_mem_flags src: CL_MEM_ALLOC_HOST_PTR dst: CL_MEM_ALLOC_HOST_PTR
 half8 test passed. cl_mem_flags src: CL_MEM_ALLOC_HOST_PTR dst: CL_MEM_ALLOC_HOST_PTR | CL_MEM_COPY_HOST_PTR
 half8 test passed. cl_mem_flags src: CL_MEM_ALLOC_HOST_PTR dst: CL_MEM_USE_HOST_PTR
 half8 test passed. cl_mem_flags src: CL_MEM_ALLOC_HOST_PTR dst: CL_MEM_COPY_HOST_PTR
 half8 test passed. cl_mem_flags src: CL_MEM_ALLOC_HOST_PTR dst: 0
 half8 test passed. cl_mem_flags src: CL_MEM_ALLOC_HOST_PTR | CL_MEM_COPY_HOST_PTR dst: CL_MEM_ALLOC_HOST_PTR
 half8 test passed. cl_mem_flags src: CL_MEM_ALLOC_HOST_PTR | CL_MEM_COPY_HOST_PTR dst: CL_MEM_ALLOC_HOST_PTR | CL_MEM_COPY_HOST_PTR
 half8 test passed. cl_mem_flags src: CL_MEM_ALLOC_HOST_PTR | CL_MEM_COPY_HOST_PTR dst: CL_MEM_USE_HOST_PTR
 half8 test passed. cl_mem_flags src: CL_MEM_ALLOC_HOST_PTR | CL_MEM_COPY_HOST_PTR dst: CL_MEM_COPY_HOST_PTR
 half8 test passed. cl_mem_flags src: CL_MEM_ALLOC_HOST_PTR | CL_MEM_COPY_HOST_PTR dst: 0
 half8 test passed. cl_mem_flags src: CL_MEM_USE_HOST_PTR dst: CL_MEM_ALLOC_HOST_PTR
 half8 test passed. cl_mem_flags src: CL_MEM_USE_HOST_PTR dst: CL_MEM_ALLOC_HOST_PTR | CL_MEM_COPY_HOST_PTR
 half8 test passed. cl_mem_flags src: CL_MEM_USE_HOST_PTR dst: CL_MEM_USE_HOST_PTR
 half8 test passed. cl_mem_flags src: CL_MEM_USE_HOST_PTR dst: CL_MEM_COPY_HOST_PTR
 half8 test passed. cl_mem_flags src: CL_MEM_USE_HOST_PTR dst: 0
 half8 test passed. cl_mem_flags src: CL_MEM_COPY_HOST_PTR dst: CL_MEM_ALLOC_HOST_PTR
 half8 test passed. cl_mem_flags src: CL_MEM_COPY_HOST_PTR dst: CL_MEM_ALLOC_HOST_PTR | CL_MEM_COPY_HOST_PTR
 half8 test passed. cl_mem_flags src: CL_MEM_COPY_HOST_PTR dst: CL_MEM_USE_HOST_PTR
 half8 test passed. cl_mem_flags src: CL_MEM_COPY_HOST_PTR dst: CL_MEM_COPY_HOST_PTR
 half8 test passed. cl_mem_flags src: CL_MEM_COPY_HOST_PTR dst: 0
 half8 test passed. cl_mem_flags src: 0 dst: CL_MEM_ALLOC_HOST_PTR
 half8 test passed. cl_mem_flags src: 0 dst: CL_MEM_ALLOC_HOST_PTR | CL_MEM_COPY_HOST_PTR
 half8 test passed. cl_mem_flags src: 0 dst: CL_MEM_USE_HOST_PTR
 half8 test passed. cl_mem_flags src: 0 dst: CL_MEM_COPY_HOST_PTR
 half8 test passed. cl_mem_flags src: 0 dst: 0
 half16 test passed. cl_mem_flags src: CL_MEM_ALLOC_HOST_PTR dst: CL_MEM_ALLOC_HOST_PTR
 half16 test passed. cl_mem_flags src: CL_MEM_ALLOC_HOST_PTR dst: CL_MEM_ALLOC_HOST_PTR | CL_MEM_COPY_HOST_PTR
 half16 test passed. cl_mem_flags src: CL_MEM_ALLOC_HOST_PTR dst: CL_MEM_USE_HOST_PTR
 half16 test passed. cl_mem_flags src: CL_MEM_ALLOC_HOST_PTR dst: CL_MEM_COPY_HOST_PTR
 half16 test passed. cl_mem_flags src: CL_MEM_ALLOC_HOST_PTR dst: 0
 half16 test passed. cl_mem_flags src: CL_MEM_ALLOC_HOST_PTR | CL_MEM_COPY_HOST_PTR dst: CL_MEM_ALLOC_HOST_PTR
 half16 test passed. cl_mem_flags src: CL_MEM_ALLOC_HOST_PTR | CL_MEM_COPY_HOST_PTR dst: CL_MEM_ALLOC_HOST_PTR | CL_MEM_COPY_HOST_PTR
 half16 test passed. cl_mem_flags src: CL_MEM_ALLOC_HOST_PTR | CL_MEM_COPY_HOST_PTR dst: CL_MEM_USE_HOST_PTR
 half16 test passed. cl_mem_flags src: CL_MEM_ALLOC_HOST_PTR | CL_MEM_COPY_HOST_PTR dst: CL_MEM_COPY_HOST_PTR
 half16 test passed. cl_mem_flags src: CL_MEM_ALLOC_HOST_PTR | CL_MEM_COPY_HOST_PTR dst: 0
 half16 test passed. cl_mem_flags src: CL_MEM_USE_HOST_PTR dst: CL_MEM_ALLOC_HOST_PTR
 half16 test passed. cl_mem_flags src: CL_MEM_USE_HOST_PTR dst: CL_MEM_ALLOC_HOST_PTR | CL_MEM_COPY_HOST_PTR
 half16 test passed. cl_mem_flags src: CL_MEM_USE_HOST_PTR dst: CL_MEM_USE_HOST_PTR
 half16 test passed. cl_mem_flags src: CL_MEM_USE_HOST_PTR dst: CL_MEM_COPY_HOST_PTR
 half16 test passed. cl_mem_flags src: CL_MEM_USE_HOST_PTR dst: 0
 half16 test passed. cl_mem_flags src: CL_MEM_COPY_HOST_PTR dst: CL_MEM_ALLOC_HOST_PTR
 half16 test passed. cl_mem_flags src: CL_MEM_COPY_HOST_PTR dst: CL_MEM_ALLOC_HOST_PTR | CL_MEM_COPY_HOST_PTR
 half16 test passed. cl_mem_flags src: CL_MEM_COPY_HOST_PTR dst: CL_MEM_USE_HOST_PTR
 half16 test passed. cl_mem_flags src: CL_MEM_COPY_HOST_PTR dst: CL_MEM_COPY_HOST_PTR
 half16 test passed. cl_mem_flags src: CL_MEM_COPY_HOST_PTR dst: 0
 half16 test passed. cl_mem_flags src: 0 dst: CL_MEM_ALLOC_HOST_PTR
 half16 test passed. cl_mem_flags src: 0 dst: CL_MEM_ALLOC_HOST_PTR | CL_MEM_COPY_HOST_PTR
 half16 test passed. cl_mem_flags src: 0 dst: CL_MEM_USE_HOST_PTR
 half16 test passed. cl_mem_flags src: 0 dst: CL_MEM_COPY_HOST_PTR
 half16 test passed. cl_mem_flags src: 0 dst: 0
buffer_write_half passed
buffer_write_long...
 cl_long1 test passed. cl_mem_flags src: CL_MEM_ALLOC_HOST_PTR dst: CL_MEM_ALLOC_HOST_PTR
 cl_long1 test passed. cl_mem_flags src: CL_MEM_ALLOC_HOST_PTR dst: CL_MEM_ALLOC_HOST_PTR | CL_MEM_COPY_HOST_PTR
 cl_long1 test passed. cl_mem_flags src: CL_MEM_ALLOC_HOST_PTR dst: CL_MEM_USE_HOST_PTR
 cl_long1 test passed. cl_mem_flags src: CL_MEM_ALLOC_HOST_PTR dst: CL_MEM_COPY_HOST_PTR
 cl_long1 test passed. cl_mem_flags src: CL_MEM_ALLOC_HOST_PTR dst: 0
 cl_long1 test passed. cl_mem_flags src: CL_MEM_ALLOC_HOST_PTR | CL_MEM_COPY_HOST_PTR dst: CL_MEM_ALLOC_HOST_PTR
 cl_long1 test passed. cl_mem_flags src: CL_MEM_ALLOC_HOST_PTR | CL_MEM_COPY_HOST_PTR dst: CL_MEM_ALLOC_HOST_PTR | CL_MEM_COPY_HOST_PTR
 cl_long1 test passed. cl_mem_flags src: CL_MEM_ALLOC_HOST_PTR | CL_MEM_COPY_HOST_PTR dst: CL_MEM_USE_HOST_PTR
 cl_long1 test passed. cl_mem_flags src: CL_MEM_ALLOC_HOST_PTR | CL_MEM_COPY_HOST_PTR dst: CL_MEM_COPY_HOST_PTR
 cl_long1 test passed. cl_mem_flags src: CL_MEM_ALLOC_HOST_PTR | CL_MEM_COPY_HOST_PTR dst: 0
 cl_long1 test passed. cl_mem_flags src: CL_MEM_USE_HOST_PTR dst: CL_MEM_ALLOC_HOST_PTR
 cl_long1 test passed. cl_mem_flags src: CL_MEM_USE_HOST_PTR dst: CL_MEM_ALLOC_HOST_PTR | CL_MEM_COPY_HOST_PTR
 cl_long1 test passed. cl_mem_flags src: CL_MEM_USE_HOST_PTR dst: CL_MEM_USE_HOST_PTR
 cl_long1 test passed. cl_mem_flags src: CL_MEM_USE_HOST_PTR dst: CL_MEM_COPY_HOST_PTR
 cl_long1 test passed. cl_mem_flags src: CL_MEM_USE_HOST_PTR dst: 0
 cl_long1 test passed. cl_mem_flags src: CL_MEM_COPY_HOST_PTR dst: CL_MEM_ALLOC_HOST_PTR
 cl_long1 test passed. cl_mem_flags src: CL_MEM_COPY_HOST_PTR dst: CL_MEM_ALLOC_HOST_PTR | CL_MEM_COPY_HOST_PTR
 cl_long1 test passed. cl_mem_flags src: CL_MEM_COPY_HOST_PTR dst: CL_MEM_USE_HOST_PTR
 cl_long1 test passed. cl_mem_flags src: CL_MEM_COPY_HOST_PTR dst: CL_MEM_COPY_HOST_PTR
 cl_long1 test passed. cl_mem_flags src: CL_MEM_COPY_HOST_PTR dst: 0
 cl_long1 test passed. cl_mem_flags src: 0 dst: CL_MEM_ALLOC_HOST_PTR
 cl_long1 test passed. cl_mem_flags src: 0 dst: CL_MEM_ALLOC_HOST_PTR | CL_MEM_COPY_HOST_PTR
 cl_long1 test passed. cl_mem_flags src: 0 dst: CL_MEM_USE_HOST_PTR
 cl_long1 test passed. cl_mem_flags src: 0 dst: CL_MEM_COPY_HOST_PTR
 cl_long1 test passed. cl_mem_flags src: 0 dst: 0
 cl_long2 test passed. cl_mem_flags src: CL_MEM_ALLOC_HOST_PTR dst: CL_MEM_ALLOC_HOST_PTR
 cl_long2 test passed. cl_mem_flags src: CL_MEM_ALLOC_HOST_PTR dst: CL_MEM_ALLOC_HOST_PTR | CL_MEM_COPY_HOST_PTR
 cl_long2 test passed. cl_mem_flags src: CL_MEM_ALLOC_HOST_PTR dst: CL_MEM_USE_HOST_PTR
 cl_long2 test passed. cl_mem_flags src: CL_MEM_ALLOC_HOST_PTR dst: CL_MEM_COPY_HOST_PTR
 cl_long2 test passed. cl_mem_flags src: CL_MEM_ALLOC_HOST_PTR dst: 0
 cl_long2 test passed. cl_mem_flags src: CL_MEM_ALLOC_HOST_PTR | CL_MEM_COPY_HOST_PTR dst: CL_MEM_ALLOC_HOST_PTR
 cl_long2 test passed. cl_mem_flags src: CL_MEM_ALLOC_HOST_PTR | CL_MEM_COPY_HOST_PTR dst: CL_MEM_ALLOC_HOST_PTR | CL_MEM_COPY_HOST_PTR
 cl_long2 test passed. cl_mem_flags src: CL_MEM_ALLOC_HOST_PTR | CL_MEM_COPY_HOST_PTR dst: CL_MEM_USE_HOST_PTR
 cl_long2 test passed. cl_mem_flags src: CL_MEM_ALLOC_HOST_PTR | CL_MEM_COPY_HOST_PTR dst: CL_MEM_COPY_HOST_PTR
 cl_long2 test passed. cl_mem_flags src: CL_MEM_ALLOC_HOST_PTR | CL_MEM_COPY_HOST_PTR dst: 0
 cl_long2 test passed. cl_mem_flags src: CL_MEM_USE_HOST_PTR dst: CL_MEM_ALLOC_HOST_PTR
 cl_long2 test passed. cl_mem_flags src: CL_MEM_USE_HOST_PTR dst: CL_MEM_ALLOC_HOST_PTR | CL_MEM_COPY_HOST_PTR
 cl_long2 test passed. cl_mem_flags src: CL_MEM_USE_HOST_PTR dst: CL_MEM_USE_HOST_PTR
 cl_long2 test passed. cl_mem_flags src: CL_MEM_USE_HOST_PTR dst: CL_MEM_COPY_HOST_PTR
 cl_long2 test passed. cl_mem_flags src: CL_MEM_USE_HOST_PTR dst: 0
 cl_long2 test passed. cl_mem_flags src: CL_MEM_COPY_HOST_PTR dst: CL_MEM_ALLOC_HOST_PTR
 cl_long2 test passed. cl_mem_flags src: CL_MEM_COPY_HOST_PTR dst: CL_MEM_ALLOC_HOST_PTR | CL_MEM_COPY_HOST_PTR
 cl_long2 test passed. cl_mem_flags src: CL_MEM_COPY_HOST_PTR dst: CL_MEM_USE_HOST_PTR
 cl_long2 test passed. cl_mem_flags src: CL_MEM_COPY_HOST_PTR dst: CL_MEM_COPY_HOST_PTR
 cl_long2 test passed. cl_mem_flags src: CL_MEM_COPY_HOST_PTR dst: 0
 cl_long2 test passed. cl_mem_flags src: 0 dst: CL_MEM_ALLOC_HOST_PTR
 cl_long2 test passed. cl_mem_flags src: 0 dst: CL_MEM_ALLOC_HOST_PTR | CL_MEM_COPY_HOST_PTR
 cl_long2 test passed. cl_mem_flags src: 0 dst: CL_MEM_USE_HOST_PTR
 cl_long2 test passed. cl_mem_flags src: 0 dst: CL_MEM_COPY_HOST_PTR
 cl_long2 test passed. cl_mem_flags src: 0 dst: 0
 cl_long4 test passed. cl_mem_flags src: CL_MEM_ALLOC_HOST_PTR dst: CL_MEM_ALLOC_HOST_PTR
 cl_long4 test passed. cl_mem_flags src: CL_MEM_ALLOC_HOST_PTR dst: CL_MEM_ALLOC_HOST_PTR | CL_MEM_COPY_HOST_PTR
 cl_long4 test passed. cl_mem_flags src: CL_MEM_ALLOC_HOST_PTR dst: CL_MEM_USE_HOST_PTR
 cl_long4 test passed. cl_mem_flags src: CL_MEM_ALLOC_HOST_PTR dst: CL_MEM_COPY_HOST_PTR
 cl_long4 test passed. cl_mem_flags src: CL_MEM_ALLOC_HOST_PTR dst: 0
 cl_long4 test passed. cl_mem_flags src: CL_MEM_ALLOC_HOST_PTR | CL_MEM_COPY_HOST_PTR dst: CL_MEM_ALLOC_HOST_PTR
 cl_long4 test passed. cl_mem_flags src: CL_MEM_ALLOC_HOST_PTR | CL_MEM_COPY_HOST_PTR dst: CL_MEM_ALLOC_HOST_PTR | CL_MEM_COPY_HOST_PTR
 cl_long4 test passed. cl_mem_flags src: CL_MEM_ALLOC_HOST_PTR | CL_MEM_COPY_HOST_PTR dst: CL_MEM_USE_HOST_PTR
 cl_long4 test passed. cl_mem_flags src: CL_MEM_ALLOC_HOST_PTR | CL_MEM_COPY_HOST_PTR dst: CL_MEM_COPY_HOST_PTR
 cl_long4 test passed. cl_mem_flags src: CL_MEM_ALLOC_HOST_PTR | CL_MEM_COPY_HOST_PTR dst: 0
 cl_long4 test passed. cl_mem_flags src: CL_MEM_USE_HOST_PTR dst: CL_MEM_ALLOC_HOST_PTR
 cl_long4 test passed. cl_mem_flags src: CL_MEM_USE_HOST_PTR dst: CL_MEM_ALLOC_HOST_PTR | CL_MEM_COPY_HOST_PTR
 cl_long4 test passed. cl_mem_flags src: CL_MEM_USE_HOST_PTR dst: CL_MEM_USE_HOST_PTR
 cl_long4 test passed. cl_mem_flags src: CL_MEM_USE_HOST_PTR dst: CL_MEM_COPY_HOST_PTR
 cl_long4 test passed. cl_mem_flags src: CL_MEM_USE_HOST_PTR dst: 0
 cl_long4 test passed. cl_mem_flags src: CL_MEM_COPY_HOST_PTR dst: CL_MEM_ALLOC_HOST_PTR
 cl_long4 test passed. cl_mem_flags src: CL_MEM_COPY_HOST_PTR dst: CL_MEM_ALLOC_HOST_PTR | CL_MEM_COPY_HOST_PTR
 cl_long4 test passed. cl_mem_flags src: CL_MEM_COPY_HOST_PTR dst: CL_MEM_USE_HOST_PTR
 cl_long4 test passed. cl_mem_flags src: CL_MEM_COPY_HOST_PTR dst: CL_MEM_COPY_HOST_PTR
 cl_long4 test passed. cl_mem_flags src: CL_MEM_COPY_HOST_PTR dst: 0
 cl_long4 test passed. cl_mem_flags src: 0 dst: CL_MEM_ALLOC_HOST_PTR
 cl_long4 test passed. cl_mem_flags src: 0 dst: CL_MEM_ALLOC_HOST_PTR | CL_MEM_COPY_HOST_PTR
 cl_long4 test passed. cl_mem_flags src: 0 dst: CL_MEM_USE_HOST_PTR
 cl_long4 test passed. cl_mem_flags src: 0 dst: CL_MEM_COPY_HOST_PTR
 cl_long4 test passed. cl_mem_flags src: 0 dst: 0
 cl_long8 test passed. cl_mem_flags src: CL_MEM_ALLOC_HOST_PTR dst: CL_MEM_ALLOC_HOST_PTR
 cl_long8 test passed. cl_mem_flags src: CL_MEM_ALLOC_HOST_PTR dst: CL_MEM_ALLOC_HOST_PTR | CL_MEM_COPY_HOST_PTR
 cl_long8 test passed. cl_mem_flags src: CL_MEM_ALLOC_HOST_PTR dst: CL_MEM_USE_HOST_PTR
 cl_long8 test passed. cl_mem_flags src: CL_MEM_ALLOC_HOST_PTR dst: CL_MEM_COPY_HOST_PTR
 cl_long8 test passed. cl_mem_flags src: CL_MEM_ALLOC_HOST_PTR dst: 0
 cl_long8 test passed. cl_mem_flags src: CL_MEM_ALLOC_HOST_PTR | CL_MEM_COPY_HOST_PTR dst: CL_MEM_ALLOC_HOST_PTR
 cl_long8 test passed. cl_mem_flags src: CL_MEM_ALLOC_HOST_PTR | CL_MEM_COPY_HOST_PTR dst: CL_MEM_ALLOC_HOST_PTR | CL_MEM_COPY_HOST_PTR
 cl_long8 test passed. cl_mem_flags src: CL_MEM_ALLOC_HOST_PTR | CL_MEM_COPY_HOST_PTR dst: CL_MEM_USE_HOST_PTR
 cl_long8 test passed. cl_mem_flags src: CL_MEM_ALLOC_HOST_PTR | CL_MEM_COPY_HOST_PTR dst: CL_MEM_COPY_HOST_PTR
 cl_long8 test passed. cl_mem_flags src: CL_MEM_ALLOC_HOST_PTR | CL_MEM_COPY_HOST_PTR dst: 0
 cl_long8 test passed. cl_mem_flags src: CL_MEM_USE_HOST_PTR dst: CL_MEM_ALLOC_HOST_PTR
 cl_long8 test passed. cl_mem_flags src: CL_MEM_USE_HOST_PTR dst: CL_MEM_ALLOC_HOST_PTR | CL_MEM_COPY_HOST_PTR
 cl_long8 test passed. cl_mem_flags src: CL_MEM_USE_HOST_PTR dst: CL_MEM_USE_HOST_PTR
 cl_long8 test passed. cl_mem_flags src: CL_MEM_USE_HOST_PTR dst: CL_MEM_COPY_HOST_PTR
 cl_long8 test passed. cl_mem_flags src: CL_MEM_USE_HOST_PTR dst: 0
 cl_long8 test passed. cl_mem_flags src: CL_MEM_COPY_HOST_PTR dst: CL_MEM_ALLOC_HOST_PTR
 cl_long8 test passed. cl_mem_flags src: CL_MEM_COPY_HOST_PTR dst: CL_MEM_ALLOC_HOST_PTR | CL_MEM_COPY_HOST_PTR
 cl_long8 test passed. cl_mem_flags src: CL_MEM_COPY_HOST_PTR dst: CL_MEM_USE_HOST_PTR
 cl_long8 test passed. cl_mem_flags src: CL_MEM_COPY_HOST_PTR dst: CL_MEM_COPY_HOST_PTR
 cl_long8 test passed. cl_mem_flags src: CL_MEM_COPY_HOST_PTR dst: 0
 cl_long8 test passed. cl_mem_flags src: 0 dst: CL_MEM_ALLOC_HOST_PTR
 cl_long8 test passed. cl_mem_flags src: 0 dst: CL_MEM_ALLOC_HOST_PTR | CL_MEM_COPY_HOST_PTR
 cl_long8 test passed. cl_mem_flags src: 0 dst: CL_MEM_USE_HOST_PTR
 cl_long8 test passed. cl_mem_flags src: 0 dst: CL_MEM_COPY_HOST_PTR
 cl_long8 test passed. cl_mem_flags src: 0 dst: 0
 cl_long16 test passed. cl_mem_flags src: CL_MEM_ALLOC_HOST_PTR dst: CL_MEM_ALLOC_HOST_PTR
 cl_long16 test passed. cl_mem_flags src: CL_MEM_ALLOC_HOST_PTR dst: CL_MEM_ALLOC_HOST_PTR | CL_MEM_COPY_HOST_PTR
 cl_long16 test passed. cl_mem_flags src: CL_MEM_ALLOC_HOST_PTR dst: CL_MEM_USE_HOST_PTR
 cl_long16 test passed. cl_mem_flags src: CL_MEM_ALLOC_HOST_PTR dst: CL_MEM_COPY_HOST_PTR
 cl_long16 test passed. cl_mem_flags src: CL_MEM_ALLOC_HOST_PTR dst: 0
 cl_long16 test passed. cl_mem_flags src: CL_MEM_ALLOC_HOST_PTR | CL_MEM_COPY_HOST_PTR dst: CL_MEM_ALLOC_HOST_PTR
 cl_long16 test passed. cl_mem_flags src: CL_MEM_ALLOC_HOST_PTR | CL_MEM_COPY_HOST_PTR dst: CL_MEM_ALLOC_HOST_PTR | CL_MEM_COPY_HOST_PTR
 cl_long16 test passed. cl_mem_flags src: CL_MEM_ALLOC_HOST_PTR | CL_MEM_COPY_HOST_PTR dst: CL_MEM_USE_HOST_PTR
 cl_long16 test passed. cl_mem_flags src: CL_MEM_ALLOC_HOST_PTR | CL_MEM_COPY_HOST_PTR dst: CL_MEM_COPY_HOST_PTR
 cl_long16 test passed. cl_mem_flags src: CL_MEM_ALLOC_HOST_PTR | CL_MEM_COPY_HOST_PTR dst: 0
 cl_long16 test passed. cl_mem_flags src: CL_MEM_USE_HOST_PTR dst: CL_MEM_ALLOC_HOST_PTR
 cl_long16 test passed. cl_mem_flags src: CL_MEM_USE_HOST_PTR dst: CL_MEM_ALLOC_HOST_PTR | CL_MEM_COPY_HOST_PTR
 cl_long16 test passed. cl_mem_flags src: CL_MEM_USE_HOST_PTR dst: CL_MEM_USE_HOST_PTR
 cl_long16 test passed. cl_mem_flags src: CL_MEM_USE_HOST_PTR dst: CL_MEM_COPY_HOST_PTR
 cl_long16 test passed. cl_mem_flags src: CL_MEM_USE_HOST_PTR dst: 0
 cl_long16 test passed. cl_mem_flags src: CL_MEM_COPY_HOST_PTR dst: CL_MEM_ALLOC_HOST_PTR
 cl_long16 test passed. cl_mem_flags src: CL_MEM_COPY_HOST_PTR dst: CL_MEM_ALLOC_HOST_PTR | CL_MEM_COPY_HOST_PTR
 cl_long16 test passed. cl_mem_flags src: CL_MEM_COPY_HOST_PTR dst: CL_MEM_USE_HOST_PTR
 cl_long16 test passed. cl_mem_flags src: CL_MEM_COPY_HOST_PTR dst: CL_MEM_COPY_HOST_PTR
 cl_long16 test passed. cl_mem_flags src: CL_MEM_COPY_HOST_PTR dst: 0
 cl_long16 test passed. cl_mem_flags src: 0 dst: CL_MEM_ALLOC_HOST_PTR
 cl_long16 test passed. cl_mem_flags src: 0 dst: CL_MEM_ALLOC_HOST_PTR | CL_MEM_COPY_HOST_PTR
 cl_long16 test passed. cl_mem_flags src: 0 dst: CL_MEM_USE_HOST_PTR
 cl_long16 test passed. cl_mem_flags src: 0 dst: CL_MEM_COPY_HOST_PTR
 cl_long16 test passed. cl_mem_flags src: 0 dst: 0
buffer_write_long passed
buffer_write_ulong...
 ulong long1 test passed. cl_mem_flags src: CL_MEM_ALLOC_HOST_PTR dst: CL_MEM_ALLOC_HOST_PTR
 ulong long1 test passed. cl_mem_flags src: CL_MEM_ALLOC_HOST_PTR dst: CL_MEM_ALLOC_HOST_PTR | CL_MEM_COPY_HOST_PTR
 ulong long1 test passed. cl_mem_flags src: CL_MEM_ALLOC_HOST_PTR dst: CL_MEM_USE_HOST_PTR
 ulong long1 test passed. cl_mem_flags src: CL_MEM_ALLOC_HOST_PTR dst: CL_MEM_COPY_HOST_PTR
 ulong long1 test passed. cl_mem_flags src: CL_MEM_ALLOC_HOST_PTR dst: 0
 ulong long1 test passed. cl_mem_flags src: CL_MEM_ALLOC_HOST_PTR | CL_MEM_COPY_HOST_PTR dst: CL_MEM_ALLOC_HOST_PTR
 ulong long1 test passed. cl_mem_flags src: CL_MEM_ALLOC_HOST_PTR | CL_MEM_COPY_HOST_PTR dst: CL_MEM_ALLOC_HOST_PTR | CL_MEM_COPY_HOST_PTR
 ulong long1 test passed. cl_mem_flags src: CL_MEM_ALLOC_HOST_PTR | CL_MEM_COPY_HOST_PTR dst: CL_MEM_USE_HOST_PTR
 ulong long1 test passed. cl_mem_flags src: CL_MEM_ALLOC_HOST_PTR | CL_MEM_COPY_HOST_PTR dst: CL_MEM_COPY_HOST_PTR
 ulong long1 test passed. cl_mem_flags src: CL_MEM_ALLOC_HOST_PTR | CL_MEM_COPY_HOST_PTR dst: 0
 ulong long1 test passed. cl_mem_flags src: CL_MEM_USE_HOST_PTR dst: CL_MEM_ALLOC_HOST_PTR
 ulong long1 test passed. cl_mem_flags src: CL_MEM_USE_HOST_PTR dst: CL_MEM_ALLOC_HOST_PTR | CL_MEM_COPY_HOST_PTR
 ulong long1 test passed. cl_mem_flags src: CL_MEM_USE_HOST_PTR dst: CL_MEM_USE_HOST_PTR
 ulong long1 test passed. cl_mem_flags src: CL_MEM_USE_HOST_PTR dst: CL_MEM_COPY_HOST_PTR
 ulong long1 test passed. cl_mem_flags src: CL_MEM_USE_HOST_PTR dst: 0
 ulong long1 test passed. cl_mem_flags src: CL_MEM_COPY_HOST_PTR dst: CL_MEM_ALLOC_HOST_PTR
 ulong long1 test passed. cl_mem_flags src: CL_MEM_COPY_HOST_PTR dst: CL_MEM_ALLOC_HOST_PTR | CL_MEM_COPY_HOST_PTR
 ulong long1 test passed. cl_mem_flags src: CL_MEM_COPY_HOST_PTR dst: CL_MEM_USE_HOST_PTR
 ulong long1 test passed. cl_mem_flags src: CL_MEM_COPY_HOST_PTR dst: CL_MEM_COPY_HOST_PTR
 ulong long1 test passed. cl_mem_flags src: CL_MEM_COPY_HOST_PTR dst: 0
 ulong long1 test passed. cl_mem_flags src: 0 dst: CL_MEM_ALLOC_HOST_PTR
 ulong long1 test passed. cl_mem_flags src: 0 dst: CL_MEM_ALLOC_HOST_PTR | CL_MEM_COPY_HOST_PTR
 ulong long1 test passed. cl_mem_flags src: 0 dst: CL_MEM_USE_HOST_PTR
 ulong long1 test passed. cl_mem_flags src: 0 dst: CL_MEM_COPY_HOST_PTR
 ulong long1 test passed. cl_mem_flags src: 0 dst: 0
 ulong long2 test passed. cl_mem_flags src: CL_MEM_ALLOC_HOST_PTR dst: CL_MEM_ALLOC_HOST_PTR
 ulong long2 test passed. cl_mem_flags src: CL_MEM_ALLOC_HOST_PTR dst: CL_MEM_ALLOC_HOST_PTR | CL_MEM_COPY_HOST_PTR
 ulong long2 test passed. cl_mem_flags src: CL_MEM_ALLOC_HOST_PTR dst: CL_MEM_USE_HOST_PTR
 ulong long2 test passed. cl_mem_flags src: CL_MEM_ALLOC_HOST_PTR dst: CL_MEM_COPY_HOST_PTR
 ulong long2 test passed. cl_mem_flags src: CL_MEM_ALLOC_HOST_PTR dst: 0
 ulong long2 test passed. cl_mem_flags src: CL_MEM_ALLOC_HOST_PTR | CL_MEM_COPY_HOST_PTR dst: CL_MEM_ALLOC_HOST_PTR
 ulong long2 test passed. cl_mem_flags src: CL_MEM_ALLOC_HOST_PTR | CL_MEM_COPY_HOST_PTR dst: CL_MEM_ALLOC_HOST_PTR | CL_MEM_COPY_HOST_PTR
 ulong long2 test passed. cl_mem_flags src: CL_MEM_ALLOC_HOST_PTR | CL_MEM_COPY_HOST_PTR dst: CL_MEM_USE_HOST_PTR
 ulong long2 test passed. cl_mem_flags src: CL_MEM_ALLOC_HOST_PTR | CL_MEM_COPY_HOST_PTR dst: CL_MEM_COPY_HOST_PTR
 ulong long2 test passed. cl_mem_flags src: CL_MEM_ALLOC_HOST_PTR | CL_MEM_COPY_HOST_PTR dst: 0
 ulong long2 test passed. cl_mem_flags src: CL_MEM_USE_HOST_PTR dst: CL_MEM_ALLOC_HOST_PTR
 ulong long2 test passed. cl_mem_flags src: CL_MEM_USE_HOST_PTR dst: CL_MEM_ALLOC_HOST_PTR | CL_MEM_COPY_HOST_PTR
 ulong long2 test passed. cl_mem_flags src: CL_MEM_USE_HOST_PTR dst: CL_MEM_USE_HOST_PTR
 ulong long2 test passed. cl_mem_flags src: CL_MEM_USE_HOST_PTR dst: CL_MEM_COPY_HOST_PTR
 ulong long2 test passed. cl_mem_flags src: CL_MEM_USE_HOST_PTR dst: 0
 ulong long2 test passed. cl_mem_flags src: CL_MEM_COPY_HOST_PTR dst: CL_MEM_ALLOC_HOST_PTR
 ulong long2 test passed. cl_mem_flags src: CL_MEM_COPY_HOST_PTR dst: CL_MEM_ALLOC_HOST_PTR | CL_MEM_COPY_HOST_PTR
 ulong long2 test passed. cl_mem_flags src: CL_MEM_COPY_HOST_PTR dst: CL_MEM_USE_HOST_PTR
 ulong long2 test passed. cl_mem_flags src: CL_MEM_COPY_HOST_PTR dst: CL_MEM_COPY_HOST_PTR
 ulong long2 test passed. cl_mem_flags src: CL_MEM_COPY_HOST_PTR dst: 0
 ulong long2 test passed. cl_mem_flags src: 0 dst: CL_MEM_ALLOC_HOST_PTR
 ulong long2 test passed. cl_mem_flags src: 0 dst: CL_MEM_ALLOC_HOST_PTR | CL_MEM_COPY_HOST_PTR
 ulong long2 test passed. cl_mem_flags src: 0 dst: CL_MEM_USE_HOST_PTR
 ulong long2 test passed. cl_mem_flags src: 0 dst: CL_MEM_COPY_HOST_PTR
 ulong long2 test passed. cl_mem_flags src: 0 dst: 0
 ulong long4 test passed. cl_mem_flags src: CL_MEM_ALLOC_HOST_PTR dst: CL_MEM_ALLOC_HOST_PTR
 ulong long4 test passed. cl_mem_flags src: CL_MEM_ALLOC_HOST_PTR dst: CL_MEM_ALLOC_HOST_PTR | CL_MEM_COPY_HOST_PTR
 ulong long4 test passed. cl_mem_flags src: CL_MEM_ALLOC_HOST_PTR dst: CL_MEM_USE_HOST_PTR
 ulong long4 test passed. cl_mem_flags src: CL_MEM_ALLOC_HOST_PTR dst: CL_MEM_COPY_HOST_PTR
 ulong long4 test passed. cl_mem_flags src: CL_MEM_ALLOC_HOST_PTR dst: 0
 ulong long4 test passed. cl_mem_flags src: CL_MEM_ALLOC_HOST_PTR | CL_MEM_COPY_HOST_PTR dst: CL_MEM_ALLOC_HOST_PTR
 ulong long4 test passed. cl_mem_flags src: CL_MEM_ALLOC_HOST_PTR | CL_MEM_COPY_HOST_PTR dst: CL_MEM_ALLOC_HOST_PTR | CL_MEM_COPY_HOST_PTR
 ulong long4 test passed. cl_mem_flags src: CL_MEM_ALLOC_HOST_PTR | CL_MEM_COPY_HOST_PTR dst: CL_MEM_USE_HOST_PTR
 ulong long4 test passed. cl_mem_flags src: CL_MEM_ALLOC_HOST_PTR | CL_MEM_COPY_HOST_PTR dst: CL_MEM_COPY_HOST_PTR
 ulong long4 test passed. cl_mem_flags src: CL_MEM_ALLOC_HOST_PTR | CL_MEM_COPY_HOST_PTR dst: 0
 ulong long4 test passed. cl_mem_flags src: CL_MEM_USE_HOST_PTR dst: CL_MEM_ALLOC_HOST_PTR
 ulong long4 test passed. cl_mem_flags src: CL_MEM_USE_HOST_PTR dst: CL_MEM_ALLOC_HOST_PTR | CL_MEM_COPY_HOST_PTR
 ulong long4 test passed. cl_mem_flags src: CL_MEM_USE_HOST_PTR dst: CL_MEM_USE_HOST_PTR
 ulong long4 test passed. cl_mem_flags src: CL_MEM_USE_HOST_PTR dst: CL_MEM_COPY_HOST_PTR
 ulong long4 test passed. cl_mem_flags src: CL_MEM_USE_HOST_PTR dst: 0
 ulong long4 test passed. cl_mem_flags src: CL_MEM_COPY_HOST_PTR dst: CL_MEM_ALLOC_HOST_PTR
 ulong long4 test passed. cl_mem_flags src: CL_MEM_COPY_HOST_PTR dst: CL_MEM_ALLOC_HOST_PTR | CL_MEM_COPY_HOST_PTR
 ulong long4 test passed. cl_mem_flags src: CL_MEM_COPY_HOST_PTR dst: CL_MEM_USE_HOST_PTR
 ulong long4 test passed. cl_mem_flags src: CL_MEM_COPY_HOST_PTR dst: CL_MEM_COPY_HOST_PTR
 ulong long4 test passed. cl_mem_flags src: CL_MEM_COPY_HOST_PTR dst: 0
 ulong long4 test passed. cl_mem_flags src: 0 dst: CL_MEM_ALLOC_HOST_PTR
 ulong long4 test passed. cl_mem_flags src: 0 dst: CL_MEM_ALLOC_HOST_PTR | CL_MEM_COPY_HOST_PTR
 ulong long4 test passed. cl_mem_flags src: 0 dst: CL_MEM_USE_HOST_PTR
 ulong long4 test passed. cl_mem_flags src: 0 dst: CL_MEM_COPY_HOST_PTR
 ulong long4 test passed. cl_mem_flags src: 0 dst: 0
 ulong long8 test passed. cl_mem_flags src: CL_MEM_ALLOC_HOST_PTR dst: CL_MEM_ALLOC_HOST_PTR
 ulong long8 test passed. cl_mem_flags src: CL_MEM_ALLOC_HOST_PTR dst: CL_MEM_ALLOC_HOST_PTR | CL_MEM_COPY_HOST_PTR
 ulong long8 test passed. cl_mem_flags src: CL_MEM_ALLOC_HOST_PTR dst: CL_MEM_USE_HOST_PTR
 ulong long8 test passed. cl_mem_flags src: CL_MEM_ALLOC_HOST_PTR dst: CL_MEM_COPY_HOST_PTR
 ulong long8 test passed. cl_mem_flags src: CL_MEM_ALLOC_HOST_PTR dst: 0
 ulong long8 test passed. cl_mem_flags src: CL_MEM_ALLOC_HOST_PTR | CL_MEM_COPY_HOST_PTR dst: CL_MEM_ALLOC_HOST_PTR
 ulong long8 test passed. cl_mem_flags src: CL_MEM_ALLOC_HOST_PTR | CL_MEM_COPY_HOST_PTR dst: CL_MEM_ALLOC_HOST_PTR | CL_MEM_COPY_HOST_PTR
 ulong long8 test passed. cl_mem_flags src: CL_MEM_ALLOC_HOST_PTR | CL_MEM_COPY_HOST_PTR dst: CL_MEM_USE_HOST_PTR
 ulong long8 test passed. cl_mem_flags src: CL_MEM_ALLOC_HOST_PTR | CL_MEM_COPY_HOST_PTR dst: CL_MEM_COPY_HOST_PTR
 ulong long8 test passed. cl_mem_flags src: CL_MEM_ALLOC_HOST_PTR | CL_MEM_COPY_HOST_PTR dst: 0
 ulong long8 test passed. cl_mem_flags src: CL_MEM_USE_HOST_PTR dst: CL_MEM_ALLOC_HOST_PTR
 ulong long8 test passed. cl_mem_flags src: CL_MEM_USE_HOST_PTR dst: CL_MEM_ALLOC_HOST_PTR | CL_MEM_COPY_HOST_PTR
 ulong long8 test passed. cl_mem_flags src: CL_MEM_USE_HOST_PTR dst: CL_MEM_USE_HOST_PTR
 ulong long8 test passed. cl_mem_flags src: CL_MEM_USE_HOST_PTR dst: CL_MEM_COPY_HOST_PTR
 ulong long8 test passed. cl_mem_flags src: CL_MEM_USE_HOST_PTR dst: 0
 ulong long8 test passed. cl_mem_flags src: CL_MEM_COPY_HOST_PTR dst: CL_MEM_ALLOC_HOST_PTR
 ulong long8 test passed. cl_mem_flags src: CL_MEM_COPY_HOST_PTR dst: CL_MEM_ALLOC_HOST_PTR | CL_MEM_COPY_HOST_PTR
 ulong long8 test passed. cl_mem_flags src: CL_MEM_COPY_HOST_PTR dst: CL_MEM_USE_HOST_PTR
 ulong long8 test passed. cl_mem_flags src: CL_MEM_COPY_HOST_PTR dst: CL_MEM_COPY_HOST_PTR
 ulong long8 test passed. cl_mem_flags src: CL_MEM_COPY_HOST_PTR dst: 0
 ulong long8 test passed. cl_mem_flags src: 0 dst: CL_MEM_ALLOC_HOST_PTR
 ulong long8 test passed. cl_mem_flags src: 0 dst: CL_MEM_ALLOC_HOST_PTR | CL_MEM_COPY_HOST_PTR
 ulong long8 test passed. cl_mem_flags src: 0 dst: CL_MEM_USE_HOST_PTR
 ulong long8 test passed. cl_mem_flags src: 0 dst: CL_MEM_COPY_HOST_PTR
 ulong long8 test passed. cl_mem_flags src: 0 dst: 0
 ulong long16 test passed. cl_mem_flags src: CL_MEM_ALLOC_HOST_PTR dst: CL_MEM_ALLOC_HOST_PTR
 ulong long16 test passed. cl_mem_flags src: CL_MEM_ALLOC_HOST_PTR dst: CL_MEM_ALLOC_HOST_PTR | CL_MEM_COPY_HOST_PTR
 ulong long16 test passed. cl_mem_flags src: CL_MEM_ALLOC_HOST_PTR dst: CL_MEM_USE_HOST_PTR
 ulong long16 test passed. cl_mem_flags src: CL_MEM_ALLOC_HOST_PTR dst: CL_MEM_COPY_HOST_PTR
 ulong long16 test passed. cl_mem_flags src: CL_MEM_ALLOC_HOST_PTR dst: 0
 ulong long16 test passed. cl_mem_flags src: CL_MEM_ALLOC_HOST_PTR | CL_MEM_COPY_HOST_PTR dst: CL_MEM_ALLOC_HOST_PTR
 ulong long16 test passed. cl_mem_flags src: CL_MEM_ALLOC_HOST_PTR | CL_MEM_COPY_HOST_PTR dst: CL_MEM_ALLOC_HOST_PTR | CL_MEM_COPY_HOST_PTR
 ulong long16 test passed. cl_mem_flags src: CL_MEM_ALLOC_HOST_PTR | CL_MEM_COPY_HOST_PTR dst: CL_MEM_USE_HOST_PTR
 ulong long16 test passed. cl_mem_flags src: CL_MEM_ALLOC_HOST_PTR | CL_MEM_COPY_HOST_PTR dst: CL_MEM_COPY_HOST_PTR
 ulong long16 test passed. cl_mem_flags src: CL_MEM_ALLOC_HOST_PTR | CL_MEM_COPY_HOST_PTR dst: 0
 ulong long16 test passed. cl_mem_flags src: CL_MEM_USE_HOST_PTR dst: CL_MEM_ALLOC_HOST_PTR
 ulong long16 test passed. cl_mem_flags src: CL_MEM_USE_HOST_PTR dst: CL_MEM_ALLOC_HOST_PTR | CL_MEM_COPY_HOST_PTR
 ulong long16 test passed. cl_mem_flags src: CL_MEM_USE_HOST_PTR dst: CL_MEM_USE_HOST_PTR
 ulong long16 test passed. cl_mem_flags src: CL_MEM_USE_HOST_PTR dst: CL_MEM_COPY_HOST_PTR
 ulong long16 test passed. cl_mem_flags src: CL_MEM_USE_HOST_PTR dst: 0
 ulong long16 test passed. cl_mem_flags src: CL_MEM_COPY_HOST_PTR dst: CL_MEM_ALLOC_HOST_PTR
 ulong long16 test passed. cl_mem_flags src: CL_MEM_COPY_HOST_PTR dst: CL_MEM_ALLOC_HOST_PTR | CL_MEM_COPY_HOST_PTR
 ulong long16 test passed. cl_mem_flags src: CL_MEM_COPY_HOST_PTR dst: CL_MEM_USE_HOST_PTR
 ulong long16 test passed. cl_mem_flags src: CL_MEM_COPY_HOST_PTR dst: CL_MEM_COPY_HOST_PTR
 ulong long16 test passed. cl_mem_flags src: CL_MEM_COPY_HOST_PTR dst: 0
 ulong long16 test passed. cl_mem_flags src: 0 dst: CL_MEM_ALLOC_HOST_PTR
 ulong long16 test passed. cl_mem_flags src: 0 dst: CL_MEM_ALLOC_HOST_PTR | CL_MEM_COPY_HOST_PTR
 ulong long16 test passed. cl_mem_flags src: 0 dst: CL_MEM_USE_HOST_PTR
 ulong long16 test passed. cl_mem_flags src: 0 dst: CL_MEM_COPY_HOST_PTR
 ulong long16 test passed. cl_mem_flags src: 0 dst: 0
buffer_write_ulong passed
buffer_map_write_int...
 int1 test passed. cl_mem_flags src: CL_MEM_ALLOC_HOST_PTR dst: CL_MEM_ALLOC_HOST_PTR
 int1 test passed. cl_mem_flags src: CL_MEM_ALLOC_HOST_PTR dst: CL_MEM_ALLOC_HOST_PTR | CL_MEM_COPY_HOST_PTR
 int1 test passed. cl_mem_flags src: CL_MEM_ALLOC_HOST_PTR dst: CL_MEM_USE_HOST_PTR
 int1 test passed. cl_mem_flags src: CL_MEM_ALLOC_HOST_PTR dst: CL_MEM_COPY_HOST_PTR
 int1 test passed. cl_mem_flags src: CL_MEM_ALLOC_HOST_PTR dst: 0
 int1 test passed. cl_mem_flags src: CL_MEM_ALLOC_HOST_PTR | CL_MEM_COPY_HOST_PTR dst: CL_MEM_ALLOC_HOST_PTR
 int1 test passed. cl_mem_flags src: CL_MEM_ALLOC_HOST_PTR | CL_MEM_COPY_HOST_PTR dst: CL_MEM_ALLOC_HOST_PTR | CL_MEM_COPY_HOST_PTR
 int1 test passed. cl_mem_flags src: CL_MEM_ALLOC_HOST_PTR | CL_MEM_COPY_HOST_PTR dst: CL_MEM_USE_HOST_PTR
 int1 test passed. cl_mem_flags src: CL_MEM_ALLOC_HOST_PTR | CL_MEM_COPY_HOST_PTR dst: CL_MEM_COPY_HOST_PTR
 int1 test passed. cl_mem_flags src: CL_MEM_ALLOC_HOST_PTR | CL_MEM_COPY_HOST_PTR dst: 0
 int1 test passed. cl_mem_flags src: CL_MEM_USE_HOST_PTR dst: CL_MEM_ALLOC_HOST_PTR
 int1 test passed. cl_mem_flags src: CL_MEM_USE_HOST_PTR dst: CL_MEM_ALLOC_HOST_PTR | CL_MEM_COPY_HOST_PTR
 int1 test passed. cl_mem_flags src: CL_MEM_USE_HOST_PTR dst: CL_MEM_USE_HOST_PTR
 int1 test passed. cl_mem_flags src: CL_MEM_USE_HOST_PTR dst: CL_MEM_COPY_HOST_PTR
 int1 test passed. cl_mem_flags src: CL_MEM_USE_HOST_PTR dst: 0
 int1 test passed. cl_mem_flags src: CL_MEM_COPY_HOST_PTR dst: CL_MEM_ALLOC_HOST_PTR
 int1 test passed. cl_mem_flags src: CL_MEM_COPY_HOST_PTR dst: CL_MEM_ALLOC_HOST_PTR | CL_MEM_COPY_HOST_PTR
 int1 test passed. cl_mem_flags src: CL_MEM_COPY_HOST_PTR dst: CL_MEM_USE_HOST_PTR
 int1 test passed. cl_mem_flags src: CL_MEM_COPY_HOST_PTR dst: CL_MEM_COPY_HOST_PTR
 int1 test passed. cl_mem_flags src: CL_MEM_COPY_HOST_PTR dst: 0
 int1 test passed. cl_mem_flags src: 0 dst: CL_MEM_ALLOC_HOST_PTR
 int1 test passed. cl_mem_flags src: 0 dst: CL_MEM_ALLOC_HOST_PTR | CL_MEM_COPY_HOST_PTR
 int1 test passed. cl_mem_flags src: 0 dst: CL_MEM_USE_HOST_PTR
 int1 test passed. cl_mem_flags src: 0 dst: CL_MEM_COPY_HOST_PTR
 int1 test passed. cl_mem_flags src: 0 dst: 0
 int2 test passed. cl_mem_flags src: CL_MEM_ALLOC_HOST_PTR dst: CL_MEM_ALLOC_HOST_PTR
 int2 test passed. cl_mem_flags src: CL_MEM_ALLOC_HOST_PTR dst: CL_MEM_ALLOC_HOST_PTR | CL_MEM_COPY_HOST_PTR
 int2 test passed. cl_mem_flags src: CL_MEM_ALLOC_HOST_PTR dst: CL_MEM_USE_HOST_PTR
 int2 test passed. cl_mem_flags src: CL_MEM_ALLOC_HOST_PTR dst: CL_MEM_COPY_HOST_PTR
 int2 test passed. cl_mem_flags src: CL_MEM_ALLOC_HOST_PTR dst: 0
 int2 test passed. cl_mem_flags src: CL_MEM_ALLOC_HOST_PTR | CL_MEM_COPY_HOST_PTR dst: CL_MEM_ALLOC_HOST_PTR
 int2 test passed. cl_mem_flags src: CL_MEM_ALLOC_HOST_PTR | CL_MEM_COPY_HOST_PTR dst: CL_MEM_ALLOC_HOST_PTR | CL_MEM_COPY_HOST_PTR
 int2 test passed. cl_mem_flags src: CL_MEM_ALLOC_HOST_PTR | CL_MEM_COPY_HOST_PTR dst: CL_MEM_USE_HOST_PTR
 int2 test passed. cl_mem_flags src: CL_MEM_ALLOC_HOST_PTR | CL_MEM_COPY_HOST_PTR dst: CL_MEM_COPY_HOST_PTR
 int2 test passed. cl_mem_flags src: CL_MEM_ALLOC_HOST_PTR | CL_MEM_COPY_HOST_PTR dst: 0
 int2 test passed. cl_mem_flags src: CL_MEM_USE_HOST_PTR dst: CL_MEM_ALLOC_HOST_PTR
 int2 test passed. cl_mem_flags src: CL_MEM_USE_HOST_PTR dst: CL_MEM_ALLOC_HOST_PTR | CL_MEM_COPY_HOST_PTR
 int2 test passed. cl_mem_flags src: CL_MEM_USE_HOST_PTR dst: CL_MEM_USE_HOST_PTR
 int2 test passed. cl_mem_flags src: CL_MEM_USE_HOST_PTR dst: CL_MEM_COPY_HOST_PTR
 int2 test passed. cl_mem_flags src: CL_MEM_USE_HOST_PTR dst: 0
 int2 test passed. cl_mem_flags src: CL_MEM_COPY_HOST_PTR dst: CL_MEM_ALLOC_HOST_PTR
 int2 test passed. cl_mem_flags src: CL_MEM_COPY_HOST_PTR dst: CL_MEM_ALLOC_HOST_PTR | CL_MEM_COPY_HOST_PTR
 int2 test passed. cl_mem_flags src: CL_MEM_COPY_HOST_PTR dst: CL_MEM_USE_HOST_PTR
 int2 test passed. cl_mem_flags src: CL_MEM_COPY_HOST_PTR dst: CL_MEM_COPY_HOST_PTR
 int2 test passed. cl_mem_flags src: CL_MEM_COPY_HOST_PTR dst: 0
 int2 test passed. cl_mem_flags src: 0 dst: CL_MEM_ALLOC_HOST_PTR
 int2 test passed. cl_mem_flags src: 0 dst: CL_MEM_ALLOC_HOST_PTR | CL_MEM_COPY_HOST_PTR
 int2 test passed. cl_mem_flags src: 0 dst: CL_MEM_USE_HOST_PTR
 int2 test passed. cl_mem_flags src: 0 dst: CL_MEM_COPY_HOST_PTR
 int2 test passed. cl_mem_flags src: 0 dst: 0
 int4 test passed. cl_mem_flags src: CL_MEM_ALLOC_HOST_PTR dst: CL_MEM_ALLOC_HOST_PTR
 int4 test passed. cl_mem_flags src: CL_MEM_ALLOC_HOST_PTR dst: CL_MEM_ALLOC_HOST_PTR | CL_MEM_COPY_HOST_PTR
 int4 test passed. cl_mem_flags src: CL_MEM_ALLOC_HOST_PTR dst: CL_MEM_USE_HOST_PTR
 int4 test passed. cl_mem_flags src: CL_MEM_ALLOC_HOST_PTR dst: CL_MEM_COPY_HOST_PTR
 int4 test passed. cl_mem_flags src: CL_MEM_ALLOC_HOST_PTR dst: 0
 int4 test passed. cl_mem_flags src: CL_MEM_ALLOC_HOST_PTR | CL_MEM_COPY_HOST_PTR dst: CL_MEM_ALLOC_HOST_PTR
 int4 test passed. cl_mem_flags src: CL_MEM_ALLOC_HOST_PTR | CL_MEM_COPY_HOST_PTR dst: CL_MEM_ALLOC_HOST_PTR | CL_MEM_COPY_HOST_PTR
 int4 test passed. cl_mem_flags src: CL_MEM_ALLOC_HOST_PTR | CL_MEM_COPY_HOST_PTR dst: CL_MEM_USE_HOST_PTR
 int4 test passed. cl_mem_flags src: CL_MEM_ALLOC_HOST_PTR | CL_MEM_COPY_HOST_PTR dst: CL_MEM_COPY_HOST_PTR
 int4 test passed. cl_mem_flags src: CL_MEM_ALLOC_HOST_PTR | CL_MEM_COPY_HOST_PTR dst: 0
 int4 test passed. cl_mem_flags src: CL_MEM_USE_HOST_PTR dst: CL_MEM_ALLOC_HOST_PTR
 int4 test passed. cl_mem_flags src: CL_MEM_USE_HOST_PTR dst: CL_MEM_ALLOC_HOST_PTR | CL_MEM_COPY_HOST_PTR
 int4 test passed. cl_mem_flags src: CL_MEM_USE_HOST_PTR dst: CL_MEM_USE_HOST_PTR
 int4 test passed. cl_mem_flags src: CL_MEM_USE_HOST_PTR dst: CL_MEM_COPY_HOST_PTR
 int4 test passed. cl_mem_flags src: CL_MEM_USE_HOST_PTR dst: 0
 int4 test passed. cl_mem_flags src: CL_MEM_COPY_HOST_PTR dst: CL_MEM_ALLOC_HOST_PTR
 int4 test passed. cl_mem_flags src: CL_MEM_COPY_HOST_PTR dst: CL_MEM_ALLOC_HOST_PTR | CL_MEM_COPY_HOST_PTR
 int4 test passed. cl_mem_flags src: CL_MEM_COPY_HOST_PTR dst: CL_MEM_USE_HOST_PTR
 int4 test passed. cl_mem_flags src: CL_MEM_COPY_HOST_PTR dst: CL_MEM_COPY_HOST_PTR
 int4 test passed. cl_mem_flags src: CL_MEM_COPY_HOST_PTR dst: 0
 int4 test passed. cl_mem_flags src: 0 dst: CL_MEM_ALLOC_HOST_PTR
 int4 test passed. cl_mem_flags src: 0 dst: CL_MEM_ALLOC_HOST_PTR | CL_MEM_COPY_HOST_PTR
 int4 test passed. cl_mem_flags src: 0 dst: CL_MEM_USE_HOST_PTR
 int4 test passed. cl_mem_flags src: 0 dst: CL_MEM_COPY_HOST_PTR
 int4 test passed. cl_mem_flags src: 0 dst: 0
 int8 test passed. cl_mem_flags src: CL_MEM_ALLOC_HOST_PTR dst: CL_MEM_ALLOC_HOST_PTR
 int8 test passed. cl_mem_flags src: CL_MEM_ALLOC_HOST_PTR dst: CL_MEM_ALLOC_HOST_PTR | CL_MEM_COPY_HOST_PTR
 int8 test passed. cl_mem_flags src: CL_MEM_ALLOC_HOST_PTR dst: CL_MEM_USE_HOST_PTR
 int8 test passed. cl_mem_flags src: CL_MEM_ALLOC_HOST_PTR dst: CL_MEM_COPY_HOST_PTR
 int8 test passed. cl_mem_flags src: CL_MEM_ALLOC_HOST_PTR dst: 0
 int8 test passed. cl_mem_flags src: CL_MEM_ALLOC_HOST_PTR | CL_MEM_COPY_HOST_PTR dst: CL_MEM_ALLOC_HOST_PTR
 int8 test passed. cl_mem_flags src: CL_MEM_ALLOC_HOST_PTR | CL_MEM_COPY_HOST_PTR dst: CL_MEM_ALLOC_HOST_PTR | CL_MEM_COPY_HOST_PTR
 int8 test passed. cl_mem_flags src: CL_MEM_ALLOC_HOST_PTR | CL_MEM_COPY_HOST_PTR dst: CL_MEM_USE_HOST_PTR
 int8 test passed. cl_mem_flags src: CL_MEM_ALLOC_HOST_PTR | CL_MEM_COPY_HOST_PTR dst: CL_MEM_COPY_HOST_PTR
 int8 test passed. cl_mem_flags src: CL_MEM_ALLOC_HOST_PTR | CL_MEM_COPY_HOST_PTR dst: 0
 int8 test passed. cl_mem_flags src: CL_MEM_USE_HOST_PTR dst: CL_MEM_ALLOC_HOST_PTR
 int8 test passed. cl_mem_flags src: CL_MEM_USE_HOST_PTR dst: CL_MEM_ALLOC_HOST_PTR | CL_MEM_COPY_HOST_PTR
 int8 test passed. cl_mem_flags src: CL_MEM_USE_HOST_PTR dst: CL_MEM_USE_HOST_PTR
 int8 test passed. cl_mem_flags src: CL_MEM_USE_HOST_PTR dst: CL_MEM_COPY_HOST_PTR
 int8 test passed. cl_mem_flags src: CL_MEM_USE_HOST_PTR dst: 0
 int8 test passed. cl_mem_flags src: CL_MEM_COPY_HOST_PTR dst: CL_MEM_ALLOC_HOST_PTR
 int8 test passed. cl_mem_flags src: CL_MEM_COPY_HOST_PTR dst: CL_MEM_ALLOC_HOST_PTR | CL_MEM_COPY_HOST_PTR
 int8 test passed. cl_mem_flags src: CL_MEM_COPY_HOST_PTR dst: CL_MEM_USE_HOST_PTR
 int8 test passed. cl_mem_flags src: CL_MEM_COPY_HOST_PTR dst: CL_MEM_COPY_HOST_PTR
 int8 test passed. cl_mem_flags src: CL_MEM_COPY_HOST_PTR dst: 0
 int8 test passed. cl_mem_flags src: 0 dst: CL_MEM_ALLOC_HOST_PTR
 int8 test passed. cl_mem_flags src: 0 dst: CL_MEM_ALLOC_HOST_PTR | CL_MEM_COPY_HOST_PTR
 int8 test passed. cl_mem_flags src: 0 dst: CL_MEM_USE_HOST_PTR
 int8 test passed. cl_mem_flags src: 0 dst: CL_MEM_COPY_HOST_PTR
 int8 test passed. cl_mem_flags src: 0 dst: 0
 int16 test passed. cl_mem_flags src: CL_MEM_ALLOC_HOST_PTR dst: CL_MEM_ALLOC_HOST_PTR
 int16 test passed. cl_mem_flags src: CL_MEM_ALLOC_HOST_PTR dst: CL_MEM_ALLOC_HOST_PTR | CL_MEM_COPY_HOST_PTR
 int16 test passed. cl_mem_flags src: CL_MEM_ALLOC_HOST_PTR dst: CL_MEM_USE_HOST_PTR
 int16 test passed. cl_mem_flags src: CL_MEM_ALLOC_HOST_PTR dst: CL_MEM_COPY_HOST_PTR
 int16 test passed. cl_mem_flags src: CL_MEM_ALLOC_HOST_PTR dst: 0
 int16 test passed. cl_mem_flags src: CL_MEM_ALLOC_HOST_PTR | CL_MEM_COPY_HOST_PTR dst: CL_MEM_ALLOC_HOST_PTR
 int16 test passed. cl_mem_flags src: CL_MEM_ALLOC_HOST_PTR | CL_MEM_COPY_HOST_PTR dst: CL_MEM_ALLOC_HOST_PTR | CL_MEM_COPY_HOST_PTR
 int16 test passed. cl_mem_flags src: CL_MEM_ALLOC_HOST_PTR | CL_MEM_COPY_HOST_PTR dst: CL_MEM_USE_HOST_PTR
 int16 test passed. cl_mem_flags src: CL_MEM_ALLOC_HOST_PTR | CL_MEM_COPY_HOST_PTR dst: CL_MEM_COPY_HOST_PTR
 int16 test passed. cl_mem_flags src: CL_MEM_ALLOC_HOST_PTR | CL_MEM_COPY_HOST_PTR dst: 0
 int16 test passed. cl_mem_flags src: CL_MEM_USE_HOST_PTR dst: CL_MEM_ALLOC_HOST_PTR
 int16 test passed. cl_mem_flags src: CL_MEM_USE_HOST_PTR dst: CL_MEM_ALLOC_HOST_PTR | CL_MEM_COPY_HOST_PTR
 int16 test passed. cl_mem_flags src: CL_MEM_USE_HOST_PTR dst: CL_MEM_USE_HOST_PTR
 int16 test passed. cl_mem_flags src: CL_MEM_USE_HOST_PTR dst: CL_MEM_COPY_HOST_PTR
 int16 test passed. cl_mem_flags src: CL_MEM_USE_HOST_PTR dst: 0
 int16 test passed. cl_mem_flags src: CL_MEM_COPY_HOST_PTR dst: CL_MEM_ALLOC_HOST_PTR
 int16 test passed. cl_mem_flags src: CL_MEM_COPY_HOST_PTR dst: CL_MEM_ALLOC_HOST_PTR | CL_MEM_COPY_HOST_PTR
 int16 test passed. cl_mem_flags src: CL_MEM_COPY_HOST_PTR dst: CL_MEM_USE_HOST_PTR
 int16 test passed. cl_mem_flags src: CL_MEM_COPY_HOST_PTR dst: CL_MEM_COPY_HOST_PTR
 int16 test passed. cl_mem_flags src: CL_MEM_COPY_HOST_PTR dst: 0
 int16 test passed. cl_mem_flags src: 0 dst: CL_MEM_ALLOC_HOST_PTR
 int16 test passed. cl_mem_flags src: 0 dst: CL_MEM_ALLOC_HOST_PTR | CL_MEM_COPY_HOST_PTR
 int16 test passed. cl_mem_flags src: 0 dst: CL_MEM_USE_HOST_PTR
 int16 test passed. cl_mem_flags src: 0 dst: CL_MEM_COPY_HOST_PTR
 int16 test passed. cl_mem_flags src: 0 dst: 0
buffer_map_write_int passed
buffer_map_write_uint...
 uint1 test passed. cl_mem_flags src: CL_MEM_ALLOC_HOST_PTR dst: CL_MEM_ALLOC_HOST_PTR
 uint1 test passed. cl_mem_flags src: CL_MEM_ALLOC_HOST_PTR dst: CL_MEM_ALLOC_HOST_PTR | CL_MEM_COPY_HOST_PTR
 uint1 test passed. cl_mem_flags src: CL_MEM_ALLOC_HOST_PTR dst: CL_MEM_USE_HOST_PTR
 uint1 test passed. cl_mem_flags src: CL_MEM_ALLOC_HOST_PTR dst: CL_MEM_COPY_HOST_PTR
 uint1 test passed. cl_mem_flags src: CL_MEM_ALLOC_HOST_PTR dst: 0
 uint1 test passed. cl_mem_flags src: CL_MEM_ALLOC_HOST_PTR | CL_MEM_COPY_HOST_PTR dst: CL_MEM_ALLOC_HOST_PTR
 uint1 test passed. cl_mem_flags src: CL_MEM_ALLOC_HOST_PTR | CL_MEM_COPY_HOST_PTR dst: CL_MEM_ALLOC_HOST_PTR | CL_MEM_COPY_HOST_PTR
 uint1 test passed. cl_mem_flags src: CL_MEM_ALLOC_HOST_PTR | CL_MEM_COPY_HOST_PTR dst: CL_MEM_USE_HOST_PTR
 uint1 test passed. cl_mem_flags src: CL_MEM_ALLOC_HOST_PTR | CL_MEM_COPY_HOST_PTR dst: CL_MEM_COPY_HOST_PTR
 uint1 test passed. cl_mem_flags src: CL_MEM_ALLOC_HOST_PTR | CL_MEM_COPY_HOST_PTR dst: 0
 uint1 test passed. cl_mem_flags src: CL_MEM_USE_HOST_PTR dst: CL_MEM_ALLOC_HOST_PTR
 uint1 test passed. cl_mem_flags src: CL_MEM_USE_HOST_PTR dst: CL_MEM_ALLOC_HOST_PTR | CL_MEM_COPY_HOST_PTR
 uint1 test passed. cl_mem_flags src: CL_MEM_USE_HOST_PTR dst: CL_MEM_USE_HOST_PTR
 uint1 test passed. cl_mem_flags src: CL_MEM_USE_HOST_PTR dst: CL_MEM_COPY_HOST_PTR
 uint1 test passed. cl_mem_flags src: CL_MEM_USE_HOST_PTR dst: 0
 uint1 test passed. cl_mem_flags src: CL_MEM_COPY_HOST_PTR dst: CL_MEM_ALLOC_HOST_PTR
 uint1 test passed. cl_mem_flags src: CL_MEM_COPY_HOST_PTR dst: CL_MEM_ALLOC_HOST_PTR | CL_MEM_COPY_HOST_PTR
 uint1 test passed. cl_mem_flags src: CL_MEM_COPY_HOST_PTR dst: CL_MEM_USE_HOST_PTR
 uint1 test passed. cl_mem_flags src: CL_MEM_COPY_HOST_PTR dst: CL_MEM_COPY_HOST_PTR
 uint1 test passed. cl_mem_flags src: CL_MEM_COPY_HOST_PTR dst: 0
 uint1 test passed. cl_mem_flags src: 0 dst: CL_MEM_ALLOC_HOST_PTR
 uint1 test passed. cl_mem_flags src: 0 dst: CL_MEM_ALLOC_HOST_PTR | CL_MEM_COPY_HOST_PTR
 uint1 test passed. cl_mem_flags src: 0 dst: CL_MEM_USE_HOST_PTR
 uint1 test passed. cl_mem_flags src: 0 dst: CL_MEM_COPY_HOST_PTR
 uint1 test passed. cl_mem_flags src: 0 dst: 0
 uint2 test passed. cl_mem_flags src: CL_MEM_ALLOC_HOST_PTR dst: CL_MEM_ALLOC_HOST_PTR
 uint2 test passed. cl_mem_flags src: CL_MEM_ALLOC_HOST_PTR dst: CL_MEM_ALLOC_HOST_PTR | CL_MEM_COPY_HOST_PTR
 uint2 test passed. cl_mem_flags src: CL_MEM_ALLOC_HOST_PTR dst: CL_MEM_USE_HOST_PTR
 uint2 test passed. cl_mem_flags src: CL_MEM_ALLOC_HOST_PTR dst: CL_MEM_COPY_HOST_PTR
 uint2 test passed. cl_mem_flags src: CL_MEM_ALLOC_HOST_PTR dst: 0
 uint2 test passed. cl_mem_flags src: CL_MEM_ALLOC_HOST_PTR | CL_MEM_COPY_HOST_PTR dst: CL_MEM_ALLOC_HOST_PTR
 uint2 test passed. cl_mem_flags src: CL_MEM_ALLOC_HOST_PTR | CL_MEM_COPY_HOST_PTR dst: CL_MEM_ALLOC_HOST_PTR | CL_MEM_COPY_HOST_PTR
 uint2 test passed. cl_mem_flags src: CL_MEM_ALLOC_HOST_PTR | CL_MEM_COPY_HOST_PTR dst: CL_MEM_USE_HOST_PTR
 uint2 test passed. cl_mem_flags src: CL_MEM_ALLOC_HOST_PTR | CL_MEM_COPY_HOST_PTR dst: CL_MEM_COPY_HOST_PTR
 uint2 test passed. cl_mem_flags src: CL_MEM_ALLOC_HOST_PTR | CL_MEM_COPY_HOST_PTR dst: 0
 uint2 test passed. cl_mem_flags src: CL_MEM_USE_HOST_PTR dst: CL_MEM_ALLOC_HOST_PTR
 uint2 test passed. cl_mem_flags src: CL_MEM_USE_HOST_PTR dst: CL_MEM_ALLOC_HOST_PTR | CL_MEM_COPY_HOST_PTR
 uint2 test passed. cl_mem_flags src: CL_MEM_USE_HOST_PTR dst: CL_MEM_USE_HOST_PTR
 uint2 test passed. cl_mem_flags src: CL_MEM_USE_HOST_PTR dst: CL_MEM_COPY_HOST_PTR
 uint2 test passed. cl_mem_flags src: CL_MEM_USE_HOST_PTR dst: 0
 uint2 test passed. cl_mem_flags src: CL_MEM_COPY_HOST_PTR dst: CL_MEM_ALLOC_HOST_PTR
 uint2 test passed. cl_mem_flags src: CL_MEM_COPY_HOST_PTR dst: CL_MEM_ALLOC_HOST_PTR | CL_MEM_COPY_HOST_PTR
 uint2 test passed. cl_mem_flags src: CL_MEM_COPY_HOST_PTR dst: CL_MEM_USE_HOST_PTR
 uint2 test passed. cl_mem_flags src: CL_MEM_COPY_HOST_PTR dst: CL_MEM_COPY_HOST_PTR
 uint2 test passed. cl_mem_flags src: CL_MEM_COPY_HOST_PTR dst: 0
 uint2 test passed. cl_mem_flags src: 0 dst: CL_MEM_ALLOC_HOST_PTR
 uint2 test passed. cl_mem_flags src: 0 dst: CL_MEM_ALLOC_HOST_PTR | CL_MEM_COPY_HOST_PTR
 uint2 test passed. cl_mem_flags src: 0 dst: CL_MEM_USE_HOST_PTR
 uint2 test passed. cl_mem_flags src: 0 dst: CL_MEM_COPY_HOST_PTR
 uint2 test passed. cl_mem_flags src: 0 dst: 0
 uint4 test passed. cl_mem_flags src: CL_MEM_ALLOC_HOST_PTR dst: CL_MEM_ALLOC_HOST_PTR
 uint4 test passed. cl_mem_flags src: CL_MEM_ALLOC_HOST_PTR dst: CL_MEM_ALLOC_HOST_PTR | CL_MEM_COPY_HOST_PTR
 uint4 test passed. cl_mem_flags src: CL_MEM_ALLOC_HOST_PTR dst: CL_MEM_USE_HOST_PTR
 uint4 test passed. cl_mem_flags src: CL_MEM_ALLOC_HOST_PTR dst: CL_MEM_COPY_HOST_PTR
 uint4 test passed. cl_mem_flags src: CL_MEM_ALLOC_HOST_PTR dst: 0
 uint4 test passed. cl_mem_flags src: CL_MEM_ALLOC_HOST_PTR | CL_MEM_COPY_HOST_PTR dst: CL_MEM_ALLOC_HOST_PTR
 uint4 test passed. cl_mem_flags src: CL_MEM_ALLOC_HOST_PTR | CL_MEM_COPY_HOST_PTR dst: CL_MEM_ALLOC_HOST_PTR | CL_MEM_COPY_HOST_PTR
 uint4 test passed. cl_mem_flags src: CL_MEM_ALLOC_HOST_PTR | CL_MEM_COPY_HOST_PTR dst: CL_MEM_USE_HOST_PTR
 uint4 test passed. cl_mem_flags src: CL_MEM_ALLOC_HOST_PTR | CL_MEM_COPY_HOST_PTR dst: CL_MEM_COPY_HOST_PTR
 uint4 test passed. cl_mem_flags src: CL_MEM_ALLOC_HOST_PTR | CL_MEM_COPY_HOST_PTR dst: 0
 uint4 test passed. cl_mem_flags src: CL_MEM_USE_HOST_PTR dst: CL_MEM_ALLOC_HOST_PTR
 uint4 test passed. cl_mem_flags src: CL_MEM_USE_HOST_PTR dst: CL_MEM_ALLOC_HOST_PTR | CL_MEM_COPY_HOST_PTR
 uint4 test passed. cl_mem_flags src: CL_MEM_USE_HOST_PTR dst: CL_MEM_USE_HOST_PTR
 uint4 test passed. cl_mem_flags src: CL_MEM_USE_HOST_PTR dst: CL_MEM_COPY_HOST_PTR
 uint4 test passed. cl_mem_flags src: CL_MEM_USE_HOST_PTR dst: 0
 uint4 test passed. cl_mem_flags src: CL_MEM_COPY_HOST_PTR dst: CL_MEM_ALLOC_HOST_PTR
 uint4 test passed. cl_mem_flags src: CL_MEM_COPY_HOST_PTR dst: CL_MEM_ALLOC_HOST_PTR | CL_MEM_COPY_HOST_PTR
 uint4 test passed. cl_mem_flags src: CL_MEM_COPY_HOST_PTR dst: CL_MEM_USE_HOST_PTR
 uint4 test passed. cl_mem_flags src: CL_MEM_COPY_HOST_PTR dst: CL_MEM_COPY_HOST_PTR
 uint4 test passed. cl_mem_flags src: CL_MEM_COPY_HOST_PTR dst: 0
 uint4 test passed. cl_mem_flags src: 0 dst: CL_MEM_ALLOC_HOST_PTR
 uint4 test passed. cl_mem_flags src: 0 dst: CL_MEM_ALLOC_HOST_PTR | CL_MEM_COPY_HOST_PTR
 uint4 test passed. cl_mem_flags src: 0 dst: CL_MEM_USE_HOST_PTR
 uint4 test passed. cl_mem_flags src: 0 dst: CL_MEM_COPY_HOST_PTR
 uint4 test passed. cl_mem_flags src: 0 dst: 0
 uint8 test passed. cl_mem_flags src: CL_MEM_ALLOC_HOST_PTR dst: CL_MEM_ALLOC_HOST_PTR
 uint8 test passed. cl_mem_flags src: CL_MEM_ALLOC_HOST_PTR dst: CL_MEM_ALLOC_HOST_PTR | CL_MEM_COPY_HOST_PTR
 uint8 test passed. cl_mem_flags src: CL_MEM_ALLOC_HOST_PTR dst: CL_MEM_USE_HOST_PTR
 uint8 test passed. cl_mem_flags src: CL_MEM_ALLOC_HOST_PTR dst: CL_MEM_COPY_HOST_PTR
 uint8 test passed. cl_mem_flags src: CL_MEM_ALLOC_HOST_PTR dst: 0
 uint8 test passed. cl_mem_flags src: CL_MEM_ALLOC_HOST_PTR | CL_MEM_COPY_HOST_PTR dst: CL_MEM_ALLOC_HOST_PTR
 uint8 test passed. cl_mem_flags src: CL_MEM_ALLOC_HOST_PTR | CL_MEM_COPY_HOST_PTR dst: CL_MEM_ALLOC_HOST_PTR | CL_MEM_COPY_HOST_PTR
 uint8 test passed. cl_mem_flags src: CL_MEM_ALLOC_HOST_PTR | CL_MEM_COPY_HOST_PTR dst: CL_MEM_USE_HOST_PTR
 uint8 test passed. cl_mem_flags src: CL_MEM_ALLOC_HOST_PTR | CL_MEM_COPY_HOST_PTR dst: CL_MEM_COPY_HOST_PTR
 uint8 test passed. cl_mem_flags src: CL_MEM_ALLOC_HOST_PTR | CL_MEM_COPY_HOST_PTR dst: 0
 uint8 test passed. cl_mem_flags src: CL_MEM_USE_HOST_PTR dst: CL_MEM_ALLOC_HOST_PTR
 uint8 test passed. cl_mem_flags src: CL_MEM_USE_HOST_PTR dst: CL_MEM_ALLOC_HOST_PTR | CL_MEM_COPY_HOST_PTR
 uint8 test passed. cl_mem_flags src: CL_MEM_USE_HOST_PTR dst: CL_MEM_USE_HOST_PTR
 uint8 test passed. cl_mem_flags src: CL_MEM_USE_HOST_PTR dst: CL_MEM_COPY_HOST_PTR
 uint8 test passed. cl_mem_flags src: CL_MEM_USE_HOST_PTR dst: 0
 uint8 test passed. cl_mem_flags src: CL_MEM_COPY_HOST_PTR dst: CL_MEM_ALLOC_HOST_PTR
 uint8 test passed. cl_mem_flags src: CL_MEM_COPY_HOST_PTR dst: CL_MEM_ALLOC_HOST_PTR | CL_MEM_COPY_HOST_PTR
 uint8 test passed. cl_mem_flags src: CL_MEM_COPY_HOST_PTR dst: CL_MEM_USE_HOST_PTR
 uint8 test passed. cl_mem_flags src: CL_MEM_COPY_HOST_PTR dst: CL_MEM_COPY_HOST_PTR
 uint8 test passed. cl_mem_flags src: CL_MEM_COPY_HOST_PTR dst: 0
 uint8 test passed. cl_mem_flags src: 0 dst: CL_MEM_ALLOC_HOST_PTR
 uint8 test passed. cl_mem_flags src: 0 dst: CL_MEM_ALLOC_HOST_PTR | CL_MEM_COPY_HOST_PTR
 uint8 test passed. cl_mem_flags src: 0 dst: CL_MEM_USE_HOST_PTR
 uint8 test passed. cl_mem_flags src: 0 dst: CL_MEM_COPY_HOST_PTR
 uint8 test passed. cl_mem_flags src: 0 dst: 0
 uint16 test passed. cl_mem_flags src: CL_MEM_ALLOC_HOST_PTR dst: CL_MEM_ALLOC_HOST_PTR
 uint16 test passed. cl_mem_flags src: CL_MEM_ALLOC_HOST_PTR dst: CL_MEM_ALLOC_HOST_PTR | CL_MEM_COPY_HOST_PTR
 uint16 test passed. cl_mem_flags src: CL_MEM_ALLOC_HOST_PTR dst: CL_MEM_USE_HOST_PTR
 uint16 test passed. cl_mem_flags src: CL_MEM_ALLOC_HOST_PTR dst: CL_MEM_COPY_HOST_PTR
 uint16 test passed. cl_mem_flags src: CL_MEM_ALLOC_HOST_PTR dst: 0
 uint16 test passed. cl_mem_flags src: CL_MEM_ALLOC_HOST_PTR | CL_MEM_COPY_HOST_PTR dst: CL_MEM_ALLOC_HOST_PTR
 uint16 test passed. cl_mem_flags src: CL_MEM_ALLOC_HOST_PTR | CL_MEM_COPY_HOST_PTR dst: CL_MEM_ALLOC_HOST_PTR | CL_MEM_COPY_HOST_PTR
 uint16 test passed. cl_mem_flags src: CL_MEM_ALLOC_HOST_PTR | CL_MEM_COPY_HOST_PTR dst: CL_MEM_USE_HOST_PTR
 uint16 test passed. cl_mem_flags src: CL_MEM_ALLOC_HOST_PTR | CL_MEM_COPY_HOST_PTR dst: CL_MEM_COPY_HOST_PTR
 uint16 test passed. cl_mem_flags src: CL_MEM_ALLOC_HOST_PTR | CL_MEM_COPY_HOST_PTR dst: 0
 uint16 test passed. cl_mem_flags src: CL_MEM_USE_HOST_PTR dst: CL_MEM_ALLOC_HOST_PTR
 uint16 test passed. cl_mem_flags src: CL_MEM_USE_HOST_PTR dst: CL_MEM_ALLOC_HOST_PTR | CL_MEM_COPY_HOST_PTR
 uint16 test passed. cl_mem_flags src: CL_MEM_USE_HOST_PTR dst: CL_MEM_USE_HOST_PTR
 uint16 test passed. cl_mem_flags src: CL_MEM_USE_HOST_PTR dst: CL_MEM_COPY_HOST_PTR
 uint16 test passed. cl_mem_flags src: CL_MEM_USE_HOST_PTR dst: 0
 uint16 test passed. cl_mem_flags src: CL_MEM_COPY_HOST_PTR dst: CL_MEM_ALLOC_HOST_PTR
 uint16 test passed. cl_mem_flags src: CL_MEM_COPY_HOST_PTR dst: CL_MEM_ALLOC_HOST_PTR | CL_MEM_COPY_HOST_PTR
 uint16 test passed. cl_mem_flags src: CL_MEM_COPY_HOST_PTR dst: CL_MEM_USE_HOST_PTR
 uint16 test passed. cl_mem_flags src: CL_MEM_COPY_HOST_PTR dst: CL_MEM_COPY_HOST_PTR
 uint16 test passed. cl_mem_flags src: CL_MEM_COPY_HOST_PTR dst: 0
 uint16 test passed. cl_mem_flags src: 0 dst: CL_MEM_ALLOC_HOST_PTR
 uint16 test passed. cl_mem_flags src: 0 dst: CL_MEM_ALLOC_HOST_PTR | CL_MEM_COPY_HOST_PTR
 uint16 test passed. cl_mem_flags src: 0 dst: CL_MEM_USE_HOST_PTR
 uint16 test passed. cl_mem_flags src: 0 dst: CL_MEM_COPY_HOST_PTR
 uint16 test passed. cl_mem_flags src: 0 dst: 0
buffer_map_write_uint passed
buffer_map_write_long...
 cl_long1 test passed. cl_mem_flags src: CL_MEM_ALLOC_HOST_PTR dst: CL_MEM_ALLOC_HOST_PTR
 cl_long1 test passed. cl_mem_flags src: CL_MEM_ALLOC_HOST_PTR dst: CL_MEM_ALLOC_HOST_PTR | CL_MEM_COPY_HOST_PTR
 cl_long1 test passed. cl_mem_flags src: CL_MEM_ALLOC_HOST_PTR dst: CL_MEM_USE_HOST_PTR
 cl_long1 test passed. cl_mem_flags src: CL_MEM_ALLOC_HOST_PTR dst: CL_MEM_COPY_HOST_PTR
 cl_long1 test passed. cl_mem_flags src: CL_MEM_ALLOC_HOST_PTR dst: 0
 cl_long1 test passed. cl_mem_flags src: CL_MEM_ALLOC_HOST_PTR | CL_MEM_COPY_HOST_PTR dst: CL_MEM_ALLOC_HOST_PTR
 cl_long1 test passed. cl_mem_flags src: CL_MEM_ALLOC_HOST_PTR | CL_MEM_COPY_HOST_PTR dst: CL_MEM_ALLOC_HOST_PTR | CL_MEM_COPY_HOST_PTR
 cl_long1 test passed. cl_mem_flags src: CL_MEM_ALLOC_HOST_PTR | CL_MEM_COPY_HOST_PTR dst: CL_MEM_USE_HOST_PTR
 cl_long1 test passed. cl_mem_flags src: CL_MEM_ALLOC_HOST_PTR | CL_MEM_COPY_HOST_PTR dst: CL_MEM_COPY_HOST_PTR
 cl_long1 test passed. cl_mem_flags src: CL_MEM_ALLOC_HOST_PTR | CL_MEM_COPY_HOST_PTR dst: 0
 cl_long1 test passed. cl_mem_flags src: CL_MEM_USE_HOST_PTR dst: CL_MEM_ALLOC_HOST_PTR
 cl_long1 test passed. cl_mem_flags src: CL_MEM_USE_HOST_PTR dst: CL_MEM_ALLOC_HOST_PTR | CL_MEM_COPY_HOST_PTR
 cl_long1 test passed. cl_mem_flags src: CL_MEM_USE_HOST_PTR dst: CL_MEM_USE_HOST_PTR
 cl_long1 test passed. cl_mem_flags src: CL_MEM_USE_HOST_PTR dst: CL_MEM_COPY_HOST_PTR
 cl_long1 test passed. cl_mem_flags src: CL_MEM_USE_HOST_PTR dst: 0
 cl_long1 test passed. cl_mem_flags src: CL_MEM_COPY_HOST_PTR dst: CL_MEM_ALLOC_HOST_PTR
 cl_long1 test passed. cl_mem_flags src: CL_MEM_COPY_HOST_PTR dst: CL_MEM_ALLOC_HOST_PTR | CL_MEM_COPY_HOST_PTR
 cl_long1 test passed. cl_mem_flags src: CL_MEM_COPY_HOST_PTR dst: CL_MEM_USE_HOST_PTR
 cl_long1 test passed. cl_mem_flags src: CL_MEM_COPY_HOST_PTR dst: CL_MEM_COPY_HOST_PTR
 cl_long1 test passed. cl_mem_flags src: CL_MEM_COPY_HOST_PTR dst: 0
 cl_long1 test passed. cl_mem_flags src: 0 dst: CL_MEM_ALLOC_HOST_PTR
 cl_long1 test passed. cl_mem_flags src: 0 dst: CL_MEM_ALLOC_HOST_PTR | CL_MEM_COPY_HOST_PTR
 cl_long1 test passed. cl_mem_flags src: 0 dst: CL_MEM_USE_HOST_PTR
 cl_long1 test passed. cl_mem_flags src: 0 dst: CL_MEM_COPY_HOST_PTR
 cl_long1 test passed. cl_mem_flags src: 0 dst: 0
 cl_long2 test passed. cl_mem_flags src: CL_MEM_ALLOC_HOST_PTR dst: CL_MEM_ALLOC_HOST_PTR
 cl_long2 test passed. cl_mem_flags src: CL_MEM_ALLOC_HOST_PTR dst: CL_MEM_ALLOC_HOST_PTR | CL_MEM_COPY_HOST_PTR
 cl_long2 test passed. cl_mem_flags src: CL_MEM_ALLOC_HOST_PTR dst: CL_MEM_USE_HOST_PTR
 cl_long2 test passed. cl_mem_flags src: CL_MEM_ALLOC_HOST_PTR dst: CL_MEM_COPY_HOST_PTR
 cl_long2 test passed. cl_mem_flags src: CL_MEM_ALLOC_HOST_PTR dst: 0
 cl_long2 test passed. cl_mem_flags src: CL_MEM_ALLOC_HOST_PTR | CL_MEM_COPY_HOST_PTR dst: CL_MEM_ALLOC_HOST_PTR
 cl_long2 test passed. cl_mem_flags src: CL_MEM_ALLOC_HOST_PTR | CL_MEM_COPY_HOST_PTR dst: CL_MEM_ALLOC_HOST_PTR | CL_MEM_COPY_HOST_PTR
 cl_long2 test passed. cl_mem_flags src: CL_MEM_ALLOC_HOST_PTR | CL_MEM_COPY_HOST_PTR dst: CL_MEM_USE_HOST_PTR
 cl_long2 test passed. cl_mem_flags src: CL_MEM_ALLOC_HOST_PTR | CL_MEM_COPY_HOST_PTR dst: CL_MEM_COPY_HOST_PTR
 cl_long2 test passed. cl_mem_flags src: CL_MEM_ALLOC_HOST_PTR | CL_MEM_COPY_HOST_PTR dst: 0
 cl_long2 test passed. cl_mem_flags src: CL_MEM_USE_HOST_PTR dst: CL_MEM_ALLOC_HOST_PTR
 cl_long2 test passed. cl_mem_flags src: CL_MEM_USE_HOST_PTR dst: CL_MEM_ALLOC_HOST_PTR | CL_MEM_COPY_HOST_PTR
 cl_long2 test passed. cl_mem_flags src: CL_MEM_USE_HOST_PTR dst: CL_MEM_USE_HOST_PTR
 cl_long2 test passed. cl_mem_flags src: CL_MEM_USE_HOST_PTR dst: CL_MEM_COPY_HOST_PTR
 cl_long2 test passed. cl_mem_flags src: CL_MEM_USE_HOST_PTR dst: 0
 cl_long2 test passed. cl_mem_flags src: CL_MEM_COPY_HOST_PTR dst: CL_MEM_ALLOC_HOST_PTR
 cl_long2 test passed. cl_mem_flags src: CL_MEM_COPY_HOST_PTR dst: CL_MEM_ALLOC_HOST_PTR | CL_MEM_COPY_HOST_PTR
 cl_long2 test passed. cl_mem_flags src: CL_MEM_COPY_HOST_PTR dst: CL_MEM_USE_HOST_PTR
 cl_long2 test passed. cl_mem_flags src: CL_MEM_COPY_HOST_PTR dst: CL_MEM_COPY_HOST_PTR
 cl_long2 test passed. cl_mem_flags src: CL_MEM_COPY_HOST_PTR dst: 0
 cl_long2 test passed. cl_mem_flags src: 0 dst: CL_MEM_ALLOC_HOST_PTR
 cl_long2 test passed. cl_mem_flags src: 0 dst: CL_MEM_ALLOC_HOST_PTR | CL_MEM_COPY_HOST_PTR
 cl_long2 test passed. cl_mem_flags src: 0 dst: CL_MEM_USE_HOST_PTR
 cl_long2 test passed. cl_mem_flags src: 0 dst: CL_MEM_COPY_HOST_PTR
 cl_long2 test passed. cl_mem_flags src: 0 dst: 0
 cl_long4 test passed. cl_mem_flags src: CL_MEM_ALLOC_HOST_PTR dst: CL_MEM_ALLOC_HOST_PTR
 cl_long4 test passed. cl_mem_flags src: CL_MEM_ALLOC_HOST_PTR dst: CL_MEM_ALLOC_HOST_PTR | CL_MEM_COPY_HOST_PTR
 cl_long4 test passed. cl_mem_flags src: CL_MEM_ALLOC_HOST_PTR dst: CL_MEM_USE_HOST_PTR
 cl_long4 test passed. cl_mem_flags src: CL_MEM_ALLOC_HOST_PTR dst: CL_MEM_COPY_HOST_PTR
 cl_long4 test passed. cl_mem_flags src: CL_MEM_ALLOC_HOST_PTR dst: 0
 cl_long4 test passed. cl_mem_flags src: CL_MEM_ALLOC_HOST_PTR | CL_MEM_COPY_HOST_PTR dst: CL_MEM_ALLOC_HOST_PTR
 cl_long4 test passed. cl_mem_flags src: CL_MEM_ALLOC_HOST_PTR | CL_MEM_COPY_HOST_PTR dst: CL_MEM_ALLOC_HOST_PTR | CL_MEM_COPY_HOST_PTR
 cl_long4 test passed. cl_mem_flags src: CL_MEM_ALLOC_HOST_PTR | CL_MEM_COPY_HOST_PTR dst: CL_MEM_USE_HOST_PTR
 cl_long4 test passed. cl_mem_flags src: CL_MEM_ALLOC_HOST_PTR | CL_MEM_COPY_HOST_PTR dst: CL_MEM_COPY_HOST_PTR
 cl_long4 test passed. cl_mem_flags src: CL_MEM_ALLOC_HOST_PTR | CL_MEM_COPY_HOST_PTR dst: 0
 cl_long4 test passed. cl_mem_flags src: CL_MEM_USE_HOST_PTR dst: CL_MEM_ALLOC_HOST_PTR
 cl_long4 test passed. cl_mem_flags src: CL_MEM_USE_HOST_PTR dst: CL_MEM_ALLOC_HOST_PTR | CL_MEM_COPY_HOST_PTR
 cl_long4 test passed. cl_mem_flags src: CL_MEM_USE_HOST_PTR dst: CL_MEM_USE_HOST_PTR
 cl_long4 test passed. cl_mem_flags src: CL_MEM_USE_HOST_PTR dst: CL_MEM_COPY_HOST_PTR
 cl_long4 test passed. cl_mem_flags src: CL_MEM_USE_HOST_PTR dst: 0
 cl_long4 test passed. cl_mem_flags src: CL_MEM_COPY_HOST_PTR dst: CL_MEM_ALLOC_HOST_PTR
 cl_long4 test passed. cl_mem_flags src: CL_MEM_COPY_HOST_PTR dst: CL_MEM_ALLOC_HOST_PTR | CL_MEM_COPY_HOST_PTR
 cl_long4 test passed. cl_mem_flags src: CL_MEM_COPY_HOST_PTR dst: CL_MEM_USE_HOST_PTR
 cl_long4 test passed. cl_mem_flags src: CL_MEM_COPY_HOST_PTR dst: CL_MEM_COPY_HOST_PTR
 cl_long4 test passed. cl_mem_flags src: CL_MEM_COPY_HOST_PTR dst: 0
 cl_long4 test passed. cl_mem_flags src: 0 dst: CL_MEM_ALLOC_HOST_PTR
 cl_long4 test passed. cl_mem_flags src: 0 dst: CL_MEM_ALLOC_HOST_PTR | CL_MEM_COPY_HOST_PTR
 cl_long4 test passed. cl_mem_flags src: 0 dst: CL_MEM_USE_HOST_PTR
 cl_long4 test passed. cl_mem_flags src: 0 dst: CL_MEM_COPY_HOST_PTR
 cl_long4 test passed. cl_mem_flags src: 0 dst: 0
 cl_long8 test passed. cl_mem_flags src: CL_MEM_ALLOC_HOST_PTR dst: CL_MEM_ALLOC_HOST_PTR
 cl_long8 test passed. cl_mem_flags src: CL_MEM_ALLOC_HOST_PTR dst: CL_MEM_ALLOC_HOST_PTR | CL_MEM_COPY_HOST_PTR
 cl_long8 test passed. cl_mem_flags src: CL_MEM_ALLOC_HOST_PTR dst: CL_MEM_USE_HOST_PTR
 cl_long8 test passed. cl_mem_flags src: CL_MEM_ALLOC_HOST_PTR dst: CL_MEM_COPY_HOST_PTR
 cl_long8 test passed. cl_mem_flags src: CL_MEM_ALLOC_HOST_PTR dst: 0
 cl_long8 test passed. cl_mem_flags src: CL_MEM_ALLOC_HOST_PTR | CL_MEM_COPY_HOST_PTR dst: CL_MEM_ALLOC_HOST_PTR
 cl_long8 test passed. cl_mem_flags src: CL_MEM_ALLOC_HOST_PTR | CL_MEM_COPY_HOST_PTR dst: CL_MEM_ALLOC_HOST_PTR | CL_MEM_COPY_HOST_PTR
 cl_long8 test passed. cl_mem_flags src: CL_MEM_ALLOC_HOST_PTR | CL_MEM_COPY_HOST_PTR dst: CL_MEM_USE_HOST_PTR
 cl_long8 test passed. cl_mem_flags src: CL_MEM_ALLOC_HOST_PTR | CL_MEM_COPY_HOST_PTR dst: CL_MEM_COPY_HOST_PTR
 cl_long8 test passed. cl_mem_flags src: CL_MEM_ALLOC_HOST_PTR | CL_MEM_COPY_HOST_PTR dst: 0
 cl_long8 test passed. cl_mem_flags src: CL_MEM_USE_HOST_PTR dst: CL_MEM_ALLOC_HOST_PTR
 cl_long8 test passed. cl_mem_flags src: CL_MEM_USE_HOST_PTR dst: CL_MEM_ALLOC_HOST_PTR | CL_MEM_COPY_HOST_PTR
 cl_long8 test passed. cl_mem_flags src: CL_MEM_USE_HOST_PTR dst: CL_MEM_USE_HOST_PTR
 cl_long8 test passed. cl_mem_flags src: CL_MEM_USE_HOST_PTR dst: CL_MEM_COPY_HOST_PTR
 cl_long8 test passed. cl_mem_flags src: CL_MEM_USE_HOST_PTR dst: 0
 cl_long8 test passed. cl_mem_flags src: CL_MEM_COPY_HOST_PTR dst: CL_MEM_ALLOC_HOST_PTR
 cl_long8 test passed. cl_mem_flags src: CL_MEM_COPY_HOST_PTR dst: CL_MEM_ALLOC_HOST_PTR | CL_MEM_COPY_HOST_PTR
 cl_long8 test passed. cl_mem_flags src: CL_MEM_COPY_HOST_PTR dst: CL_MEM_USE_HOST_PTR
 cl_long8 test passed. cl_mem_flags src: CL_MEM_COPY_HOST_PTR dst: CL_MEM_COPY_HOST_PTR
 cl_long8 test passed. cl_mem_flags src: CL_MEM_COPY_HOST_PTR dst: 0
 cl_long8 test passed. cl_mem_flags src: 0 dst: CL_MEM_ALLOC_HOST_PTR
 cl_long8 test passed. cl_mem_flags src: 0 dst: CL_MEM_ALLOC_HOST_PTR | CL_MEM_COPY_HOST_PTR
 cl_long8 test passed. cl_mem_flags src: 0 dst: CL_MEM_USE_HOST_PTR
 cl_long8 test passed. cl_mem_flags src: 0 dst: CL_MEM_COPY_HOST_PTR
 cl_long8 test passed. cl_mem_flags src: 0 dst: 0
 cl_long16 test passed. cl_mem_flags src: CL_MEM_ALLOC_HOST_PTR dst: CL_MEM_ALLOC_HOST_PTR
 cl_long16 test passed. cl_mem_flags src: CL_MEM_ALLOC_HOST_PTR dst: CL_MEM_ALLOC_HOST_PTR | CL_MEM_COPY_HOST_PTR
 cl_long16 test passed. cl_mem_flags src: CL_MEM_ALLOC_HOST_PTR dst: CL_MEM_USE_HOST_PTR
 cl_long16 test passed. cl_mem_flags src: CL_MEM_ALLOC_HOST_PTR dst: CL_MEM_COPY_HOST_PTR
 cl_long16 test passed. cl_mem_flags src: CL_MEM_ALLOC_HOST_PTR dst: 0
 cl_long16 test passed. cl_mem_flags src: CL_MEM_ALLOC_HOST_PTR | CL_MEM_COPY_HOST_PTR dst: CL_MEM_ALLOC_HOST_PTR
 cl_long16 test passed. cl_mem_flags src: CL_MEM_ALLOC_HOST_PTR | CL_MEM_COPY_HOST_PTR dst: CL_MEM_ALLOC_HOST_PTR | CL_MEM_COPY_HOST_PTR
 cl_long16 test passed. cl_mem_flags src: CL_MEM_ALLOC_HOST_PTR | CL_MEM_COPY_HOST_PTR dst: CL_MEM_USE_HOST_PTR
 cl_long16 test passed. cl_mem_flags src: CL_MEM_ALLOC_HOST_PTR | CL_MEM_COPY_HOST_PTR dst: CL_MEM_COPY_HOST_PTR
 cl_long16 test passed. cl_mem_flags src: CL_MEM_ALLOC_HOST_PTR | CL_MEM_COPY_HOST_PTR dst: 0
 cl_long16 test passed. cl_mem_flags src: CL_MEM_USE_HOST_PTR dst: CL_MEM_ALLOC_HOST_PTR
 cl_long16 test passed. cl_mem_flags src: CL_MEM_USE_HOST_PTR dst: CL_MEM_ALLOC_HOST_PTR | CL_MEM_COPY_HOST_PTR
 cl_long16 test passed. cl_mem_flags src: CL_MEM_USE_HOST_PTR dst: CL_MEM_USE_HOST_PTR
 cl_long16 test passed. cl_mem_flags src: CL_MEM_USE_HOST_PTR dst: CL_MEM_COPY_HOST_PTR
 cl_long16 test passed. cl_mem_flags src: CL_MEM_USE_HOST_PTR dst: 0
 cl_long16 test passed. cl_mem_flags src: CL_MEM_COPY_HOST_PTR dst: CL_MEM_ALLOC_HOST_PTR
 cl_long16 test passed. cl_mem_flags src: CL_MEM_COPY_HOST_PTR dst: CL_MEM_ALLOC_HOST_PTR | CL_MEM_COPY_HOST_PTR
 cl_long16 test passed. cl_mem_flags src: CL_MEM_COPY_HOST_PTR dst: CL_MEM_USE_HOST_PTR
 cl_long16 test passed. cl_mem_flags src: CL_MEM_COPY_HOST_PTR dst: CL_MEM_COPY_HOST_PTR
 cl_long16 test passed. cl_mem_flags src: CL_MEM_COPY_HOST_PTR dst: 0
 cl_long16 test passed. cl_mem_flags src: 0 dst: CL_MEM_ALLOC_HOST_PTR
 cl_long16 test passed. cl_mem_flags src: 0 dst: CL_MEM_ALLOC_HOST_PTR | CL_MEM_COPY_HOST_PTR
 cl_long16 test passed. cl_mem_flags src: 0 dst: CL_MEM_USE_HOST_PTR
 cl_long16 test passed. cl_mem_flags src: 0 dst: CL_MEM_COPY_HOST_PTR
 cl_long16 test passed. cl_mem_flags src: 0 dst: 0
buffer_map_write_long passed
buffer_map_write_ulong...
 ulong long1 test passed. cl_mem_flags src: CL_MEM_ALLOC_HOST_PTR dst: CL_MEM_ALLOC_HOST_PTR
 ulong long1 test passed. cl_mem_flags src: CL_MEM_ALLOC_HOST_PTR dst: CL_MEM_ALLOC_HOST_PTR | CL_MEM_COPY_HOST_PTR
 ulong long1 test passed. cl_mem_flags src: CL_MEM_ALLOC_HOST_PTR dst: CL_MEM_USE_HOST_PTR
 ulong long1 test passed. cl_mem_flags src: CL_MEM_ALLOC_HOST_PTR dst: CL_MEM_COPY_HOST_PTR
 ulong long1 test passed. cl_mem_flags src: CL_MEM_ALLOC_HOST_PTR dst: 0
 ulong long1 test passed. cl_mem_flags src: CL_MEM_ALLOC_HOST_PTR | CL_MEM_COPY_HOST_PTR dst: CL_MEM_ALLOC_HOST_PTR
 ulong long1 test passed. cl_mem_flags src: CL_MEM_ALLOC_HOST_PTR | CL_MEM_COPY_HOST_PTR dst: CL_MEM_ALLOC_HOST_PTR | CL_MEM_COPY_HOST_PTR
 ulong long1 test passed. cl_mem_flags src: CL_MEM_ALLOC_HOST_PTR | CL_MEM_COPY_HOST_PTR dst: CL_MEM_USE_HOST_PTR
 ulong long1 test passed. cl_mem_flags src: CL_MEM_ALLOC_HOST_PTR | CL_MEM_COPY_HOST_PTR dst: CL_MEM_COPY_HOST_PTR
 ulong long1 test passed. cl_mem_flags src: CL_MEM_ALLOC_HOST_PTR | CL_MEM_COPY_HOST_PTR dst: 0
 ulong long1 test passed. cl_mem_flags src: CL_MEM_USE_HOST_PTR dst: CL_MEM_ALLOC_HOST_PTR
 ulong long1 test passed. cl_mem_flags src: CL_MEM_USE_HOST_PTR dst: CL_MEM_ALLOC_HOST_PTR | CL_MEM_COPY_HOST_PTR
 ulong long1 test passed. cl_mem_flags src: CL_MEM_USE_HOST_PTR dst: CL_MEM_USE_HOST_PTR
 ulong long1 test passed. cl_mem_flags src: CL_MEM_USE_HOST_PTR dst: CL_MEM_COPY_HOST_PTR
 ulong long1 test passed. cl_mem_flags src: CL_MEM_USE_HOST_PTR dst: 0
 ulong long1 test passed. cl_mem_flags src: CL_MEM_COPY_HOST_PTR dst: CL_MEM_ALLOC_HOST_PTR
 ulong long1 test passed. cl_mem_flags src: CL_MEM_COPY_HOST_PTR dst: CL_MEM_ALLOC_HOST_PTR | CL_MEM_COPY_HOST_PTR
 ulong long1 test passed. cl_mem_flags src: CL_MEM_COPY_HOST_PTR dst: CL_MEM_USE_HOST_PTR
 ulong long1 test passed. cl_mem_flags src: CL_MEM_COPY_HOST_PTR dst: CL_MEM_COPY_HOST_PTR
 ulong long1 test passed. cl_mem_flags src: CL_MEM_COPY_HOST_PTR dst: 0
 ulong long1 test passed. cl_mem_flags src: 0 dst: CL_MEM_ALLOC_HOST_PTR
 ulong long1 test passed. cl_mem_flags src: 0 dst: CL_MEM_ALLOC_HOST_PTR | CL_MEM_COPY_HOST_PTR
 ulong long1 test passed. cl_mem_flags src: 0 dst: CL_MEM_USE_HOST_PTR
 ulong long1 test passed. cl_mem_flags src: 0 dst: CL_MEM_COPY_HOST_PTR
 ulong long1 test passed. cl_mem_flags src: 0 dst: 0
 ulong long2 test passed. cl_mem_flags src: CL_MEM_ALLOC_HOST_PTR dst: CL_MEM_ALLOC_HOST_PTR
 ulong long2 test passed. cl_mem_flags src: CL_MEM_ALLOC_HOST_PTR dst: CL_MEM_ALLOC_HOST_PTR | CL_MEM_COPY_HOST_PTR
 ulong long2 test passed. cl_mem_flags src: CL_MEM_ALLOC_HOST_PTR dst: CL_MEM_USE_HOST_PTR
 ulong long2 test passed. cl_mem_flags src: CL_MEM_ALLOC_HOST_PTR dst: CL_MEM_COPY_HOST_PTR
 ulong long2 test passed. cl_mem_flags src: CL_MEM_ALLOC_HOST_PTR dst: 0
 ulong long2 test passed. cl_mem_flags src: CL_MEM_ALLOC_HOST_PTR | CL_MEM_COPY_HOST_PTR dst: CL_MEM_ALLOC_HOST_PTR
 ulong long2 test passed. cl_mem_flags src: CL_MEM_ALLOC_HOST_PTR | CL_MEM_COPY_HOST_PTR dst: CL_MEM_ALLOC_HOST_PTR | CL_MEM_COPY_HOST_PTR
 ulong long2 test passed. cl_mem_flags src: CL_MEM_ALLOC_HOST_PTR | CL_MEM_COPY_HOST_PTR dst: CL_MEM_USE_HOST_PTR
 ulong long2 test passed. cl_mem_flags src: CL_MEM_ALLOC_HOST_PTR | CL_MEM_COPY_HOST_PTR dst: CL_MEM_COPY_HOST_PTR
 ulong long2 test passed. cl_mem_flags src: CL_MEM_ALLOC_HOST_PTR | CL_MEM_COPY_HOST_PTR dst: 0
 ulong long2 test passed. cl_mem_flags src: CL_MEM_USE_HOST_PTR dst: CL_MEM_ALLOC_HOST_PTR
 ulong long2 test passed. cl_mem_flags src: CL_MEM_USE_HOST_PTR dst: CL_MEM_ALLOC_HOST_PTR | CL_MEM_COPY_HOST_PTR
 ulong long2 test passed. cl_mem_flags src: CL_MEM_USE_HOST_PTR dst: CL_MEM_USE_HOST_PTR
 ulong long2 test passed. cl_mem_flags src: CL_MEM_USE_HOST_PTR dst: CL_MEM_COPY_HOST_PTR
 ulong long2 test passed. cl_mem_flags src: CL_MEM_USE_HOST_PTR dst: 0
 ulong long2 test passed. cl_mem_flags src: CL_MEM_COPY_HOST_PTR dst: CL_MEM_ALLOC_HOST_PTR
 ulong long2 test passed. cl_mem_flags src: CL_MEM_COPY_HOST_PTR dst: CL_MEM_ALLOC_HOST_PTR | CL_MEM_COPY_HOST_PTR
 ulong long2 test passed. cl_mem_flags src: CL_MEM_COPY_HOST_PTR dst: CL_MEM_USE_HOST_PTR
 ulong long2 test passed. cl_mem_flags src: CL_MEM_COPY_HOST_PTR dst: CL_MEM_COPY_HOST_PTR
 ulong long2 test passed. cl_mem_flags src: CL_MEM_COPY_HOST_PTR dst: 0
 ulong long2 test passed. cl_mem_flags src: 0 dst: CL_MEM_ALLOC_HOST_PTR
 ulong long2 test passed. cl_mem_flags src: 0 dst: CL_MEM_ALLOC_HOST_PTR | CL_MEM_COPY_HOST_PTR
 ulong long2 test passed. cl_mem_flags src: 0 dst: CL_MEM_USE_HOST_PTR
 ulong long2 test passed. cl_mem_flags src: 0 dst: CL_MEM_COPY_HOST_PTR
 ulong long2 test passed. cl_mem_flags src: 0 dst: 0
 ulong long4 test passed. cl_mem_flags src: CL_MEM_ALLOC_HOST_PTR dst: CL_MEM_ALLOC_HOST_PTR
 ulong long4 test passed. cl_mem_flags src: CL_MEM_ALLOC_HOST_PTR dst: CL_MEM_ALLOC_HOST_PTR | CL_MEM_COPY_HOST_PTR
 ulong long4 test passed. cl_mem_flags src: CL_MEM_ALLOC_HOST_PTR dst: CL_MEM_USE_HOST_PTR
 ulong long4 test passed. cl_mem_flags src: CL_MEM_ALLOC_HOST_PTR dst: CL_MEM_COPY_HOST_PTR
 ulong long4 test passed. cl_mem_flags src: CL_MEM_ALLOC_HOST_PTR dst: 0
 ulong long4 test passed. cl_mem_flags src: CL_MEM_ALLOC_HOST_PTR | CL_MEM_COPY_HOST_PTR dst: CL_MEM_ALLOC_HOST_PTR
 ulong long4 test passed. cl_mem_flags src: CL_MEM_ALLOC_HOST_PTR | CL_MEM_COPY_HOST_PTR dst: CL_MEM_ALLOC_HOST_PTR | CL_MEM_COPY_HOST_PTR
 ulong long4 test passed. cl_mem_flags src: CL_MEM_ALLOC_HOST_PTR | CL_MEM_COPY_HOST_PTR dst: CL_MEM_USE_HOST_PTR
 ulong long4 test passed. cl_mem_flags src: CL_MEM_ALLOC_HOST_PTR | CL_MEM_COPY_HOST_PTR dst: CL_MEM_COPY_HOST_PTR
 ulong long4 test passed. cl_mem_flags src: CL_MEM_ALLOC_HOST_PTR | CL_MEM_COPY_HOST_PTR dst: 0
 ulong long4 test passed. cl_mem_flags src: CL_MEM_USE_HOST_PTR dst: CL_MEM_ALLOC_HOST_PTR
 ulong long4 test passed. cl_mem_flags src: CL_MEM_USE_HOST_PTR dst: CL_MEM_ALLOC_HOST_PTR | CL_MEM_COPY_HOST_PTR
 ulong long4 test passed. cl_mem_flags src: CL_MEM_USE_HOST_PTR dst: CL_MEM_USE_HOST_PTR
 ulong long4 test passed. cl_mem_flags src: CL_MEM_USE_HOST_PTR dst: CL_MEM_COPY_HOST_PTR
 ulong long4 test passed. cl_mem_flags src: CL_MEM_USE_HOST_PTR dst: 0
 ulong long4 test passed. cl_mem_flags src: CL_MEM_COPY_HOST_PTR dst: CL_MEM_ALLOC_HOST_PTR
 ulong long4 test passed. cl_mem_flags src: CL_MEM_COPY_HOST_PTR dst: CL_MEM_ALLOC_HOST_PTR | CL_MEM_COPY_HOST_PTR
 ulong long4 test passed. cl_mem_flags src: CL_MEM_COPY_HOST_PTR dst: CL_MEM_USE_HOST_PTR
 ulong long4 test passed. cl_mem_flags src: CL_MEM_COPY_HOST_PTR dst: CL_MEM_COPY_HOST_PTR
 ulong long4 test passed. cl_mem_flags src: CL_MEM_COPY_HOST_PTR dst: 0
 ulong long4 test passed. cl_mem_flags src: 0 dst: CL_MEM_ALLOC_HOST_PTR
 ulong long4 test passed. cl_mem_flags src: 0 dst: CL_MEM_ALLOC_HOST_PTR | CL_MEM_COPY_HOST_PTR
 ulong long4 test passed. cl_mem_flags src: 0 dst: CL_MEM_USE_HOST_PTR
 ulong long4 test passed. cl_mem_flags src: 0 dst: CL_MEM_COPY_HOST_PTR
 ulong long4 test passed. cl_mem_flags src: 0 dst: 0
 ulong long8 test passed. cl_mem_flags src: CL_MEM_ALLOC_HOST_PTR dst: CL_MEM_ALLOC_HOST_PTR
 ulong long8 test passed. cl_mem_flags src: CL_MEM_ALLOC_HOST_PTR dst: CL_MEM_ALLOC_HOST_PTR | CL_MEM_COPY_HOST_PTR
 ulong long8 test passed. cl_mem_flags src: CL_MEM_ALLOC_HOST_PTR dst: CL_MEM_USE_HOST_PTR
 ulong long8 test passed. cl_mem_flags src: CL_MEM_ALLOC_HOST_PTR dst: CL_MEM_COPY_HOST_PTR
 ulong long8 test passed. cl_mem_flags src: CL_MEM_ALLOC_HOST_PTR dst: 0
 ulong long8 test passed. cl_mem_flags src: CL_MEM_ALLOC_HOST_PTR | CL_MEM_COPY_HOST_PTR dst: CL_MEM_ALLOC_HOST_PTR
 ulong long8 test passed. cl_mem_flags src: CL_MEM_ALLOC_HOST_PTR | CL_MEM_COPY_HOST_PTR dst: CL_MEM_ALLOC_HOST_PTR | CL_MEM_COPY_HOST_PTR
 ulong long8 test passed. cl_mem_flags src: CL_MEM_ALLOC_HOST_PTR | CL_MEM_COPY_HOST_PTR dst: CL_MEM_USE_HOST_PTR
 ulong long8 test passed. cl_mem_flags src: CL_MEM_ALLOC_HOST_PTR | CL_MEM_COPY_HOST_PTR dst: CL_MEM_COPY_HOST_PTR
 ulong long8 test passed. cl_mem_flags src: CL_MEM_ALLOC_HOST_PTR | CL_MEM_COPY_HOST_PTR dst: 0
 ulong long8 test passed. cl_mem_flags src: CL_MEM_USE_HOST_PTR dst: CL_MEM_ALLOC_HOST_PTR
 ulong long8 test passed. cl_mem_flags src: CL_MEM_USE_HOST_PTR dst: CL_MEM_ALLOC_HOST_PTR | CL_MEM_COPY_HOST_PTR
 ulong long8 test passed. cl_mem_flags src: CL_MEM_USE_HOST_PTR dst: CL_MEM_USE_HOST_PTR
 ulong long8 test passed. cl_mem_flags src: CL_MEM_USE_HOST_PTR dst: CL_MEM_COPY_HOST_PTR
 ulong long8 test passed. cl_mem_flags src: CL_MEM_USE_HOST_PTR dst: 0
 ulong long8 test passed. cl_mem_flags src: CL_MEM_COPY_HOST_PTR dst: CL_MEM_ALLOC_HOST_PTR
 ulong long8 test passed. cl_mem_flags src: CL_MEM_COPY_HOST_PTR dst: CL_MEM_ALLOC_HOST_PTR | CL_MEM_COPY_HOST_PTR
 ulong long8 test passed. cl_mem_flags src: CL_MEM_COPY_HOST_PTR dst: CL_MEM_USE_HOST_PTR
 ulong long8 test passed. cl_mem_flags src: CL_MEM_COPY_HOST_PTR dst: CL_MEM_COPY_HOST_PTR
 ulong long8 test passed. cl_mem_flags src: CL_MEM_COPY_HOST_PTR dst: 0
 ulong long8 test passed. cl_mem_flags src: 0 dst: CL_MEM_ALLOC_HOST_PTR
 ulong long8 test passed. cl_mem_flags src: 0 dst: CL_MEM_ALLOC_HOST_PTR | CL_MEM_COPY_HOST_PTR
 ulong long8 test passed. cl_mem_flags src: 0 dst: CL_MEM_USE_HOST_PTR
 ulong long8 test passed. cl_mem_flags src: 0 dst: CL_MEM_COPY_HOST_PTR
 ulong long8 test passed. cl_mem_flags src: 0 dst: 0
 ulong long16 test passed. cl_mem_flags src: CL_MEM_ALLOC_HOST_PTR dst: CL_MEM_ALLOC_HOST_PTR
 ulong long16 test passed. cl_mem_flags src: CL_MEM_ALLOC_HOST_PTR dst: CL_MEM_ALLOC_HOST_PTR | CL_MEM_COPY_HOST_PTR
 ulong long16 test passed. cl_mem_flags src: CL_MEM_ALLOC_HOST_PTR dst: CL_MEM_USE_HOST_PTR
 ulong long16 test passed. cl_mem_flags src: CL_MEM_ALLOC_HOST_PTR dst: CL_MEM_COPY_HOST_PTR
 ulong long16 test passed. cl_mem_flags src: CL_MEM_ALLOC_HOST_PTR dst: 0
 ulong long16 test passed. cl_mem_flags src: CL_MEM_ALLOC_HOST_PTR | CL_MEM_COPY_HOST_PTR dst: CL_MEM_ALLOC_HOST_PTR
 ulong long16 test passed. cl_mem_flags src: CL_MEM_ALLOC_HOST_PTR | CL_MEM_COPY_HOST_PTR dst: CL_MEM_ALLOC_HOST_PTR | CL_MEM_COPY_HOST_PTR
 ulong long16 test passed. cl_mem_flags src: CL_MEM_ALLOC_HOST_PTR | CL_MEM_COPY_HOST_PTR dst: CL_MEM_USE_HOST_PTR
 ulong long16 test passed. cl_mem_flags src: CL_MEM_ALLOC_HOST_PTR | CL_MEM_COPY_HOST_PTR dst: CL_MEM_COPY_HOST_PTR
 ulong long16 test passed. cl_mem_flags src: CL_MEM_ALLOC_HOST_PTR | CL_MEM_COPY_HOST_PTR dst: 0
 ulong long16 test passed. cl_mem_flags src: CL_MEM_USE_HOST_PTR dst: CL_MEM_ALLOC_HOST_PTR
 ulong long16 test passed. cl_mem_flags src: CL_MEM_USE_HOST_PTR dst: CL_MEM_ALLOC_HOST_PTR | CL_MEM_COPY_HOST_PTR
 ulong long16 test passed. cl_mem_flags src: CL_MEM_USE_HOST_PTR dst: CL_MEM_USE_HOST_PTR
 ulong long16 test passed. cl_mem_flags src: CL_MEM_USE_HOST_PTR dst: CL_MEM_COPY_HOST_PTR
 ulong long16 test passed. cl_mem_flags src: CL_MEM_USE_HOST_PTR dst: 0
 ulong long16 test passed. cl_mem_flags src: CL_MEM_COPY_HOST_PTR dst: CL_MEM_ALLOC_HOST_PTR
 ulong long16 test passed. cl_mem_flags src: CL_MEM_COPY_HOST_PTR dst: CL_MEM_ALLOC_HOST_PTR | CL_MEM_COPY_HOST_PTR
 ulong long16 test passed. cl_mem_flags src: CL_MEM_COPY_HOST_PTR dst: CL_MEM_USE_HOST_PTR
 ulong long16 test passed. cl_mem_flags src: CL_MEM_COPY_HOST_PTR dst: CL_MEM_COPY_HOST_PTR
 ulong long16 test passed. cl_mem_flags src: CL_MEM_COPY_HOST_PTR dst: 0
 ulong long16 test passed. cl_mem_flags src: 0 dst: CL_MEM_ALLOC_HOST_PTR
 ulong long16 test passed. cl_mem_flags src: 0 dst: CL_MEM_ALLOC_HOST_PTR | CL_MEM_COPY_HOST_PTR
 ulong long16 test passed. cl_mem_flags src: 0 dst: CL_MEM_USE_HOST_PTR
 ulong long16 test passed. cl_mem_flags src: 0 dst: CL_MEM_COPY_HOST_PTR
 ulong long16 test passed. cl_mem_flags src: 0 dst: 0
buffer_map_write_ulong passed
buffer_map_write_short...
 short1 test passed. cl_mem_flags src: CL_MEM_ALLOC_HOST_PTR dst: CL_MEM_ALLOC_HOST_PTR
 short1 test passed. cl_mem_flags src: CL_MEM_ALLOC_HOST_PTR dst: CL_MEM_ALLOC_HOST_PTR | CL_MEM_COPY_HOST_PTR
 short1 test passed. cl_mem_flags src: CL_MEM_ALLOC_HOST_PTR dst: CL_MEM_USE_HOST_PTR
 short1 test passed. cl_mem_flags src: CL_MEM_ALLOC_HOST_PTR dst: CL_MEM_COPY_HOST_PTR
 short1 test passed. cl_mem_flags src: CL_MEM_ALLOC_HOST_PTR dst: 0
 short1 test passed. cl_mem_flags src: CL_MEM_ALLOC_HOST_PTR | CL_MEM_COPY_HOST_PTR dst: CL_MEM_ALLOC_HOST_PTR
 short1 test passed. cl_mem_flags src: CL_MEM_ALLOC_HOST_PTR | CL_MEM_COPY_HOST_PTR dst: CL_MEM_ALLOC_HOST_PTR | CL_MEM_COPY_HOST_PTR
 short1 test passed. cl_mem_flags src: CL_MEM_ALLOC_HOST_PTR | CL_MEM_COPY_HOST_PTR dst: CL_MEM_USE_HOST_PTR
 short1 test passed. cl_mem_flags src: CL_MEM_ALLOC_HOST_PTR | CL_MEM_COPY_HOST_PTR dst: CL_MEM_COPY_HOST_PTR
 short1 test passed. cl_mem_flags src: CL_MEM_ALLOC_HOST_PTR | CL_MEM_COPY_HOST_PTR dst: 0
 short1 test passed. cl_mem_flags src: CL_MEM_USE_HOST_PTR dst: CL_MEM_ALLOC_HOST_PTR
 short1 test passed. cl_mem_flags src: CL_MEM_USE_HOST_PTR dst: CL_MEM_ALLOC_HOST_PTR | CL_MEM_COPY_HOST_PTR
 short1 test passed. cl_mem_flags src: CL_MEM_USE_HOST_PTR dst: CL_MEM_USE_HOST_PTR
 short1 test passed. cl_mem_flags src: CL_MEM_USE_HOST_PTR dst: CL_MEM_COPY_HOST_PTR
 short1 test passed. cl_mem_flags src: CL_MEM_USE_HOST_PTR dst: 0
 short1 test passed. cl_mem_flags src: CL_MEM_COPY_HOST_PTR dst: CL_MEM_ALLOC_HOST_PTR
 short1 test passed. cl_mem_flags src: CL_MEM_COPY_HOST_PTR dst: CL_MEM_ALLOC_HOST_PTR | CL_MEM_COPY_HOST_PTR
 short1 test passed. cl_mem_flags src: CL_MEM_COPY_HOST_PTR dst: CL_MEM_USE_HOST_PTR
 short1 test passed. cl_mem_flags src: CL_MEM_COPY_HOST_PTR dst: CL_MEM_COPY_HOST_PTR
 short1 test passed. cl_mem_flags src: CL_MEM_COPY_HOST_PTR dst: 0
 short1 test passed. cl_mem_flags src: 0 dst: CL_MEM_ALLOC_HOST_PTR
 short1 test passed. cl_mem_flags src: 0 dst: CL_MEM_ALLOC_HOST_PTR | CL_MEM_COPY_HOST_PTR
 short1 test passed. cl_mem_flags src: 0 dst: CL_MEM_USE_HOST_PTR
 short1 test passed. cl_mem_flags src: 0 dst: CL_MEM_COPY_HOST_PTR
 short1 test passed. cl_mem_flags src: 0 dst: 0
 short2 test passed. cl_mem_flags src: CL_MEM_ALLOC_HOST_PTR dst: CL_MEM_ALLOC_HOST_PTR
 short2 test passed. cl_mem_flags src: CL_MEM_ALLOC_HOST_PTR dst: CL_MEM_ALLOC_HOST_PTR | CL_MEM_COPY_HOST_PTR
 short2 test passed. cl_mem_flags src: CL_MEM_ALLOC_HOST_PTR dst: CL_MEM_USE_HOST_PTR
 short2 test passed. cl_mem_flags src: CL_MEM_ALLOC_HOST_PTR dst: CL_MEM_COPY_HOST_PTR
 short2 test passed. cl_mem_flags src: CL_MEM_ALLOC_HOST_PTR dst: 0
 short2 test passed. cl_mem_flags src: CL_MEM_ALLOC_HOST_PTR | CL_MEM_COPY_HOST_PTR dst: CL_MEM_ALLOC_HOST_PTR
 short2 test passed. cl_mem_flags src: CL_MEM_ALLOC_HOST_PTR | CL_MEM_COPY_HOST_PTR dst: CL_MEM_ALLOC_HOST_PTR | CL_MEM_COPY_HOST_PTR
 short2 test passed. cl_mem_flags src: CL_MEM_ALLOC_HOST_PTR | CL_MEM_COPY_HOST_PTR dst: CL_MEM_USE_HOST_PTR
 short2 test passed. cl_mem_flags src: CL_MEM_ALLOC_HOST_PTR | CL_MEM_COPY_HOST_PTR dst: CL_MEM_COPY_HOST_PTR
 short2 test passed. cl_mem_flags src: CL_MEM_ALLOC_HOST_PTR | CL_MEM_COPY_HOST_PTR dst: 0
 short2 test passed. cl_mem_flags src: CL_MEM_USE_HOST_PTR dst: CL_MEM_ALLOC_HOST_PTR
 short2 test passed. cl_mem_flags src: CL_MEM_USE_HOST_PTR dst: CL_MEM_ALLOC_HOST_PTR | CL_MEM_COPY_HOST_PTR
 short2 test passed. cl_mem_flags src: CL_MEM_USE_HOST_PTR dst: CL_MEM_USE_HOST_PTR
 short2 test passed. cl_mem_flags src: CL_MEM_USE_HOST_PTR dst: CL_MEM_COPY_HOST_PTR
 short2 test passed. cl_mem_flags src: CL_MEM_USE_HOST_PTR dst: 0
 short2 test passed. cl_mem_flags src: CL_MEM_COPY_HOST_PTR dst: CL_MEM_ALLOC_HOST_PTR
 short2 test passed. cl_mem_flags src: CL_MEM_COPY_HOST_PTR dst: CL_MEM_ALLOC_HOST_PTR | CL_MEM_COPY_HOST_PTR
 short2 test passed. cl_mem_flags src: CL_MEM_COPY_HOST_PTR dst: CL_MEM_USE_HOST_PTR
 short2 test passed. cl_mem_flags src: CL_MEM_COPY_HOST_PTR dst: CL_MEM_COPY_HOST_PTR
 short2 test passed. cl_mem_flags src: CL_MEM_COPY_HOST_PTR dst: 0
 short2 test passed. cl_mem_flags src: 0 dst: CL_MEM_ALLOC_HOST_PTR
 short2 test passed. cl_mem_flags src: 0 dst: CL_MEM_ALLOC_HOST_PTR | CL_MEM_COPY_HOST_PTR
 short2 test passed. cl_mem_flags src: 0 dst: CL_MEM_USE_HOST_PTR
 short2 test passed. cl_mem_flags src: 0 dst: CL_MEM_COPY_HOST_PTR
 short2 test passed. cl_mem_flags src: 0 dst: 0
 short4 test passed. cl_mem_flags src: CL_MEM_ALLOC_HOST_PTR dst: CL_MEM_ALLOC_HOST_PTR
 short4 test passed. cl_mem_flags src: CL_MEM_ALLOC_HOST_PTR dst: CL_MEM_ALLOC_HOST_PTR | CL_MEM_COPY_HOST_PTR
 short4 test passed. cl_mem_flags src: CL_MEM_ALLOC_HOST_PTR dst: CL_MEM_USE_HOST_PTR
 short4 test passed. cl_mem_flags src: CL_MEM_ALLOC_HOST_PTR dst: CL_MEM_COPY_HOST_PTR
 short4 test passed. cl_mem_flags src: CL_MEM_ALLOC_HOST_PTR dst: 0
 short4 test passed. cl_mem_flags src: CL_MEM_ALLOC_HOST_PTR | CL_MEM_COPY_HOST_PTR dst: CL_MEM_ALLOC_HOST_PTR
 short4 test passed. cl_mem_flags src: CL_MEM_ALLOC_HOST_PTR | CL_MEM_COPY_HOST_PTR dst: CL_MEM_ALLOC_HOST_PTR | CL_MEM_COPY_HOST_PTR
 short4 test passed. cl_mem_flags src: CL_MEM_ALLOC_HOST_PTR | CL_MEM_COPY_HOST_PTR dst: CL_MEM_USE_HOST_PTR
 short4 test passed. cl_mem_flags src: CL_MEM_ALLOC_HOST_PTR | CL_MEM_COPY_HOST_PTR dst: CL_MEM_COPY_HOST_PTR
 short4 test passed. cl_mem_flags src: CL_MEM_ALLOC_HOST_PTR | CL_MEM_COPY_HOST_PTR dst: 0
 short4 test passed. cl_mem_flags src: CL_MEM_USE_HOST_PTR dst: CL_MEM_ALLOC_HOST_PTR
 short4 test passed. cl_mem_flags src: CL_MEM_USE_HOST_PTR dst: CL_MEM_ALLOC_HOST_PTR | CL_MEM_COPY_HOST_PTR
 short4 test passed. cl_mem_flags src: CL_MEM_USE_HOST_PTR dst: CL_MEM_USE_HOST_PTR
 short4 test passed. cl_mem_flags src: CL_MEM_USE_HOST_PTR dst: CL_MEM_COPY_HOST_PTR
 short4 test passed. cl_mem_flags src: CL_MEM_USE_HOST_PTR dst: 0
 short4 test passed. cl_mem_flags src: CL_MEM_COPY_HOST_PTR dst: CL_MEM_ALLOC_HOST_PTR
 short4 test passed. cl_mem_flags src: CL_MEM_COPY_HOST_PTR dst: CL_MEM_ALLOC_HOST_PTR | CL_MEM_COPY_HOST_PTR
 short4 test passed. cl_mem_flags src: CL_MEM_COPY_HOST_PTR dst: CL_MEM_USE_HOST_PTR
 short4 test passed. cl_mem_flags src: CL_MEM_COPY_HOST_PTR dst: CL_MEM_COPY_HOST_PTR
 short4 test passed. cl_mem_flags src: CL_MEM_COPY_HOST_PTR dst: 0
 short4 test passed. cl_mem_flags src: 0 dst: CL_MEM_ALLOC_HOST_PTR
 short4 test passed. cl_mem_flags src: 0 dst: CL_MEM_ALLOC_HOST_PTR | CL_MEM_COPY_HOST_PTR
 short4 test passed. cl_mem_flags src: 0 dst: CL_MEM_USE_HOST_PTR
 short4 test passed. cl_mem_flags src: 0 dst: CL_MEM_COPY_HOST_PTR
 short4 test passed. cl_mem_flags src: 0 dst: 0
 short8 test passed. cl_mem_flags src: CL_MEM_ALLOC_HOST_PTR dst: CL_MEM_ALLOC_HOST_PTR
 short8 test passed. cl_mem_flags src: CL_MEM_ALLOC_HOST_PTR dst: CL_MEM_ALLOC_HOST_PTR | CL_MEM_COPY_HOST_PTR
 short8 test passed. cl_mem_flags src: CL_MEM_ALLOC_HOST_PTR dst: CL_MEM_USE_HOST_PTR
 short8 test passed. cl_mem_flags src: CL_MEM_ALLOC_HOST_PTR dst: CL_MEM_COPY_HOST_PTR
 short8 test passed. cl_mem_flags src: CL_MEM_ALLOC_HOST_PTR dst: 0
 short8 test passed. cl_mem_flags src: CL_MEM_ALLOC_HOST_PTR | CL_MEM_COPY_HOST_PTR dst: CL_MEM_ALLOC_HOST_PTR
 short8 test passed. cl_mem_flags src: CL_MEM_ALLOC_HOST_PTR | CL_MEM_COPY_HOST_PTR dst: CL_MEM_ALLOC_HOST_PTR | CL_MEM_COPY_HOST_PTR
 short8 test passed. cl_mem_flags src: CL_MEM_ALLOC_HOST_PTR | CL_MEM_COPY_HOST_PTR dst: CL_MEM_USE_HOST_PTR
 short8 test passed. cl_mem_flags src: CL_MEM_ALLOC_HOST_PTR | CL_MEM_COPY_HOST_PTR dst: CL_MEM_COPY_HOST_PTR
 short8 test passed. cl_mem_flags src: CL_MEM_ALLOC_HOST_PTR | CL_MEM_COPY_HOST_PTR dst: 0
 short8 test passed. cl_mem_flags src: CL_MEM_USE_HOST_PTR dst: CL_MEM_ALLOC_HOST_PTR
 short8 test passed. cl_mem_flags src: CL_MEM_USE_HOST_PTR dst: CL_MEM_ALLOC_HOST_PTR | CL_MEM_COPY_HOST_PTR
 short8 test passed. cl_mem_flags src: CL_MEM_USE_HOST_PTR dst: CL_MEM_USE_HOST_PTR
 short8 test passed. cl_mem_flags src: CL_MEM_USE_HOST_PTR dst: CL_MEM_COPY_HOST_PTR
 short8 test passed. cl_mem_flags src: CL_MEM_USE_HOST_PTR dst: 0
 short8 test passed. cl_mem_flags src: CL_MEM_COPY_HOST_PTR dst: CL_MEM_ALLOC_HOST_PTR
 short8 test passed. cl_mem_flags src: CL_MEM_COPY_HOST_PTR dst: CL_MEM_ALLOC_HOST_PTR | CL_MEM_COPY_HOST_PTR
 short8 test passed. cl_mem_flags src: CL_MEM_COPY_HOST_PTR dst: CL_MEM_USE_HOST_PTR
 short8 test passed. cl_mem_flags src: CL_MEM_COPY_HOST_PTR dst: CL_MEM_COPY_HOST_PTR
 short8 test passed. cl_mem_flags src: CL_MEM_COPY_HOST_PTR dst: 0
 short8 test passed. cl_mem_flags src: 0 dst: CL_MEM_ALLOC_HOST_PTR
 short8 test passed. cl_mem_flags src: 0 dst: CL_MEM_ALLOC_HOST_PTR | CL_MEM_COPY_HOST_PTR
 short8 test passed. cl_mem_flags src: 0 dst: CL_MEM_USE_HOST_PTR
 short8 test passed. cl_mem_flags src: 0 dst: CL_MEM_COPY_HOST_PTR
 short8 test passed. cl_mem_flags src: 0 dst: 0
 short16 test passed. cl_mem_flags src: CL_MEM_ALLOC_HOST_PTR dst: CL_MEM_ALLOC_HOST_PTR
 short16 test passed. cl_mem_flags src: CL_MEM_ALLOC_HOST_PTR dst: CL_MEM_ALLOC_HOST_PTR | CL_MEM_COPY_HOST_PTR
 short16 test passed. cl_mem_flags src: CL_MEM_ALLOC_HOST_PTR dst: CL_MEM_USE_HOST_PTR
 short16 test passed. cl_mem_flags src: CL_MEM_ALLOC_HOST_PTR dst: CL_MEM_COPY_HOST_PTR
 short16 test passed. cl_mem_flags src: CL_MEM_ALLOC_HOST_PTR dst: 0
 short16 test passed. cl_mem_flags src: CL_MEM_ALLOC_HOST_PTR | CL_MEM_COPY_HOST_PTR dst: CL_MEM_ALLOC_HOST_PTR
 short16 test passed. cl_mem_flags src: CL_MEM_ALLOC_HOST_PTR | CL_MEM_COPY_HOST_PTR dst: CL_MEM_ALLOC_HOST_PTR | CL_MEM_COPY_HOST_PTR
 short16 test passed. cl_mem_flags src: CL_MEM_ALLOC_HOST_PTR | CL_MEM_COPY_HOST_PTR dst: CL_MEM_USE_HOST_PTR
 short16 test passed. cl_mem_flags src: CL_MEM_ALLOC_HOST_PTR | CL_MEM_COPY_HOST_PTR dst: CL_MEM_COPY_HOST_PTR
 short16 test passed. cl_mem_flags src: CL_MEM_ALLOC_HOST_PTR | CL_MEM_COPY_HOST_PTR dst: 0
 short16 test passed. cl_mem_flags src: CL_MEM_USE_HOST_PTR dst: CL_MEM_ALLOC_HOST_PTR
 short16 test passed. cl_mem_flags src: CL_MEM_USE_HOST_PTR dst: CL_MEM_ALLOC_HOST_PTR | CL_MEM_COPY_HOST_PTR
 short16 test passed. cl_mem_flags src: CL_MEM_USE_HOST_PTR dst: CL_MEM_USE_HOST_PTR
 short16 test passed. cl_mem_flags src: CL_MEM_USE_HOST_PTR dst: CL_MEM_COPY_HOST_PTR
 short16 test passed. cl_mem_flags src: CL_MEM_USE_HOST_PTR dst: 0
 short16 test passed. cl_mem_flags src: CL_MEM_COPY_HOST_PTR dst: CL_MEM_ALLOC_HOST_PTR
 short16 test passed. cl_mem_flags src: CL_MEM_COPY_HOST_PTR dst: CL_MEM_ALLOC_HOST_PTR | CL_MEM_COPY_HOST_PTR
 short16 test passed. cl_mem_flags src: CL_MEM_COPY_HOST_PTR dst: CL_MEM_USE_HOST_PTR
 short16 test passed. cl_mem_flags src: CL_MEM_COPY_HOST_PTR dst: CL_MEM_COPY_HOST_PTR
 short16 test passed. cl_mem_flags src: CL_MEM_COPY_HOST_PTR dst: 0
 short16 test passed. cl_mem_flags src: 0 dst: CL_MEM_ALLOC_HOST_PTR
 short16 test passed. cl_mem_flags src: 0 dst: CL_MEM_ALLOC_HOST_PTR | CL_MEM_COPY_HOST_PTR
 short16 test passed. cl_mem_flags src: 0 dst: CL_MEM_USE_HOST_PTR
 short16 test passed. cl_mem_flags src: 0 dst: CL_MEM_COPY_HOST_PTR
 short16 test passed. cl_mem_flags src: 0 dst: 0
buffer_map_write_short passed
buffer_map_write_ushort...
 ushort1 test passed. cl_mem_flags src: CL_MEM_ALLOC_HOST_PTR dst: CL_MEM_ALLOC_HOST_PTR
 ushort1 test passed. cl_mem_flags src: CL_MEM_ALLOC_HOST_PTR dst: CL_MEM_ALLOC_HOST_PTR | CL_MEM_COPY_HOST_PTR
 ushort1 test passed. cl_mem_flags src: CL_MEM_ALLOC_HOST_PTR dst: CL_MEM_USE_HOST_PTR
 ushort1 test passed. cl_mem_flags src: CL_MEM_ALLOC_HOST_PTR dst: CL_MEM_COPY_HOST_PTR
 ushort1 test passed. cl_mem_flags src: CL_MEM_ALLOC_HOST_PTR dst: 0
 ushort1 test passed. cl_mem_flags src: CL_MEM_ALLOC_HOST_PTR | CL_MEM_COPY_HOST_PTR dst: CL_MEM_ALLOC_HOST_PTR
 ushort1 test passed. cl_mem_flags src: CL_MEM_ALLOC_HOST_PTR | CL_MEM_COPY_HOST_PTR dst: CL_MEM_ALLOC_HOST_PTR | CL_MEM_COPY_HOST_PTR
 ushort1 test passed. cl_mem_flags src: CL_MEM_ALLOC_HOST_PTR | CL_MEM_COPY_HOST_PTR dst: CL_MEM_USE_HOST_PTR
 ushort1 test passed. cl_mem_flags src: CL_MEM_ALLOC_HOST_PTR | CL_MEM_COPY_HOST_PTR dst: CL_MEM_COPY_HOST_PTR
 ushort1 test passed. cl_mem_flags src: CL_MEM_ALLOC_HOST_PTR | CL_MEM_COPY_HOST_PTR dst: 0
 ushort1 test passed. cl_mem_flags src: CL_MEM_USE_HOST_PTR dst: CL_MEM_ALLOC_HOST_PTR
 ushort1 test passed. cl_mem_flags src: CL_MEM_USE_HOST_PTR dst: CL_MEM_ALLOC_HOST_PTR | CL_MEM_COPY_HOST_PTR
 ushort1 test passed. cl_mem_flags src: CL_MEM_USE_HOST_PTR dst: CL_MEM_USE_HOST_PTR
 ushort1 test passed. cl_mem_flags src: CL_MEM_USE_HOST_PTR dst: CL_MEM_COPY_HOST_PTR
 ushort1 test passed. cl_mem_flags src: CL_MEM_USE_HOST_PTR dst: 0
 ushort1 test passed. cl_mem_flags src: CL_MEM_COPY_HOST_PTR dst: CL_MEM_ALLOC_HOST_PTR
 ushort1 test passed. cl_mem_flags src: CL_MEM_COPY_HOST_PTR dst: CL_MEM_ALLOC_HOST_PTR | CL_MEM_COPY_HOST_PTR
 ushort1 test passed. cl_mem_flags src: CL_MEM_COPY_HOST_PTR dst: CL_MEM_USE_HOST_PTR
 ushort1 test passed. cl_mem_flags src: CL_MEM_COPY_HOST_PTR dst: CL_MEM_COPY_HOST_PTR
 ushort1 test passed. cl_mem_flags src: CL_MEM_COPY_HOST_PTR dst: 0
 ushort1 test passed. cl_mem_flags src: 0 dst: CL_MEM_ALLOC_HOST_PTR
 ushort1 test passed. cl_mem_flags src: 0 dst: CL_MEM_ALLOC_HOST_PTR | CL_MEM_COPY_HOST_PTR
 ushort1 test passed. cl_mem_flags src: 0 dst: CL_MEM_USE_HOST_PTR
 ushort1 test passed. cl_mem_flags src: 0 dst: CL_MEM_COPY_HOST_PTR
 ushort1 test passed. cl_mem_flags src: 0 dst: 0
 ushort2 test passed. cl_mem_flags src: CL_MEM_ALLOC_HOST_PTR dst: CL_MEM_ALLOC_HOST_PTR
 ushort2 test passed. cl_mem_flags src: CL_MEM_ALLOC_HOST_PTR dst: CL_MEM_ALLOC_HOST_PTR | CL_MEM_COPY_HOST_PTR
 ushort2 test passed. cl_mem_flags src: CL_MEM_ALLOC_HOST_PTR dst: CL_MEM_USE_HOST_PTR
 ushort2 test passed. cl_mem_flags src: CL_MEM_ALLOC_HOST_PTR dst: CL_MEM_COPY_HOST_PTR
 ushort2 test passed. cl_mem_flags src: CL_MEM_ALLOC_HOST_PTR dst: 0
 ushort2 test passed. cl_mem_flags src: CL_MEM_ALLOC_HOST_PTR | CL_MEM_COPY_HOST_PTR dst: CL_MEM_ALLOC_HOST_PTR
 ushort2 test passed. cl_mem_flags src: CL_MEM_ALLOC_HOST_PTR | CL_MEM_COPY_HOST_PTR dst: CL_MEM_ALLOC_HOST_PTR | CL_MEM_COPY_HOST_PTR
 ushort2 test passed. cl_mem_flags src: CL_MEM_ALLOC_HOST_PTR | CL_MEM_COPY_HOST_PTR dst: CL_MEM_USE_HOST_PTR
 ushort2 test passed. cl_mem_flags src: CL_MEM_ALLOC_HOST_PTR | CL_MEM_COPY_HOST_PTR dst: CL_MEM_COPY_HOST_PTR
 ushort2 test passed. cl_mem_flags src: CL_MEM_ALLOC_HOST_PTR | CL_MEM_COPY_HOST_PTR dst: 0
 ushort2 test passed. cl_mem_flags src: CL_MEM_USE_HOST_PTR dst: CL_MEM_ALLOC_HOST_PTR
 ushort2 test passed. cl_mem_flags src: CL_MEM_USE_HOST_PTR dst: CL_MEM_ALLOC_HOST_PTR | CL_MEM_COPY_HOST_PTR
 ushort2 test passed. cl_mem_flags src: CL_MEM_USE_HOST_PTR dst: CL_MEM_USE_HOST_PTR
 ushort2 test passed. cl_mem_flags src: CL_MEM_USE_HOST_PTR dst: CL_MEM_COPY_HOST_PTR
 ushort2 test passed. cl_mem_flags src: CL_MEM_USE_HOST_PTR dst: 0
 ushort2 test passed. cl_mem_flags src: CL_MEM_COPY_HOST_PTR dst: CL_MEM_ALLOC_HOST_PTR
 ushort2 test passed. cl_mem_flags src: CL_MEM_COPY_HOST_PTR dst: CL_MEM_ALLOC_HOST_PTR | CL_MEM_COPY_HOST_PTR
 ushort2 test passed. cl_mem_flags src: CL_MEM_COPY_HOST_PTR dst: CL_MEM_USE_HOST_PTR
 ushort2 test passed. cl_mem_flags src: CL_MEM_COPY_HOST_PTR dst: CL_MEM_COPY_HOST_PTR
 ushort2 test passed. cl_mem_flags src: CL_MEM_COPY_HOST_PTR dst: 0
 ushort2 test passed. cl_mem_flags src: 0 dst: CL_MEM_ALLOC_HOST_PTR
 ushort2 test passed. cl_mem_flags src: 0 dst: CL_MEM_ALLOC_HOST_PTR | CL_MEM_COPY_HOST_PTR
 ushort2 test passed. cl_mem_flags src: 0 dst: CL_MEM_USE_HOST_PTR
 ushort2 test passed. cl_mem_flags src: 0 dst: CL_MEM_COPY_HOST_PTR
 ushort2 test passed. cl_mem_flags src: 0 dst: 0
 ushort4 test passed. cl_mem_flags src: CL_MEM_ALLOC_HOST_PTR dst: CL_MEM_ALLOC_HOST_PTR
 ushort4 test passed. cl_mem_flags src: CL_MEM_ALLOC_HOST_PTR dst: CL_MEM_ALLOC_HOST_PTR | CL_MEM_COPY_HOST_PTR
 ushort4 test passed. cl_mem_flags src: CL_MEM_ALLOC_HOST_PTR dst: CL_MEM_USE_HOST_PTR
 ushort4 test passed. cl_mem_flags src: CL_MEM_ALLOC_HOST_PTR dst: CL_MEM_COPY_HOST_PTR
 ushort4 test passed. cl_mem_flags src: CL_MEM_ALLOC_HOST_PTR dst: 0
 ushort4 test passed. cl_mem_flags src: CL_MEM_ALLOC_HOST_PTR | CL_MEM_COPY_HOST_PTR dst: CL_MEM_ALLOC_HOST_PTR
 ushort4 test passed. cl_mem_flags src: CL_MEM_ALLOC_HOST_PTR | CL_MEM_COPY_HOST_PTR dst: CL_MEM_ALLOC_HOST_PTR | CL_MEM_COPY_HOST_PTR
 ushort4 test passed. cl_mem_flags src: CL_MEM_ALLOC_HOST_PTR | CL_MEM_COPY_HOST_PTR dst: CL_MEM_USE_HOST_PTR
 ushort4 test passed. cl_mem_flags src: CL_MEM_ALLOC_HOST_PTR | CL_MEM_COPY_HOST_PTR dst: CL_MEM_COPY_HOST_PTR
 ushort4 test passed. cl_mem_flags src: CL_MEM_ALLOC_HOST_PTR | CL_MEM_COPY_HOST_PTR dst: 0
 ushort4 test passed. cl_mem_flags src: CL_MEM_USE_HOST_PTR dst: CL_MEM_ALLOC_HOST_PTR
 ushort4 test passed. cl_mem_flags src: CL_MEM_USE_HOST_PTR dst: CL_MEM_ALLOC_HOST_PTR | CL_MEM_COPY_HOST_PTR
 ushort4 test passed. cl_mem_flags src: CL_MEM_USE_HOST_PTR dst: CL_MEM_USE_HOST_PTR
 ushort4 test passed. cl_mem_flags src: CL_MEM_USE_HOST_PTR dst: CL_MEM_COPY_HOST_PTR
 ushort4 test passed. cl_mem_flags src: CL_MEM_USE_HOST_PTR dst: 0
 ushort4 test passed. cl_mem_flags src: CL_MEM_COPY_HOST_PTR dst: CL_MEM_ALLOC_HOST_PTR
 ushort4 test passed. cl_mem_flags src: CL_MEM_COPY_HOST_PTR dst: CL_MEM_ALLOC_HOST_PTR | CL_MEM_COPY_HOST_PTR
 ushort4 test passed. cl_mem_flags src: CL_MEM_COPY_HOST_PTR dst: CL_MEM_USE_HOST_PTR
 ushort4 test passed. cl_mem_flags src: CL_MEM_COPY_HOST_PTR dst: CL_MEM_COPY_HOST_PTR
 ushort4 test passed. cl_mem_flags src: CL_MEM_COPY_HOST_PTR dst: 0
 ushort4 test passed. cl_mem_flags src: 0 dst: CL_MEM_ALLOC_HOST_PTR
 ushort4 test passed. cl_mem_flags src: 0 dst: CL_MEM_ALLOC_HOST_PTR | CL_MEM_COPY_HOST_PTR
 ushort4 test passed. cl_mem_flags src: 0 dst: CL_MEM_USE_HOST_PTR
 ushort4 test passed. cl_mem_flags src: 0 dst: CL_MEM_COPY_HOST_PTR
 ushort4 test passed. cl_mem_flags src: 0 dst: 0
 ushort8 test passed. cl_mem_flags src: CL_MEM_ALLOC_HOST_PTR dst: CL_MEM_ALLOC_HOST_PTR
 ushort8 test passed. cl_mem_flags src: CL_MEM_ALLOC_HOST_PTR dst: CL_MEM_ALLOC_HOST_PTR | CL_MEM_COPY_HOST_PTR
 ushort8 test passed. cl_mem_flags src: CL_MEM_ALLOC_HOST_PTR dst: CL_MEM_USE_HOST_PTR
 ushort8 test passed. cl_mem_flags src: CL_MEM_ALLOC_HOST_PTR dst: CL_MEM_COPY_HOST_PTR
 ushort8 test passed. cl_mem_flags src: CL_MEM_ALLOC_HOST_PTR dst: 0
 ushort8 test passed. cl_mem_flags src: CL_MEM_ALLOC_HOST_PTR | CL_MEM_COPY_HOST_PTR dst: CL_MEM_ALLOC_HOST_PTR
 ushort8 test passed. cl_mem_flags src: CL_MEM_ALLOC_HOST_PTR | CL_MEM_COPY_HOST_PTR dst: CL_MEM_ALLOC_HOST_PTR | CL_MEM_COPY_HOST_PTR
 ushort8 test passed. cl_mem_flags src: CL_MEM_ALLOC_HOST_PTR | CL_MEM_COPY_HOST_PTR dst: CL_MEM_USE_HOST_PTR
 ushort8 test passed. cl_mem_flags src: CL_MEM_ALLOC_HOST_PTR | CL_MEM_COPY_HOST_PTR dst: CL_MEM_COPY_HOST_PTR
 ushort8 test passed. cl_mem_flags src: CL_MEM_ALLOC_HOST_PTR | CL_MEM_COPY_HOST_PTR dst: 0
 ushort8 test passed. cl_mem_flags src: CL_MEM_USE_HOST_PTR dst: CL_MEM_ALLOC_HOST_PTR
 ushort8 test passed. cl_mem_flags src: CL_MEM_USE_HOST_PTR dst: CL_MEM_ALLOC_HOST_PTR | CL_MEM_COPY_HOST_PTR
 ushort8 test passed. cl_mem_flags src: CL_MEM_USE_HOST_PTR dst: CL_MEM_USE_HOST_PTR
 ushort8 test passed. cl_mem_flags src: CL_MEM_USE_HOST_PTR dst: CL_MEM_COPY_HOST_PTR
 ushort8 test passed. cl_mem_flags src: CL_MEM_USE_HOST_PTR dst: 0
 ushort8 test passed. cl_mem_flags src: CL_MEM_COPY_HOST_PTR dst: CL_MEM_ALLOC_HOST_PTR
 ushort8 test passed. cl_mem_flags src: CL_MEM_COPY_HOST_PTR dst: CL_MEM_ALLOC_HOST_PTR | CL_MEM_COPY_HOST_PTR
 ushort8 test passed. cl_mem_flags src: CL_MEM_COPY_HOST_PTR dst: CL_MEM_USE_HOST_PTR
 ushort8 test passed. cl_mem_flags src: CL_MEM_COPY_HOST_PTR dst: CL_MEM_COPY_HOST_PTR
 ushort8 test passed. cl_mem_flags src: CL_MEM_COPY_HOST_PTR dst: 0
 ushort8 test passed. cl_mem_flags src: 0 dst: CL_MEM_ALLOC_HOST_PTR
 ushort8 test passed. cl_mem_flags src: 0 dst: CL_MEM_ALLOC_HOST_PTR | CL_MEM_COPY_HOST_PTR
 ushort8 test passed. cl_mem_flags src: 0 dst: CL_MEM_USE_HOST_PTR
 ushort8 test passed. cl_mem_flags src: 0 dst: CL_MEM_COPY_HOST_PTR
 ushort8 test passed. cl_mem_flags src: 0 dst: 0
 ushort16 test passed. cl_mem_flags src: CL_MEM_ALLOC_HOST_PTR dst: CL_MEM_ALLOC_HOST_PTR
 ushort16 test passed. cl_mem_flags src: CL_MEM_ALLOC_HOST_PTR dst: CL_MEM_ALLOC_HOST_PTR | CL_MEM_COPY_HOST_PTR
 ushort16 test passed. cl_mem_flags src: CL_MEM_ALLOC_HOST_PTR dst: CL_MEM_USE_HOST_PTR
 ushort16 test passed. cl_mem_flags src: CL_MEM_ALLOC_HOST_PTR dst: CL_MEM_COPY_HOST_PTR
 ushort16 test passed. cl_mem_flags src: CL_MEM_ALLOC_HOST_PTR dst: 0
 ushort16 test passed. cl_mem_flags src: CL_MEM_ALLOC_HOST_PTR | CL_MEM_COPY_HOST_PTR dst: CL_MEM_ALLOC_HOST_PTR
 ushort16 test passed. cl_mem_flags src: CL_MEM_ALLOC_HOST_PTR | CL_MEM_COPY_HOST_PTR dst: CL_MEM_ALLOC_HOST_PTR | CL_MEM_COPY_HOST_PTR
 ushort16 test passed. cl_mem_flags src: CL_MEM_ALLOC_HOST_PTR | CL_MEM_COPY_HOST_PTR dst: CL_MEM_USE_HOST_PTR
 ushort16 test passed. cl_mem_flags src: CL_MEM_ALLOC_HOST_PTR | CL_MEM_COPY_HOST_PTR dst: CL_MEM_COPY_HOST_PTR
 ushort16 test passed. cl_mem_flags src: CL_MEM_ALLOC_HOST_PTR | CL_MEM_COPY_HOST_PTR dst: 0
 ushort16 test passed. cl_mem_flags src: CL_MEM_USE_HOST_PTR dst: CL_MEM_ALLOC_HOST_PTR
 ushort16 test passed. cl_mem_flags src: CL_MEM_USE_HOST_PTR dst: CL_MEM_ALLOC_HOST_PTR | CL_MEM_COPY_HOST_PTR
 ushort16 test passed. cl_mem_flags src: CL_MEM_USE_HOST_PTR dst: CL_MEM_USE_HOST_PTR
 ushort16 test passed. cl_mem_flags src: CL_MEM_USE_HOST_PTR dst: CL_MEM_COPY_HOST_PTR
 ushort16 test passed. cl_mem_flags src: CL_MEM_USE_HOST_PTR dst: 0
 ushort16 test passed. cl_mem_flags src: CL_MEM_COPY_HOST_PTR dst: CL_MEM_ALLOC_HOST_PTR
 ushort16 test passed. cl_mem_flags src: CL_MEM_COPY_HOST_PTR dst: CL_MEM_ALLOC_HOST_PTR | CL_MEM_COPY_HOST_PTR
 ushort16 test passed. cl_mem_flags src: CL_MEM_COPY_HOST_PTR dst: CL_MEM_USE_HOST_PTR
 ushort16 test passed. cl_mem_flags src: CL_MEM_COPY_HOST_PTR dst: CL_MEM_COPY_HOST_PTR
 ushort16 test passed. cl_mem_flags src: CL_MEM_COPY_HOST_PTR dst: 0
 ushort16 test passed. cl_mem_flags src: 0 dst: CL_MEM_ALLOC_HOST_PTR
 ushort16 test passed. cl_mem_flags src: 0 dst: CL_MEM_ALLOC_HOST_PTR | CL_MEM_COPY_HOST_PTR
 ushort16 test passed. cl_mem_flags src: 0 dst: CL_MEM_USE_HOST_PTR
 ushort16 test passed. cl_mem_flags src: 0 dst: CL_MEM_COPY_HOST_PTR
 ushort16 test passed. cl_mem_flags src: 0 dst: 0
buffer_map_write_ushort passed
buffer_map_write_char...
 char1 test passed. cl_mem_flags src: CL_MEM_ALLOC_HOST_PTR dst: CL_MEM_ALLOC_HOST_PTR
 char1 test passed. cl_mem_flags src: CL_MEM_ALLOC_HOST_PTR dst: CL_MEM_ALLOC_HOST_PTR | CL_MEM_COPY_HOST_PTR
 char1 test passed. cl_mem_flags src: CL_MEM_ALLOC_HOST_PTR dst: CL_MEM_USE_HOST_PTR
 char1 test passed. cl_mem_flags src: CL_MEM_ALLOC_HOST_PTR dst: CL_MEM_COPY_HOST_PTR
 char1 test passed. cl_mem_flags src: CL_MEM_ALLOC_HOST_PTR dst: 0
 char1 test passed. cl_mem_flags src: CL_MEM_ALLOC_HOST_PTR | CL_MEM_COPY_HOST_PTR dst: CL_MEM_ALLOC_HOST_PTR
 char1 test passed. cl_mem_flags src: CL_MEM_ALLOC_HOST_PTR | CL_MEM_COPY_HOST_PTR dst: CL_MEM_ALLOC_HOST_PTR | CL_MEM_COPY_HOST_PTR
 char1 test passed. cl_mem_flags src: CL_MEM_ALLOC_HOST_PTR | CL_MEM_COPY_HOST_PTR dst: CL_MEM_USE_HOST_PTR
 char1 test passed. cl_mem_flags src: CL_MEM_ALLOC_HOST_PTR | CL_MEM_COPY_HOST_PTR dst: CL_MEM_COPY_HOST_PTR
 char1 test passed. cl_mem_flags src: CL_MEM_ALLOC_HOST_PTR | CL_MEM_COPY_HOST_PTR dst: 0
 char1 test passed. cl_mem_flags src: CL_MEM_USE_HOST_PTR dst: CL_MEM_ALLOC_HOST_PTR
 char1 test passed. cl_mem_flags src: CL_MEM_USE_HOST_PTR dst: CL_MEM_ALLOC_HOST_PTR | CL_MEM_COPY_HOST_PTR
 char1 test passed. cl_mem_flags src: CL_MEM_USE_HOST_PTR dst: CL_MEM_USE_HOST_PTR
 char1 test passed. cl_mem_flags src: CL_MEM_USE_HOST_PTR dst: CL_MEM_COPY_HOST_PTR
 char1 test passed. cl_mem_flags src: CL_MEM_USE_HOST_PTR dst: 0
 char1 test passed. cl_mem_flags src: CL_MEM_COPY_HOST_PTR dst: CL_MEM_ALLOC_HOST_PTR
 char1 test passed. cl_mem_flags src: CL_MEM_COPY_HOST_PTR dst: CL_MEM_ALLOC_HOST_PTR | CL_MEM_COPY_HOST_PTR
 char1 test passed. cl_mem_flags src: CL_MEM_COPY_HOST_PTR dst: CL_MEM_USE_HOST_PTR
 char1 test passed. cl_mem_flags src: CL_MEM_COPY_HOST_PTR dst: CL_MEM_COPY_HOST_PTR
 char1 test passed. cl_mem_flags src: CL_MEM_COPY_HOST_PTR dst: 0
 char1 test passed. cl_mem_flags src: 0 dst: CL_MEM_ALLOC_HOST_PTR
 char1 test passed. cl_mem_flags src: 0 dst: CL_MEM_ALLOC_HOST_PTR | CL_MEM_COPY_HOST_PTR
 char1 test passed. cl_mem_flags src: 0 dst: CL_MEM_USE_HOST_PTR
 char1 test passed. cl_mem_flags src: 0 dst: CL_MEM_COPY_HOST_PTR
 char1 test passed. cl_mem_flags src: 0 dst: 0
 char2 test passed. cl_mem_flags src: CL_MEM_ALLOC_HOST_PTR dst: CL_MEM_ALLOC_HOST_PTR
 char2 test passed. cl_mem_flags src: CL_MEM_ALLOC_HOST_PTR dst: CL_MEM_ALLOC_HOST_PTR | CL_MEM_COPY_HOST_PTR
 char2 test passed. cl_mem_flags src: CL_MEM_ALLOC_HOST_PTR dst: CL_MEM_USE_HOST_PTR
 char2 test passed. cl_mem_flags src: CL_MEM_ALLOC_HOST_PTR dst: CL_MEM_COPY_HOST_PTR
 char2 test passed. cl_mem_flags src: CL_MEM_ALLOC_HOST_PTR dst: 0
 char2 test passed. cl_mem_flags src: CL_MEM_ALLOC_HOST_PTR | CL_MEM_COPY_HOST_PTR dst: CL_MEM_ALLOC_HOST_PTR
 char2 test passed. cl_mem_flags src: CL_MEM_ALLOC_HOST_PTR | CL_MEM_COPY_HOST_PTR dst: CL_MEM_ALLOC_HOST_PTR | CL_MEM_COPY_HOST_PTR
 char2 test passed. cl_mem_flags src: CL_MEM_ALLOC_HOST_PTR | CL_MEM_COPY_HOST_PTR dst: CL_MEM_USE_HOST_PTR
 char2 test passed. cl_mem_flags src: CL_MEM_ALLOC_HOST_PTR | CL_MEM_COPY_HOST_PTR dst: CL_MEM_COPY_HOST_PTR
 char2 test passed. cl_mem_flags src: CL_MEM_ALLOC_HOST_PTR | CL_MEM_COPY_HOST_PTR dst: 0
 char2 test passed. cl_mem_flags src: CL_MEM_USE_HOST_PTR dst: CL_MEM_ALLOC_HOST_PTR
 char2 test passed. cl_mem_flags src: CL_MEM_USE_HOST_PTR dst: CL_MEM_ALLOC_HOST_PTR | CL_MEM_COPY_HOST_PTR
 char2 test passed. cl_mem_flags src: CL_MEM_USE_HOST_PTR dst: CL_MEM_USE_HOST_PTR
 char2 test passed. cl_mem_flags src: CL_MEM_USE_HOST_PTR dst: CL_MEM_COPY_HOST_PTR
 char2 test passed. cl_mem_flags src: CL_MEM_USE_HOST_PTR dst: 0
 char2 test passed. cl_mem_flags src: CL_MEM_COPY_HOST_PTR dst: CL_MEM_ALLOC_HOST_PTR
 char2 test passed. cl_mem_flags src: CL_MEM_COPY_HOST_PTR dst: CL_MEM_ALLOC_HOST_PTR | CL_MEM_COPY_HOST_PTR
 char2 test passed. cl_mem_flags src: CL_MEM_COPY_HOST_PTR dst: CL_MEM_USE_HOST_PTR
 char2 test passed. cl_mem_flags src: CL_MEM_COPY_HOST_PTR dst: CL_MEM_COPY_HOST_PTR
 char2 test passed. cl_mem_flags src: CL_MEM_COPY_HOST_PTR dst: 0
 char2 test passed. cl_mem_flags src: 0 dst: CL_MEM_ALLOC_HOST_PTR
 char2 test passed. cl_mem_flags src: 0 dst: CL_MEM_ALLOC_HOST_PTR | CL_MEM_COPY_HOST_PTR
 char2 test passed. cl_mem_flags src: 0 dst: CL_MEM_USE_HOST_PTR
 char2 test passed. cl_mem_flags src: 0 dst: CL_MEM_COPY_HOST_PTR
 char2 test passed. cl_mem_flags src: 0 dst: 0
 char4 test passed. cl_mem_flags src: CL_MEM_ALLOC_HOST_PTR dst: CL_MEM_ALLOC_HOST_PTR
 char4 test passed. cl_mem_flags src: CL_MEM_ALLOC_HOST_PTR dst: CL_MEM_ALLOC_HOST_PTR | CL_MEM_COPY_HOST_PTR
 char4 test passed. cl_mem_flags src: CL_MEM_ALLOC_HOST_PTR dst: CL_MEM_USE_HOST_PTR
 char4 test passed. cl_mem_flags src: CL_MEM_ALLOC_HOST_PTR dst: CL_MEM_COPY_HOST_PTR
 char4 test passed. cl_mem_flags src: CL_MEM_ALLOC_HOST_PTR dst: 0
 char4 test passed. cl_mem_flags src: CL_MEM_ALLOC_HOST_PTR | CL_MEM_COPY_HOST_PTR dst: CL_MEM_ALLOC_HOST_PTR
 char4 test passed. cl_mem_flags src: CL_MEM_ALLOC_HOST_PTR | CL_MEM_COPY_HOST_PTR dst: CL_MEM_ALLOC_HOST_PTR | CL_MEM_COPY_HOST_PTR
 char4 test passed. cl_mem_flags src: CL_MEM_ALLOC_HOST_PTR | CL_MEM_COPY_HOST_PTR dst: CL_MEM_USE_HOST_PTR
 char4 test passed. cl_mem_flags src: CL_MEM_ALLOC_HOST_PTR | CL_MEM_COPY_HOST_PTR dst: CL_MEM_COPY_HOST_PTR
 char4 test passed. cl_mem_flags src: CL_MEM_ALLOC_HOST_PTR | CL_MEM_COPY_HOST_PTR dst: 0
 char4 test passed. cl_mem_flags src: CL_MEM_USE_HOST_PTR dst: CL_MEM_ALLOC_HOST_PTR
 char4 test passed. cl_mem_flags src: CL_MEM_USE_HOST_PTR dst: CL_MEM_ALLOC_HOST_PTR | CL_MEM_COPY_HOST_PTR
 char4 test passed. cl_mem_flags src: CL_MEM_USE_HOST_PTR dst: CL_MEM_USE_HOST_PTR
 char4 test passed. cl_mem_flags src: CL_MEM_USE_HOST_PTR dst: CL_MEM_COPY_HOST_PTR
 char4 test passed. cl_mem_flags src: CL_MEM_USE_HOST_PTR dst: 0
 char4 test passed. cl_mem_flags src: CL_MEM_COPY_HOST_PTR dst: CL_MEM_ALLOC_HOST_PTR
 char4 test passed. cl_mem_flags src: CL_MEM_COPY_HOST_PTR dst: CL_MEM_ALLOC_HOST_PTR | CL_MEM_COPY_HOST_PTR
 char4 test passed. cl_mem_flags src: CL_MEM_COPY_HOST_PTR dst: CL_MEM_USE_HOST_PTR
 char4 test passed. cl_mem_flags src: CL_MEM_COPY_HOST_PTR dst: CL_MEM_COPY_HOST_PTR
 char4 test passed. cl_mem_flags src: CL_MEM_COPY_HOST_PTR dst: 0
 char4 test passed. cl_mem_flags src: 0 dst: CL_MEM_ALLOC_HOST_PTR
 char4 test passed. cl_mem_flags src: 0 dst: CL_MEM_ALLOC_HOST_PTR | CL_MEM_COPY_HOST_PTR
 char4 test passed. cl_mem_flags src: 0 dst: CL_MEM_USE_HOST_PTR
 char4 test passed. cl_mem_flags src: 0 dst: CL_MEM_COPY_HOST_PTR
 char4 test passed. cl_mem_flags src: 0 dst: 0
 char8 test passed. cl_mem_flags src: CL_MEM_ALLOC_HOST_PTR dst: CL_MEM_ALLOC_HOST_PTR
 char8 test passed. cl_mem_flags src: CL_MEM_ALLOC_HOST_PTR dst: CL_MEM_ALLOC_HOST_PTR | CL_MEM_COPY_HOST_PTR
 char8 test passed. cl_mem_flags src: CL_MEM_ALLOC_HOST_PTR dst: CL_MEM_USE_HOST_PTR
 char8 test passed. cl_mem_flags src: CL_MEM_ALLOC_HOST_PTR dst: CL_MEM_COPY_HOST_PTR
 char8 test passed. cl_mem_flags src: CL_MEM_ALLOC_HOST_PTR dst: 0
 char8 test passed. cl_mem_flags src: CL_MEM_ALLOC_HOST_PTR | CL_MEM_COPY_HOST_PTR dst: CL_MEM_ALLOC_HOST_PTR
 char8 test passed. cl_mem_flags src: CL_MEM_ALLOC_HOST_PTR | CL_MEM_COPY_HOST_PTR dst: CL_MEM_ALLOC_HOST_PTR | CL_MEM_COPY_HOST_PTR
 char8 test passed. cl_mem_flags src: CL_MEM_ALLOC_HOST_PTR | CL_MEM_COPY_HOST_PTR dst: CL_MEM_USE_HOST_PTR
 char8 test passed. cl_mem_flags src: CL_MEM_ALLOC_HOST_PTR | CL_MEM_COPY_HOST_PTR dst: CL_MEM_COPY_HOST_PTR
 char8 test passed. cl_mem_flags src: CL_MEM_ALLOC_HOST_PTR | CL_MEM_COPY_HOST_PTR dst: 0
 char8 test passed. cl_mem_flags src: CL_MEM_USE_HOST_PTR dst: CL_MEM_ALLOC_HOST_PTR
 char8 test passed. cl_mem_flags src: CL_MEM_USE_HOST_PTR dst: CL_MEM_ALLOC_HOST_PTR | CL_MEM_COPY_HOST_PTR
 char8 test passed. cl_mem_flags src: CL_MEM_USE_HOST_PTR dst: CL_MEM_USE_HOST_PTR
 char8 test passed. cl_mem_flags src: CL_MEM_USE_HOST_PTR dst: CL_MEM_COPY_HOST_PTR
 char8 test passed. cl_mem_flags src: CL_MEM_USE_HOST_PTR dst: 0
 char8 test passed. cl_mem_flags src: CL_MEM_COPY_HOST_PTR dst: CL_MEM_ALLOC_HOST_PTR
 char8 test passed. cl_mem_flags src: CL_MEM_COPY_HOST_PTR dst: CL_MEM_ALLOC_HOST_PTR | CL_MEM_COPY_HOST_PTR
 char8 test passed. cl_mem_flags src: CL_MEM_COPY_HOST_PTR dst: CL_MEM_USE_HOST_PTR
 char8 test passed. cl_mem_flags src: CL_MEM_COPY_HOST_PTR dst: CL_MEM_COPY_HOST_PTR
 char8 test passed. cl_mem_flags src: CL_MEM_COPY_HOST_PTR dst: 0
 char8 test passed. cl_mem_flags src: 0 dst: CL_MEM_ALLOC_HOST_PTR
 char8 test passed. cl_mem_flags src: 0 dst: CL_MEM_ALLOC_HOST_PTR | CL_MEM_COPY_HOST_PTR
 char8 test passed. cl_mem_flags src: 0 dst: CL_MEM_USE_HOST_PTR
 char8 test passed. cl_mem_flags src: 0 dst: CL_MEM_COPY_HOST_PTR
 char8 test passed. cl_mem_flags src: 0 dst: 0
 char16 test passed. cl_mem_flags src: CL_MEM_ALLOC_HOST_PTR dst: CL_MEM_ALLOC_HOST_PTR
 char16 test passed. cl_mem_flags src: CL_MEM_ALLOC_HOST_PTR dst: CL_MEM_ALLOC_HOST_PTR | CL_MEM_COPY_HOST_PTR
 char16 test passed. cl_mem_flags src: CL_MEM_ALLOC_HOST_PTR dst: CL_MEM_USE_HOST_PTR
 char16 test passed. cl_mem_flags src: CL_MEM_ALLOC_HOST_PTR dst: CL_MEM_COPY_HOST_PTR
 char16 test passed. cl_mem_flags src: CL_MEM_ALLOC_HOST_PTR dst: 0
 char16 test passed. cl_mem_flags src: CL_MEM_ALLOC_HOST_PTR | CL_MEM_COPY_HOST_PTR dst: CL_MEM_ALLOC_HOST_PTR
 char16 test passed. cl_mem_flags src: CL_MEM_ALLOC_HOST_PTR | CL_MEM_COPY_HOST_PTR dst: CL_MEM_ALLOC_HOST_PTR | CL_MEM_COPY_HOST_PTR
 char16 test passed. cl_mem_flags src: CL_MEM_ALLOC_HOST_PTR | CL_MEM_COPY_HOST_PTR dst: CL_MEM_USE_HOST_PTR
 char16 test passed. cl_mem_flags src: CL_MEM_ALLOC_HOST_PTR | CL_MEM_COPY_HOST_PTR dst: CL_MEM_COPY_HOST_PTR
 char16 test passed. cl_mem_flags src: CL_MEM_ALLOC_HOST_PTR | CL_MEM_COPY_HOST_PTR dst: 0
 char16 test passed. cl_mem_flags src: CL_MEM_USE_HOST_PTR dst: CL_MEM_ALLOC_HOST_PTR
 char16 test passed. cl_mem_flags src: CL_MEM_USE_HOST_PTR dst: CL_MEM_ALLOC_HOST_PTR | CL_MEM_COPY_HOST_PTR
 char16 test passed. cl_mem_flags src: CL_MEM_USE_HOST_PTR dst: CL_MEM_USE_HOST_PTR
 char16 test passed. cl_mem_flags src: CL_MEM_USE_HOST_PTR dst: CL_MEM_COPY_HOST_PTR
 char16 test passed. cl_mem_flags src: CL_MEM_USE_HOST_PTR dst: 0
 char16 test passed. cl_mem_flags src: CL_MEM_COPY_HOST_PTR dst: CL_MEM_ALLOC_HOST_PTR
 char16 test passed. cl_mem_flags src: CL_MEM_COPY_HOST_PTR dst: CL_MEM_ALLOC_HOST_PTR | CL_MEM_COPY_HOST_PTR
 char16 test passed. cl_mem_flags src: CL_MEM_COPY_HOST_PTR dst: CL_MEM_USE_HOST_PTR
 char16 test passed. cl_mem_flags src: CL_MEM_COPY_HOST_PTR dst: CL_MEM_COPY_HOST_PTR
 char16 test passed. cl_mem_flags src: CL_MEM_COPY_HOST_PTR dst: 0
 char16 test passed. cl_mem_flags src: 0 dst: CL_MEM_ALLOC_HOST_PTR
 char16 test passed. cl_mem_flags src: 0 dst: CL_MEM_ALLOC_HOST_PTR | CL_MEM_COPY_HOST_PTR
 char16 test passed. cl_mem_flags src: 0 dst: CL_MEM_USE_HOST_PTR
 char16 test passed. cl_mem_flags src: 0 dst: CL_MEM_COPY_HOST_PTR
 char16 test passed. cl_mem_flags src: 0 dst: 0
buffer_map_write_char passed
buffer_map_write_uchar...
 uchar1 test passed. cl_mem_flags src: CL_MEM_ALLOC_HOST_PTR dst: CL_MEM_ALLOC_HOST_PTR
 uchar1 test passed. cl_mem_flags src: CL_MEM_ALLOC_HOST_PTR dst: CL_MEM_ALLOC_HOST_PTR | CL_MEM_COPY_HOST_PTR
 uchar1 test passed. cl_mem_flags src: CL_MEM_ALLOC_HOST_PTR dst: CL_MEM_USE_HOST_PTR
 uchar1 test passed. cl_mem_flags src: CL_MEM_ALLOC_HOST_PTR dst: CL_MEM_COPY_HOST_PTR
 uchar1 test passed. cl_mem_flags src: CL_MEM_ALLOC_HOST_PTR dst: 0
 uchar1 test passed. cl_mem_flags src: CL_MEM_ALLOC_HOST_PTR | CL_MEM_COPY_HOST_PTR dst: CL_MEM_ALLOC_HOST_PTR
 uchar1 test passed. cl_mem_flags src: CL_MEM_ALLOC_HOST_PTR | CL_MEM_COPY_HOST_PTR dst: CL_MEM_ALLOC_HOST_PTR | CL_MEM_COPY_HOST_PTR
 uchar1 test passed. cl_mem_flags src: CL_MEM_ALLOC_HOST_PTR | CL_MEM_COPY_HOST_PTR dst: CL_MEM_USE_HOST_PTR
 uchar1 test passed. cl_mem_flags src: CL_MEM_ALLOC_HOST_PTR | CL_MEM_COPY_HOST_PTR dst: CL_MEM_COPY_HOST_PTR
 uchar1 test passed. cl_mem_flags src: CL_MEM_ALLOC_HOST_PTR | CL_MEM_COPY_HOST_PTR dst: 0
 uchar1 test passed. cl_mem_flags src: CL_MEM_USE_HOST_PTR dst: CL_MEM_ALLOC_HOST_PTR
 uchar1 test passed. cl_mem_flags src: CL_MEM_USE_HOST_PTR dst: CL_MEM_ALLOC_HOST_PTR | CL_MEM_COPY_HOST_PTR
 uchar1 test passed. cl_mem_flags src: CL_MEM_USE_HOST_PTR dst: CL_MEM_USE_HOST_PTR
 uchar1 test passed. cl_mem_flags src: CL_MEM_USE_HOST_PTR dst: CL_MEM_COPY_HOST_PTR
 uchar1 test passed. cl_mem_flags src: CL_MEM_USE_HOST_PTR dst: 0
 uchar1 test passed. cl_mem_flags src: CL_MEM_COPY_HOST_PTR dst: CL_MEM_ALLOC_HOST_PTR
 uchar1 test passed. cl_mem_flags src: CL_MEM_COPY_HOST_PTR dst: CL_MEM_ALLOC_HOST_PTR | CL_MEM_COPY_HOST_PTR
 uchar1 test passed. cl_mem_flags src: CL_MEM_COPY_HOST_PTR dst: CL_MEM_USE_HOST_PTR
 uchar1 test passed. cl_mem_flags src: CL_MEM_COPY_HOST_PTR dst: CL_MEM_COPY_HOST_PTR
 uchar1 test passed. cl_mem_flags src: CL_MEM_COPY_HOST_PTR dst: 0
 uchar1 test passed. cl_mem_flags src: 0 dst: CL_MEM_ALLOC_HOST_PTR
 uchar1 test passed. cl_mem_flags src: 0 dst: CL_MEM_ALLOC_HOST_PTR | CL_MEM_COPY_HOST_PTR
 uchar1 test passed. cl_mem_flags src: 0 dst: CL_MEM_USE_HOST_PTR
 uchar1 test passed. cl_mem_flags src: 0 dst: CL_MEM_COPY_HOST_PTR
 uchar1 test passed. cl_mem_flags src: 0 dst: 0
 uchar2 test passed. cl_mem_flags src: CL_MEM_ALLOC_HOST_PTR dst: CL_MEM_ALLOC_HOST_PTR
 uchar2 test passed. cl_mem_flags src: CL_MEM_ALLOC_HOST_PTR dst: CL_MEM_ALLOC_HOST_PTR | CL_MEM_COPY_HOST_PTR
 uchar2 test passed. cl_mem_flags src: CL_MEM_ALLOC_HOST_PTR dst: CL_MEM_USE_HOST_PTR
 uchar2 test passed. cl_mem_flags src: CL_MEM_ALLOC_HOST_PTR dst: CL_MEM_COPY_HOST_PTR
 uchar2 test passed. cl_mem_flags src: CL_MEM_ALLOC_HOST_PTR dst: 0
 uchar2 test passed. cl_mem_flags src: CL_MEM_ALLOC_HOST_PTR | CL_MEM_COPY_HOST_PTR dst: CL_MEM_ALLOC_HOST_PTR
 uchar2 test passed. cl_mem_flags src: CL_MEM_ALLOC_HOST_PTR | CL_MEM_COPY_HOST_PTR dst: CL_MEM_ALLOC_HOST_PTR | CL_MEM_COPY_HOST_PTR
 uchar2 test passed. cl_mem_flags src: CL_MEM_ALLOC_HOST_PTR | CL_MEM_COPY_HOST_PTR dst: CL_MEM_USE_HOST_PTR
 uchar2 test passed. cl_mem_flags src: CL_MEM_ALLOC_HOST_PTR | CL_MEM_COPY_HOST_PTR dst: CL_MEM_COPY_HOST_PTR
 uchar2 test passed. cl_mem_flags src: CL_MEM_ALLOC_HOST_PTR | CL_MEM_COPY_HOST_PTR dst: 0
 uchar2 test passed. cl_mem_flags src: CL_MEM_USE_HOST_PTR dst: CL_MEM_ALLOC_HOST_PTR
 uchar2 test passed. cl_mem_flags src: CL_MEM_USE_HOST_PTR dst: CL_MEM_ALLOC_HOST_PTR | CL_MEM_COPY_HOST_PTR
 uchar2 test passed. cl_mem_flags src: CL_MEM_USE_HOST_PTR dst: CL_MEM_USE_HOST_PTR
 uchar2 test passed. cl_mem_flags src: CL_MEM_USE_HOST_PTR dst: CL_MEM_COPY_HOST_PTR
 uchar2 test passed. cl_mem_flags src: CL_MEM_USE_HOST_PTR dst: 0
 uchar2 test passed. cl_mem_flags src: CL_MEM_COPY_HOST_PTR dst: CL_MEM_ALLOC_HOST_PTR
 uchar2 test passed. cl_mem_flags src: CL_MEM_COPY_HOST_PTR dst: CL_MEM_ALLOC_HOST_PTR | CL_MEM_COPY_HOST_PTR
 uchar2 test passed. cl_mem_flags src: CL_MEM_COPY_HOST_PTR dst: CL_MEM_USE_HOST_PTR
 uchar2 test passed. cl_mem_flags src: CL_MEM_COPY_HOST_PTR dst: CL_MEM_COPY_HOST_PTR
 uchar2 test passed. cl_mem_flags src: CL_MEM_COPY_HOST_PTR dst: 0
 uchar2 test passed. cl_mem_flags src: 0 dst: CL_MEM_ALLOC_HOST_PTR
 uchar2 test passed. cl_mem_flags src: 0 dst: CL_MEM_ALLOC_HOST_PTR | CL_MEM_COPY_HOST_PTR
 uchar2 test passed. cl_mem_flags src: 0 dst: CL_MEM_USE_HOST_PTR
 uchar2 test passed. cl_mem_flags src: 0 dst: CL_MEM_COPY_HOST_PTR
 uchar2 test passed. cl_mem_flags src: 0 dst: 0
 uchar4 test passed. cl_mem_flags src: CL_MEM_ALLOC_HOST_PTR dst: CL_MEM_ALLOC_HOST_PTR
 uchar4 test passed. cl_mem_flags src: CL_MEM_ALLOC_HOST_PTR dst: CL_MEM_ALLOC_HOST_PTR | CL_MEM_COPY_HOST_PTR
 uchar4 test passed. cl_mem_flags src: CL_MEM_ALLOC_HOST_PTR dst: CL_MEM_USE_HOST_PTR
 uchar4 test passed. cl_mem_flags src: CL_MEM_ALLOC_HOST_PTR dst: CL_MEM_COPY_HOST_PTR
 uchar4 test passed. cl_mem_flags src: CL_MEM_ALLOC_HOST_PTR dst: 0
 uchar4 test passed. cl_mem_flags src: CL_MEM_ALLOC_HOST_PTR | CL_MEM_COPY_HOST_PTR dst: CL_MEM_ALLOC_HOST_PTR
 uchar4 test passed. cl_mem_flags src: CL_MEM_ALLOC_HOST_PTR | CL_MEM_COPY_HOST_PTR dst: CL_MEM_ALLOC_HOST_PTR | CL_MEM_COPY_HOST_PTR
 uchar4 test passed. cl_mem_flags src: CL_MEM_ALLOC_HOST_PTR | CL_MEM_COPY_HOST_PTR dst: CL_MEM_USE_HOST_PTR
 uchar4 test passed. cl_mem_flags src: CL_MEM_ALLOC_HOST_PTR | CL_MEM_COPY_HOST_PTR dst: CL_MEM_COPY_HOST_PTR
 uchar4 test passed. cl_mem_flags src: CL_MEM_ALLOC_HOST_PTR | CL_MEM_COPY_HOST_PTR dst: 0
 uchar4 test passed. cl_mem_flags src: CL_MEM_USE_HOST_PTR dst: CL_MEM_ALLOC_HOST_PTR
 uchar4 test passed. cl_mem_flags src: CL_MEM_USE_HOST_PTR dst: CL_MEM_ALLOC_HOST_PTR | CL_MEM_COPY_HOST_PTR
 uchar4 test passed. cl_mem_flags src: CL_MEM_USE_HOST_PTR dst: CL_MEM_USE_HOST_PTR
 uchar4 test passed. cl_mem_flags src: CL_MEM_USE_HOST_PTR dst: CL_MEM_COPY_HOST_PTR
 uchar4 test passed. cl_mem_flags src: CL_MEM_USE_HOST_PTR dst: 0
 uchar4 test passed. cl_mem_flags src: CL_MEM_COPY_HOST_PTR dst: CL_MEM_ALLOC_HOST_PTR
 uchar4 test passed. cl_mem_flags src: CL_MEM_COPY_HOST_PTR dst: CL_MEM_ALLOC_HOST_PTR | CL_MEM_COPY_HOST_PTR
 uchar4 test passed. cl_mem_flags src: CL_MEM_COPY_HOST_PTR dst: CL_MEM_USE_HOST_PTR
 uchar4 test passed. cl_mem_flags src: CL_MEM_COPY_HOST_PTR dst: CL_MEM_COPY_HOST_PTR
 uchar4 test passed. cl_mem_flags src: CL_MEM_COPY_HOST_PTR dst: 0
 uchar4 test passed. cl_mem_flags src: 0 dst: CL_MEM_ALLOC_HOST_PTR
 uchar4 test passed. cl_mem_flags src: 0 dst: CL_MEM_ALLOC_HOST_PTR | CL_MEM_COPY_HOST_PTR
 uchar4 test passed. cl_mem_flags src: 0 dst: CL_MEM_USE_HOST_PTR
 uchar4 test passed. cl_mem_flags src: 0 dst: CL_MEM_COPY_HOST_PTR
 uchar4 test passed. cl_mem_flags src: 0 dst: 0
 uchar8 test passed. cl_mem_flags src: CL_MEM_ALLOC_HOST_PTR dst: CL_MEM_ALLOC_HOST_PTR
 uchar8 test passed. cl_mem_flags src: CL_MEM_ALLOC_HOST_PTR dst: CL_MEM_ALLOC_HOST_PTR | CL_MEM_COPY_HOST_PTR
 uchar8 test passed. cl_mem_flags src: CL_MEM_ALLOC_HOST_PTR dst: CL_MEM_USE_HOST_PTR
 uchar8 test passed. cl_mem_flags src: CL_MEM_ALLOC_HOST_PTR dst: CL_MEM_COPY_HOST_PTR
 uchar8 test passed. cl_mem_flags src: CL_MEM_ALLOC_HOST_PTR dst: 0
 uchar8 test passed. cl_mem_flags src: CL_MEM_ALLOC_HOST_PTR | CL_MEM_COPY_HOST_PTR dst: CL_MEM_ALLOC_HOST_PTR
 uchar8 test passed. cl_mem_flags src: CL_MEM_ALLOC_HOST_PTR | CL_MEM_COPY_HOST_PTR dst: CL_MEM_ALLOC_HOST_PTR | CL_MEM_COPY_HOST_PTR
 uchar8 test passed. cl_mem_flags src: CL_MEM_ALLOC_HOST_PTR | CL_MEM_COPY_HOST_PTR dst: CL_MEM_USE_HOST_PTR
 uchar8 test passed. cl_mem_flags src: CL_MEM_ALLOC_HOST_PTR | CL_MEM_COPY_HOST_PTR dst: CL_MEM_COPY_HOST_PTR
 uchar8 test passed. cl_mem_flags src: CL_MEM_ALLOC_HOST_PTR | CL_MEM_COPY_HOST_PTR dst: 0
 uchar8 test passed. cl_mem_flags src: CL_MEM_USE_HOST_PTR dst: CL_MEM_ALLOC_HOST_PTR
 uchar8 test passed. cl_mem_flags src: CL_MEM_USE_HOST_PTR dst: CL_MEM_ALLOC_HOST_PTR | CL_MEM_COPY_HOST_PTR
 uchar8 test passed. cl_mem_flags src: CL_MEM_USE_HOST_PTR dst: CL_MEM_USE_HOST_PTR
 uchar8 test passed. cl_mem_flags src: CL_MEM_USE_HOST_PTR dst: CL_MEM_COPY_HOST_PTR
 uchar8 test passed. cl_mem_flags src: CL_MEM_USE_HOST_PTR dst: 0
 uchar8 test passed. cl_mem_flags src: CL_MEM_COPY_HOST_PTR dst: CL_MEM_ALLOC_HOST_PTR
 uchar8 test passed. cl_mem_flags src: CL_MEM_COPY_HOST_PTR dst: CL_MEM_ALLOC_HOST_PTR | CL_MEM_COPY_HOST_PTR
 uchar8 test passed. cl_mem_flags src: CL_MEM_COPY_HOST_PTR dst: CL_MEM_USE_HOST_PTR
 uchar8 test passed. cl_mem_flags src: CL_MEM_COPY_HOST_PTR dst: CL_MEM_COPY_HOST_PTR
 uchar8 test passed. cl_mem_flags src: CL_MEM_COPY_HOST_PTR dst: 0
 uchar8 test passed. cl_mem_flags src: 0 dst: CL_MEM_ALLOC_HOST_PTR
 uchar8 test passed. cl_mem_flags src: 0 dst: CL_MEM_ALLOC_HOST_PTR | CL_MEM_COPY_HOST_PTR
 uchar8 test passed. cl_mem_flags src: 0 dst: CL_MEM_USE_HOST_PTR
 uchar8 test passed. cl_mem_flags src: 0 dst: CL_MEM_COPY_HOST_PTR
 uchar8 test passed. cl_mem_flags src: 0 dst: 0
 uchar16 test passed. cl_mem_flags src: CL_MEM_ALLOC_HOST_PTR dst: CL_MEM_ALLOC_HOST_PTR
 uchar16 test passed. cl_mem_flags src: CL_MEM_ALLOC_HOST_PTR dst: CL_MEM_ALLOC_HOST_PTR | CL_MEM_COPY_HOST_PTR
 uchar16 test passed. cl_mem_flags src: CL_MEM_ALLOC_HOST_PTR dst: CL_MEM_USE_HOST_PTR
 uchar16 test passed. cl_mem_flags src: CL_MEM_ALLOC_HOST_PTR dst: CL_MEM_COPY_HOST_PTR
 uchar16 test passed. cl_mem_flags src: CL_MEM_ALLOC_HOST_PTR dst: 0
 uchar16 test passed. cl_mem_flags src: CL_MEM_ALLOC_HOST_PTR | CL_MEM_COPY_HOST_PTR dst: CL_MEM_ALLOC_HOST_PTR
 uchar16 test passed. cl_mem_flags src: CL_MEM_ALLOC_HOST_PTR | CL_MEM_COPY_HOST_PTR dst: CL_MEM_ALLOC_HOST_PTR | CL_MEM_COPY_HOST_PTR
 uchar16 test passed. cl_mem_flags src: CL_MEM_ALLOC_HOST_PTR | CL_MEM_COPY_HOST_PTR dst: CL_MEM_USE_HOST_PTR
 uchar16 test passed. cl_mem_flags src: CL_MEM_ALLOC_HOST_PTR | CL_MEM_COPY_HOST_PTR dst: CL_MEM_COPY_HOST_PTR
 uchar16 test passed. cl_mem_flags src: CL_MEM_ALLOC_HOST_PTR | CL_MEM_COPY_HOST_PTR dst: 0
 uchar16 test passed. cl_mem_flags src: CL_MEM_USE_HOST_PTR dst: CL_MEM_ALLOC_HOST_PTR
 uchar16 test passed. cl_mem_flags src: CL_MEM_USE_HOST_PTR dst: CL_MEM_ALLOC_HOST_PTR | CL_MEM_COPY_HOST_PTR
 uchar16 test passed. cl_mem_flags src: CL_MEM_USE_HOST_PTR dst: CL_MEM_USE_HOST_PTR
 uchar16 test passed. cl_mem_flags src: CL_MEM_USE_HOST_PTR dst: CL_MEM_COPY_HOST_PTR
 uchar16 test passed. cl_mem_flags src: CL_MEM_USE_HOST_PTR dst: 0
 uchar16 test passed. cl_mem_flags src: CL_MEM_COPY_HOST_PTR dst: CL_MEM_ALLOC_HOST_PTR
 uchar16 test passed. cl_mem_flags src: CL_MEM_COPY_HOST_PTR dst: CL_MEM_ALLOC_HOST_PTR | CL_MEM_COPY_HOST_PTR
 uchar16 test passed. cl_mem_flags src: CL_MEM_COPY_HOST_PTR dst: CL_MEM_USE_HOST_PTR
 uchar16 test passed. cl_mem_flags src: CL_MEM_COPY_HOST_PTR dst: CL_MEM_COPY_HOST_PTR
 uchar16 test passed. cl_mem_flags src: CL_MEM_COPY_HOST_PTR dst: 0
 uchar16 test passed. cl_mem_flags src: 0 dst: CL_MEM_ALLOC_HOST_PTR
 uchar16 test passed. cl_mem_flags src: 0 dst: CL_MEM_ALLOC_HOST_PTR | CL_MEM_COPY_HOST_PTR
 uchar16 test passed. cl_mem_flags src: 0 dst: CL_MEM_USE_HOST_PTR
 uchar16 test passed. cl_mem_flags src: 0 dst: CL_MEM_COPY_HOST_PTR
 uchar16 test passed. cl_mem_flags src: 0 dst: 0
buffer_map_write_uchar passed
buffer_map_write_float...
 float1 test passed. cl_mem_flags src: CL_MEM_ALLOC_HOST_PTR dst: CL_MEM_ALLOC_HOST_PTR
 float1 test passed. cl_mem_flags src: CL_MEM_ALLOC_HOST_PTR dst: CL_MEM_ALLOC_HOST_PTR | CL_MEM_COPY_HOST_PTR
 float1 test passed. cl_mem_flags src: CL_MEM_ALLOC_HOST_PTR dst: CL_MEM_USE_HOST_PTR
 float1 test passed. cl_mem_flags src: CL_MEM_ALLOC_HOST_PTR dst: CL_MEM_COPY_HOST_PTR
 float1 test passed. cl_mem_flags src: CL_MEM_ALLOC_HOST_PTR dst: 0
 float1 test passed. cl_mem_flags src: CL_MEM_ALLOC_HOST_PTR | CL_MEM_COPY_HOST_PTR dst: CL_MEM_ALLOC_HOST_PTR
 float1 test passed. cl_mem_flags src: CL_MEM_ALLOC_HOST_PTR | CL_MEM_COPY_HOST_PTR dst: CL_MEM_ALLOC_HOST_PTR | CL_MEM_COPY_HOST_PTR
 float1 test passed. cl_mem_flags src: CL_MEM_ALLOC_HOST_PTR | CL_MEM_COPY_HOST_PTR dst: CL_MEM_USE_HOST_PTR
 float1 test passed. cl_mem_flags src: CL_MEM_ALLOC_HOST_PTR | CL_MEM_COPY_HOST_PTR dst: CL_MEM_COPY_HOST_PTR
 float1 test passed. cl_mem_flags src: CL_MEM_ALLOC_HOST_PTR | CL_MEM_COPY_HOST_PTR dst: 0
 float1 test passed. cl_mem_flags src: CL_MEM_USE_HOST_PTR dst: CL_MEM_ALLOC_HOST_PTR
 float1 test passed. cl_mem_flags src: CL_MEM_USE_HOST_PTR dst: CL_MEM_ALLOC_HOST_PTR | CL_MEM_COPY_HOST_PTR
 float1 test passed. cl_mem_flags src: CL_MEM_USE_HOST_PTR dst: CL_MEM_USE_HOST_PTR
 float1 test passed. cl_mem_flags src: CL_MEM_USE_HOST_PTR dst: CL_MEM_COPY_HOST_PTR
 float1 test passed. cl_mem_flags src: CL_MEM_USE_HOST_PTR dst: 0
 float1 test passed. cl_mem_flags src: CL_MEM_COPY_HOST_PTR dst: CL_MEM_ALLOC_HOST_PTR
 float1 test passed. cl_mem_flags src: CL_MEM_COPY_HOST_PTR dst: CL_MEM_ALLOC_HOST_PTR | CL_MEM_COPY_HOST_PTR
 float1 test passed. cl_mem_flags src: CL_MEM_COPY_HOST_PTR dst: CL_MEM_USE_HOST_PTR
 float1 test passed. cl_mem_flags src: CL_MEM_COPY_HOST_PTR dst: CL_MEM_COPY_HOST_PTR
 float1 test passed. cl_mem_flags src: CL_MEM_COPY_HOST_PTR dst: 0
 float1 test passed. cl_mem_flags src: 0 dst: CL_MEM_ALLOC_HOST_PTR
 float1 test passed. cl_mem_flags src: 0 dst: CL_MEM_ALLOC_HOST_PTR | CL_MEM_COPY_HOST_PTR
 float1 test passed. cl_mem_flags src: 0 dst: CL_MEM_USE_HOST_PTR
 float1 test passed. cl_mem_flags src: 0 dst: CL_MEM_COPY_HOST_PTR
 float1 test passed. cl_mem_flags src: 0 dst: 0
 float2 test passed. cl_mem_flags src: CL_MEM_ALLOC_HOST_PTR dst: CL_MEM_ALLOC_HOST_PTR
 float2 test passed. cl_mem_flags src: CL_MEM_ALLOC_HOST_PTR dst: CL_MEM_ALLOC_HOST_PTR | CL_MEM_COPY_HOST_PTR
 float2 test passed. cl_mem_flags src: CL_MEM_ALLOC_HOST_PTR dst: CL_MEM_USE_HOST_PTR
 float2 test passed. cl_mem_flags src: CL_MEM_ALLOC_HOST_PTR dst: CL_MEM_COPY_HOST_PTR
 float2 test passed. cl_mem_flags src: CL_MEM_ALLOC_HOST_PTR dst: 0
 float2 test passed. cl_mem_flags src: CL_MEM_ALLOC_HOST_PTR | CL_MEM_COPY_HOST_PTR dst: CL_MEM_ALLOC_HOST_PTR
 float2 test passed. cl_mem_flags src: CL_MEM_ALLOC_HOST_PTR | CL_MEM_COPY_HOST_PTR dst: CL_MEM_ALLOC_HOST_PTR | CL_MEM_COPY_HOST_PTR
 float2 test passed. cl_mem_flags src: CL_MEM_ALLOC_HOST_PTR | CL_MEM_COPY_HOST_PTR dst: CL_MEM_USE_HOST_PTR
 float2 test passed. cl_mem_flags src: CL_MEM_ALLOC_HOST_PTR | CL_MEM_COPY_HOST_PTR dst: CL_MEM_COPY_HOST_PTR
 float2 test passed. cl_mem_flags src: CL_MEM_ALLOC_HOST_PTR | CL_MEM_COPY_HOST_PTR dst: 0
 float2 test passed. cl_mem_flags src: CL_MEM_USE_HOST_PTR dst: CL_MEM_ALLOC_HOST_PTR
 float2 test passed. cl_mem_flags src: CL_MEM_USE_HOST_PTR dst: CL_MEM_ALLOC_HOST_PTR | CL_MEM_COPY_HOST_PTR
 float2 test passed. cl_mem_flags src: CL_MEM_USE_HOST_PTR dst: CL_MEM_USE_HOST_PTR
 float2 test passed. cl_mem_flags src: CL_MEM_USE_HOST_PTR dst: CL_MEM_COPY_HOST_PTR
 float2 test passed. cl_mem_flags src: CL_MEM_USE_HOST_PTR dst: 0
 float2 test passed. cl_mem_flags src: CL_MEM_COPY_HOST_PTR dst: CL_MEM_ALLOC_HOST_PTR
 float2 test passed. cl_mem_flags src: CL_MEM_COPY_HOST_PTR dst: CL_MEM_ALLOC_HOST_PTR | CL_MEM_COPY_HOST_PTR
 float2 test passed. cl_mem_flags src: CL_MEM_COPY_HOST_PTR dst: CL_MEM_USE_HOST_PTR
 float2 test passed. cl_mem_flags src: CL_MEM_COPY_HOST_PTR dst: CL_MEM_COPY_HOST_PTR
 float2 test passed. cl_mem_flags src: CL_MEM_COPY_HOST_PTR dst: 0
 float2 test passed. cl_mem_flags src: 0 dst: CL_MEM_ALLOC_HOST_PTR
 float2 test passed. cl_mem_flags src: 0 dst: CL_MEM_ALLOC_HOST_PTR | CL_MEM_COPY_HOST_PTR
 float2 test passed. cl_mem_flags src: 0 dst: CL_MEM_USE_HOST_PTR
 float2 test passed. cl_mem_flags src: 0 dst: CL_MEM_COPY_HOST_PTR
 float2 test passed. cl_mem_flags src: 0 dst: 0
 float4 test passed. cl_mem_flags src: CL_MEM_ALLOC_HOST_PTR dst: CL_MEM_ALLOC_HOST_PTR
 float4 test passed. cl_mem_flags src: CL_MEM_ALLOC_HOST_PTR dst: CL_MEM_ALLOC_HOST_PTR | CL_MEM_COPY_HOST_PTR
 float4 test passed. cl_mem_flags src: CL_MEM_ALLOC_HOST_PTR dst: CL_MEM_USE_HOST_PTR
 float4 test passed. cl_mem_flags src: CL_MEM_ALLOC_HOST_PTR dst: CL_MEM_COPY_HOST_PTR
 float4 test passed. cl_mem_flags src: CL_MEM_ALLOC_HOST_PTR dst: 0
 float4 test passed. cl_mem_flags src: CL_MEM_ALLOC_HOST_PTR | CL_MEM_COPY_HOST_PTR dst: CL_MEM_ALLOC_HOST_PTR
 float4 test passed. cl_mem_flags src: CL_MEM_ALLOC_HOST_PTR | CL_MEM_COPY_HOST_PTR dst: CL_MEM_ALLOC_HOST_PTR | CL_MEM_COPY_HOST_PTR
 float4 test passed. cl_mem_flags src: CL_MEM_ALLOC_HOST_PTR | CL_MEM_COPY_HOST_PTR dst: CL_MEM_USE_HOST_PTR
 float4 test passed. cl_mem_flags src: CL_MEM_ALLOC_HOST_PTR | CL_MEM_COPY_HOST_PTR dst: CL_MEM_COPY_HOST_PTR
 float4 test passed. cl_mem_flags src: CL_MEM_ALLOC_HOST_PTR | CL_MEM_COPY_HOST_PTR dst: 0
 float4 test passed. cl_mem_flags src: CL_MEM_USE_HOST_PTR dst: CL_MEM_ALLOC_HOST_PTR
 float4 test passed. cl_mem_flags src: CL_MEM_USE_HOST_PTR dst: CL_MEM_ALLOC_HOST_PTR | CL_MEM_COPY_HOST_PTR
 float4 test passed. cl_mem_flags src: CL_MEM_USE_HOST_PTR dst: CL_MEM_USE_HOST_PTR
 float4 test passed. cl_mem_flags src: CL_MEM_USE_HOST_PTR dst: CL_MEM_COPY_HOST_PTR
 float4 test passed. cl_mem_flags src: CL_MEM_USE_HOST_PTR dst: 0
 float4 test passed. cl_mem_flags src: CL_MEM_COPY_HOST_PTR dst: CL_MEM_ALLOC_HOST_PTR
 float4 test passed. cl_mem_flags src: CL_MEM_COPY_HOST_PTR dst: CL_MEM_ALLOC_HOST_PTR | CL_MEM_COPY_HOST_PTR
 float4 test passed. cl_mem_flags src: CL_MEM_COPY_HOST_PTR dst: CL_MEM_USE_HOST_PTR
 float4 test passed. cl_mem_flags src: CL_MEM_COPY_HOST_PTR dst: CL_MEM_COPY_HOST_PTR
 float4 test passed. cl_mem_flags src: CL_MEM_COPY_HOST_PTR dst: 0
 float4 test passed. cl_mem_flags src: 0 dst: CL_MEM_ALLOC_HOST_PTR
 float4 test passed. cl_mem_flags src: 0 dst: CL_MEM_ALLOC_HOST_PTR | CL_MEM_COPY_HOST_PTR
 float4 test passed. cl_mem_flags src: 0 dst: CL_MEM_USE_HOST_PTR
 float4 test passed. cl_mem_flags src: 0 dst: CL_MEM_COPY_HOST_PTR
 float4 test passed. cl_mem_flags src: 0 dst: 0
 float8 test passed. cl_mem_flags src: CL_MEM_ALLOC_HOST_PTR dst: CL_MEM_ALLOC_HOST_PTR
 float8 test passed. cl_mem_flags src: CL_MEM_ALLOC_HOST_PTR dst: CL_MEM_ALLOC_HOST_PTR | CL_MEM_COPY_HOST_PTR
 float8 test passed. cl_mem_flags src: CL_MEM_ALLOC_HOST_PTR dst: CL_MEM_USE_HOST_PTR
 float8 test passed. cl_mem_flags src: CL_MEM_ALLOC_HOST_PTR dst: CL_MEM_COPY_HOST_PTR
 float8 test passed. cl_mem_flags src: CL_MEM_ALLOC_HOST_PTR dst: 0
 float8 test passed. cl_mem_flags src: CL_MEM_ALLOC_HOST_PTR | CL_MEM_COPY_HOST_PTR dst: CL_MEM_ALLOC_HOST_PTR
 float8 test passed. cl_mem_flags src: CL_MEM_ALLOC_HOST_PTR | CL_MEM_COPY_HOST_PTR dst: CL_MEM_ALLOC_HOST_PTR | CL_MEM_COPY_HOST_PTR
 float8 test passed. cl_mem_flags src: CL_MEM_ALLOC_HOST_PTR | CL_MEM_COPY_HOST_PTR dst: CL_MEM_USE_HOST_PTR
 float8 test passed. cl_mem_flags src: CL_MEM_ALLOC_HOST_PTR | CL_MEM_COPY_HOST_PTR dst: CL_MEM_COPY_HOST_PTR
 float8 test passed. cl_mem_flags src: CL_MEM_ALLOC_HOST_PTR | CL_MEM_COPY_HOST_PTR dst: 0
 float8 test passed. cl_mem_flags src: CL_MEM_USE_HOST_PTR dst: CL_MEM_ALLOC_HOST_PTR
 float8 test passed. cl_mem_flags src: CL_MEM_USE_HOST_PTR dst: CL_MEM_ALLOC_HOST_PTR | CL_MEM_COPY_HOST_PTR
 float8 test passed. cl_mem_flags src: CL_MEM_USE_HOST_PTR dst: CL_MEM_USE_HOST_PTR
 float8 test passed. cl_mem_flags src: CL_MEM_USE_HOST_PTR dst: CL_MEM_COPY_HOST_PTR
 float8 test passed. cl_mem_flags src: CL_MEM_USE_HOST_PTR dst: 0
 float8 test passed. cl_mem_flags src: CL_MEM_COPY_HOST_PTR dst: CL_MEM_ALLOC_HOST_PTR
 float8 test passed. cl_mem_flags src: CL_MEM_COPY_HOST_PTR dst: CL_MEM_ALLOC_HOST_PTR | CL_MEM_COPY_HOST_PTR
 float8 test passed. cl_mem_flags src: CL_MEM_COPY_HOST_PTR dst: CL_MEM_USE_HOST_PTR
 float8 test passed. cl_mem_flags src: CL_MEM_COPY_HOST_PTR dst: CL_MEM_COPY_HOST_PTR
 float8 test passed. cl_mem_flags src: CL_MEM_COPY_HOST_PTR dst: 0
 float8 test passed. cl_mem_flags src: 0 dst: CL_MEM_ALLOC_HOST_PTR
 float8 test passed. cl_mem_flags src: 0 dst: CL_MEM_ALLOC_HOST_PTR | CL_MEM_COPY_HOST_PTR
 float8 test passed. cl_mem_flags src: 0 dst: CL_MEM_USE_HOST_PTR
 float8 test passed. cl_mem_flags src: 0 dst: CL_MEM_COPY_HOST_PTR
 float8 test passed. cl_mem_flags src: 0 dst: 0
 float16 test passed. cl_mem_flags src: CL_MEM_ALLOC_HOST_PTR dst: CL_MEM_ALLOC_HOST_PTR
 float16 test passed. cl_mem_flags src: CL_MEM_ALLOC_HOST_PTR dst: CL_MEM_ALLOC_HOST_PTR | CL_MEM_COPY_HOST_PTR
 float16 test passed. cl_mem_flags src: CL_MEM_ALLOC_HOST_PTR dst: CL_MEM_USE_HOST_PTR
 float16 test passed. cl_mem_flags src: CL_MEM_ALLOC_HOST_PTR dst: CL_MEM_COPY_HOST_PTR
 float16 test passed. cl_mem_flags src: CL_MEM_ALLOC_HOST_PTR dst: 0
 float16 test passed. cl_mem_flags src: CL_MEM_ALLOC_HOST_PTR | CL_MEM_COPY_HOST_PTR dst: CL_MEM_ALLOC_HOST_PTR
 float16 test passed. cl_mem_flags src: CL_MEM_ALLOC_HOST_PTR | CL_MEM_COPY_HOST_PTR dst: CL_MEM_ALLOC_HOST_PTR | CL_MEM_COPY_HOST_PTR
 float16 test passed. cl_mem_flags src: CL_MEM_ALLOC_HOST_PTR | CL_MEM_COPY_HOST_PTR dst: CL_MEM_USE_HOST_PTR
 float16 test passed. cl_mem_flags src: CL_MEM_ALLOC_HOST_PTR | CL_MEM_COPY_HOST_PTR dst: CL_MEM_COPY_HOST_PTR
 float16 test passed. cl_mem_flags src: CL_MEM_ALLOC_HOST_PTR | CL_MEM_COPY_HOST_PTR dst: 0
 float16 test passed. cl_mem_flags src: CL_MEM_USE_HOST_PTR dst: CL_MEM_ALLOC_HOST_PTR
 float16 test passed. cl_mem_flags src: CL_MEM_USE_HOST_PTR dst: CL_MEM_ALLOC_HOST_PTR | CL_MEM_COPY_HOST_PTR
 float16 test passed. cl_mem_flags src: CL_MEM_USE_HOST_PTR dst: CL_MEM_USE_HOST_PTR
 float16 test passed. cl_mem_flags src: CL_MEM_USE_HOST_PTR dst: CL_MEM_COPY_HOST_PTR
 float16 test passed. cl_mem_flags src: CL_MEM_USE_HOST_PTR dst: 0
 float16 test passed. cl_mem_flags src: CL_MEM_COPY_HOST_PTR dst: CL_MEM_ALLOC_HOST_PTR
 float16 test passed. cl_mem_flags src: CL_MEM_COPY_HOST_PTR dst: CL_MEM_ALLOC_HOST_PTR | CL_MEM_COPY_HOST_PTR
 float16 test passed. cl_mem_flags src: CL_MEM_COPY_HOST_PTR dst: CL_MEM_USE_HOST_PTR
 float16 test passed. cl_mem_flags src: CL_MEM_COPY_HOST_PTR dst: CL_MEM_COPY_HOST_PTR
 float16 test passed. cl_mem_flags src: CL_MEM_COPY_HOST_PTR dst: 0
 float16 test passed. cl_mem_flags src: 0 dst: CL_MEM_ALLOC_HOST_PTR
 float16 test passed. cl_mem_flags src: 0 dst: CL_MEM_ALLOC_HOST_PTR | CL_MEM_COPY_HOST_PTR
 float16 test passed. cl_mem_flags src: 0 dst: CL_MEM_USE_HOST_PTR
 float16 test passed. cl_mem_flags src: 0 dst: CL_MEM_COPY_HOST_PTR
 float16 test passed. cl_mem_flags src: 0 dst: 0
buffer_map_write_float passed
buffer_map_write_struct...
 buffer_WRITE struct1 test passed. cl_mem_flags src: CL_MEM_ALLOC_HOST_PTR dst: CL_MEM_ALLOC_HOST_PTR
 buffer_WRITE struct1 test passed. cl_mem_flags src: CL_MEM_ALLOC_HOST_PTR dst: CL_MEM_ALLOC_HOST_PTR | CL_MEM_COPY_HOST_PTR
 buffer_WRITE struct1 test passed. cl_mem_flags src: CL_MEM_ALLOC_HOST_PTR dst: CL_MEM_USE_HOST_PTR
 buffer_WRITE struct1 test passed. cl_mem_flags src: CL_MEM_ALLOC_HOST_PTR dst: CL_MEM_COPY_HOST_PTR
 buffer_WRITE struct1 test passed. cl_mem_flags src: CL_MEM_ALLOC_HOST_PTR dst: 0
 buffer_WRITE struct1 test passed. cl_mem_flags src: CL_MEM_ALLOC_HOST_PTR | CL_MEM_COPY_HOST_PTR dst: CL_MEM_ALLOC_HOST_PTR
 buffer_WRITE struct1 test passed. cl_mem_flags src: CL_MEM_ALLOC_HOST_PTR | CL_MEM_COPY_HOST_PTR dst: CL_MEM_ALLOC_HOST_PTR | CL_MEM_COPY_HOST_PTR
 buffer_WRITE struct1 test passed. cl_mem_flags src: CL_MEM_ALLOC_HOST_PTR | CL_MEM_COPY_HOST_PTR dst: CL_MEM_USE_HOST_PTR
 buffer_WRITE struct1 test passed. cl_mem_flags src: CL_MEM_ALLOC_HOST_PTR | CL_MEM_COPY_HOST_PTR dst: CL_MEM_COPY_HOST_PTR
 buffer_WRITE struct1 test passed. cl_mem_flags src: CL_MEM_ALLOC_HOST_PTR | CL_MEM_COPY_HOST_PTR dst: 0
 buffer_WRITE struct1 test passed. cl_mem_flags src: CL_MEM_USE_HOST_PTR dst: CL_MEM_ALLOC_HOST_PTR
 buffer_WRITE struct1 test passed. cl_mem_flags src: CL_MEM_USE_HOST_PTR dst: CL_MEM_ALLOC_HOST_PTR | CL_MEM_COPY_HOST_PTR
 buffer_WRITE struct1 test passed. cl_mem_flags src: CL_MEM_USE_HOST_PTR dst: CL_MEM_USE_HOST_PTR
 buffer_WRITE struct1 test passed. cl_mem_flags src: CL_MEM_USE_HOST_PTR dst: CL_MEM_COPY_HOST_PTR
 buffer_WRITE struct1 test passed. cl_mem_flags src: CL_MEM_USE_HOST_PTR dst: 0
 buffer_WRITE struct1 test passed. cl_mem_flags src: CL_MEM_COPY_HOST_PTR dst: CL_MEM_ALLOC_HOST_PTR
 buffer_WRITE struct1 test passed. cl_mem_flags src: CL_MEM_COPY_HOST_PTR dst: CL_MEM_ALLOC_HOST_PTR | CL_MEM_COPY_HOST_PTR
 buffer_WRITE struct1 test passed. cl_mem_flags src: CL_MEM_COPY_HOST_PTR dst: CL_MEM_USE_HOST_PTR
 buffer_WRITE struct1 test passed. cl_mem_flags src: CL_MEM_COPY_HOST_PTR dst: CL_MEM_COPY_HOST_PTR
 buffer_WRITE struct1 test passed. cl_mem_flags src: CL_MEM_COPY_HOST_PTR dst: 0
 buffer_WRITE struct1 test passed. cl_mem_flags src: 0 dst: CL_MEM_ALLOC_HOST_PTR
 buffer_WRITE struct1 test passed. cl_mem_flags src: 0 dst: CL_MEM_ALLOC_HOST_PTR | CL_MEM_COPY_HOST_PTR
 buffer_WRITE struct1 test passed. cl_mem_flags src: 0 dst: CL_MEM_USE_HOST_PTR
 buffer_WRITE struct1 test passed. cl_mem_flags src: 0 dst: CL_MEM_COPY_HOST_PTR
 buffer_WRITE struct1 test passed. cl_mem_flags src: 0 dst: 0
buffer_map_write_struct passed
buffer_write_async_int...
Testing with cl_mem_flags src: CL_MEM_ALLOC_HOST_PTR dst: CL_MEM_ALLOC_HOST_PTR
 int1 test passed
 int2 test passed
 int4 test passed
 int8 test passed
 int16 test passed
Testing with cl_mem_flags src: CL_MEM_ALLOC_HOST_PTR dst: CL_MEM_ALLOC_HOST_PTR | CL_MEM_COPY_HOST_PTR
 int1 test passed
 int2 test passed
 int4 test passed
 int8 test passed
 int16 test passed
Testing with cl_mem_flags src: CL_MEM_ALLOC_HOST_PTR dst: CL_MEM_USE_HOST_PTR
 int1 test passed
 int2 test passed
 int4 test passed
 int8 test passed
 int16 test passed
Testing with cl_mem_flags src: CL_MEM_ALLOC_HOST_PTR dst: CL_MEM_COPY_HOST_PTR
 int1 test passed
 int2 test passed
 int4 test passed
 int8 test passed
 int16 test passed
Testing with cl_mem_flags src: CL_MEM_ALLOC_HOST_PTR dst: 0
 int1 test passed
 int2 test passed
 int4 test passed
 int8 test passed
 int16 test passed
Testing with cl_mem_flags src: CL_MEM_ALLOC_HOST_PTR | CL_MEM_COPY_HOST_PTR dst: CL_MEM_ALLOC_HOST_PTR
 int1 test passed
 int2 test passed
 int4 test passed
 int8 test passed
 int16 test passed
Testing with cl_mem_flags src: CL_MEM_ALLOC_HOST_PTR | CL_MEM_COPY_HOST_PTR dst: CL_MEM_ALLOC_HOST_PTR | CL_MEM_COPY_HOST_PTR
 int1 test passed
 int2 test passed
 int4 test passed
 int8 test passed
 int16 test passed
Testing with cl_mem_flags src: CL_MEM_ALLOC_HOST_PTR | CL_MEM_COPY_HOST_PTR dst: CL_MEM_USE_HOST_PTR
 int1 test passed
 int2 test passed
 int4 test passed
 int8 test passed
 int16 test passed
Testing with cl_mem_flags src: CL_MEM_ALLOC_HOST_PTR | CL_MEM_COPY_HOST_PTR dst: CL_MEM_COPY_HOST_PTR
 int1 test passed
 int2 test passed
 int4 test passed
 int8 test passed
 int16 test passed
Testing with cl_mem_flags src: CL_MEM_ALLOC_HOST_PTR | CL_MEM_COPY_HOST_PTR dst: 0
 int1 test passed
 int2 test passed
 int4 test passed
 int8 test passed
 int16 test passed
Testing with cl_mem_flags src: CL_MEM_USE_HOST_PTR dst: CL_MEM_ALLOC_HOST_PTR
 int1 test passed
 int2 test passed
 int4 test passed
 int8 test passed
 int16 test passed
Testing with cl_mem_flags src: CL_MEM_USE_HOST_PTR dst: CL_MEM_ALLOC_HOST_PTR | CL_MEM_COPY_HOST_PTR
 int1 test passed
 int2 test passed
 int4 test passed
 int8 test passed
 int16 test passed
Testing with cl_mem_flags src: CL_MEM_USE_HOST_PTR dst: CL_MEM_USE_HOST_PTR
 int1 test passed
 int2 test passed
 int4 test passed
 int8 test passed
 int16 test passed
Testing with cl_mem_flags src: CL_MEM_USE_HOST_PTR dst: CL_MEM_COPY_HOST_PTR
 int1 test passed
 int2 test passed
 int4 test passed
 int8 test passed
 int16 test passed
Testing with cl_mem_flags src: CL_MEM_USE_HOST_PTR dst: 0
 int1 test passed
 int2 test passed
 int4 test passed
 int8 test passed
 int16 test passed
Testing with cl_mem_flags src: CL_MEM_COPY_HOST_PTR dst: CL_MEM_ALLOC_HOST_PTR
 int1 test passed
 int2 test passed
 int4 test passed
 int8 test passed
 int16 test passed
Testing with cl_mem_flags src: CL_MEM_COPY_HOST_PTR dst: CL_MEM_ALLOC_HOST_PTR | CL_MEM_COPY_HOST_PTR
 int1 test passed
 int2 test passed
 int4 test passed
 int8 test passed
 int16 test passed
Testing with cl_mem_flags src: CL_MEM_COPY_HOST_PTR dst: CL_MEM_USE_HOST_PTR
 int1 test passed
 int2 test passed
 int4 test passed
 int8 test passed
 int16 test passed
Testing with cl_mem_flags src: CL_MEM_COPY_HOST_PTR dst: CL_MEM_COPY_HOST_PTR
 int1 test passed
 int2 test passed
 int4 test passed
 int8 test passed
 int16 test passed
Testing with cl_mem_flags src: CL_MEM_COPY_HOST_PTR dst: 0
 int1 test passed
 int2 test passed
 int4 test passed
 int8 test passed
 int16 test passed
Testing with cl_mem_flags src: 0 dst: CL_MEM_ALLOC_HOST_PTR
 int1 test passed
 int2 test passed
 int4 test passed
 int8 test passed
 int16 test passed
Testing with cl_mem_flags src: 0 dst: CL_MEM_ALLOC_HOST_PTR | CL_MEM_COPY_HOST_PTR
 int1 test passed
 int2 test passed
 int4 test passed
 int8 test passed
 int16 test passed
Testing with cl_mem_flags src: 0 dst: CL_MEM_USE_HOST_PTR
 int1 test passed
 int2 test passed
 int4 test passed
 int8 test passed
 int16 test passed
Testing with cl_mem_flags src: 0 dst: CL_MEM_COPY_HOST_PTR
 int1 test passed
 int2 test passed
 int4 test passed
 int8 test passed
 int16 test passed
Testing with cl_mem_flags src: 0 dst: 0
 int1 test passed
 int2 test passed
 int4 test passed
 int8 test passed
 int16 test passed
buffer_write_async_int passed
buffer_write_async_uint...
Testing with cl_mem_flags src: CL_MEM_ALLOC_HOST_PTR dst: CL_MEM_ALLOC_HOST_PTR
 uint1 test passed
 uint2 test passed
 uint4 test passed
 uint8 test passed
 uint16 test passed
Testing with cl_mem_flags src: CL_MEM_ALLOC_HOST_PTR dst: CL_MEM_ALLOC_HOST_PTR | CL_MEM_COPY_HOST_PTR
 uint1 test passed
 uint2 test passed
 uint4 test passed
 uint8 test passed
 uint16 test passed
Testing with cl_mem_flags src: CL_MEM_ALLOC_HOST_PTR dst: CL_MEM_USE_HOST_PTR
 uint1 test passed
 uint2 test passed
 uint4 test passed
 uint8 test passed
 uint16 test passed
Testing with cl_mem_flags src: CL_MEM_ALLOC_HOST_PTR dst: CL_MEM_COPY_HOST_PTR
 uint1 test passed
 uint2 test passed
 uint4 test passed
 uint8 test passed
 uint16 test passed
Testing with cl_mem_flags src: CL_MEM_ALLOC_HOST_PTR dst: 0
 uint1 test passed
 uint2 test passed
 uint4 test passed
 uint8 test passed
 uint16 test passed
Testing with cl_mem_flags src: CL_MEM_ALLOC_HOST_PTR | CL_MEM_COPY_HOST_PTR dst: CL_MEM_ALLOC_HOST_PTR
 uint1 test passed
 uint2 test passed
 uint4 test passed
 uint8 test passed
 uint16 test passed
Testing with cl_mem_flags src: CL_MEM_ALLOC_HOST_PTR | CL_MEM_COPY_HOST_PTR dst: CL_MEM_ALLOC_HOST_PTR | CL_MEM_COPY_HOST_PTR
 uint1 test passed
 uint2 test passed
 uint4 test passed
 uint8 test passed
 uint16 test passed
Testing with cl_mem_flags src: CL_MEM_ALLOC_HOST_PTR | CL_MEM_COPY_HOST_PTR dst: CL_MEM_USE_HOST_PTR
 uint1 test passed
 uint2 test passed
 uint4 test passed
 uint8 test passed
 uint16 test passed
Testing with cl_mem_flags src: CL_MEM_ALLOC_HOST_PTR | CL_MEM_COPY_HOST_PTR dst: CL_MEM_COPY_HOST_PTR
 uint1 test passed
 uint2 test passed
 uint4 test passed
 uint8 test passed
 uint16 test passed
Testing with cl_mem_flags src: CL_MEM_ALLOC_HOST_PTR | CL_MEM_COPY_HOST_PTR dst: 0
 uint1 test passed
 uint2 test passed
 uint4 test passed
 uint8 test passed
 uint16 test passed
Testing with cl_mem_flags src: CL_MEM_USE_HOST_PTR dst: CL_MEM_ALLOC_HOST_PTR
 uint1 test passed
 uint2 test passed
 uint4 test passed
 uint8 test passed
 uint16 test passed
Testing with cl_mem_flags src: CL_MEM_USE_HOST_PTR dst: CL_MEM_ALLOC_HOST_PTR | CL_MEM_COPY_HOST_PTR
 uint1 test passed
 uint2 test passed
 uint4 test passed
 uint8 test passed
 uint16 test passed
Testing with cl_mem_flags src: CL_MEM_USE_HOST_PTR dst: CL_MEM_USE_HOST_PTR
 uint1 test passed
 uint2 test passed
 uint4 test passed
 uint8 test passed
 uint16 test passed
Testing with cl_mem_flags src: CL_MEM_USE_HOST_PTR dst: CL_MEM_COPY_HOST_PTR
 uint1 test passed
 uint2 test passed
 uint4 test passed
 uint8 test passed
 uint16 test passed
Testing with cl_mem_flags src: CL_MEM_USE_HOST_PTR dst: 0
 uint1 test passed
 uint2 test passed
 uint4 test passed
 uint8 test passed
 uint16 test passed
Testing with cl_mem_flags src: CL_MEM_COPY_HOST_PTR dst: CL_MEM_ALLOC_HOST_PTR
 uint1 test passed
 uint2 test passed
 uint4 test passed
 uint8 test passed
 uint16 test passed
Testing with cl_mem_flags src: CL_MEM_COPY_HOST_PTR dst: CL_MEM_ALLOC_HOST_PTR | CL_MEM_COPY_HOST_PTR
 uint1 test passed
 uint2 test passed
 uint4 test passed
 uint8 test passed
 uint16 test passed
Testing with cl_mem_flags src: CL_MEM_COPY_HOST_PTR dst: CL_MEM_USE_HOST_PTR
 uint1 test passed
 uint2 test passed
 uint4 test passed
 uint8 test passed
 uint16 test passed
Testing with cl_mem_flags src: CL_MEM_COPY_HOST_PTR dst: CL_MEM_COPY_HOST_PTR
 uint1 test passed
 uint2 test passed
 uint4 test passed
 uint8 test passed
 uint16 test passed
Testing with cl_mem_flags src: CL_MEM_COPY_HOST_PTR dst: 0
 uint1 test passed
 uint2 test passed
 uint4 test passed
 uint8 test passed
 uint16 test passed
Testing with cl_mem_flags src: 0 dst: CL_MEM_ALLOC_HOST_PTR
 uint1 test passed
 uint2 test passed
 uint4 test passed
 uint8 test passed
 uint16 test passed
Testing with cl_mem_flags src: 0 dst: CL_MEM_ALLOC_HOST_PTR | CL_MEM_COPY_HOST_PTR
 uint1 test passed
 uint2 test passed
 uint4 test passed
 uint8 test passed
 uint16 test passed
Testing with cl_mem_flags src: 0 dst: CL_MEM_USE_HOST_PTR
 uint1 test passed
 uint2 test passed
 uint4 test passed
 uint8 test passed
 uint16 test passed
Testing with cl_mem_flags src: 0 dst: CL_MEM_COPY_HOST_PTR
 uint1 test passed
 uint2 test passed
 uint4 test passed
 uint8 test passed
 uint16 test passed
Testing with cl_mem_flags src: 0 dst: 0
 uint1 test passed
 uint2 test passed
 uint4 test passed
 uint8 test passed
 uint16 test passed
buffer_write_async_uint passed
buffer_write_async_short...
Testing with cl_mem_flags src: CL_MEM_ALLOC_HOST_PTR dst: CL_MEM_ALLOC_HOST_PTR
 short1 test passed
 short2 test passed
 short4 test passed
 short8 test passed
 short16 test passed
Testing with cl_mem_flags src: CL_MEM_ALLOC_HOST_PTR dst: CL_MEM_ALLOC_HOST_PTR | CL_MEM_COPY_HOST_PTR
 short1 test passed
 short2 test passed
 short4 test passed
 short8 test passed
 short16 test passed
Testing with cl_mem_flags src: CL_MEM_ALLOC_HOST_PTR dst: CL_MEM_USE_HOST_PTR
 short1 test passed
 short2 test passed
 short4 test passed
 short8 test passed
 short16 test passed
Testing with cl_mem_flags src: CL_MEM_ALLOC_HOST_PTR dst: CL_MEM_COPY_HOST_PTR
 short1 test passed
 short2 test passed
 short4 test passed
 short8 test passed
 short16 test passed
Testing with cl_mem_flags src: CL_MEM_ALLOC_HOST_PTR dst: 0
 short1 test passed
 short2 test passed
 short4 test passed
 short8 test passed
 short16 test passed
Testing with cl_mem_flags src: CL_MEM_ALLOC_HOST_PTR | CL_MEM_COPY_HOST_PTR dst: CL_MEM_ALLOC_HOST_PTR
 short1 test passed
 short2 test passed
 short4 test passed
 short8 test passed
 short16 test passed
Testing with cl_mem_flags src: CL_MEM_ALLOC_HOST_PTR | CL_MEM_COPY_HOST_PTR dst: CL_MEM_ALLOC_HOST_PTR | CL_MEM_COPY_HOST_PTR
 short1 test passed
 short2 test passed
 short4 test passed
 short8 test passed
 short16 test passed
Testing with cl_mem_flags src: CL_MEM_ALLOC_HOST_PTR | CL_MEM_COPY_HOST_PTR dst: CL_MEM_USE_HOST_PTR
 short1 test passed
 short2 test passed
 short4 test passed
 short8 test passed
 short16 test passed
Testing with cl_mem_flags src: CL_MEM_ALLOC_HOST_PTR | CL_MEM_COPY_HOST_PTR dst: CL_MEM_COPY_HOST_PTR
 short1 test passed
 short2 test passed
 short4 test passed
 short8 test passed
 short16 test passed
Testing with cl_mem_flags src: CL_MEM_ALLOC_HOST_PTR | CL_MEM_COPY_HOST_PTR dst: 0
 short1 test passed
 short2 test passed
 short4 test passed
 short8 test passed
 short16 test passed
Testing with cl_mem_flags src: CL_MEM_USE_HOST_PTR dst: CL_MEM_ALLOC_HOST_PTR
 short1 test passed
 short2 test passed
 short4 test passed
 short8 test passed
 short16 test passed
Testing with cl_mem_flags src: CL_MEM_USE_HOST_PTR dst: CL_MEM_ALLOC_HOST_PTR | CL_MEM_COPY_HOST_PTR
 short1 test passed
 short2 test passed
 short4 test passed
 short8 test passed
 short16 test passed
Testing with cl_mem_flags src: CL_MEM_USE_HOST_PTR dst: CL_MEM_USE_HOST_PTR
 short1 test passed
 short2 test passed
 short4 test passed
 short8 test passed
 short16 test passed
Testing with cl_mem_flags src: CL_MEM_USE_HOST_PTR dst: CL_MEM_COPY_HOST_PTR
 short1 test passed
 short2 test passed
 short4 test passed
 short8 test passed
 short16 test passed
Testing with cl_mem_flags src: CL_MEM_USE_HOST_PTR dst: 0
 short1 test passed
 short2 test passed
 short4 test passed
 short8 test passed
 short16 test passed
Testing with cl_mem_flags src: CL_MEM_COPY_HOST_PTR dst: CL_MEM_ALLOC_HOST_PTR
 short1 test passed
 short2 test passed
 short4 test passed
 short8 test passed
 short16 test passed
Testing with cl_mem_flags src: CL_MEM_COPY_HOST_PTR dst: CL_MEM_ALLOC_HOST_PTR | CL_MEM_COPY_HOST_PTR
 short1 test passed
 short2 test passed
 short4 test passed
 short8 test passed
 short16 test passed
Testing with cl_mem_flags src: CL_MEM_COPY_HOST_PTR dst: CL_MEM_USE_HOST_PTR
 short1 test passed
 short2 test passed
 short4 test passed
 short8 test passed
 short16 test passed
Testing with cl_mem_flags src: CL_MEM_COPY_HOST_PTR dst: CL_MEM_COPY_HOST_PTR
 short1 test passed
 short2 test passed
 short4 test passed
 short8 test passed
 short16 test passed
Testing with cl_mem_flags src: CL_MEM_COPY_HOST_PTR dst: 0
 short1 test passed
 short2 test passed
 short4 test passed
 short8 test passed
 short16 test passed
Testing with cl_mem_flags src: 0 dst: CL_MEM_ALLOC_HOST_PTR
 short1 test passed
 short2 test passed
 short4 test passed
 short8 test passed
 short16 test passed
Testing with cl_mem_flags src: 0 dst: CL_MEM_ALLOC_HOST_PTR | CL_MEM_COPY_HOST_PTR
 short1 test passed
 short2 test passed
 short4 test passed
 short8 test passed
 short16 test passed
Testing with cl_mem_flags src: 0 dst: CL_MEM_USE_HOST_PTR
 short1 test passed
 short2 test passed
 short4 test passed
 short8 test passed
 short16 test passed
Testing with cl_mem_flags src: 0 dst: CL_MEM_COPY_HOST_PTR
 short1 test passed
 short2 test passed
 short4 test passed
 short8 test passed
 short16 test passed
Testing with cl_mem_flags src: 0 dst: 0
 short1 test passed
 short2 test passed
 short4 test passed
 short8 test passed
 short16 test passed
buffer_write_async_short passed
buffer_write_async_ushort...
Testing with cl_mem_flags src: CL_MEM_ALLOC_HOST_PTR dst: CL_MEM_ALLOC_HOST_PTR
 ushort1 test passed
 ushort2 test passed
 ushort4 test passed
 ushort8 test passed
 ushort16 test passed
Testing with cl_mem_flags src: CL_MEM_ALLOC_HOST_PTR dst: CL_MEM_ALLOC_HOST_PTR | CL_MEM_COPY_HOST_PTR
 ushort1 test passed
 ushort2 test passed
 ushort4 test passed
 ushort8 test passed
 ushort16 test passed
Testing with cl_mem_flags src: CL_MEM_ALLOC_HOST_PTR dst: CL_MEM_USE_HOST_PTR
 ushort1 test passed
 ushort2 test passed
 ushort4 test passed
 ushort8 test passed
 ushort16 test passed
Testing with cl_mem_flags src: CL_MEM_ALLOC_HOST_PTR dst: CL_MEM_COPY_HOST_PTR
 ushort1 test passed
 ushort2 test passed
 ushort4 test passed
 ushort8 test passed
 ushort16 test passed
Testing with cl_mem_flags src: CL_MEM_ALLOC_HOST_PTR dst: 0
 ushort1 test passed
 ushort2 test passed
 ushort4 test passed
 ushort8 test passed
 ushort16 test passed
Testing with cl_mem_flags src: CL_MEM_ALLOC_HOST_PTR | CL_MEM_COPY_HOST_PTR dst: CL_MEM_ALLOC_HOST_PTR
 ushort1 test passed
 ushort2 test passed
 ushort4 test passed
 ushort8 test passed
 ushort16 test passed
Testing with cl_mem_flags src: CL_MEM_ALLOC_HOST_PTR | CL_MEM_COPY_HOST_PTR dst: CL_MEM_ALLOC_HOST_PTR | CL_MEM_COPY_HOST_PTR
 ushort1 test passed
 ushort2 test passed
 ushort4 test passed
 ushort8 test passed
 ushort16 test passed
Testing with cl_mem_flags src: CL_MEM_ALLOC_HOST_PTR | CL_MEM_COPY_HOST_PTR dst: CL_MEM_USE_HOST_PTR
 ushort1 test passed
 ushort2 test passed
 ushort4 test passed
 ushort8 test passed
 ushort16 test passed
Testing with cl_mem_flags src: CL_MEM_ALLOC_HOST_PTR | CL_MEM_COPY_HOST_PTR dst: CL_MEM_COPY_HOST_PTR
 ushort1 test passed
 ushort2 test passed
 ushort4 test passed
 ushort8 test passed
 ushort16 test passed
Testing with cl_mem_flags src: CL_MEM_ALLOC_HOST_PTR | CL_MEM_COPY_HOST_PTR dst: 0
 ushort1 test passed
 ushort2 test passed
 ushort4 test passed
 ushort8 test passed
 ushort16 test passed
Testing with cl_mem_flags src: CL_MEM_USE_HOST_PTR dst: CL_MEM_ALLOC_HOST_PTR
 ushort1 test passed
 ushort2 test passed
 ushort4 test passed
 ushort8 test passed
 ushort16 test passed
Testing with cl_mem_flags src: CL_MEM_USE_HOST_PTR dst: CL_MEM_ALLOC_HOST_PTR | CL_MEM_COPY_HOST_PTR
 ushort1 test passed
 ushort2 test passed
 ushort4 test passed
 ushort8 test passed
 ushort16 test passed
Testing with cl_mem_flags src: CL_MEM_USE_HOST_PTR dst: CL_MEM_USE_HOST_PTR
 ushort1 test passed
 ushort2 test passed
 ushort4 test passed
 ushort8 test passed
 ushort16 test passed
Testing with cl_mem_flags src: CL_MEM_USE_HOST_PTR dst: CL_MEM_COPY_HOST_PTR
 ushort1 test passed
 ushort2 test passed
 ushort4 test passed
 ushort8 test passed
 ushort16 test passed
Testing with cl_mem_flags src: CL_MEM_USE_HOST_PTR dst: 0
 ushort1 test passed
 ushort2 test passed
 ushort4 test passed
 ushort8 test passed
 ushort16 test passed
Testing with cl_mem_flags src: CL_MEM_COPY_HOST_PTR dst: CL_MEM_ALLOC_HOST_PTR
 ushort1 test passed
 ushort2 test passed
 ushort4 test passed
 ushort8 test passed
 ushort16 test passed
Testing with cl_mem_flags src: CL_MEM_COPY_HOST_PTR dst: CL_MEM_ALLOC_HOST_PTR | CL_MEM_COPY_HOST_PTR
 ushort1 test passed
 ushort2 test passed
 ushort4 test passed
 ushort8 test passed
 ushort16 test passed
Testing with cl_mem_flags src: CL_MEM_COPY_HOST_PTR dst: CL_MEM_USE_HOST_PTR
 ushort1 test passed
 ushort2 test passed
 ushort4 test passed
 ushort8 test passed
 ushort16 test passed
Testing with cl_mem_flags src: CL_MEM_COPY_HOST_PTR dst: CL_MEM_COPY_HOST_PTR
 ushort1 test passed
 ushort2 test passed
 ushort4 test passed
 ushort8 test passed
 ushort16 test passed
Testing with cl_mem_flags src: CL_MEM_COPY_HOST_PTR dst: 0
 ushort1 test passed
 ushort2 test passed
 ushort4 test passed
 ushort8 test passed
 ushort16 test passed
Testing with cl_mem_flags src: 0 dst: CL_MEM_ALLOC_HOST_PTR
 ushort1 test passed
 ushort2 test passed
 ushort4 test passed
 ushort8 test passed
 ushort16 test passed
Testing with cl_mem_flags src: 0 dst: CL_MEM_ALLOC_HOST_PTR | CL_MEM_COPY_HOST_PTR
 ushort1 test passed
 ushort2 test passed
 ushort4 test passed
 ushort8 test passed
 ushort16 test passed
Testing with cl_mem_flags src: 0 dst: CL_MEM_USE_HOST_PTR
 ushort1 test passed
 ushort2 test passed
 ushort4 test passed
 ushort8 test passed
 ushort16 test passed
Testing with cl_mem_flags src: 0 dst: CL_MEM_COPY_HOST_PTR
 ushort1 test passed
 ushort2 test passed
 ushort4 test passed
 ushort8 test passed
 ushort16 test passed
Testing with cl_mem_flags src: 0 dst: 0
 ushort1 test passed
 ushort2 test passed
 ushort4 test passed
 ushort8 test passed
 ushort16 test passed
buffer_write_async_ushort passed
buffer_write_async_char...
Testing with cl_mem_flags src: CL_MEM_ALLOC_HOST_PTR dst: CL_MEM_ALLOC_HOST_PTR
 char1 test passed
 char2 test passed
 char4 test passed
 char8 test passed
 char16 test passed
Testing with cl_mem_flags src: CL_MEM_ALLOC_HOST_PTR dst: CL_MEM_ALLOC_HOST_PTR | CL_MEM_COPY_HOST_PTR
 char1 test passed
 char2 test passed
 char4 test passed
 char8 test passed
 char16 test passed
Testing with cl_mem_flags src: CL_MEM_ALLOC_HOST_PTR dst: CL_MEM_USE_HOST_PTR
 char1 test passed
 char2 test passed
 char4 test passed
 char8 test passed
 char16 test passed
Testing with cl_mem_flags src: CL_MEM_ALLOC_HOST_PTR dst: CL_MEM_COPY_HOST_PTR
 char1 test passed
 char2 test passed
 char4 test passed
 char8 test passed
 char16 test passed
Testing with cl_mem_flags src: CL_MEM_ALLOC_HOST_PTR dst: 0
 char1 test passed
 char2 test passed
 char4 test passed
 char8 test passed
 char16 test passed
Testing with cl_mem_flags src: CL_MEM_ALLOC_HOST_PTR | CL_MEM_COPY_HOST_PTR dst: CL_MEM_ALLOC_HOST_PTR
 char1 test passed
 char2 test passed
 char4 test passed
 char8 test passed
 char16 test passed
Testing with cl_mem_flags src: CL_MEM_ALLOC_HOST_PTR | CL_MEM_COPY_HOST_PTR dst: CL_MEM_ALLOC_HOST_PTR | CL_MEM_COPY_HOST_PTR
 char1 test passed
 char2 test passed
 char4 test passed
 char8 test passed
 char16 test passed
Testing with cl_mem_flags src: CL_MEM_ALLOC_HOST_PTR | CL_MEM_COPY_HOST_PTR dst: CL_MEM_USE_HOST_PTR
 char1 test passed
 char2 test passed
 char4 test passed
 char8 test passed
 char16 test passed
Testing with cl_mem_flags src: CL_MEM_ALLOC_HOST_PTR | CL_MEM_COPY_HOST_PTR dst: CL_MEM_COPY_HOST_PTR
 char1 test passed
 char2 test passed
 char4 test passed
 char8 test passed
 char16 test passed
Testing with cl_mem_flags src: CL_MEM_ALLOC_HOST_PTR | CL_MEM_COPY_HOST_PTR dst: 0
 char1 test passed
 char2 test passed
 char4 test passed
 char8 test passed
 char16 test passed
Testing with cl_mem_flags src: CL_MEM_USE_HOST_PTR dst: CL_MEM_ALLOC_HOST_PTR
 char1 test passed
 char2 test passed
 char4 test passed
 char8 test passed
 char16 test passed
Testing with cl_mem_flags src: CL_MEM_USE_HOST_PTR dst: CL_MEM_ALLOC_HOST_PTR | CL_MEM_COPY_HOST_PTR
 char1 test passed
 char2 test passed
 char4 test passed
 char8 test passed
 char16 test passed
Testing with cl_mem_flags src: CL_MEM_USE_HOST_PTR dst: CL_MEM_USE_HOST_PTR
 char1 test passed
 char2 test passed
 char4 test passed
 char8 test passed
 char16 test passed
Testing with cl_mem_flags src: CL_MEM_USE_HOST_PTR dst: CL_MEM_COPY_HOST_PTR
 char1 test passed
 char2 test passed
 char4 test passed
 char8 test passed
 char16 test passed
Testing with cl_mem_flags src: CL_MEM_USE_HOST_PTR dst: 0
 char1 test passed
 char2 test passed
 char4 test passed
 char8 test passed
 char16 test passed
Testing with cl_mem_flags src: CL_MEM_COPY_HOST_PTR dst: CL_MEM_ALLOC_HOST_PTR
 char1 test passed
 char2 test passed
 char4 test passed
 char8 test passed
 char16 test passed
Testing with cl_mem_flags src: CL_MEM_COPY_HOST_PTR dst: CL_MEM_ALLOC_HOST_PTR | CL_MEM_COPY_HOST_PTR
 char1 test passed
 char2 test passed
 char4 test passed
 char8 test passed
 char16 test passed
Testing with cl_mem_flags src: CL_MEM_COPY_HOST_PTR dst: CL_MEM_USE_HOST_PTR
 char1 test passed
 char2 test passed
 char4 test passed
 char8 test passed
 char16 test passed
Testing with cl_mem_flags src: CL_MEM_COPY_HOST_PTR dst: CL_MEM_COPY_HOST_PTR
 char1 test passed
 char2 test passed
 char4 test passed
 char8 test passed
 char16 test passed
Testing with cl_mem_flags src: CL_MEM_COPY_HOST_PTR dst: 0
 char1 test passed
 char2 test passed
 char4 test passed
 char8 test passed
 char16 test passed
Testing with cl_mem_flags src: 0 dst: CL_MEM_ALLOC_HOST_PTR
 char1 test passed
 char2 test passed
 char4 test passed
 char8 test passed
 char16 test passed
Testing with cl_mem_flags src: 0 dst: CL_MEM_ALLOC_HOST_PTR | CL_MEM_COPY_HOST_PTR
 char1 test passed
 char2 test passed
 char4 test passed
 char8 test passed
 char16 test passed
Testing with cl_mem_flags src: 0 dst: CL_MEM_USE_HOST_PTR
 char1 test passed
 char2 test passed
 char4 test passed
 char8 test passed
 char16 test passed
Testing with cl_mem_flags src: 0 dst: CL_MEM_COPY_HOST_PTR
 char1 test passed
 char2 test passed
 char4 test passed
 char8 test passed
 char16 test passed
Testing with cl_mem_flags src: 0 dst: 0
 char1 test passed
 char2 test passed
 char4 test passed
 char8 test passed
 char16 test passed
buffer_write_async_char passed
buffer_write_async_uchar...
Testing with cl_mem_flags src: CL_MEM_ALLOC_HOST_PTR dst: CL_MEM_ALLOC_HOST_PTR
 uchar1 test passed
 uchar2 test passed
 uchar4 test passed
 uchar8 test passed
 uchar16 test passed
Testing with cl_mem_flags src: CL_MEM_ALLOC_HOST_PTR dst: CL_MEM_ALLOC_HOST_PTR | CL_MEM_COPY_HOST_PTR
 uchar1 test passed
 uchar2 test passed
 uchar4 test passed
 uchar8 test passed
 uchar16 test passed
Testing with cl_mem_flags src: CL_MEM_ALLOC_HOST_PTR dst: CL_MEM_USE_HOST_PTR
 uchar1 test passed
 uchar2 test passed
 uchar4 test passed
 uchar8 test passed
 uchar16 test passed
Testing with cl_mem_flags src: CL_MEM_ALLOC_HOST_PTR dst: CL_MEM_COPY_HOST_PTR
 uchar1 test passed
 uchar2 test passed
 uchar4 test passed
 uchar8 test passed
 uchar16 test passed
Testing with cl_mem_flags src: CL_MEM_ALLOC_HOST_PTR dst: 0
 uchar1 test passed
 uchar2 test passed
 uchar4 test passed
 uchar8 test passed
 uchar16 test passed
Testing with cl_mem_flags src: CL_MEM_ALLOC_HOST_PTR | CL_MEM_COPY_HOST_PTR dst: CL_MEM_ALLOC_HOST_PTR
 uchar1 test passed
 uchar2 test passed
 uchar4 test passed
 uchar8 test passed
 uchar16 test passed
Testing with cl_mem_flags src: CL_MEM_ALLOC_HOST_PTR | CL_MEM_COPY_HOST_PTR dst: CL_MEM_ALLOC_HOST_PTR | CL_MEM_COPY_HOST_PTR
 uchar1 test passed
 uchar2 test passed
 uchar4 test passed
 uchar8 test passed
 uchar16 test passed
Testing with cl_mem_flags src: CL_MEM_ALLOC_HOST_PTR | CL_MEM_COPY_HOST_PTR dst: CL_MEM_USE_HOST_PTR
 uchar1 test passed
 uchar2 test passed
 uchar4 test passed
 uchar8 test passed
 uchar16 test passed
Testing with cl_mem_flags src: CL_MEM_ALLOC_HOST_PTR | CL_MEM_COPY_HOST_PTR dst: CL_MEM_COPY_HOST_PTR
 uchar1 test passed
 uchar2 test passed
 uchar4 test passed
 uchar8 test passed
 uchar16 test passed
Testing with cl_mem_flags src: CL_MEM_ALLOC_HOST_PTR | CL_MEM_COPY_HOST_PTR dst: 0
 uchar1 test passed
 uchar2 test passed
 uchar4 test passed
 uchar8 test passed
 uchar16 test passed
Testing with cl_mem_flags src: CL_MEM_USE_HOST_PTR dst: CL_MEM_ALLOC_HOST_PTR
 uchar1 test passed
 uchar2 test passed
 uchar4 test passed
 uchar8 test passed
 uchar16 test passed
Testing with cl_mem_flags src: CL_MEM_USE_HOST_PTR dst: CL_MEM_ALLOC_HOST_PTR | CL_MEM_COPY_HOST_PTR
 uchar1 test passed
 uchar2 test passed
 uchar4 test passed
 uchar8 test passed
 uchar16 test passed
Testing with cl_mem_flags src: CL_MEM_USE_HOST_PTR dst: CL_MEM_USE_HOST_PTR
 uchar1 test passed
 uchar2 test passed
 uchar4 test passed
 uchar8 test passed
 uchar16 test passed
Testing with cl_mem_flags src: CL_MEM_USE_HOST_PTR dst: CL_MEM_COPY_HOST_PTR
 uchar1 test passed
 uchar2 test passed
 uchar4 test passed
 uchar8 test passed
 uchar16 test passed
Testing with cl_mem_flags src: CL_MEM_USE_HOST_PTR dst: 0
 uchar1 test passed
 uchar2 test passed
 uchar4 test passed
 uchar8 test passed
 uchar16 test passed
Testing with cl_mem_flags src: CL_MEM_COPY_HOST_PTR dst: CL_MEM_ALLOC_HOST_PTR
 uchar1 test passed
 uchar2 test passed
 uchar4 test passed
 uchar8 test passed
 uchar16 test passed
Testing with cl_mem_flags src: CL_MEM_COPY_HOST_PTR dst: CL_MEM_ALLOC_HOST_PTR | CL_MEM_COPY_HOST_PTR
 uchar1 test passed
 uchar2 test passed
 uchar4 test passed
 uchar8 test passed
 uchar16 test passed
Testing with cl_mem_flags src: CL_MEM_COPY_HOST_PTR dst: CL_MEM_USE_HOST_PTR
 uchar1 test passed
 uchar2 test passed
 uchar4 test passed
 uchar8 test passed
 uchar16 test passed
Testing with cl_mem_flags src: CL_MEM_COPY_HOST_PTR dst: CL_MEM_COPY_HOST_PTR
 uchar1 test passed
 uchar2 test passed
 uchar4 test passed
 uchar8 test passed
 uchar16 test passed
Testing with cl_mem_flags src: CL_MEM_COPY_HOST_PTR dst: 0
 uchar1 test passed
 uchar2 test passed
 uchar4 test passed
 uchar8 test passed
 uchar16 test passed
Testing with cl_mem_flags src: 0 dst: CL_MEM_ALLOC_HOST_PTR
 uchar1 test passed
 uchar2 test passed
 uchar4 test passed
 uchar8 test passed
 uchar16 test passed
Testing with cl_mem_flags src: 0 dst: CL_MEM_ALLOC_HOST_PTR | CL_MEM_COPY_HOST_PTR
 uchar1 test passed
 uchar2 test passed
 uchar4 test passed
 uchar8 test passed
 uchar16 test passed
Testing with cl_mem_flags src: 0 dst: CL_MEM_USE_HOST_PTR
 uchar1 test passed
 uchar2 test passed
 uchar4 test passed
 uchar8 test passed
 uchar16 test passed
Testing with cl_mem_flags src: 0 dst: CL_MEM_COPY_HOST_PTR
 uchar1 test passed
 uchar2 test passed
 uchar4 test passed
 uchar8 test passed
 uchar16 test passed
Testing with cl_mem_flags src: 0 dst: 0
 uchar1 test passed
 uchar2 test passed
 uchar4 test passed
 uchar8 test passed
 uchar16 test passed
buffer_write_async_uchar passed
buffer_write_async_float...
Testing with cl_mem_flags src: CL_MEM_ALLOC_HOST_PTR dst: CL_MEM_ALLOC_HOST_PTR
 float1 test passed
 float2 test passed
 float4 test passed
 float8 test passed
 float16 test passed
Testing with cl_mem_flags src: CL_MEM_ALLOC_HOST_PTR dst: CL_MEM_ALLOC_HOST_PTR | CL_MEM_COPY_HOST_PTR
 float1 test passed
 float2 test passed
 float4 test passed
 float8 test passed
 float16 test passed
Testing with cl_mem_flags src: CL_MEM_ALLOC_HOST_PTR dst: CL_MEM_USE_HOST_PTR
 float1 test passed
 float2 test passed
 float4 test passed
 float8 test passed
 float16 test passed
Testing with cl_mem_flags src: CL_MEM_ALLOC_HOST_PTR dst: CL_MEM_COPY_HOST_PTR
 float1 test passed
 float2 test passed
 float4 test passed
 float8 test passed
 float16 test passed
Testing with cl_mem_flags src: CL_MEM_ALLOC_HOST_PTR dst: 0
 float1 test passed
 float2 test passed
 float4 test passed
 float8 test passed
 float16 test passed
Testing with cl_mem_flags src: CL_MEM_ALLOC_HOST_PTR | CL_MEM_COPY_HOST_PTR dst: CL_MEM_ALLOC_HOST_PTR
 float1 test passed
 float2 test passed
 float4 test passed
 float8 test passed
 float16 test passed
Testing with cl_mem_flags src: CL_MEM_ALLOC_HOST_PTR | CL_MEM_COPY_HOST_PTR dst: CL_MEM_ALLOC_HOST_PTR | CL_MEM_COPY_HOST_PTR
 float1 test passed
 float2 test passed
 float4 test passed
 float8 test passed
 float16 test passed
Testing with cl_mem_flags src: CL_MEM_ALLOC_HOST_PTR | CL_MEM_COPY_HOST_PTR dst: CL_MEM_USE_HOST_PTR
 float1 test passed
 float2 test passed
 float4 test passed
 float8 test passed
 float16 test passed
Testing with cl_mem_flags src: CL_MEM_ALLOC_HOST_PTR | CL_MEM_COPY_HOST_PTR dst: CL_MEM_COPY_HOST_PTR
 float1 test passed
 float2 test passed
 float4 test passed
 float8 test passed
 float16 test passed
Testing with cl_mem_flags src: CL_MEM_ALLOC_HOST_PTR | CL_MEM_COPY_HOST_PTR dst: 0
 float1 test passed
 float2 test passed
 float4 test passed
 float8 test passed
 float16 test passed
Testing with cl_mem_flags src: CL_MEM_USE_HOST_PTR dst: CL_MEM_ALLOC_HOST_PTR
 float1 test passed
 float2 test passed
 float4 test passed
 float8 test passed
 float16 test passed
Testing with cl_mem_flags src: CL_MEM_USE_HOST_PTR dst: CL_MEM_ALLOC_HOST_PTR | CL_MEM_COPY_HOST_PTR
 float1 test passed
 float2 test passed
 float4 test passed
 float8 test passed
 float16 test passed
Testing with cl_mem_flags src: CL_MEM_USE_HOST_PTR dst: CL_MEM_USE_HOST_PTR
 float1 test passed
 float2 test passed
 float4 test passed
 float8 test passed
 float16 test passed
Testing with cl_mem_flags src: CL_MEM_USE_HOST_PTR dst: CL_MEM_COPY_HOST_PTR
 float1 test passed
 float2 test passed
 float4 test passed
 float8 test passed
 float16 test passed
Testing with cl_mem_flags src: CL_MEM_USE_HOST_PTR dst: 0
 float1 test passed
 float2 test passed
 float4 test passed
 float8 test passed
 float16 test passed
Testing with cl_mem_flags src: CL_MEM_COPY_HOST_PTR dst: CL_MEM_ALLOC_HOST_PTR
 float1 test passed
 float2 test passed
 float4 test passed
 float8 test passed
 float16 test passed
Testing with cl_mem_flags src: CL_MEM_COPY_HOST_PTR dst: CL_MEM_ALLOC_HOST_PTR | CL_MEM_COPY_HOST_PTR
 float1 test passed
 float2 test passed
 float4 test passed
 float8 test passed
 float16 test passed
Testing with cl_mem_flags src: CL_MEM_COPY_HOST_PTR dst: CL_MEM_USE_HOST_PTR
 float1 test passed
 float2 test passed
 float4 test passed
 float8 test passed
 float16 test passed
Testing with cl_mem_flags src: CL_MEM_COPY_HOST_PTR dst: CL_MEM_COPY_HOST_PTR
 float1 test passed
 float2 test passed
 float4 test passed
 float8 test passed
 float16 test passed
Testing with cl_mem_flags src: CL_MEM_COPY_HOST_PTR dst: 0
 float1 test passed
 float2 test passed
 float4 test passed
 float8 test passed
 float16 test passed
Testing with cl_mem_flags src: 0 dst: CL_MEM_ALLOC_HOST_PTR
 float1 test passed
 float2 test passed
 float4 test passed
 float8 test passed
 float16 test passed
Testing with cl_mem_flags src: 0 dst: CL_MEM_ALLOC_HOST_PTR | CL_MEM_COPY_HOST_PTR
 float1 test passed
 float2 test passed
 float4 test passed
 float8 test passed
 float16 test passed
Testing with cl_mem_flags src: 0 dst: CL_MEM_USE_HOST_PTR
 float1 test passed
 float2 test passed
 float4 test passed
 float8 test passed
 float16 test passed
Testing with cl_mem_flags src: 0 dst: CL_MEM_COPY_HOST_PTR
 float1 test passed
 float2 test passed
 float4 test passed
 float8 test passed
 float16 test passed
Testing with cl_mem_flags src: 0 dst: 0
 float1 test passed
 float2 test passed
 float4 test passed
 float8 test passed
 float16 test passed
buffer_write_async_float passed
buffer_write_async_long...
Testing with cl_mem_flags src: CL_MEM_ALLOC_HOST_PTR dst: CL_MEM_ALLOC_HOST_PTR
 cl_long1 test passed
 cl_long2 test passed
 cl_long4 test passed
 cl_long8 test passed
 cl_long16 test passed
Testing with cl_mem_flags src: CL_MEM_ALLOC_HOST_PTR dst: CL_MEM_ALLOC_HOST_PTR | CL_MEM_COPY_HOST_PTR
 cl_long1 test passed
 cl_long2 test passed
 cl_long4 test passed
 cl_long8 test passed
 cl_long16 test passed
Testing with cl_mem_flags src: CL_MEM_ALLOC_HOST_PTR dst: CL_MEM_USE_HOST_PTR
 cl_long1 test passed
 cl_long2 test passed
 cl_long4 test passed
 cl_long8 test passed
 cl_long16 test passed
Testing with cl_mem_flags src: CL_MEM_ALLOC_HOST_PTR dst: CL_MEM_COPY_HOST_PTR
 cl_long1 test passed
 cl_long2 test passed
 cl_long4 test passed
 cl_long8 test passed
 cl_long16 test passed
Testing with cl_mem_flags src: CL_MEM_ALLOC_HOST_PTR dst: 0
 cl_long1 test passed
 cl_long2 test passed
 cl_long4 test passed
 cl_long8 test passed
 cl_long16 test passed
Testing with cl_mem_flags src: CL_MEM_ALLOC_HOST_PTR | CL_MEM_COPY_HOST_PTR dst: CL_MEM_ALLOC_HOST_PTR
 cl_long1 test passed
 cl_long2 test passed
 cl_long4 test passed
 cl_long8 test passed
 cl_long16 test passed
Testing with cl_mem_flags src: CL_MEM_ALLOC_HOST_PTR | CL_MEM_COPY_HOST_PTR dst: CL_MEM_ALLOC_HOST_PTR | CL_MEM_COPY_HOST_PTR
 cl_long1 test passed
 cl_long2 test passed
 cl_long4 test passed
 cl_long8 test passed
 cl_long16 test passed
Testing with cl_mem_flags src: CL_MEM_ALLOC_HOST_PTR | CL_MEM_COPY_HOST_PTR dst: CL_MEM_USE_HOST_PTR
 cl_long1 test passed
 cl_long2 test passed
 cl_long4 test passed
 cl_long8 test passed
 cl_long16 test passed
Testing with cl_mem_flags src: CL_MEM_ALLOC_HOST_PTR | CL_MEM_COPY_HOST_PTR dst: CL_MEM_COPY_HOST_PTR
 cl_long1 test passed
 cl_long2 test passed
 cl_long4 test passed
 cl_long8 test passed
 cl_long16 test passed
Testing with cl_mem_flags src: CL_MEM_ALLOC_HOST_PTR | CL_MEM_COPY_HOST_PTR dst: 0
 cl_long1 test passed
 cl_long2 test passed
 cl_long4 test passed
 cl_long8 test passed
 cl_long16 test passed
Testing with cl_mem_flags src: CL_MEM_USE_HOST_PTR dst: CL_MEM_ALLOC_HOST_PTR
 cl_long1 test passed
 cl_long2 test passed
 cl_long4 test passed
 cl_long8 test passed
 cl_long16 test passed
Testing with cl_mem_flags src: CL_MEM_USE_HOST_PTR dst: CL_MEM_ALLOC_HOST_PTR | CL_MEM_COPY_HOST_PTR
 cl_long1 test passed
 cl_long2 test passed
 cl_long4 test passed
 cl_long8 test passed
 cl_long16 test passed
Testing with cl_mem_flags src: CL_MEM_USE_HOST_PTR dst: CL_MEM_USE_HOST_PTR
 cl_long1 test passed
 cl_long2 test passed
 cl_long4 test passed
 cl_long8 test passed
 cl_long16 test passed
Testing with cl_mem_flags src: CL_MEM_USE_HOST_PTR dst: CL_MEM_COPY_HOST_PTR
 cl_long1 test passed
 cl_long2 test passed
 cl_long4 test passed
 cl_long8 test passed
 cl_long16 test passed
Testing with cl_mem_flags src: CL_MEM_USE_HOST_PTR dst: 0
 cl_long1 test passed
 cl_long2 test passed
 cl_long4 test passed
 cl_long8 test passed
 cl_long16 test passed
Testing with cl_mem_flags src: CL_MEM_COPY_HOST_PTR dst: CL_MEM_ALLOC_HOST_PTR
 cl_long1 test passed
 cl_long2 test passed
 cl_long4 test passed
 cl_long8 test passed
 cl_long16 test passed
Testing with cl_mem_flags src: CL_MEM_COPY_HOST_PTR dst: CL_MEM_ALLOC_HOST_PTR | CL_MEM_COPY_HOST_PTR
 cl_long1 test passed
 cl_long2 test passed
 cl_long4 test passed
 cl_long8 test passed
 cl_long16 test passed
Testing with cl_mem_flags src: CL_MEM_COPY_HOST_PTR dst: CL_MEM_USE_HOST_PTR
 cl_long1 test passed
 cl_long2 test passed
 cl_long4 test passed
 cl_long8 test passed
 cl_long16 test passed
Testing with cl_mem_flags src: CL_MEM_COPY_HOST_PTR dst: CL_MEM_COPY_HOST_PTR
 cl_long1 test passed
 cl_long2 test passed
 cl_long4 test passed
 cl_long8 test passed
 cl_long16 test passed
Testing with cl_mem_flags src: CL_MEM_COPY_HOST_PTR dst: 0
 cl_long1 test passed
 cl_long2 test passed
 cl_long4 test passed
 cl_long8 test passed
 cl_long16 test passed
Testing with cl_mem_flags src: 0 dst: CL_MEM_ALLOC_HOST_PTR
 cl_long1 test passed
 cl_long2 test passed
 cl_long4 test passed
 cl_long8 test passed
 cl_long16 test passed
Testing with cl_mem_flags src: 0 dst: CL_MEM_ALLOC_HOST_PTR | CL_MEM_COPY_HOST_PTR
 cl_long1 test passed
 cl_long2 test passed
 cl_long4 test passed
 cl_long8 test passed
 cl_long16 test passed
Testing with cl_mem_flags src: 0 dst: CL_MEM_USE_HOST_PTR
 cl_long1 test passed
 cl_long2 test passed
 cl_long4 test passed
 cl_long8 test passed
 cl_long16 test passed
Testing with cl_mem_flags src: 0 dst: CL_MEM_COPY_HOST_PTR
 cl_long1 test passed
 cl_long2 test passed
 cl_long4 test passed
 cl_long8 test passed
 cl_long16 test passed
Testing with cl_mem_flags src: 0 dst: 0
 cl_long1 test passed
 cl_long2 test passed
 cl_long4 test passed
 cl_long8 test passed
 cl_long16 test passed
buffer_write_async_long passed
buffer_write_async_ulong...
Testing with cl_mem_flags src: CL_MEM_ALLOC_HOST_PTR dst: CL_MEM_ALLOC_HOST_PTR
 ulong long1 test passed
 ulong long2 test passed
 ulong long4 test passed
 ulong long8 test passed
 ulong long16 test passed
Testing with cl_mem_flags src: CL_MEM_ALLOC_HOST_PTR dst: CL_MEM_ALLOC_HOST_PTR | CL_MEM_COPY_HOST_PTR
 ulong long1 test passed
 ulong long2 test passed
 ulong long4 test passed
 ulong long8 test passed
 ulong long16 test passed
Testing with cl_mem_flags src: CL_MEM_ALLOC_HOST_PTR dst: CL_MEM_USE_HOST_PTR
 ulong long1 test passed
 ulong long2 test passed
 ulong long4 test passed
 ulong long8 test passed
 ulong long16 test passed
Testing with cl_mem_flags src: CL_MEM_ALLOC_HOST_PTR dst: CL_MEM_COPY_HOST_PTR
 ulong long1 test passed
 ulong long2 test passed
 ulong long4 test passed
 ulong long8 test passed
 ulong long16 test passed
Testing with cl_mem_flags src: CL_MEM_ALLOC_HOST_PTR dst: 0
 ulong long1 test passed
 ulong long2 test passed
 ulong long4 test passed
 ulong long8 test passed
 ulong long16 test passed
Testing with cl_mem_flags src: CL_MEM_ALLOC_HOST_PTR | CL_MEM_COPY_HOST_PTR dst: CL_MEM_ALLOC_HOST_PTR
 ulong long1 test passed
 ulong long2 test passed
 ulong long4 test passed
 ulong long8 test passed
 ulong long16 test passed
Testing with cl_mem_flags src: CL_MEM_ALLOC_HOST_PTR | CL_MEM_COPY_HOST_PTR dst: CL_MEM_ALLOC_HOST_PTR | CL_MEM_COPY_HOST_PTR
 ulong long1 test passed
 ulong long2 test passed
 ulong long4 test passed
 ulong long8 test passed
 ulong long16 test passed
Testing with cl_mem_flags src: CL_MEM_ALLOC_HOST_PTR | CL_MEM_COPY_HOST_PTR dst: CL_MEM_USE_HOST_PTR
 ulong long1 test passed
 ulong long2 test passed
 ulong long4 test passed
 ulong long8 test passed
 ulong long16 test passed
Testing with cl_mem_flags src: CL_MEM_ALLOC_HOST_PTR | CL_MEM_COPY_HOST_PTR dst: CL_MEM_COPY_HOST_PTR
 ulong long1 test passed
 ulong long2 test passed
 ulong long4 test passed
 ulong long8 test passed
 ulong long16 test passed
Testing with cl_mem_flags src: CL_MEM_ALLOC_HOST_PTR | CL_MEM_COPY_HOST_PTR dst: 0
 ulong long1 test passed
 ulong long2 test passed
 ulong long4 test passed
 ulong long8 test passed
 ulong long16 test passed
Testing with cl_mem_flags src: CL_MEM_USE_HOST_PTR dst: CL_MEM_ALLOC_HOST_PTR
 ulong long1 test passed
 ulong long2 test passed
 ulong long4 test passed
 ulong long8 test passed
 ulong long16 test passed
Testing with cl_mem_flags src: CL_MEM_USE_HOST_PTR dst: CL_MEM_ALLOC_HOST_PTR | CL_MEM_COPY_HOST_PTR
 ulong long1 test passed
 ulong long2 test passed
 ulong long4 test passed
 ulong long8 test passed
 ulong long16 test passed
Testing with cl_mem_flags src: CL_MEM_USE_HOST_PTR dst: CL_MEM_USE_HOST_PTR
 ulong long1 test passed
 ulong long2 test passed
 ulong long4 test passed
 ulong long8 test passed
 ulong long16 test passed
Testing with cl_mem_flags src: CL_MEM_USE_HOST_PTR dst: CL_MEM_COPY_HOST_PTR
 ulong long1 test passed
 ulong long2 test passed
 ulong long4 test passed
 ulong long8 test passed
 ulong long16 test passed
Testing with cl_mem_flags src: CL_MEM_USE_HOST_PTR dst: 0
 ulong long1 test passed
 ulong long2 test passed
 ulong long4 test passed
 ulong long8 test passed
 ulong long16 test passed
Testing with cl_mem_flags src: CL_MEM_COPY_HOST_PTR dst: CL_MEM_ALLOC_HOST_PTR
 ulong long1 test passed
 ulong long2 test passed
 ulong long4 test passed
 ulong long8 test passed
 ulong long16 test passed
Testing with cl_mem_flags src: CL_MEM_COPY_HOST_PTR dst: CL_MEM_ALLOC_HOST_PTR | CL_MEM_COPY_HOST_PTR
 ulong long1 test passed
 ulong long2 test passed
 ulong long4 test passed
 ulong long8 test passed
 ulong long16 test passed
Testing with cl_mem_flags src: CL_MEM_COPY_HOST_PTR dst: CL_MEM_USE_HOST_PTR
 ulong long1 test passed
 ulong long2 test passed
 ulong long4 test passed
 ulong long8 test passed
 ulong long16 test passed
Testing with cl_mem_flags src: CL_MEM_COPY_HOST_PTR dst: CL_MEM_COPY_HOST_PTR
 ulong long1 test passed
 ulong long2 test passed
 ulong long4 test passed
 ulong long8 test passed
 ulong long16 test passed
Testing with cl_mem_flags src: CL_MEM_COPY_HOST_PTR dst: 0
 ulong long1 test passed
 ulong long2 test passed
 ulong long4 test passed
 ulong long8 test passed
 ulong long16 test passed
Testing with cl_mem_flags src: 0 dst: CL_MEM_ALLOC_HOST_PTR
 ulong long1 test passed
 ulong long2 test passed
 ulong long4 test passed
 ulong long8 test passed
 ulong long16 test passed
Testing with cl_mem_flags src: 0 dst: CL_MEM_ALLOC_HOST_PTR | CL_MEM_COPY_HOST_PTR
 ulong long1 test passed
 ulong long2 test passed
 ulong long4 test passed
 ulong long8 test passed
 ulong long16 test passed
Testing with cl_mem_flags src: 0 dst: CL_MEM_USE_HOST_PTR
 ulong long1 test passed
 ulong long2 test passed
 ulong long4 test passed
 ulong long8 test passed
 ulong long16 test passed
Testing with cl_mem_flags src: 0 dst: CL_MEM_COPY_HOST_PTR
 ulong long1 test passed
 ulong long2 test passed
 ulong long4 test passed
 ulong long8 test passed
 ulong long16 test passed
Testing with cl_mem_flags src: 0 dst: 0
 ulong long1 test passed
 ulong long2 test passed
 ulong long4 test passed
 ulong long8 test passed
 ulong long16 test passed
buffer_write_async_ulong passed
write_from_immutable_buffer_to_buffer...
Immutable buffers cannot be mapped with CL_MEM_WRITE
write_from_immutable_buffer_to_buffer test not supported
mem_read_write_flags...
test passed
mem_read_write_flags passed
mem_write_only_flags...
mem_write_only_flags passed
mem_read_only_flags...
test passed
mem_read_only_flags passed
mem_copy_host_flags...
test passed
mem_copy_host_flags passed
mem_alloc_ref_flags...
test passed
mem_alloc_ref_flags passed
array_info_size...
 CL_MEM_SIZE passed.
array_info_size passed
buffer_map_read_int...
 int1 test passed. cl_mem_flags src: CL_MEM_ALLOC_HOST_PTR
 int1 test passed. cl_mem_flags src: CL_MEM_ALLOC_HOST_PTR | CL_MEM_COPY_HOST_PTR
 int1 test passed. cl_mem_flags src: CL_MEM_USE_HOST_PTR
 int1 test passed. cl_mem_flags src: CL_MEM_COPY_HOST_PTR
 int1 test passed. cl_mem_flags src: 0
 int2 test passed. cl_mem_flags src: CL_MEM_ALLOC_HOST_PTR
 int2 test passed. cl_mem_flags src: CL_MEM_ALLOC_HOST_PTR | CL_MEM_COPY_HOST_PTR
 int2 test passed. cl_mem_flags src: CL_MEM_USE_HOST_PTR
 int2 test passed. cl_mem_flags src: CL_MEM_COPY_HOST_PTR
 int2 test passed. cl_mem_flags src: 0
 int4 test passed. cl_mem_flags src: CL_MEM_ALLOC_HOST_PTR
 int4 test passed. cl_mem_flags src: CL_MEM_ALLOC_HOST_PTR | CL_MEM_COPY_HOST_PTR
 int4 test passed. cl_mem_flags src: CL_MEM_USE_HOST_PTR
 int4 test passed. cl_mem_flags src: CL_MEM_COPY_HOST_PTR
 int4 test passed. cl_mem_flags src: 0
 int8 test passed. cl_mem_flags src: CL_MEM_ALLOC_HOST_PTR
 int8 test passed. cl_mem_flags src: CL_MEM_ALLOC_HOST_PTR | CL_MEM_COPY_HOST_PTR
 int8 test passed. cl_mem_flags src: CL_MEM_USE_HOST_PTR
 int8 test passed. cl_mem_flags src: CL_MEM_COPY_HOST_PTR
 int8 test passed. cl_mem_flags src: 0
 int16 test passed. cl_mem_flags src: CL_MEM_ALLOC_HOST_PTR
 int16 test passed. cl_mem_flags src: CL_MEM_ALLOC_HOST_PTR | CL_MEM_COPY_HOST_PTR
 int16 test passed. cl_mem_flags src: CL_MEM_USE_HOST_PTR
 int16 test passed. cl_mem_flags src: CL_MEM_COPY_HOST_PTR
 int16 test passed. cl_mem_flags src: 0
buffer_map_read_int passed
buffer_map_read_uint...
 uint1 test passed. cl_mem_flags src: CL_MEM_ALLOC_HOST_PTR
 uint1 test passed. cl_mem_flags src: CL_MEM_ALLOC_HOST_PTR | CL_MEM_COPY_HOST_PTR
 uint1 test passed. cl_mem_flags src: CL_MEM_USE_HOST_PTR
 uint1 test passed. cl_mem_flags src: CL_MEM_COPY_HOST_PTR
 uint1 test passed. cl_mem_flags src: 0
 uint2 test passed. cl_mem_flags src: CL_MEM_ALLOC_HOST_PTR
 uint2 test passed. cl_mem_flags src: CL_MEM_ALLOC_HOST_PTR | CL_MEM_COPY_HOST_PTR
 uint2 test passed. cl_mem_flags src: CL_MEM_USE_HOST_PTR
 uint2 test passed. cl_mem_flags src: CL_MEM_COPY_HOST_PTR
 uint2 test passed. cl_mem_flags src: 0
 uint4 test passed. cl_mem_flags src: CL_MEM_ALLOC_HOST_PTR
 uint4 test passed. cl_mem_flags src: CL_MEM_ALLOC_HOST_PTR | CL_MEM_COPY_HOST_PTR
 uint4 test passed. cl_mem_flags src: CL_MEM_USE_HOST_PTR
 uint4 test passed. cl_mem_flags src: CL_MEM_COPY_HOST_PTR
 uint4 test passed. cl_mem_flags src: 0
 uint8 test passed. cl_mem_flags src: CL_MEM_ALLOC_HOST_PTR
 uint8 test passed. cl_mem_flags src: CL_MEM_ALLOC_HOST_PTR | CL_MEM_COPY_HOST_PTR
 uint8 test passed. cl_mem_flags src: CL_MEM_USE_HOST_PTR
 uint8 test passed. cl_mem_flags src: CL_MEM_COPY_HOST_PTR
 uint8 test passed. cl_mem_flags src: 0
 uint16 test passed. cl_mem_flags src: CL_MEM_ALLOC_HOST_PTR
 uint16 test passed. cl_mem_flags src: CL_MEM_ALLOC_HOST_PTR | CL_MEM_COPY_HOST_PTR
 uint16 test passed. cl_mem_flags src: CL_MEM_USE_HOST_PTR
 uint16 test passed. cl_mem_flags src: CL_MEM_COPY_HOST_PTR
 uint16 test passed. cl_mem_flags src: 0
buffer_map_read_uint passed
buffer_map_read_long...
 long1 test passed. cl_mem_flags src: CL_MEM_ALLOC_HOST_PTR
 long1 test passed. cl_mem_flags src: CL_MEM_ALLOC_HOST_PTR | CL_MEM_COPY_HOST_PTR
 long1 test passed. cl_mem_flags src: CL_MEM_USE_HOST_PTR
 long1 test passed. cl_mem_flags src: CL_MEM_COPY_HOST_PTR
 long1 test passed. cl_mem_flags src: 0
 long2 test passed. cl_mem_flags src: CL_MEM_ALLOC_HOST_PTR
 long2 test passed. cl_mem_flags src: CL_MEM_ALLOC_HOST_PTR | CL_MEM_COPY_HOST_PTR
 long2 test passed. cl_mem_flags src: CL_MEM_USE_HOST_PTR
 long2 test passed. cl_mem_flags src: CL_MEM_COPY_HOST_PTR
 long2 test passed. cl_mem_flags src: 0
 long4 test passed. cl_mem_flags src: CL_MEM_ALLOC_HOST_PTR
 long4 test passed. cl_mem_flags src: CL_MEM_ALLOC_HOST_PTR | CL_MEM_COPY_HOST_PTR
 long4 test passed. cl_mem_flags src: CL_MEM_USE_HOST_PTR
 long4 test passed. cl_mem_flags src: CL_MEM_COPY_HOST_PTR
 long4 test passed. cl_mem_flags src: 0
 long8 test passed. cl_mem_flags src: CL_MEM_ALLOC_HOST_PTR
 long8 test passed. cl_mem_flags src: CL_MEM_ALLOC_HOST_PTR | CL_MEM_COPY_HOST_PTR
 long8 test passed. cl_mem_flags src: CL_MEM_USE_HOST_PTR
 long8 test passed. cl_mem_flags src: CL_MEM_COPY_HOST_PTR
 long8 test passed. cl_mem_flags src: 0
 long16 test passed. cl_mem_flags src: CL_MEM_ALLOC_HOST_PTR
 long16 test passed. cl_mem_flags src: CL_MEM_ALLOC_HOST_PTR | CL_MEM_COPY_HOST_PTR
 long16 test passed. cl_mem_flags src: CL_MEM_USE_HOST_PTR
 long16 test passed. cl_mem_flags src: CL_MEM_COPY_HOST_PTR
 long16 test passed. cl_mem_flags src: 0
buffer_map_read_long passed
buffer_map_read_ulong...
 ulong1 test passed. cl_mem_flags src: CL_MEM_ALLOC_HOST_PTR
 ulong1 test passed. cl_mem_flags src: CL_MEM_ALLOC_HOST_PTR | CL_MEM_COPY_HOST_PTR
 ulong1 test passed. cl_mem_flags src: CL_MEM_USE_HOST_PTR
 ulong1 test passed. cl_mem_flags src: CL_MEM_COPY_HOST_PTR
 ulong1 test passed. cl_mem_flags src: 0
 ulong2 test passed. cl_mem_flags src: CL_MEM_ALLOC_HOST_PTR
 ulong2 test passed. cl_mem_flags src: CL_MEM_ALLOC_HOST_PTR | CL_MEM_COPY_HOST_PTR
 ulong2 test passed. cl_mem_flags src: CL_MEM_USE_HOST_PTR
 ulong2 test passed. cl_mem_flags src: CL_MEM_COPY_HOST_PTR
 ulong2 test passed. cl_mem_flags src: 0
 ulong4 test passed. cl_mem_flags src: CL_MEM_ALLOC_HOST_PTR
 ulong4 test passed. cl_mem_flags src: CL_MEM_ALLOC_HOST_PTR | CL_MEM_COPY_HOST_PTR
 ulong4 test passed. cl_mem_flags src: CL_MEM_USE_HOST_PTR
 ulong4 test passed. cl_mem_flags src: CL_MEM_COPY_HOST_PTR
 ulong4 test passed. cl_mem_flags src: 0
 ulong8 test passed. cl_mem_flags src: CL_MEM_ALLOC_HOST_PTR
 ulong8 test passed. cl_mem_flags src: CL_MEM_ALLOC_HOST_PTR | CL_MEM_COPY_HOST_PTR
 ulong8 test passed. cl_mem_flags src: CL_MEM_USE_HOST_PTR
 ulong8 test passed. cl_mem_flags src: CL_MEM_COPY_HOST_PTR
 ulong8 test passed. cl_mem_flags src: 0
 ulong16 test passed. cl_mem_flags src: CL_MEM_ALLOC_HOST_PTR
 ulong16 test passed. cl_mem_flags src: CL_MEM_ALLOC_HOST_PTR | CL_MEM_COPY_HOST_PTR
 ulong16 test passed. cl_mem_flags src: CL_MEM_USE_HOST_PTR
 ulong16 test passed. cl_mem_flags src: CL_MEM_COPY_HOST_PTR
 ulong16 test passed. cl_mem_flags src: 0
buffer_map_read_ulong passed
buffer_map_read_short...
 short1 test passed. cl_mem_flags src: CL_MEM_ALLOC_HOST_PTR
 short1 test passed. cl_mem_flags src: CL_MEM_ALLOC_HOST_PTR | CL_MEM_COPY_HOST_PTR
 short1 test passed. cl_mem_flags src: CL_MEM_USE_HOST_PTR
 short1 test passed. cl_mem_flags src: CL_MEM_COPY_HOST_PTR
 short1 test passed. cl_mem_flags src: 0
 short2 test passed. cl_mem_flags src: CL_MEM_ALLOC_HOST_PTR
 short2 test passed. cl_mem_flags src: CL_MEM_ALLOC_HOST_PTR | CL_MEM_COPY_HOST_PTR
 short2 test passed. cl_mem_flags src: CL_MEM_USE_HOST_PTR
 short2 test passed. cl_mem_flags src: CL_MEM_COPY_HOST_PTR
 short2 test passed. cl_mem_flags src: 0
 short4 test passed. cl_mem_flags src: CL_MEM_ALLOC_HOST_PTR
 short4 test passed. cl_mem_flags src: CL_MEM_ALLOC_HOST_PTR | CL_MEM_COPY_HOST_PTR
 short4 test passed. cl_mem_flags src: CL_MEM_USE_HOST_PTR
 short4 test passed. cl_mem_flags src: CL_MEM_COPY_HOST_PTR
 short4 test passed. cl_mem_flags src: 0
 short8 test passed. cl_mem_flags src: CL_MEM_ALLOC_HOST_PTR
 short8 test passed. cl_mem_flags src: CL_MEM_ALLOC_HOST_PTR | CL_MEM_COPY_HOST_PTR
 short8 test passed. cl_mem_flags src: CL_MEM_USE_HOST_PTR
 short8 test passed. cl_mem_flags src: CL_MEM_COPY_HOST_PTR
 short8 test passed. cl_mem_flags src: 0
 short16 test passed. cl_mem_flags src: CL_MEM_ALLOC_HOST_PTR
 short16 test passed. cl_mem_flags src: CL_MEM_ALLOC_HOST_PTR | CL_MEM_COPY_HOST_PTR
 short16 test passed. cl_mem_flags src: CL_MEM_USE_HOST_PTR
 short16 test passed. cl_mem_flags src: CL_MEM_COPY_HOST_PTR
 short16 test passed. cl_mem_flags src: 0
buffer_map_read_short passed
buffer_map_read_ushort...
 ushort1 test passed. cl_mem_flags src: CL_MEM_ALLOC_HOST_PTR
 ushort1 test passed. cl_mem_flags src: CL_MEM_ALLOC_HOST_PTR | CL_MEM_COPY_HOST_PTR
 ushort1 test passed. cl_mem_flags src: CL_MEM_USE_HOST_PTR
 ushort1 test passed. cl_mem_flags src: CL_MEM_COPY_HOST_PTR
 ushort1 test passed. cl_mem_flags src: 0
 ushort2 test passed. cl_mem_flags src: CL_MEM_ALLOC_HOST_PTR
 ushort2 test passed. cl_mem_flags src: CL_MEM_ALLOC_HOST_PTR | CL_MEM_COPY_HOST_PTR
 ushort2 test passed. cl_mem_flags src: CL_MEM_USE_HOST_PTR
 ushort2 test passed. cl_mem_flags src: CL_MEM_COPY_HOST_PTR
 ushort2 test passed. cl_mem_flags src: 0
 ushort4 test passed. cl_mem_flags src: CL_MEM_ALLOC_HOST_PTR
 ushort4 test passed. cl_mem_flags src: CL_MEM_ALLOC_HOST_PTR | CL_MEM_COPY_HOST_PTR
 ushort4 test passed. cl_mem_flags src: CL_MEM_USE_HOST_PTR
 ushort4 test passed. cl_mem_flags src: CL_MEM_COPY_HOST_PTR
 ushort4 test passed. cl_mem_flags src: 0
 ushort8 test passed. cl_mem_flags src: CL_MEM_ALLOC_HOST_PTR
 ushort8 test passed. cl_mem_flags src: CL_MEM_ALLOC_HOST_PTR | CL_MEM_COPY_HOST_PTR
 ushort8 test passed. cl_mem_flags src: CL_MEM_USE_HOST_PTR
 ushort8 test passed. cl_mem_flags src: CL_MEM_COPY_HOST_PTR
 ushort8 test passed. cl_mem_flags src: 0
 ushort16 test passed. cl_mem_flags src: CL_MEM_ALLOC_HOST_PTR
 ushort16 test passed. cl_mem_flags src: CL_MEM_ALLOC_HOST_PTR | CL_MEM_COPY_HOST_PTR
 ushort16 test passed. cl_mem_flags src: CL_MEM_USE_HOST_PTR
 ushort16 test passed. cl_mem_flags src: CL_MEM_COPY_HOST_PTR
 ushort16 test passed. cl_mem_flags src: 0
buffer_map_read_ushort passed
buffer_map_read_char...
 char1 test passed. cl_mem_flags src: CL_MEM_ALLOC_HOST_PTR
 char1 test passed. cl_mem_flags src: CL_MEM_ALLOC_HOST_PTR | CL_MEM_COPY_HOST_PTR
 char1 test passed. cl_mem_flags src: CL_MEM_USE_HOST_PTR
 char1 test passed. cl_mem_flags src: CL_MEM_COPY_HOST_PTR
 char1 test passed. cl_mem_flags src: 0
 char2 test passed. cl_mem_flags src: CL_MEM_ALLOC_HOST_PTR
 char2 test passed. cl_mem_flags src: CL_MEM_ALLOC_HOST_PTR | CL_MEM_COPY_HOST_PTR
 char2 test passed. cl_mem_flags src: CL_MEM_USE_HOST_PTR
 char2 test passed. cl_mem_flags src: CL_MEM_COPY_HOST_PTR
 char2 test passed. cl_mem_flags src: 0
 char4 test passed. cl_mem_flags src: CL_MEM_ALLOC_HOST_PTR
 char4 test passed. cl_mem_flags src: CL_MEM_ALLOC_HOST_PTR | CL_MEM_COPY_HOST_PTR
 char4 test passed. cl_mem_flags src: CL_MEM_USE_HOST_PTR
 char4 test passed. cl_mem_flags src: CL_MEM_COPY_HOST_PTR
 char4 test passed. cl_mem_flags src: 0
 char8 test passed. cl_mem_flags src: CL_MEM_ALLOC_HOST_PTR
 char8 test passed. cl_mem_flags src: CL_MEM_ALLOC_HOST_PTR | CL_MEM_COPY_HOST_PTR
 char8 test passed. cl_mem_flags src: CL_MEM_USE_HOST_PTR
 char8 test passed. cl_mem_flags src: CL_MEM_COPY_HOST_PTR
 char8 test passed. cl_mem_flags src: 0
 char16 test passed. cl_mem_flags src: CL_MEM_ALLOC_HOST_PTR
 char16 test passed. cl_mem_flags src: CL_MEM_ALLOC_HOST_PTR | CL_MEM_COPY_HOST_PTR
 char16 test passed. cl_mem_flags src: CL_MEM_USE_HOST_PTR
 char16 test passed. cl_mem_flags src: CL_MEM_COPY_HOST_PTR
 char16 test passed. cl_mem_flags src: 0
buffer_map_read_char passed
buffer_map_read_uchar...
 uchar1 test passed. cl_mem_flags src: CL_MEM_ALLOC_HOST_PTR
 uchar1 test passed. cl_mem_flags src: CL_MEM_ALLOC_HOST_PTR | CL_MEM_COPY_HOST_PTR
 uchar1 test passed. cl_mem_flags src: CL_MEM_USE_HOST_PTR
 uchar1 test passed. cl_mem_flags src: CL_MEM_COPY_HOST_PTR
 uchar1 test passed. cl_mem_flags src: 0
 uchar2 test passed. cl_mem_flags src: CL_MEM_ALLOC_HOST_PTR
 uchar2 test passed. cl_mem_flags src: CL_MEM_ALLOC_HOST_PTR | CL_MEM_COPY_HOST_PTR
 uchar2 test passed. cl_mem_flags src: CL_MEM_USE_HOST_PTR
 uchar2 test passed. cl_mem_flags src: CL_MEM_COPY_HOST_PTR
 uchar2 test passed. cl_mem_flags src: 0
 uchar4 test passed. cl_mem_flags src: CL_MEM_ALLOC_HOST_PTR
 uchar4 test passed. cl_mem_flags src: CL_MEM_ALLOC_HOST_PTR | CL_MEM_COPY_HOST_PTR
 uchar4 test passed. cl_mem_flags src: CL_MEM_USE_HOST_PTR
 uchar4 test passed. cl_mem_flags src: CL_MEM_COPY_HOST_PTR
 uchar4 test passed. cl_mem_flags src: 0
 uchar8 test passed. cl_mem_flags src: CL_MEM_ALLOC_HOST_PTR
 uchar8 test passed. cl_mem_flags src: CL_MEM_ALLOC_HOST_PTR | CL_MEM_COPY_HOST_PTR
 uchar8 test passed. cl_mem_flags src: CL_MEM_USE_HOST_PTR
 uchar8 test passed. cl_mem_flags src: CL_MEM_COPY_HOST_PTR
 uchar8 test passed. cl_mem_flags src: 0
 uchar16 test passed. cl_mem_flags src: CL_MEM_ALLOC_HOST_PTR
 uchar16 test passed. cl_mem_flags src: CL_MEM_ALLOC_HOST_PTR | CL_MEM_COPY_HOST_PTR
 uchar16 test passed. cl_mem_flags src: CL_MEM_USE_HOST_PTR
 uchar16 test passed. cl_mem_flags src: CL_MEM_COPY_HOST_PTR
 uchar16 test passed. cl_mem_flags src: 0
buffer_map_read_uchar passed
buffer_map_read_float...
 float1 test passed. cl_mem_flags src: CL_MEM_ALLOC_HOST_PTR
 float1 test passed. cl_mem_flags src: CL_MEM_ALLOC_HOST_PTR | CL_MEM_COPY_HOST_PTR
 float1 test passed. cl_mem_flags src: CL_MEM_USE_HOST_PTR
 float1 test passed. cl_mem_flags src: CL_MEM_COPY_HOST_PTR
 float1 test passed. cl_mem_flags src: 0
 float2 test passed. cl_mem_flags src: CL_MEM_ALLOC_HOST_PTR
 float2 test passed. cl_mem_flags src: CL_MEM_ALLOC_HOST_PTR | CL_MEM_COPY_HOST_PTR
 float2 test passed. cl_mem_flags src: CL_MEM_USE_HOST_PTR
 float2 test passed. cl_mem_flags src: CL_MEM_COPY_HOST_PTR
 float2 test passed. cl_mem_flags src: 0
 float4 test passed. cl_mem_flags src: CL_MEM_ALLOC_HOST_PTR
 float4 test passed. cl_mem_flags src: CL_MEM_ALLOC_HOST_PTR | CL_MEM_COPY_HOST_PTR
 float4 test passed. cl_mem_flags src: CL_MEM_USE_HOST_PTR
 float4 test passed. cl_mem_flags src: CL_MEM_COPY_HOST_PTR
 float4 test passed. cl_mem_flags src: 0
 float8 test passed. cl_mem_flags src: CL_MEM_ALLOC_HOST_PTR
 float8 test passed. cl_mem_flags src: CL_MEM_ALLOC_HOST_PTR | CL_MEM_COPY_HOST_PTR
 float8 test passed. cl_mem_flags src: CL_MEM_USE_HOST_PTR
 float8 test passed. cl_mem_flags src: CL_MEM_COPY_HOST_PTR
 float8 test passed. cl_mem_flags src: 0
 float16 test passed. cl_mem_flags src: CL_MEM_ALLOC_HOST_PTR
 float16 test passed. cl_mem_flags src: CL_MEM_ALLOC_HOST_PTR | CL_MEM_COPY_HOST_PTR
 float16 test passed. cl_mem_flags src: CL_MEM_USE_HOST_PTR
 float16 test passed. cl_mem_flags src: CL_MEM_COPY_HOST_PTR
 float16 test passed. cl_mem_flags src: 0
buffer_map_read_float passed
immutable_buffer_map_int...
 int1 test passed. cl_mem_flags src: CL_MEM_IMMUTABLE_EXT | CL_MEM_USE_HOST_PTR
 int1 test passed. cl_mem_flags src: CL_MEM_IMMUTABLE_EXT | CL_MEM_COPY_HOST_PTR
 int1 test passed. cl_mem_flags src: CL_MEM_IMMUTABLE_EXT | CL_MEM_COPY_HOST_PTR | CL_MEM_ALLOC_HOST_PTR
 int2 test passed. cl_mem_flags src: CL_MEM_IMMUTABLE_EXT | CL_MEM_USE_HOST_PTR
 int2 test passed. cl_mem_flags src: CL_MEM_IMMUTABLE_EXT | CL_MEM_COPY_HOST_PTR
 int2 test passed. cl_mem_flags src: CL_MEM_IMMUTABLE_EXT | CL_MEM_COPY_HOST_PTR | CL_MEM_ALLOC_HOST_PTR
 int4 test passed. cl_mem_flags src: CL_MEM_IMMUTABLE_EXT | CL_MEM_USE_HOST_PTR
 int4 test passed. cl_mem_flags src: CL_MEM_IMMUTABLE_EXT | CL_MEM_COPY_HOST_PTR
 int4 test passed. cl_mem_flags src: CL_MEM_IMMUTABLE_EXT | CL_MEM_COPY_HOST_PTR | CL_MEM_ALLOC_HOST_PTR
 int8 test passed. cl_mem_flags src: CL_MEM_IMMUTABLE_EXT | CL_MEM_USE_HOST_PTR
 int8 test passed. cl_mem_flags src: CL_MEM_IMMUTABLE_EXT | CL_MEM_COPY_HOST_PTR
 int8 test passed. cl_mem_flags src: CL_MEM_IMMUTABLE_EXT | CL_MEM_COPY_HOST_PTR | CL_MEM_ALLOC_HOST_PTR
 int16 test passed. cl_mem_flags src: CL_MEM_IMMUTABLE_EXT | CL_MEM_USE_HOST_PTR
 int16 test passed. cl_mem_flags src: CL_MEM_IMMUTABLE_EXT | CL_MEM_COPY_HOST_PTR
 int16 test passed. cl_mem_flags src: CL_MEM_IMMUTABLE_EXT | CL_MEM_COPY_HOST_PTR | CL_MEM_ALLOC_HOST_PTR
immutable_buffer_map_int passed
immutable_buffer_map_uint...
 uint1 test passed. cl_mem_flags src: CL_MEM_IMMUTABLE_EXT | CL_MEM_USE_HOST_PTR
 uint1 test passed. cl_mem_flags src: CL_MEM_IMMUTABLE_EXT | CL_MEM_COPY_HOST_PTR
 uint1 test passed. cl_mem_flags src: CL_MEM_IMMUTABLE_EXT | CL_MEM_COPY_HOST_PTR | CL_MEM_ALLOC_HOST_PTR
 uint2 test passed. cl_mem_flags src: CL_MEM_IMMUTABLE_EXT | CL_MEM_USE_HOST_PTR
 uint2 test passed. cl_mem_flags src: CL_MEM_IMMUTABLE_EXT | CL_MEM_COPY_HOST_PTR
 uint2 test passed. cl_mem_flags src: CL_MEM_IMMUTABLE_EXT | CL_MEM_COPY_HOST_PTR | CL_MEM_ALLOC_HOST_PTR
 uint4 test passed. cl_mem_flags src: CL_MEM_IMMUTABLE_EXT | CL_MEM_USE_HOST_PTR
 uint4 test passed. cl_mem_flags src: CL_MEM_IMMUTABLE_EXT | CL_MEM_COPY_HOST_PTR
 uint4 test passed. cl_mem_flags src: CL_MEM_IMMUTABLE_EXT | CL_MEM_COPY_HOST_PTR | CL_MEM_ALLOC_HOST_PTR
 uint8 test passed. cl_mem_flags src: CL_MEM_IMMUTABLE_EXT | CL_MEM_USE_HOST_PTR
 uint8 test passed. cl_mem_flags src: CL_MEM_IMMUTABLE_EXT | CL_MEM_COPY_HOST_PTR
 uint8 test passed. cl_mem_flags src: CL_MEM_IMMUTABLE_EXT | CL_MEM_COPY_HOST_PTR | CL_MEM_ALLOC_HOST_PTR
 uint16 test passed. cl_mem_flags src: CL_MEM_IMMUTABLE_EXT | CL_MEM_USE_HOST_PTR
 uint16 test passed. cl_mem_flags src: CL_MEM_IMMUTABLE_EXT | CL_MEM_COPY_HOST_PTR
 uint16 test passed. cl_mem_flags src: CL_MEM_IMMUTABLE_EXT | CL_MEM_COPY_HOST_PTR | CL_MEM_ALLOC_HOST_PTR
immutable_buffer_map_uint passed
immutable_buffer_map_long...
 long1 test passed. cl_mem_flags src: CL_MEM_IMMUTABLE_EXT | CL_MEM_USE_HOST_PTR
 long1 test passed. cl_mem_flags src: CL_MEM_IMMUTABLE_EXT | CL_MEM_COPY_HOST_PTR
 long1 test passed. cl_mem_flags src: CL_MEM_IMMUTABLE_EXT | CL_MEM_COPY_HOST_PTR | CL_MEM_ALLOC_HOST_PTR
 long2 test passed. cl_mem_flags src: CL_MEM_IMMUTABLE_EXT | CL_MEM_USE_HOST_PTR
 long2 test passed. cl_mem_flags src: CL_MEM_IMMUTABLE_EXT | CL_MEM_COPY_HOST_PTR
 long2 test passed. cl_mem_flags src: CL_MEM_IMMUTABLE_EXT | CL_MEM_COPY_HOST_PTR | CL_MEM_ALLOC_HOST_PTR
 long4 test passed. cl_mem_flags src: CL_MEM_IMMUTABLE_EXT | CL_MEM_USE_HOST_PTR
 long4 test passed. cl_mem_flags src: CL_MEM_IMMUTABLE_EXT | CL_MEM_COPY_HOST_PTR
 long4 test passed. cl_mem_flags src: CL_MEM_IMMUTABLE_EXT | CL_MEM_COPY_HOST_PTR | CL_MEM_ALLOC_HOST_PTR
 long8 test passed. cl_mem_flags src: CL_MEM_IMMUTABLE_EXT | CL_MEM_USE_HOST_PTR
 long8 test passed. cl_mem_flags src: CL_MEM_IMMUTABLE_EXT | CL_MEM_COPY_HOST_PTR
 long8 test passed. cl_mem_flags src: CL_MEM_IMMUTABLE_EXT | CL_MEM_COPY_HOST_PTR | CL_MEM_ALLOC_HOST_PTR
 long16 test passed. cl_mem_flags src: CL_MEM_IMMUTABLE_EXT | CL_MEM_USE_HOST_PTR
 long16 test passed. cl_mem_flags src: CL_MEM_IMMUTABLE_EXT | CL_MEM_COPY_HOST_PTR
 long16 test passed. cl_mem_flags src: CL_MEM_IMMUTABLE_EXT | CL_MEM_COPY_HOST_PTR | CL_MEM_ALLOC_HOST_PTR
immutable_buffer_map_long passed
immutable_buffer_map_ulong...
 ulong1 test passed. cl_mem_flags src: CL_MEM_IMMUTABLE_EXT | CL_MEM_USE_HOST_PTR
 ulong1 test passed. cl_mem_flags src: CL_MEM_IMMUTABLE_EXT | CL_MEM_COPY_HOST_PTR
 ulong1 test passed. cl_mem_flags src: CL_MEM_IMMUTABLE_EXT | CL_MEM_COPY_HOST_PTR | CL_MEM_ALLOC_HOST_PTR
 ulong2 test passed. cl_mem_flags src: CL_MEM_IMMUTABLE_EXT | CL_MEM_USE_HOST_PTR
 ulong2 test passed. cl_mem_flags src: CL_MEM_IMMUTABLE_EXT | CL_MEM_COPY_HOST_PTR
 ulong2 test passed. cl_mem_flags src: CL_MEM_IMMUTABLE_EXT | CL_MEM_COPY_HOST_PTR | CL_MEM_ALLOC_HOST_PTR
 ulong4 test passed. cl_mem_flags src: CL_MEM_IMMUTABLE_EXT | CL_MEM_USE_HOST_PTR
 ulong4 test passed. cl_mem_flags src: CL_MEM_IMMUTABLE_EXT | CL_MEM_COPY_HOST_PTR
 ulong4 test passed. cl_mem_flags src: CL_MEM_IMMUTABLE_EXT | CL_MEM_COPY_HOST_PTR | CL_MEM_ALLOC_HOST_PTR
 ulong8 test passed. cl_mem_flags src: CL_MEM_IMMUTABLE_EXT | CL_MEM_USE_HOST_PTR
 ulong8 test passed. cl_mem_flags src: CL_MEM_IMMUTABLE_EXT | CL_MEM_COPY_HOST_PTR
 ulong8 test passed. cl_mem_flags src: CL_MEM_IMMUTABLE_EXT | CL_MEM_COPY_HOST_PTR | CL_MEM_ALLOC_HOST_PTR
 ulong16 test passed. cl_mem_flags src: CL_MEM_IMMUTABLE_EXT | CL_MEM_USE_HOST_PTR
 ulong16 test passed. cl_mem_flags src: CL_MEM_IMMUTABLE_EXT | CL_MEM_COPY_HOST_PTR
 ulong16 test passed. cl_mem_flags src: CL_MEM_IMMUTABLE_EXT | CL_MEM_COPY_HOST_PTR | CL_MEM_ALLOC_HOST_PTR
immutable_buffer_map_ulong passed
immutable_buffer_map_short...
 short1 test passed. cl_mem_flags src: CL_MEM_IMMUTABLE_EXT | CL_MEM_USE_HOST_PTR
 short1 test passed. cl_mem_flags src: CL_MEM_IMMUTABLE_EXT | CL_MEM_COPY_HOST_PTR
 short1 test passed. cl_mem_flags src: CL_MEM_IMMUTABLE_EXT | CL_MEM_COPY_HOST_PTR | CL_MEM_ALLOC_HOST_PTR
 short2 test passed. cl_mem_flags src: CL_MEM_IMMUTABLE_EXT | CL_MEM_USE_HOST_PTR
 short2 test passed. cl_mem_flags src: CL_MEM_IMMUTABLE_EXT | CL_MEM_COPY_HOST_PTR
 short2 test passed. cl_mem_flags src: CL_MEM_IMMUTABLE_EXT | CL_MEM_COPY_HOST_PTR | CL_MEM_ALLOC_HOST_PTR
 short4 test passed. cl_mem_flags src: CL_MEM_IMMUTABLE_EXT | CL_MEM_USE_HOST_PTR
 short4 test passed. cl_mem_flags src: CL_MEM_IMMUTABLE_EXT | CL_MEM_COPY_HOST_PTR
 short4 test passed. cl_mem_flags src: CL_MEM_IMMUTABLE_EXT | CL_MEM_COPY_HOST_PTR | CL_MEM_ALLOC_HOST_PTR
 short8 test passed. cl_mem_flags src: CL_MEM_IMMUTABLE_EXT | CL_MEM_USE_HOST_PTR
 short8 test passed. cl_mem_flags src: CL_MEM_IMMUTABLE_EXT | CL_MEM_COPY_HOST_PTR
 short8 test passed. cl_mem_flags src: CL_MEM_IMMUTABLE_EXT | CL_MEM_COPY_HOST_PTR | CL_MEM_ALLOC_HOST_PTR
 short16 test passed. cl_mem_flags src: CL_MEM_IMMUTABLE_EXT | CL_MEM_USE_HOST_PTR
 short16 test passed. cl_mem_flags src: CL_MEM_IMMUTABLE_EXT | CL_MEM_COPY_HOST_PTR
 short16 test passed. cl_mem_flags src: CL_MEM_IMMUTABLE_EXT | CL_MEM_COPY_HOST_PTR | CL_MEM_ALLOC_HOST_PTR
immutable_buffer_map_short passed
immutable_buffer_map_ushort...
 ushort1 test passed. cl_mem_flags src: CL_MEM_IMMUTABLE_EXT | CL_MEM_USE_HOST_PTR
 ushort1 test passed. cl_mem_flags src: CL_MEM_IMMUTABLE_EXT | CL_MEM_COPY_HOST_PTR
 ushort1 test passed. cl_mem_flags src: CL_MEM_IMMUTABLE_EXT | CL_MEM_COPY_HOST_PTR | CL_MEM_ALLOC_HOST_PTR
 ushort2 test passed. cl_mem_flags src: CL_MEM_IMMUTABLE_EXT | CL_MEM_USE_HOST_PTR
 ushort2 test passed. cl_mem_flags src: CL_MEM_IMMUTABLE_EXT | CL_MEM_COPY_HOST_PTR
 ushort2 test passed. cl_mem_flags src: CL_MEM_IMMUTABLE_EXT | CL_MEM_COPY_HOST_PTR | CL_MEM_ALLOC_HOST_PTR
 ushort4 test passed. cl_mem_flags src: CL_MEM_IMMUTABLE_EXT | CL_MEM_USE_HOST_PTR
 ushort4 test passed. cl_mem_flags src: CL_MEM_IMMUTABLE_EXT | CL_MEM_COPY_HOST_PTR
 ushort4 test passed. cl_mem_flags src: CL_MEM_IMMUTABLE_EXT | CL_MEM_COPY_HOST_PTR | CL_MEM_ALLOC_HOST_PTR
 ushort8 test passed. cl_mem_flags src: CL_MEM_IMMUTABLE_EXT | CL_MEM_USE_HOST_PTR
 ushort8 test passed. cl_mem_flags src: CL_MEM_IMMUTABLE_EXT | CL_MEM_COPY_HOST_PTR
 ushort8 test passed. cl_mem_flags src: CL_MEM_IMMUTABLE_EXT | CL_MEM_COPY_HOST_PTR | CL_MEM_ALLOC_HOST_PTR
 ushort16 test passed. cl_mem_flags src: CL_MEM_IMMUTABLE_EXT | CL_MEM_USE_HOST_PTR
 ushort16 test passed. cl_mem_flags src: CL_MEM_IMMUTABLE_EXT | CL_MEM_COPY_HOST_PTR
 ushort16 test passed. cl_mem_flags src: CL_MEM_IMMUTABLE_EXT | CL_MEM_COPY_HOST_PTR | CL_MEM_ALLOC_HOST_PTR
immutable_buffer_map_ushort passed
immutable_buffer_map_char...
 char1 test passed. cl_mem_flags src: CL_MEM_IMMUTABLE_EXT | CL_MEM_USE_HOST_PTR
 char1 test passed. cl_mem_flags src: CL_MEM_IMMUTABLE_EXT | CL_MEM_COPY_HOST_PTR
 char1 test passed. cl_mem_flags src: CL_MEM_IMMUTABLE_EXT | CL_MEM_COPY_HOST_PTR | CL_MEM_ALLOC_HOST_PTR
 char2 test passed. cl_mem_flags src: CL_MEM_IMMUTABLE_EXT | CL_MEM_USE_HOST_PTR
 char2 test passed. cl_mem_flags src: CL_MEM_IMMUTABLE_EXT | CL_MEM_COPY_HOST_PTR
 char2 test passed. cl_mem_flags src: CL_MEM_IMMUTABLE_EXT | CL_MEM_COPY_HOST_PTR | CL_MEM_ALLOC_HOST_PTR
 char4 test passed. cl_mem_flags src: CL_MEM_IMMUTABLE_EXT | CL_MEM_USE_HOST_PTR
 char4 test passed. cl_mem_flags src: CL_MEM_IMMUTABLE_EXT | CL_MEM_COPY_HOST_PTR
 char4 test passed. cl_mem_flags src: CL_MEM_IMMUTABLE_EXT | CL_MEM_COPY_HOST_PTR | CL_MEM_ALLOC_HOST_PTR
 char8 test passed. cl_mem_flags src: CL_MEM_IMMUTABLE_EXT | CL_MEM_USE_HOST_PTR
 char8 test passed. cl_mem_flags src: CL_MEM_IMMUTABLE_EXT | CL_MEM_COPY_HOST_PTR
 char8 test passed. cl_mem_flags src: CL_MEM_IMMUTABLE_EXT | CL_MEM_COPY_HOST_PTR | CL_MEM_ALLOC_HOST_PTR
 char16 test passed. cl_mem_flags src: CL_MEM_IMMUTABLE_EXT | CL_MEM_USE_HOST_PTR
 char16 test passed. cl_mem_flags src: CL_MEM_IMMUTABLE_EXT | CL_MEM_COPY_HOST_PTR
 char16 test passed. cl_mem_flags src: CL_MEM_IMMUTABLE_EXT | CL_MEM_COPY_HOST_PTR | CL_MEM_ALLOC_HOST_PTR
immutable_buffer_map_char passed
immutable_buffer_map_uchar...
 uchar1 test passed. cl_mem_flags src: CL_MEM_IMMUTABLE_EXT | CL_MEM_USE_HOST_PTR
 uchar1 test passed. cl_mem_flags src: CL_MEM_IMMUTABLE_EXT | CL_MEM_COPY_HOST_PTR
 uchar1 test passed. cl_mem_flags src: CL_MEM_IMMUTABLE_EXT | CL_MEM_COPY_HOST_PTR | CL_MEM_ALLOC_HOST_PTR
 uchar2 test passed. cl_mem_flags src: CL_MEM_IMMUTABLE_EXT | CL_MEM_USE_HOST_PTR
 uchar2 test passed. cl_mem_flags src: CL_MEM_IMMUTABLE_EXT | CL_MEM_COPY_HOST_PTR
 uchar2 test passed. cl_mem_flags src: CL_MEM_IMMUTABLE_EXT | CL_MEM_COPY_HOST_PTR | CL_MEM_ALLOC_HOST_PTR
 uchar4 test passed. cl_mem_flags src: CL_MEM_IMMUTABLE_EXT | CL_MEM_USE_HOST_PTR
 uchar4 test passed. cl_mem_flags src: CL_MEM_IMMUTABLE_EXT | CL_MEM_COPY_HOST_PTR
 uchar4 test passed. cl_mem_flags src: CL_MEM_IMMUTABLE_EXT | CL_MEM_COPY_HOST_PTR | CL_MEM_ALLOC_HOST_PTR
 uchar8 test passed. cl_mem_flags src: CL_MEM_IMMUTABLE_EXT | CL_MEM_USE_HOST_PTR
 uchar8 test passed. cl_mem_flags src: CL_MEM_IMMUTABLE_EXT | CL_MEM_COPY_HOST_PTR
 uchar8 test passed. cl_mem_flags src: CL_MEM_IMMUTABLE_EXT | CL_MEM_COPY_HOST_PTR | CL_MEM_ALLOC_HOST_PTR
 uchar16 test passed. cl_mem_flags src: CL_MEM_IMMUTABLE_EXT | CL_MEM_USE_HOST_PTR
 uchar16 test passed. cl_mem_flags src: CL_MEM_IMMUTABLE_EXT | CL_MEM_COPY_HOST_PTR
 uchar16 test passed. cl_mem_flags src: CL_MEM_IMMUTABLE_EXT | CL_MEM_COPY_HOST_PTR | CL_MEM_ALLOC_HOST_PTR
immutable_buffer_map_uchar passed
immutable_buffer_map_float...
 float1 test passed. cl_mem_flags src: CL_MEM_IMMUTABLE_EXT | CL_MEM_USE_HOST_PTR
 float1 test passed. cl_mem_flags src: CL_MEM_IMMUTABLE_EXT | CL_MEM_COPY_HOST_PTR
 float1 test passed. cl_mem_flags src: CL_MEM_IMMUTABLE_EXT | CL_MEM_COPY_HOST_PTR | CL_MEM_ALLOC_HOST_PTR
 float2 test passed. cl_mem_flags src: CL_MEM_IMMUTABLE_EXT | CL_MEM_USE_HOST_PTR
 float2 test passed. cl_mem_flags src: CL_MEM_IMMUTABLE_EXT | CL_MEM_COPY_HOST_PTR
 float2 test passed. cl_mem_flags src: CL_MEM_IMMUTABLE_EXT | CL_MEM_COPY_HOST_PTR | CL_MEM_ALLOC_HOST_PTR
 float4 test passed. cl_mem_flags src: CL_MEM_IMMUTABLE_EXT | CL_MEM_USE_HOST_PTR
 float4 test passed. cl_mem_flags src: CL_MEM_IMMUTABLE_EXT | CL_MEM_COPY_HOST_PTR
 float4 test passed. cl_mem_flags src: CL_MEM_IMMUTABLE_EXT | CL_MEM_COPY_HOST_PTR | CL_MEM_ALLOC_HOST_PTR
 float8 test passed. cl_mem_flags src: CL_MEM_IMMUTABLE_EXT | CL_MEM_USE_HOST_PTR
 float8 test passed. cl_mem_flags src: CL_MEM_IMMUTABLE_EXT | CL_MEM_COPY_HOST_PTR
 float8 test passed. cl_mem_flags src: CL_MEM_IMMUTABLE_EXT | CL_MEM_COPY_HOST_PTR | CL_MEM_ALLOC_HOST_PTR
 float16 test passed. cl_mem_flags src: CL_MEM_IMMUTABLE_EXT | CL_MEM_USE_HOST_PTR
 float16 test passed. cl_mem_flags src: CL_MEM_IMMUTABLE_EXT | CL_MEM_COPY_HOST_PTR
 float16 test passed. cl_mem_flags src: CL_MEM_IMMUTABLE_EXT | CL_MEM_COPY_HOST_PTR | CL_MEM_ALLOC_HOST_PTR
immutable_buffer_map_float passed
buffer_map_read_struct...
 struct1 test passed. cl_mem_flags src: CL_MEM_ALLOC_HOST_PTR
 struct1 test passed. cl_mem_flags src: CL_MEM_ALLOC_HOST_PTR | CL_MEM_COPY_HOST_PTR
 struct1 test passed. cl_mem_flags src: CL_MEM_USE_HOST_PTR
 struct1 test passed. cl_mem_flags src: CL_MEM_COPY_HOST_PTR
 struct1 test passed. cl_mem_flags src: 0
buffer_map_read_struct passed
sub_buffers_read_write...
sub_buffers_read_write passed
sub_buffers_read_write_dual_devices...
Note: Unable to run dual-device sub-buffer test (only one device available). Skipping test (implicitly passing).
sub_buffers_read_write_dual_devices passed
sub_buffers_overlapping...
	Testing 16 sub-buffers with 127239 overlapping Kbytes (388%; as many as 10 buffers overlapping at once)
sub_buffers_overlapping passed
buffer_fill_struct...
Testing with cl_mem_flags: CL_MEM_ALLOC_HOST_PTR
Testing random fill from offset 8987 for 4388 elements: 
 buffer_FILL async struct test passed
Testing random fill from offset 9870 for 5589 elements: 
 buffer_FILL async struct test passed
Testing random fill from offset 6937 for 5893 elements: 
 buffer_FILL async struct test passed
Testing random fill from offset 7165 for 2748 elements: 
 buffer_FILL async struct test passed
Testing random fill from offset 15780 for 170 elements: 
 buffer_FILL async struct test passed
Testing random fill from offset 12965 for 2778 elements: 
 buffer_FILL async struct test passed
Testing random fill from offset 9302 for 2786 elements: 
 buffer_FILL async struct test passed
Testing random fill from offset 1163 for 5140 elements: 
 buffer_FILL async struct test passed
Testing with cl_mem_flags: CL_MEM_ALLOC_HOST_PTR | CL_MEM_COPY_HOST_PTR
Testing random fill from offset 331 for 5916 elements: 
 buffer_FILL async struct test passed
Testing random fill from offset 12743 for 517 elements: 
 buffer_FILL async struct test passed
Testing random fill from offset 16025 for 174 elements: 
 buffer_FILL async struct test passed
Testing random fill from offset 7557 for 4598 elements: 
 buffer_FILL async struct test passed
Testing random fill from offset 1936 for 10413 elements: 
 buffer_FILL async struct test passed
Testing random fill from offset 2347 for 7546 elements: 
 buffer_FILL async struct test passed
Testing random fill from offset 8545 for 837 elements: 
 buffer_FILL async struct test passed
Testing random fill from offset 4332 for 2252 elements: 
 buffer_FILL async struct test passed
Testing with cl_mem_flags: CL_MEM_USE_HOST_PTR
Testing random fill from offset 7469 for 1936 elements: 
 buffer_FILL async struct test passed
Testing random fill from offset 307 for 5216 elements: 
 buffer_FILL async struct test passed
Testing random fill from offset 10023 for 1420 elements: 
 buffer_FILL async struct test passed
Testing random fill from offset 15454 for 840 elements: 
 buffer_FILL async struct test passed
Testing random fill from offset 5887 for 6438 elements: 
 buffer_FILL async struct test passed
Testing random fill from offset 11424 for 499 elements: 
 buffer_FILL async struct test passed
Testing random fill from offset 10918 for 3572 elements: 
 buffer_FILL async struct test passed
Testing random fill from offset 3445 for 4639 elements: 
 buffer_FILL async struct test passed
Testing with cl_mem_flags: CL_MEM_COPY_HOST_PTR
Testing random fill from offset 5165 for 6822 elements: 
 buffer_FILL async struct test passed
Testing random fill from offset 9337 for 278 elements: 
 buffer_FILL async struct test passed
Testing random fill from offset 16185 for 191 elements: 
 buffer_FILL async struct test passed
Testing random fill from offset 3420 for 8235 elements: 
 buffer_FILL async struct test passed
Testing random fill from offset 10695 for 3313 elements: 
 buffer_FILL async struct test passed
Testing random fill from offset 7636 for 4156 elements: 
 buffer_FILL async struct test passed
Testing random fill from offset 2603 for 4663 elements: 
 buffer_FILL async struct test passed
Testing random fill from offset 10748 for 1793 elements: 
 buffer_FILL async struct test passed
Testing with cl_mem_flags: 0
Testing random fill from offset 3219 for 12501 elements: 
 buffer_FILL async struct test passed
Testing random fill from offset 13444 for 47 elements: 
 buffer_FILL async struct test passed
Testing random fill from offset 13722 for 1795 elements: 
 buffer_FILL async struct test passed
Testing random fill from offset 15990 for 346 elements: 
 buffer_FILL async struct test passed
Testing random fill from offset 15995 for 29 elements: 
 buffer_FILL async struct test passed
Testing random fill from offset 12106 for 93 elements: 
 buffer_FILL async struct test passed
Testing random fill from offset 4631 for 11513 elements: 
 buffer_FILL async struct test passed
Testing random fill from offset 4849 for 5551 elements: 
 buffer_FILL async struct test passed
buffer_fill_struct passed
buffer_fill_int...
Testing random fill from offset 8987 for 4388 elements: 
 int1 test passed (cl_mem_flags: CL_MEM_ALLOC_HOST_PTR)
 int1 test passed (cl_mem_flags: CL_MEM_ALLOC_HOST_PTR | CL_MEM_COPY_HOST_PTR)
 int1 test passed (cl_mem_flags: CL_MEM_USE_HOST_PTR)
 int1 test passed (cl_mem_flags: CL_MEM_COPY_HOST_PTR)
 int1 test passed (cl_mem_flags: 0)
 int2 test passed (cl_mem_flags: CL_MEM_ALLOC_HOST_PTR)
 int2 test passed (cl_mem_flags: CL_MEM_ALLOC_HOST_PTR | CL_MEM_COPY_HOST_PTR)
 int2 test passed (cl_mem_flags: CL_MEM_USE_HOST_PTR)
 int2 test passed (cl_mem_flags: CL_MEM_COPY_HOST_PTR)
 int2 test passed (cl_mem_flags: 0)
 int4 test passed (cl_mem_flags: CL_MEM_ALLOC_HOST_PTR)
 int4 test passed (cl_mem_flags: CL_MEM_ALLOC_HOST_PTR | CL_MEM_COPY_HOST_PTR)
 int4 test passed (cl_mem_flags: CL_MEM_USE_HOST_PTR)
 int4 test passed (cl_mem_flags: CL_MEM_COPY_HOST_PTR)
 int4 test passed (cl_mem_flags: 0)
 int8 test passed (cl_mem_flags: CL_MEM_ALLOC_HOST_PTR)
 int8 test passed (cl_mem_flags: CL_MEM_ALLOC_HOST_PTR | CL_MEM_COPY_HOST_PTR)
 int8 test passed (cl_mem_flags: CL_MEM_USE_HOST_PTR)
 int8 test passed (cl_mem_flags: CL_MEM_COPY_HOST_PTR)
 int8 test passed (cl_mem_flags: 0)
 int16 test passed (cl_mem_flags: CL_MEM_ALLOC_HOST_PTR)
 int16 test passed (cl_mem_flags: CL_MEM_ALLOC_HOST_PTR | CL_MEM_COPY_HOST_PTR)
 int16 test passed (cl_mem_flags: CL_MEM_USE_HOST_PTR)
 int16 test passed (cl_mem_flags: CL_MEM_COPY_HOST_PTR)
 int16 test passed (cl_mem_flags: 0)
Testing random fill from offset 11711 for 3946 elements: 
 int1 test passed (cl_mem_flags: CL_MEM_ALLOC_HOST_PTR)
 int1 test passed (cl_mem_flags: CL_MEM_ALLOC_HOST_PTR | CL_MEM_COPY_HOST_PTR)
 int1 test passed (cl_mem_flags: CL_MEM_USE_HOST_PTR)
 int1 test passed (cl_mem_flags: CL_MEM_COPY_HOST_PTR)
 int1 test passed (cl_mem_flags: 0)
 int2 test passed (cl_mem_flags: CL_MEM_ALLOC_HOST_PTR)
 int2 test passed (cl_mem_flags: CL_MEM_ALLOC_HOST_PTR | CL_MEM_COPY_HOST_PTR)
 int2 test passed (cl_mem_flags: CL_MEM_USE_HOST_PTR)
 int2 test passed (cl_mem_flags: CL_MEM_COPY_HOST_PTR)
 int2 test passed (cl_mem_flags: 0)
 int4 test passed (cl_mem_flags: CL_MEM_ALLOC_HOST_PTR)
 int4 test passed (cl_mem_flags: CL_MEM_ALLOC_HOST_PTR | CL_MEM_COPY_HOST_PTR)
 int4 test passed (cl_mem_flags: CL_MEM_USE_HOST_PTR)
 int4 test passed (cl_mem_flags: CL_MEM_COPY_HOST_PTR)
 int4 test passed (cl_mem_flags: 0)
 int8 test passed (cl_mem_flags: CL_MEM_ALLOC_HOST_PTR)
 int8 test passed (cl_mem_flags: CL_MEM_ALLOC_HOST_PTR | CL_MEM_COPY_HOST_PTR)
 int8 test passed (cl_mem_flags: CL_MEM_USE_HOST_PTR)
 int8 test passed (cl_mem_flags: CL_MEM_COPY_HOST_PTR)
 int8 test passed (cl_mem_flags: 0)
 int16 test passed (cl_mem_flags: CL_MEM_ALLOC_HOST_PTR)
 int16 test passed (cl_mem_flags: CL_MEM_ALLOC_HOST_PTR | CL_MEM_COPY_HOST_PTR)
 int16 test passed (cl_mem_flags: CL_MEM_USE_HOST_PTR)
 int16 test passed (cl_mem_flags: CL_MEM_COPY_HOST_PTR)
 int16 test passed (cl_mem_flags: 0)
Testing random fill from offset 9870 for 5589 elements: 
 int1 test passed (cl_mem_flags: CL_MEM_ALLOC_HOST_PTR)
 int1 test passed (cl_mem_flags: CL_MEM_ALLOC_HOST_PTR | CL_MEM_COPY_HOST_PTR)
 int1 test passed (cl_mem_flags: CL_MEM_USE_HOST_PTR)
 int1 test passed (cl_mem_flags: CL_MEM_COPY_HOST_PTR)
 int1 test passed (cl_mem_flags: 0)
 int2 test passed (cl_mem_flags: CL_MEM_ALLOC_HOST_PTR)
 int2 test passed (cl_mem_flags: CL_MEM_ALLOC_HOST_PTR | CL_MEM_COPY_HOST_PTR)
 int2 test passed (cl_mem_flags: CL_MEM_USE_HOST_PTR)
 int2 test passed (cl_mem_flags: CL_MEM_COPY_HOST_PTR)
 int2 test passed (cl_mem_flags: 0)
 int4 test passed (cl_mem_flags: CL_MEM_ALLOC_HOST_PTR)
 int4 test passed (cl_mem_flags: CL_MEM_ALLOC_HOST_PTR | CL_MEM_COPY_HOST_PTR)
 int4 test passed (cl_mem_flags: CL_MEM_USE_HOST_PTR)
 int4 test passed (cl_mem_flags: CL_MEM_COPY_HOST_PTR)
 int4 test passed (cl_mem_flags: 0)
 int8 test passed (cl_mem_flags: CL_MEM_ALLOC_HOST_PTR)
 int8 test passed (cl_mem_flags: CL_MEM_ALLOC_HOST_PTR | CL_MEM_COPY_HOST_PTR)
 int8 test passed (cl_mem_flags: CL_MEM_USE_HOST_PTR)
 int8 test passed (cl_mem_flags: CL_MEM_COPY_HOST_PTR)
 int8 test passed (cl_mem_flags: 0)
 int16 test passed (cl_mem_flags: CL_MEM_ALLOC_HOST_PTR)
 int16 test passed (cl_mem_flags: CL_MEM_ALLOC_HOST_PTR | CL_MEM_COPY_HOST_PTR)
 int16 test passed (cl_mem_flags: CL_MEM_USE_HOST_PTR)
 int16 test passed (cl_mem_flags: CL_MEM_COPY_HOST_PTR)
 int16 test passed (cl_mem_flags: 0)
Testing random fill from offset 8923 for 6322 elements: 
 int1 test passed (cl_mem_flags: CL_MEM_ALLOC_HOST_PTR)
 int1 test passed (cl_mem_flags: CL_MEM_ALLOC_HOST_PTR | CL_MEM_COPY_HOST_PTR)
 int1 test passed (cl_mem_flags: CL_MEM_USE_HOST_PTR)
 int1 test passed (cl_mem_flags: CL_MEM_COPY_HOST_PTR)
 int1 test passed (cl_mem_flags: 0)
 int2 test passed (cl_mem_flags: CL_MEM_ALLOC_HOST_PTR)
 int2 test passed (cl_mem_flags: CL_MEM_ALLOC_HOST_PTR | CL_MEM_COPY_HOST_PTR)
 int2 test passed (cl_mem_flags: CL_MEM_USE_HOST_PTR)
 int2 test passed (cl_mem_flags: CL_MEM_COPY_HOST_PTR)
 int2 test passed (cl_mem_flags: 0)
 int4 test passed (cl_mem_flags: CL_MEM_ALLOC_HOST_PTR)
 int4 test passed (cl_mem_flags: CL_MEM_ALLOC_HOST_PTR | CL_MEM_COPY_HOST_PTR)
 int4 test passed (cl_mem_flags: CL_MEM_USE_HOST_PTR)
 int4 test passed (cl_mem_flags: CL_MEM_COPY_HOST_PTR)
 int4 test passed (cl_mem_flags: 0)
 int8 test passed (cl_mem_flags: CL_MEM_ALLOC_HOST_PTR)
 int8 test passed (cl_mem_flags: CL_MEM_ALLOC_HOST_PTR | CL_MEM_COPY_HOST_PTR)
 int8 test passed (cl_mem_flags: CL_MEM_USE_HOST_PTR)
 int8 test passed (cl_mem_flags: CL_MEM_COPY_HOST_PTR)
 int8 test passed (cl_mem_flags: 0)
 int16 test passed (cl_mem_flags: CL_MEM_ALLOC_HOST_PTR)
 int16 test passed (cl_mem_flags: CL_MEM_ALLOC_HOST_PTR | CL_MEM_COPY_HOST_PTR)
 int16 test passed (cl_mem_flags: CL_MEM_USE_HOST_PTR)
 int16 test passed (cl_mem_flags: CL_MEM_COPY_HOST_PTR)
 int16 test passed (cl_mem_flags: 0)
Testing random fill from offset 6937 for 5893 elements: 
 int1 test passed (cl_mem_flags: CL_MEM_ALLOC_HOST_PTR)
 int1 test passed (cl_mem_flags: CL_MEM_ALLOC_HOST_PTR | CL_MEM_COPY_HOST_PTR)
 int1 test passed (cl_mem_flags: CL_MEM_USE_HOST_PTR)
 int1 test passed (cl_mem_flags: CL_MEM_COPY_HOST_PTR)
 int1 test passed (cl_mem_flags: 0)
 int2 test passed (cl_mem_flags: CL_MEM_ALLOC_HOST_PTR)
 int2 test passed (cl_mem_flags: CL_MEM_ALLOC_HOST_PTR | CL_MEM_COPY_HOST_PTR)
 int2 test passed (cl_mem_flags: CL_MEM_USE_HOST_PTR)
 int2 test passed (cl_mem_flags: CL_MEM_COPY_HOST_PTR)
 int2 test passed (cl_mem_flags: 0)
 int4 test passed (cl_mem_flags: CL_MEM_ALLOC_HOST_PTR)
 int4 test passed (cl_mem_flags: CL_MEM_ALLOC_HOST_PTR | CL_MEM_COPY_HOST_PTR)
 int4 test passed (cl_mem_flags: CL_MEM_USE_HOST_PTR)
 int4 test passed (cl_mem_flags: CL_MEM_COPY_HOST_PTR)
 int4 test passed (cl_mem_flags: 0)
 int8 test passed (cl_mem_flags: CL_MEM_ALLOC_HOST_PTR)
 int8 test passed (cl_mem_flags: CL_MEM_ALLOC_HOST_PTR | CL_MEM_COPY_HOST_PTR)
 int8 test passed (cl_mem_flags: CL_MEM_USE_HOST_PTR)
 int8 test passed (cl_mem_flags: CL_MEM_COPY_HOST_PTR)
 int8 test passed (cl_mem_flags: 0)
 int16 test passed (cl_mem_flags: CL_MEM_ALLOC_HOST_PTR)
 int16 test passed (cl_mem_flags: CL_MEM_ALLOC_HOST_PTR | CL_MEM_COPY_HOST_PTR)
 int16 test passed (cl_mem_flags: CL_MEM_USE_HOST_PTR)
 int16 test passed (cl_mem_flags: CL_MEM_COPY_HOST_PTR)
 int16 test passed (cl_mem_flags: 0)
Testing random fill from offset 10577 for 2237 elements: 
 int1 test passed (cl_mem_flags: CL_MEM_ALLOC_HOST_PTR)
 int1 test passed (cl_mem_flags: CL_MEM_ALLOC_HOST_PTR | CL_MEM_COPY_HOST_PTR)
 int1 test passed (cl_mem_flags: CL_MEM_USE_HOST_PTR)
 int1 test passed (cl_mem_flags: CL_MEM_COPY_HOST_PTR)
 int1 test passed (cl_mem_flags: 0)
 int2 test passed (cl_mem_flags: CL_MEM_ALLOC_HOST_PTR)
 int2 test passed (cl_mem_flags: CL_MEM_ALLOC_HOST_PTR | CL_MEM_COPY_HOST_PTR)
 int2 test passed (cl_mem_flags: CL_MEM_USE_HOST_PTR)
 int2 test passed (cl_mem_flags: CL_MEM_COPY_HOST_PTR)
 int2 test passed (cl_mem_flags: 0)
 int4 test passed (cl_mem_flags: CL_MEM_ALLOC_HOST_PTR)
 int4 test passed (cl_mem_flags: CL_MEM_ALLOC_HOST_PTR | CL_MEM_COPY_HOST_PTR)
 int4 test passed (cl_mem_flags: CL_MEM_USE_HOST_PTR)
 int4 test passed (cl_mem_flags: CL_MEM_COPY_HOST_PTR)
 int4 test passed (cl_mem_flags: 0)
 int8 test passed (cl_mem_flags: CL_MEM_ALLOC_HOST_PTR)
 int8 test passed (cl_mem_flags: CL_MEM_ALLOC_HOST_PTR | CL_MEM_COPY_HOST_PTR)
 int8 test passed (cl_mem_flags: CL_MEM_USE_HOST_PTR)
 int8 test passed (cl_mem_flags: CL_MEM_COPY_HOST_PTR)
 int8 test passed (cl_mem_flags: 0)
 int16 test passed (cl_mem_flags: CL_MEM_ALLOC_HOST_PTR)
 int16 test passed (cl_mem_flags: CL_MEM_ALLOC_HOST_PTR | CL_MEM_COPY_HOST_PTR)
 int16 test passed (cl_mem_flags: CL_MEM_USE_HOST_PTR)
 int16 test passed (cl_mem_flags: CL_MEM_COPY_HOST_PTR)
 int16 test passed (cl_mem_flags: 0)
Testing random fill from offset 7165 for 2748 elements: 
 int1 test passed (cl_mem_flags: CL_MEM_ALLOC_HOST_PTR)
 int1 test passed (cl_mem_flags: CL_MEM_ALLOC_HOST_PTR | CL_MEM_COPY_HOST_PTR)
 int1 test passed (cl_mem_flags: CL_MEM_USE_HOST_PTR)
 int1 test passed (cl_mem_flags: CL_MEM_COPY_HOST_PTR)
 int1 test passed (cl_mem_flags: 0)
 int2 test passed (cl_mem_flags: CL_MEM_ALLOC_HOST_PTR)
 int2 test passed (cl_mem_flags: CL_MEM_ALLOC_HOST_PTR | CL_MEM_COPY_HOST_PTR)
 int2 test passed (cl_mem_flags: CL_MEM_USE_HOST_PTR)
 int2 test passed (cl_mem_flags: CL_MEM_COPY_HOST_PTR)
 int2 test passed (cl_mem_flags: 0)
 int4 test passed (cl_mem_flags: CL_MEM_ALLOC_HOST_PTR)
 int4 test passed (cl_mem_flags: CL_MEM_ALLOC_HOST_PTR | CL_MEM_COPY_HOST_PTR)
 int4 test passed (cl_mem_flags: CL_MEM_USE_HOST_PTR)
 int4 test passed (cl_mem_flags: CL_MEM_COPY_HOST_PTR)
 int4 test passed (cl_mem_flags: 0)
 int8 test passed (cl_mem_flags: CL_MEM_ALLOC_HOST_PTR)
 int8 test passed (cl_mem_flags: CL_MEM_ALLOC_HOST_PTR | CL_MEM_COPY_HOST_PTR)
 int8 test passed (cl_mem_flags: CL_MEM_USE_HOST_PTR)
 int8 test passed (cl_mem_flags: CL_MEM_COPY_HOST_PTR)
 int8 test passed (cl_mem_flags: 0)
 int16 test passed (cl_mem_flags: CL_MEM_ALLOC_HOST_PTR)
 int16 test passed (cl_mem_flags: CL_MEM_ALLOC_HOST_PTR | CL_MEM_COPY_HOST_PTR)
 int16 test passed (cl_mem_flags: CL_MEM_USE_HOST_PTR)
 int16 test passed (cl_mem_flags: CL_MEM_COPY_HOST_PTR)
 int16 test passed (cl_mem_flags: 0)
Testing random fill from offset 14603 for 108 elements: 
 int1 test passed (cl_mem_flags: CL_MEM_ALLOC_HOST_PTR)
 int1 test passed (cl_mem_flags: CL_MEM_ALLOC_HOST_PTR | CL_MEM_COPY_HOST_PTR)
 int1 test passed (cl_mem_flags: CL_MEM_USE_HOST_PTR)
 int1 test passed (cl_mem_flags: CL_MEM_COPY_HOST_PTR)
 int1 test passed (cl_mem_flags: 0)
 int2 test passed (cl_mem_flags: CL_MEM_ALLOC_HOST_PTR)
 int2 test passed (cl_mem_flags: CL_MEM_ALLOC_HOST_PTR | CL_MEM_COPY_HOST_PTR)
 int2 test passed (cl_mem_flags: CL_MEM_USE_HOST_PTR)
 int2 test passed (cl_mem_flags: CL_MEM_COPY_HOST_PTR)
 int2 test passed (cl_mem_flags: 0)
 int4 test passed (cl_mem_flags: CL_MEM_ALLOC_HOST_PTR)
 int4 test passed (cl_mem_flags: CL_MEM_ALLOC_HOST_PTR | CL_MEM_COPY_HOST_PTR)
 int4 test passed (cl_mem_flags: CL_MEM_USE_HOST_PTR)
 int4 test passed (cl_mem_flags: CL_MEM_COPY_HOST_PTR)
 int4 test passed (cl_mem_flags: 0)
 int8 test passed (cl_mem_flags: CL_MEM_ALLOC_HOST_PTR)
 int8 test passed (cl_mem_flags: CL_MEM_ALLOC_HOST_PTR | CL_MEM_COPY_HOST_PTR)
 int8 test passed (cl_mem_flags: CL_MEM_USE_HOST_PTR)
 int8 test passed (cl_mem_flags: CL_MEM_COPY_HOST_PTR)
 int8 test passed (cl_mem_flags: 0)
 int16 test passed (cl_mem_flags: CL_MEM_ALLOC_HOST_PTR)
 int16 test passed (cl_mem_flags: CL_MEM_ALLOC_HOST_PTR | CL_MEM_COPY_HOST_PTR)
 int16 test passed (cl_mem_flags: CL_MEM_USE_HOST_PTR)
 int16 test passed (cl_mem_flags: CL_MEM_COPY_HOST_PTR)
 int16 test passed (cl_mem_flags: 0)
buffer_fill_int passed
buffer_fill_uint...
Testing random fill from offset 8987 for 4388 elements: 
 uint1 test passed (cl_mem_flags: CL_MEM_ALLOC_HOST_PTR)
 uint1 test passed (cl_mem_flags: CL_MEM_ALLOC_HOST_PTR | CL_MEM_COPY_HOST_PTR)
 uint1 test passed (cl_mem_flags: CL_MEM_USE_HOST_PTR)
 uint1 test passed (cl_mem_flags: CL_MEM_COPY_HOST_PTR)
 uint1 test passed (cl_mem_flags: 0)
 uint2 test passed (cl_mem_flags: CL_MEM_ALLOC_HOST_PTR)
 uint2 test passed (cl_mem_flags: CL_MEM_ALLOC_HOST_PTR | CL_MEM_COPY_HOST_PTR)
 uint2 test passed (cl_mem_flags: CL_MEM_USE_HOST_PTR)
 uint2 test passed (cl_mem_flags: CL_MEM_COPY_HOST_PTR)
 uint2 test passed (cl_mem_flags: 0)
 uint4 test passed (cl_mem_flags: CL_MEM_ALLOC_HOST_PTR)
 uint4 test passed (cl_mem_flags: CL_MEM_ALLOC_HOST_PTR | CL_MEM_COPY_HOST_PTR)
 uint4 test passed (cl_mem_flags: CL_MEM_USE_HOST_PTR)
 uint4 test passed (cl_mem_flags: CL_MEM_COPY_HOST_PTR)
 uint4 test passed (cl_mem_flags: 0)
 uint8 test passed (cl_mem_flags: CL_MEM_ALLOC_HOST_PTR)
 uint8 test passed (cl_mem_flags: CL_MEM_ALLOC_HOST_PTR | CL_MEM_COPY_HOST_PTR)
 uint8 test passed (cl_mem_flags: CL_MEM_USE_HOST_PTR)
 uint8 test passed (cl_mem_flags: CL_MEM_COPY_HOST_PTR)
 uint8 test passed (cl_mem_flags: 0)
 uint16 test passed (cl_mem_flags: CL_MEM_ALLOC_HOST_PTR)
 uint16 test passed (cl_mem_flags: CL_MEM_ALLOC_HOST_PTR | CL_MEM_COPY_HOST_PTR)
 uint16 test passed (cl_mem_flags: CL_MEM_USE_HOST_PTR)
 uint16 test passed (cl_mem_flags: CL_MEM_COPY_HOST_PTR)
 uint16 test passed (cl_mem_flags: 0)
Testing random fill from offset 11711 for 3946 elements: 
 uint1 test passed (cl_mem_flags: CL_MEM_ALLOC_HOST_PTR)
 uint1 test passed (cl_mem_flags: CL_MEM_ALLOC_HOST_PTR | CL_MEM_COPY_HOST_PTR)
 uint1 test passed (cl_mem_flags: CL_MEM_USE_HOST_PTR)
 uint1 test passed (cl_mem_flags: CL_MEM_COPY_HOST_PTR)
 uint1 test passed (cl_mem_flags: 0)
 uint2 test passed (cl_mem_flags: CL_MEM_ALLOC_HOST_PTR)
 uint2 test passed (cl_mem_flags: CL_MEM_ALLOC_HOST_PTR | CL_MEM_COPY_HOST_PTR)
 uint2 test passed (cl_mem_flags: CL_MEM_USE_HOST_PTR)
 uint2 test passed (cl_mem_flags: CL_MEM_COPY_HOST_PTR)
 uint2 test passed (cl_mem_flags: 0)
 uint4 test passed (cl_mem_flags: CL_MEM_ALLOC_HOST_PTR)
 uint4 test passed (cl_mem_flags: CL_MEM_ALLOC_HOST_PTR | CL_MEM_COPY_HOST_PTR)
 uint4 test passed (cl_mem_flags: CL_MEM_USE_HOST_PTR)
 uint4 test passed (cl_mem_flags: CL_MEM_COPY_HOST_PTR)
 uint4 test passed (cl_mem_flags: 0)
 uint8 test passed (cl_mem_flags: CL_MEM_ALLOC_HOST_PTR)
 uint8 test passed (cl_mem_flags: CL_MEM_ALLOC_HOST_PTR | CL_MEM_COPY_HOST_PTR)
 uint8 test passed (cl_mem_flags: CL_MEM_USE_HOST_PTR)
 uint8 test passed (cl_mem_flags: CL_MEM_COPY_HOST_PTR)
 uint8 test passed (cl_mem_flags: 0)
 uint16 test passed (cl_mem_flags: CL_MEM_ALLOC_HOST_PTR)
 uint16 test passed (cl_mem_flags: CL_MEM_ALLOC_HOST_PTR | CL_MEM_COPY_HOST_PTR)
 uint16 test passed (cl_mem_flags: CL_MEM_USE_HOST_PTR)
 uint16 test passed (cl_mem_flags: CL_MEM_COPY_HOST_PTR)
 uint16 test passed (cl_mem_flags: 0)
Testing random fill from offset 9870 for 5589 elements: 
 uint1 test passed (cl_mem_flags: CL_MEM_ALLOC_HOST_PTR)
 uint1 test passed (cl_mem_flags: CL_MEM_ALLOC_HOST_PTR | CL_MEM_COPY_HOST_PTR)
 uint1 test passed (cl_mem_flags: CL_MEM_USE_HOST_PTR)
 uint1 test passed (cl_mem_flags: CL_MEM_COPY_HOST_PTR)
 uint1 test passed (cl_mem_flags: 0)
 uint2 test passed (cl_mem_flags: CL_MEM_ALLOC_HOST_PTR)
 uint2 test passed (cl_mem_flags: CL_MEM_ALLOC_HOST_PTR | CL_MEM_COPY_HOST_PTR)
 uint2 test passed (cl_mem_flags: CL_MEM_USE_HOST_PTR)
 uint2 test passed (cl_mem_flags: CL_MEM_COPY_HOST_PTR)
 uint2 test passed (cl_mem_flags: 0)
 uint4 test passed (cl_mem_flags: CL_MEM_ALLOC_HOST_PTR)
 uint4 test passed (cl_mem_flags: CL_MEM_ALLOC_HOST_PTR | CL_MEM_COPY_HOST_PTR)
 uint4 test passed (cl_mem_flags: CL_MEM_USE_HOST_PTR)
 uint4 test passed (cl_mem_flags: CL_MEM_COPY_HOST_PTR)
 uint4 test passed (cl_mem_flags: 0)
 uint8 test passed (cl_mem_flags: CL_MEM_ALLOC_HOST_PTR)
 uint8 test passed (cl_mem_flags: CL_MEM_ALLOC_HOST_PTR | CL_MEM_COPY_HOST_PTR)
 uint8 test passed (cl_mem_flags: CL_MEM_USE_HOST_PTR)
 uint8 test passed (cl_mem_flags: CL_MEM_COPY_HOST_PTR)
 uint8 test passed (cl_mem_flags: 0)
 uint16 test passed (cl_mem_flags: CL_MEM_ALLOC_HOST_PTR)
 uint16 test passed (cl_mem_flags: CL_MEM_ALLOC_HOST_PTR | CL_MEM_COPY_HOST_PTR)
 uint16 test passed (cl_mem_flags: CL_MEM_USE_HOST_PTR)
 uint16 test passed (cl_mem_flags: CL_MEM_COPY_HOST_PTR)
 uint16 test passed (cl_mem_flags: 0)
Testing random fill from offset 8923 for 6322 elements: 
 uint1 test passed (cl_mem_flags: CL_MEM_ALLOC_HOST_PTR)
 uint1 test passed (cl_mem_flags: CL_MEM_ALLOC_HOST_PTR | CL_MEM_COPY_HOST_PTR)
 uint1 test passed (cl_mem_flags: CL_MEM_USE_HOST_PTR)
 uint1 test passed (cl_mem_flags: CL_MEM_COPY_HOST_PTR)
 uint1 test passed (cl_mem_flags: 0)
 uint2 test passed (cl_mem_flags: CL_MEM_ALLOC_HOST_PTR)
 uint2 test passed (cl_mem_flags: CL_MEM_ALLOC_HOST_PTR | CL_MEM_COPY_HOST_PTR)
 uint2 test passed (cl_mem_flags: CL_MEM_USE_HOST_PTR)
 uint2 test passed (cl_mem_flags: CL_MEM_COPY_HOST_PTR)
 uint2 test passed (cl_mem_flags: 0)
 uint4 test passed (cl_mem_flags: CL_MEM_ALLOC_HOST_PTR)
 uint4 test passed (cl_mem_flags: CL_MEM_ALLOC_HOST_PTR | CL_MEM_COPY_HOST_PTR)
 uint4 test passed (cl_mem_flags: CL_MEM_USE_HOST_PTR)
 uint4 test passed (cl_mem_flags: CL_MEM_COPY_HOST_PTR)
 uint4 test passed (cl_mem_flags: 0)
 uint8 test passed (cl_mem_flags: CL_MEM_ALLOC_HOST_PTR)
 uint8 test passed (cl_mem_flags: CL_MEM_ALLOC_HOST_PTR | CL_MEM_COPY_HOST_PTR)
 uint8 test passed (cl_mem_flags: CL_MEM_USE_HOST_PTR)
 uint8 test passed (cl_mem_flags: CL_MEM_COPY_HOST_PTR)
 uint8 test passed (cl_mem_flags: 0)
 uint16 test passed (cl_mem_flags: CL_MEM_ALLOC_HOST_PTR)
 uint16 test passed (cl_mem_flags: CL_MEM_ALLOC_HOST_PTR | CL_MEM_COPY_HOST_PTR)
 uint16 test passed (cl_mem_flags: CL_MEM_USE_HOST_PTR)
 uint16 test passed (cl_mem_flags: CL_MEM_COPY_HOST_PTR)
 uint16 test passed (cl_mem_flags: 0)
Testing random fill from offset 6937 for 5893 elements: 
 uint1 test passed (cl_mem_flags: CL_MEM_ALLOC_HOST_PTR)
 uint1 test passed (cl_mem_flags: CL_MEM_ALLOC_HOST_PTR | CL_MEM_COPY_HOST_PTR)
 uint1 test passed (cl_mem_flags: CL_MEM_USE_HOST_PTR)
 uint1 test passed (cl_mem_flags: CL_MEM_COPY_HOST_PTR)
 uint1 test passed (cl_mem_flags: 0)
 uint2 test passed (cl_mem_flags: CL_MEM_ALLOC_HOST_PTR)
 uint2 test passed (cl_mem_flags: CL_MEM_ALLOC_HOST_PTR | CL_MEM_COPY_HOST_PTR)
 uint2 test passed (cl_mem_flags: CL_MEM_USE_HOST_PTR)
 uint2 test passed (cl_mem_flags: CL_MEM_COPY_HOST_PTR)
 uint2 test passed (cl_mem_flags: 0)
 uint4 test passed (cl_mem_flags: CL_MEM_ALLOC_HOST_PTR)
 uint4 test passed (cl_mem_flags: CL_MEM_ALLOC_HOST_PTR | CL_MEM_COPY_HOST_PTR)
 uint4 test passed (cl_mem_flags: CL_MEM_USE_HOST_PTR)
 uint4 test passed (cl_mem_flags: CL_MEM_COPY_HOST_PTR)
 uint4 test passed (cl_mem_flags: 0)
 uint8 test passed (cl_mem_flags: CL_MEM_ALLOC_HOST_PTR)
 uint8 test passed (cl_mem_flags: CL_MEM_ALLOC_HOST_PTR | CL_MEM_COPY_HOST_PTR)
 uint8 test passed (cl_mem_flags: CL_MEM_USE_HOST_PTR)
 uint8 test passed (cl_mem_flags: CL_MEM_COPY_HOST_PTR)
 uint8 test passed (cl_mem_flags: 0)
 uint16 test passed (cl_mem_flags: CL_MEM_ALLOC_HOST_PTR)
 uint16 test passed (cl_mem_flags: CL_MEM_ALLOC_HOST_PTR | CL_MEM_COPY_HOST_PTR)
 uint16 test passed (cl_mem_flags: CL_MEM_USE_HOST_PTR)
 uint16 test passed (cl_mem_flags: CL_MEM_COPY_HOST_PTR)
 uint16 test passed (cl_mem_flags: 0)
Testing random fill from offset 10577 for 2237 elements: 
 uint1 test passed (cl_mem_flags: CL_MEM_ALLOC_HOST_PTR)
 uint1 test passed (cl_mem_flags: CL_MEM_ALLOC_HOST_PTR | CL_MEM_COPY_HOST_PTR)
 uint1 test passed (cl_mem_flags: CL_MEM_USE_HOST_PTR)
 uint1 test passed (cl_mem_flags: CL_MEM_COPY_HOST_PTR)
 uint1 test passed (cl_mem_flags: 0)
 uint2 test passed (cl_mem_flags: CL_MEM_ALLOC_HOST_PTR)
 uint2 test passed (cl_mem_flags: CL_MEM_ALLOC_HOST_PTR | CL_MEM_COPY_HOST_PTR)
 uint2 test passed (cl_mem_flags: CL_MEM_USE_HOST_PTR)
 uint2 test passed (cl_mem_flags: CL_MEM_COPY_HOST_PTR)
 uint2 test passed (cl_mem_flags: 0)
 uint4 test passed (cl_mem_flags: CL_MEM_ALLOC_HOST_PTR)
 uint4 test passed (cl_mem_flags: CL_MEM_ALLOC_HOST_PTR | CL_MEM_COPY_HOST_PTR)
 uint4 test passed (cl_mem_flags: CL_MEM_USE_HOST_PTR)
 uint4 test passed (cl_mem_flags: CL_MEM_COPY_HOST_PTR)
 uint4 test passed (cl_mem_flags: 0)
 uint8 test passed (cl_mem_flags: CL_MEM_ALLOC_HOST_PTR)
 uint8 test passed (cl_mem_flags: CL_MEM_ALLOC_HOST_PTR | CL_MEM_COPY_HOST_PTR)
 uint8 test passed (cl_mem_flags: CL_MEM_USE_HOST_PTR)
 uint8 test passed (cl_mem_flags: CL_MEM_COPY_HOST_PTR)
 uint8 test passed (cl_mem_flags: 0)
 uint16 test passed (cl_mem_flags: CL_MEM_ALLOC_HOST_PTR)
 uint16 test passed (cl_mem_flags: CL_MEM_ALLOC_HOST_PTR | CL_MEM_COPY_HOST_PTR)
 uint16 test passed (cl_mem_flags: CL_MEM_USE_HOST_PTR)
 uint16 test passed (cl_mem_flags: CL_MEM_COPY_HOST_PTR)
 uint16 test passed (cl_mem_flags: 0)
Testing random fill from offset 7165 for 2748 elements: 
 uint1 test passed (cl_mem_flags: CL_MEM_ALLOC_HOST_PTR)
 uint1 test passed (cl_mem_flags: CL_MEM_ALLOC_HOST_PTR | CL_MEM_COPY_HOST_PTR)
 uint1 test passed (cl_mem_flags: CL_MEM_USE_HOST_PTR)
 uint1 test passed (cl_mem_flags: CL_MEM_COPY_HOST_PTR)
 uint1 test passed (cl_mem_flags: 0)
 uint2 test passed (cl_mem_flags: CL_MEM_ALLOC_HOST_PTR)
 uint2 test passed (cl_mem_flags: CL_MEM_ALLOC_HOST_PTR | CL_MEM_COPY_HOST_PTR)
 uint2 test passed (cl_mem_flags: CL_MEM_USE_HOST_PTR)
 uint2 test passed (cl_mem_flags: CL_MEM_COPY_HOST_PTR)
 uint2 test passed (cl_mem_flags: 0)
 uint4 test passed (cl_mem_flags: CL_MEM_ALLOC_HOST_PTR)
 uint4 test passed (cl_mem_flags: CL_MEM_ALLOC_HOST_PTR | CL_MEM_COPY_HOST_PTR)
 uint4 test passed (cl_mem_flags: CL_MEM_USE_HOST_PTR)
 uint4 test passed (cl_mem_flags: CL_MEM_COPY_HOST_PTR)
 uint4 test passed (cl_mem_flags: 0)
 uint8 test passed (cl_mem_flags: CL_MEM_ALLOC_HOST_PTR)
 uint8 test passed (cl_mem_flags: CL_MEM_ALLOC_HOST_PTR | CL_MEM_COPY_HOST_PTR)
 uint8 test passed (cl_mem_flags: CL_MEM_USE_HOST_PTR)
 uint8 test passed (cl_mem_flags: CL_MEM_COPY_HOST_PTR)
 uint8 test passed (cl_mem_flags: 0)
 uint16 test passed (cl_mem_flags: CL_MEM_ALLOC_HOST_PTR)
 uint16 test passed (cl_mem_flags: CL_MEM_ALLOC_HOST_PTR | CL_MEM_COPY_HOST_PTR)
 uint16 test passed (cl_mem_flags: CL_MEM_USE_HOST_PTR)
 uint16 test passed (cl_mem_flags: CL_MEM_COPY_HOST_PTR)
 uint16 test passed (cl_mem_flags: 0)
Testing random fill from offset 14603 for 108 elements: 
 uint1 test passed (cl_mem_flags: CL_MEM_ALLOC_HOST_PTR)
 uint1 test passed (cl_mem_flags: CL_MEM_ALLOC_HOST_PTR | CL_MEM_COPY_HOST_PTR)
 uint1 test passed (cl_mem_flags: CL_MEM_USE_HOST_PTR)
 uint1 test passed (cl_mem_flags: CL_MEM_COPY_HOST_PTR)
 uint1 test passed (cl_mem_flags: 0)
 uint2 test passed (cl_mem_flags: CL_MEM_ALLOC_HOST_PTR)
 uint2 test passed (cl_mem_flags: CL_MEM_ALLOC_HOST_PTR | CL_MEM_COPY_HOST_PTR)
 uint2 test passed (cl_mem_flags: CL_MEM_USE_HOST_PTR)
 uint2 test passed (cl_mem_flags: CL_MEM_COPY_HOST_PTR)
 uint2 test passed (cl_mem_flags: 0)
 uint4 test passed (cl_mem_flags: CL_MEM_ALLOC_HOST_PTR)
 uint4 test passed (cl_mem_flags: CL_MEM_ALLOC_HOST_PTR | CL_MEM_COPY_HOST_PTR)
 uint4 test passed (cl_mem_flags: CL_MEM_USE_HOST_PTR)
 uint4 test passed (cl_mem_flags: CL_MEM_COPY_HOST_PTR)
 uint4 test passed (cl_mem_flags: 0)
 uint8 test passed (cl_mem_flags: CL_MEM_ALLOC_HOST_PTR)
 uint8 test passed (cl_mem_flags: CL_MEM_ALLOC_HOST_PTR | CL_MEM_COPY_HOST_PTR)
 uint8 test passed (cl_mem_flags: CL_MEM_USE_HOST_PTR)
 uint8 test passed (cl_mem_flags: CL_MEM_COPY_HOST_PTR)
 uint8 test passed (cl_mem_flags: 0)
 uint16 test passed (cl_mem_flags: CL_MEM_ALLOC_HOST_PTR)
 uint16 test passed (cl_mem_flags: CL_MEM_ALLOC_HOST_PTR | CL_MEM_COPY_HOST_PTR)
 uint16 test passed (cl_mem_flags: CL_MEM_USE_HOST_PTR)
 uint16 test passed (cl_mem_flags: CL_MEM_COPY_HOST_PTR)
 uint16 test passed (cl_mem_flags: 0)
buffer_fill_uint passed
buffer_fill_short...
Testing random fill from offset 8987 for 4388 elements: 
 short1 test passed (cl_mem_flags: CL_MEM_ALLOC_HOST_PTR)
 short1 test passed (cl_mem_flags: CL_MEM_ALLOC_HOST_PTR | CL_MEM_COPY_HOST_PTR)
 short1 test passed (cl_mem_flags: CL_MEM_USE_HOST_PTR)
 short1 test passed (cl_mem_flags: CL_MEM_COPY_HOST_PTR)
 short1 test passed (cl_mem_flags: 0)
 short2 test passed (cl_mem_flags: CL_MEM_ALLOC_HOST_PTR)
 short2 test passed (cl_mem_flags: CL_MEM_ALLOC_HOST_PTR | CL_MEM_COPY_HOST_PTR)
 short2 test passed (cl_mem_flags: CL_MEM_USE_HOST_PTR)
 short2 test passed (cl_mem_flags: CL_MEM_COPY_HOST_PTR)
 short2 test passed (cl_mem_flags: 0)
 short4 test passed (cl_mem_flags: CL_MEM_ALLOC_HOST_PTR)
 short4 test passed (cl_mem_flags: CL_MEM_ALLOC_HOST_PTR | CL_MEM_COPY_HOST_PTR)
 short4 test passed (cl_mem_flags: CL_MEM_USE_HOST_PTR)
 short4 test passed (cl_mem_flags: CL_MEM_COPY_HOST_PTR)
 short4 test passed (cl_mem_flags: 0)
 short8 test passed (cl_mem_flags: CL_MEM_ALLOC_HOST_PTR)
 short8 test passed (cl_mem_flags: CL_MEM_ALLOC_HOST_PTR | CL_MEM_COPY_HOST_PTR)
 short8 test passed (cl_mem_flags: CL_MEM_USE_HOST_PTR)
 short8 test passed (cl_mem_flags: CL_MEM_COPY_HOST_PTR)
 short8 test passed (cl_mem_flags: 0)
 short16 test passed (cl_mem_flags: CL_MEM_ALLOC_HOST_PTR)
 short16 test passed (cl_mem_flags: CL_MEM_ALLOC_HOST_PTR | CL_MEM_COPY_HOST_PTR)
 short16 test passed (cl_mem_flags: CL_MEM_USE_HOST_PTR)
 short16 test passed (cl_mem_flags: CL_MEM_COPY_HOST_PTR)
 short16 test passed (cl_mem_flags: 0)
Testing random fill from offset 11711 for 3946 elements: 
 short1 test passed (cl_mem_flags: CL_MEM_ALLOC_HOST_PTR)
 short1 test passed (cl_mem_flags: CL_MEM_ALLOC_HOST_PTR | CL_MEM_COPY_HOST_PTR)
 short1 test passed (cl_mem_flags: CL_MEM_USE_HOST_PTR)
 short1 test passed (cl_mem_flags: CL_MEM_COPY_HOST_PTR)
 short1 test passed (cl_mem_flags: 0)
 short2 test passed (cl_mem_flags: CL_MEM_ALLOC_HOST_PTR)
 short2 test passed (cl_mem_flags: CL_MEM_ALLOC_HOST_PTR | CL_MEM_COPY_HOST_PTR)
 short2 test passed (cl_mem_flags: CL_MEM_USE_HOST_PTR)
 short2 test passed (cl_mem_flags: CL_MEM_COPY_HOST_PTR)
 short2 test passed (cl_mem_flags: 0)
 short4 test passed (cl_mem_flags: CL_MEM_ALLOC_HOST_PTR)
 short4 test passed (cl_mem_flags: CL_MEM_ALLOC_HOST_PTR | CL_MEM_COPY_HOST_PTR)
 short4 test passed (cl_mem_flags: CL_MEM_USE_HOST_PTR)
 short4 test passed (cl_mem_flags: CL_MEM_COPY_HOST_PTR)
 short4 test passed (cl_mem_flags: 0)
 short8 test passed (cl_mem_flags: CL_MEM_ALLOC_HOST_PTR)
 short8 test passed (cl_mem_flags: CL_MEM_ALLOC_HOST_PTR | CL_MEM_COPY_HOST_PTR)
 short8 test passed (cl_mem_flags: CL_MEM_USE_HOST_PTR)
 short8 test passed (cl_mem_flags: CL_MEM_COPY_HOST_PTR)
 short8 test passed (cl_mem_flags: 0)
 short16 test passed (cl_mem_flags: CL_MEM_ALLOC_HOST_PTR)
 short16 test passed (cl_mem_flags: CL_MEM_ALLOC_HOST_PTR | CL_MEM_COPY_HOST_PTR)
 short16 test passed (cl_mem_flags: CL_MEM_USE_HOST_PTR)
 short16 test passed (cl_mem_flags: CL_MEM_COPY_HOST_PTR)
 short16 test passed (cl_mem_flags: 0)
Testing random fill from offset 9870 for 5589 elements: 
 short1 test passed (cl_mem_flags: CL_MEM_ALLOC_HOST_PTR)
 short1 test passed (cl_mem_flags: CL_MEM_ALLOC_HOST_PTR | CL_MEM_COPY_HOST_PTR)
 short1 test passed (cl_mem_flags: CL_MEM_USE_HOST_PTR)
 short1 test passed (cl_mem_flags: CL_MEM_COPY_HOST_PTR)
 short1 test passed (cl_mem_flags: 0)
 short2 test passed (cl_mem_flags: CL_MEM_ALLOC_HOST_PTR)
 short2 test passed (cl_mem_flags: CL_MEM_ALLOC_HOST_PTR | CL_MEM_COPY_HOST_PTR)
 short2 test passed (cl_mem_flags: CL_MEM_USE_HOST_PTR)
 short2 test passed (cl_mem_flags: CL_MEM_COPY_HOST_PTR)
 short2 test passed (cl_mem_flags: 0)
 short4 test passed (cl_mem_flags: CL_MEM_ALLOC_HOST_PTR)
 short4 test passed (cl_mem_flags: CL_MEM_ALLOC_HOST_PTR | CL_MEM_COPY_HOST_PTR)
 short4 test passed (cl_mem_flags: CL_MEM_USE_HOST_PTR)
 short4 test passed (cl_mem_flags: CL_MEM_COPY_HOST_PTR)
 short4 test passed (cl_mem_flags: 0)
 short8 test passed (cl_mem_flags: CL_MEM_ALLOC_HOST_PTR)
 short8 test passed (cl_mem_flags: CL_MEM_ALLOC_HOST_PTR | CL_MEM_COPY_HOST_PTR)
 short8 test passed (cl_mem_flags: CL_MEM_USE_HOST_PTR)
 short8 test passed (cl_mem_flags: CL_MEM_COPY_HOST_PTR)
 short8 test passed (cl_mem_flags: 0)
 short16 test passed (cl_mem_flags: CL_MEM_ALLOC_HOST_PTR)
 short16 test passed (cl_mem_flags: CL_MEM_ALLOC_HOST_PTR | CL_MEM_COPY_HOST_PTR)
 short16 test passed (cl_mem_flags: CL_MEM_USE_HOST_PTR)
 short16 test passed (cl_mem_flags: CL_MEM_COPY_HOST_PTR)
 short16 test passed (cl_mem_flags: 0)
Testing random fill from offset 8923 for 6322 elements: 
 short1 test passed (cl_mem_flags: CL_MEM_ALLOC_HOST_PTR)
 short1 test passed (cl_mem_flags: CL_MEM_ALLOC_HOST_PTR | CL_MEM_COPY_HOST_PTR)
 short1 test passed (cl_mem_flags: CL_MEM_USE_HOST_PTR)
 short1 test passed (cl_mem_flags: CL_MEM_COPY_HOST_PTR)
 short1 test passed (cl_mem_flags: 0)
 short2 test passed (cl_mem_flags: CL_MEM_ALLOC_HOST_PTR)
 short2 test passed (cl_mem_flags: CL_MEM_ALLOC_HOST_PTR | CL_MEM_COPY_HOST_PTR)
 short2 test passed (cl_mem_flags: CL_MEM_USE_HOST_PTR)
 short2 test passed (cl_mem_flags: CL_MEM_COPY_HOST_PTR)
 short2 test passed (cl_mem_flags: 0)
 short4 test passed (cl_mem_flags: CL_MEM_ALLOC_HOST_PTR)
 short4 test passed (cl_mem_flags: CL_MEM_ALLOC_HOST_PTR | CL_MEM_COPY_HOST_PTR)
 short4 test passed (cl_mem_flags: CL_MEM_USE_HOST_PTR)
 short4 test passed (cl_mem_flags: CL_MEM_COPY_HOST_PTR)
 short4 test passed (cl_mem_flags: 0)
 short8 test passed (cl_mem_flags: CL_MEM_ALLOC_HOST_PTR)
 short8 test passed (cl_mem_flags: CL_MEM_ALLOC_HOST_PTR | CL_MEM_COPY_HOST_PTR)
 short8 test passed (cl_mem_flags: CL_MEM_USE_HOST_PTR)
 short8 test passed (cl_mem_flags: CL_MEM_COPY_HOST_PTR)
 short8 test passed (cl_mem_flags: 0)
 short16 test passed (cl_mem_flags: CL_MEM_ALLOC_HOST_PTR)
 short16 test passed (cl_mem_flags: CL_MEM_ALLOC_HOST_PTR | CL_MEM_COPY_HOST_PTR)
 short16 test passed (cl_mem_flags: CL_MEM_USE_HOST_PTR)
 short16 test passed (cl_mem_flags: CL_MEM_COPY_HOST_PTR)
 short16 test passed (cl_mem_flags: 0)
Testing random fill from offset 6937 for 5893 elements: 
 short1 test passed (cl_mem_flags: CL_MEM_ALLOC_HOST_PTR)
 short1 test passed (cl_mem_flags: CL_MEM_ALLOC_HOST_PTR | CL_MEM_COPY_HOST_PTR)
 short1 test passed (cl_mem_flags: CL_MEM_USE_HOST_PTR)
 short1 test passed (cl_mem_flags: CL_MEM_COPY_HOST_PTR)
 short1 test passed (cl_mem_flags: 0)
 short2 test passed (cl_mem_flags: CL_MEM_ALLOC_HOST_PTR)
 short2 test passed (cl_mem_flags: CL_MEM_ALLOC_HOST_PTR | CL_MEM_COPY_HOST_PTR)
 short2 test passed (cl_mem_flags: CL_MEM_USE_HOST_PTR)
 short2 test passed (cl_mem_flags: CL_MEM_COPY_HOST_PTR)
 short2 test passed (cl_mem_flags: 0)
 short4 test passed (cl_mem_flags: CL_MEM_ALLOC_HOST_PTR)
 short4 test passed (cl_mem_flags: CL_MEM_ALLOC_HOST_PTR | CL_MEM_COPY_HOST_PTR)
 short4 test passed (cl_mem_flags: CL_MEM_USE_HOST_PTR)
 short4 test passed (cl_mem_flags: CL_MEM_COPY_HOST_PTR)
 short4 test passed (cl_mem_flags: 0)
 short8 test passed (cl_mem_flags: CL_MEM_ALLOC_HOST_PTR)
 short8 test passed (cl_mem_flags: CL_MEM_ALLOC_HOST_PTR | CL_MEM_COPY_HOST_PTR)
 short8 test passed (cl_mem_flags: CL_MEM_USE_HOST_PTR)
 short8 test passed (cl_mem_flags: CL_MEM_COPY_HOST_PTR)
 short8 test passed (cl_mem_flags: 0)
 short16 test passed (cl_mem_flags: CL_MEM_ALLOC_HOST_PTR)
 short16 test passed (cl_mem_flags: CL_MEM_ALLOC_HOST_PTR | CL_MEM_COPY_HOST_PTR)
 short16 test passed (cl_mem_flags: CL_MEM_USE_HOST_PTR)
 short16 test passed (cl_mem_flags: CL_MEM_COPY_HOST_PTR)
 short16 test passed (cl_mem_flags: 0)
Testing random fill from offset 10577 for 2237 elements: 
 short1 test passed (cl_mem_flags: CL_MEM_ALLOC_HOST_PTR)
 short1 test passed (cl_mem_flags: CL_MEM_ALLOC_HOST_PTR | CL_MEM_COPY_HOST_PTR)
 short1 test passed (cl_mem_flags: CL_MEM_USE_HOST_PTR)
 short1 test passed (cl_mem_flags: CL_MEM_COPY_HOST_PTR)
 short1 test passed (cl_mem_flags: 0)
 short2 test passed (cl_mem_flags: CL_MEM_ALLOC_HOST_PTR)
 short2 test passed (cl_mem_flags: CL_MEM_ALLOC_HOST_PTR | CL_MEM_COPY_HOST_PTR)
 short2 test passed (cl_mem_flags: CL_MEM_USE_HOST_PTR)
 short2 test passed (cl_mem_flags: CL_MEM_COPY_HOST_PTR)
 short2 test passed (cl_mem_flags: 0)
 short4 test passed (cl_mem_flags: CL_MEM_ALLOC_HOST_PTR)
 short4 test passed (cl_mem_flags: CL_MEM_ALLOC_HOST_PTR | CL_MEM_COPY_HOST_PTR)
 short4 test passed (cl_mem_flags: CL_MEM_USE_HOST_PTR)
 short4 test passed (cl_mem_flags: CL_MEM_COPY_HOST_PTR)
 short4 test passed (cl_mem_flags: 0)
 short8 test passed (cl_mem_flags: CL_MEM_ALLOC_HOST_PTR)
 short8 test passed (cl_mem_flags: CL_MEM_ALLOC_HOST_PTR | CL_MEM_COPY_HOST_PTR)
 short8 test passed (cl_mem_flags: CL_MEM_USE_HOST_PTR)
 short8 test passed (cl_mem_flags: CL_MEM_COPY_HOST_PTR)
 short8 test passed (cl_mem_flags: 0)
 short16 test passed (cl_mem_flags: CL_MEM_ALLOC_HOST_PTR)
 short16 test passed (cl_mem_flags: CL_MEM_ALLOC_HOST_PTR | CL_MEM_COPY_HOST_PTR)
 short16 test passed (cl_mem_flags: CL_MEM_USE_HOST_PTR)
 short16 test passed (cl_mem_flags: CL_MEM_COPY_HOST_PTR)
 short16 test passed (cl_mem_flags: 0)
Testing random fill from offset 7165 for 2748 elements: 
 short1 test passed (cl_mem_flags: CL_MEM_ALLOC_HOST_PTR)
 short1 test passed (cl_mem_flags: CL_MEM_ALLOC_HOST_PTR | CL_MEM_COPY_HOST_PTR)
 short1 test passed (cl_mem_flags: CL_MEM_USE_HOST_PTR)
 short1 test passed (cl_mem_flags: CL_MEM_COPY_HOST_PTR)
 short1 test passed (cl_mem_flags: 0)
 short2 test passed (cl_mem_flags: CL_MEM_ALLOC_HOST_PTR)
 short2 test passed (cl_mem_flags: CL_MEM_ALLOC_HOST_PTR | CL_MEM_COPY_HOST_PTR)
 short2 test passed (cl_mem_flags: CL_MEM_USE_HOST_PTR)
 short2 test passed (cl_mem_flags: CL_MEM_COPY_HOST_PTR)
 short2 test passed (cl_mem_flags: 0)
 short4 test passed (cl_mem_flags: CL_MEM_ALLOC_HOST_PTR)
 short4 test passed (cl_mem_flags: CL_MEM_ALLOC_HOST_PTR | CL_MEM_COPY_HOST_PTR)
 short4 test passed (cl_mem_flags: CL_MEM_USE_HOST_PTR)
 short4 test passed (cl_mem_flags: CL_MEM_COPY_HOST_PTR)
 short4 test passed (cl_mem_flags: 0)
 short8 test passed (cl_mem_flags: CL_MEM_ALLOC_HOST_PTR)
 short8 test passed (cl_mem_flags: CL_MEM_ALLOC_HOST_PTR | CL_MEM_COPY_HOST_PTR)
 short8 test passed (cl_mem_flags: CL_MEM_USE_HOST_PTR)
 short8 test passed (cl_mem_flags: CL_MEM_COPY_HOST_PTR)
 short8 test passed (cl_mem_flags: 0)
 short16 test passed (cl_mem_flags: CL_MEM_ALLOC_HOST_PTR)
 short16 test passed (cl_mem_flags: CL_MEM_ALLOC_HOST_PTR | CL_MEM_COPY_HOST_PTR)
 short16 test passed (cl_mem_flags: CL_MEM_USE_HOST_PTR)
 short16 test passed (cl_mem_flags: CL_MEM_COPY_HOST_PTR)
 short16 test passed (cl_mem_flags: 0)
Testing random fill from offset 14603 for 108 elements: 
 short1 test passed (cl_mem_flags: CL_MEM_ALLOC_HOST_PTR)
 short1 test passed (cl_mem_flags: CL_MEM_ALLOC_HOST_PTR | CL_MEM_COPY_HOST_PTR)
 short1 test passed (cl_mem_flags: CL_MEM_USE_HOST_PTR)
 short1 test passed (cl_mem_flags: CL_MEM_COPY_HOST_PTR)
 short1 test passed (cl_mem_flags: 0)
 short2 test passed (cl_mem_flags: CL_MEM_ALLOC_HOST_PTR)
 short2 test passed (cl_mem_flags: CL_MEM_ALLOC_HOST_PTR | CL_MEM_COPY_HOST_PTR)
 short2 test passed (cl_mem_flags: CL_MEM_USE_HOST_PTR)
 short2 test passed (cl_mem_flags: CL_MEM_COPY_HOST_PTR)
 short2 test passed (cl_mem_flags: 0)
 short4 test passed (cl_mem_flags: CL_MEM_ALLOC_HOST_PTR)
 short4 test passed (cl_mem_flags: CL_MEM_ALLOC_HOST_PTR | CL_MEM_COPY_HOST_PTR)
 short4 test passed (cl_mem_flags: CL_MEM_USE_HOST_PTR)
 short4 test passed (cl_mem_flags: CL_MEM_COPY_HOST_PTR)
 short4 test passed (cl_mem_flags: 0)
 short8 test passed (cl_mem_flags: CL_MEM_ALLOC_HOST_PTR)
 short8 test passed (cl_mem_flags: CL_MEM_ALLOC_HOST_PTR | CL_MEM_COPY_HOST_PTR)
 short8 test passed (cl_mem_flags: CL_MEM_USE_HOST_PTR)
 short8 test passed (cl_mem_flags: CL_MEM_COPY_HOST_PTR)
 short8 test passed (cl_mem_flags: 0)
 short16 test passed (cl_mem_flags: CL_MEM_ALLOC_HOST_PTR)
 short16 test passed (cl_mem_flags: CL_MEM_ALLOC_HOST_PTR | CL_MEM_COPY_HOST_PTR)
 short16 test passed (cl_mem_flags: CL_MEM_USE_HOST_PTR)
 short16 test passed (cl_mem_flags: CL_MEM_COPY_HOST_PTR)
 short16 test passed (cl_mem_flags: 0)
buffer_fill_short passed
buffer_fill_ushort...
Testing random fill from offset 8987 for 4388 elements: 
 ushort1 test passed (cl_mem_flags: CL_MEM_ALLOC_HOST_PTR)
 ushort1 test passed (cl_mem_flags: CL_MEM_ALLOC_HOST_PTR | CL_MEM_COPY_HOST_PTR)
 ushort1 test passed (cl_mem_flags: CL_MEM_USE_HOST_PTR)
 ushort1 test passed (cl_mem_flags: CL_MEM_COPY_HOST_PTR)
 ushort1 test passed (cl_mem_flags: 0)
 ushort2 test passed (cl_mem_flags: CL_MEM_ALLOC_HOST_PTR)
 ushort2 test passed (cl_mem_flags: CL_MEM_ALLOC_HOST_PTR | CL_MEM_COPY_HOST_PTR)
 ushort2 test passed (cl_mem_flags: CL_MEM_USE_HOST_PTR)
 ushort2 test passed (cl_mem_flags: CL_MEM_COPY_HOST_PTR)
 ushort2 test passed (cl_mem_flags: 0)
 ushort4 test passed (cl_mem_flags: CL_MEM_ALLOC_HOST_PTR)
 ushort4 test passed (cl_mem_flags: CL_MEM_ALLOC_HOST_PTR | CL_MEM_COPY_HOST_PTR)
 ushort4 test passed (cl_mem_flags: CL_MEM_USE_HOST_PTR)
 ushort4 test passed (cl_mem_flags: CL_MEM_COPY_HOST_PTR)
 ushort4 test passed (cl_mem_flags: 0)
 ushort8 test passed (cl_mem_flags: CL_MEM_ALLOC_HOST_PTR)
 ushort8 test passed (cl_mem_flags: CL_MEM_ALLOC_HOST_PTR | CL_MEM_COPY_HOST_PTR)
 ushort8 test passed (cl_mem_flags: CL_MEM_USE_HOST_PTR)
 ushort8 test passed (cl_mem_flags: CL_MEM_COPY_HOST_PTR)
 ushort8 test passed (cl_mem_flags: 0)
 ushort16 test passed (cl_mem_flags: CL_MEM_ALLOC_HOST_PTR)
 ushort16 test passed (cl_mem_flags: CL_MEM_ALLOC_HOST_PTR | CL_MEM_COPY_HOST_PTR)
 ushort16 test passed (cl_mem_flags: CL_MEM_USE_HOST_PTR)
 ushort16 test passed (cl_mem_flags: CL_MEM_COPY_HOST_PTR)
 ushort16 test passed (cl_mem_flags: 0)
Testing random fill from offset 11711 for 3946 elements: 
 ushort1 test passed (cl_mem_flags: CL_MEM_ALLOC_HOST_PTR)
 ushort1 test passed (cl_mem_flags: CL_MEM_ALLOC_HOST_PTR | CL_MEM_COPY_HOST_PTR)
 ushort1 test passed (cl_mem_flags: CL_MEM_USE_HOST_PTR)
 ushort1 test passed (cl_mem_flags: CL_MEM_COPY_HOST_PTR)
 ushort1 test passed (cl_mem_flags: 0)
 ushort2 test passed (cl_mem_flags: CL_MEM_ALLOC_HOST_PTR)
 ushort2 test passed (cl_mem_flags: CL_MEM_ALLOC_HOST_PTR | CL_MEM_COPY_HOST_PTR)
 ushort2 test passed (cl_mem_flags: CL_MEM_USE_HOST_PTR)
 ushort2 test passed (cl_mem_flags: CL_MEM_COPY_HOST_PTR)
 ushort2 test passed (cl_mem_flags: 0)
 ushort4 test passed (cl_mem_flags: CL_MEM_ALLOC_HOST_PTR)
 ushort4 test passed (cl_mem_flags: CL_MEM_ALLOC_HOST_PTR | CL_MEM_COPY_HOST_PTR)
 ushort4 test passed (cl_mem_flags: CL_MEM_USE_HOST_PTR)
 ushort4 test passed (cl_mem_flags: CL_MEM_COPY_HOST_PTR)
 ushort4 test passed (cl_mem_flags: 0)
 ushort8 test passed (cl_mem_flags: CL_MEM_ALLOC_HOST_PTR)
 ushort8 test passed (cl_mem_flags: CL_MEM_ALLOC_HOST_PTR | CL_MEM_COPY_HOST_PTR)
 ushort8 test passed (cl_mem_flags: CL_MEM_USE_HOST_PTR)
 ushort8 test passed (cl_mem_flags: CL_MEM_COPY_HOST_PTR)
 ushort8 test passed (cl_mem_flags: 0)
 ushort16 test passed (cl_mem_flags: CL_MEM_ALLOC_HOST_PTR)
 ushort16 test passed (cl_mem_flags: CL_MEM_ALLOC_HOST_PTR | CL_MEM_COPY_HOST_PTR)
 ushort16 test passed (cl_mem_flags: CL_MEM_USE_HOST_PTR)
 ushort16 test passed (cl_mem_flags: CL_MEM_COPY_HOST_PTR)
 ushort16 test passed (cl_mem_flags: 0)
Testing random fill from offset 9870 for 5589 elements: 
 ushort1 test passed (cl_mem_flags: CL_MEM_ALLOC_HOST_PTR)
 ushort1 test passed (cl_mem_flags: CL_MEM_ALLOC_HOST_PTR | CL_MEM_COPY_HOST_PTR)
 ushort1 test passed (cl_mem_flags: CL_MEM_USE_HOST_PTR)
 ushort1 test passed (cl_mem_flags: CL_MEM_COPY_HOST_PTR)
 ushort1 test passed (cl_mem_flags: 0)
 ushort2 test passed (cl_mem_flags: CL_MEM_ALLOC_HOST_PTR)
 ushort2 test passed (cl_mem_flags: CL_MEM_ALLOC_HOST_PTR | CL_MEM_COPY_HOST_PTR)
 ushort2 test passed (cl_mem_flags: CL_MEM_USE_HOST_PTR)
 ushort2 test passed (cl_mem_flags: CL_MEM_COPY_HOST_PTR)
 ushort2 test passed (cl_mem_flags: 0)
 ushort4 test passed (cl_mem_flags: CL_MEM_ALLOC_HOST_PTR)
 ushort4 test passed (cl_mem_flags: CL_MEM_ALLOC_HOST_PTR | CL_MEM_COPY_HOST_PTR)
 ushort4 test passed (cl_mem_flags: CL_MEM_USE_HOST_PTR)
 ushort4 test passed (cl_mem_flags: CL_MEM_COPY_HOST_PTR)
 ushort4 test passed (cl_mem_flags: 0)
 ushort8 test passed (cl_mem_flags: CL_MEM_ALLOC_HOST_PTR)
 ushort8 test passed (cl_mem_flags: CL_MEM_ALLOC_HOST_PTR | CL_MEM_COPY_HOST_PTR)
 ushort8 test passed (cl_mem_flags: CL_MEM_USE_HOST_PTR)
 ushort8 test passed (cl_mem_flags: CL_MEM_COPY_HOST_PTR)
 ushort8 test passed (cl_mem_flags: 0)
 ushort16 test passed (cl_mem_flags: CL_MEM_ALLOC_HOST_PTR)
 ushort16 test passed (cl_mem_flags: CL_MEM_ALLOC_HOST_PTR | CL_MEM_COPY_HOST_PTR)
 ushort16 test passed (cl_mem_flags: CL_MEM_USE_HOST_PTR)
 ushort16 test passed (cl_mem_flags: CL_MEM_COPY_HOST_PTR)
 ushort16 test passed (cl_mem_flags: 0)
Testing random fill from offset 8923 for 6322 elements: 
 ushort1 test passed (cl_mem_flags: CL_MEM_ALLOC_HOST_PTR)
 ushort1 test passed (cl_mem_flags: CL_MEM_ALLOC_HOST_PTR | CL_MEM_COPY_HOST_PTR)
 ushort1 test passed (cl_mem_flags: CL_MEM_USE_HOST_PTR)
 ushort1 test passed (cl_mem_flags: CL_MEM_COPY_HOST_PTR)
 ushort1 test passed (cl_mem_flags: 0)
 ushort2 test passed (cl_mem_flags: CL_MEM_ALLOC_HOST_PTR)
 ushort2 test passed (cl_mem_flags: CL_MEM_ALLOC_HOST_PTR | CL_MEM_COPY_HOST_PTR)
 ushort2 test passed (cl_mem_flags: CL_MEM_USE_HOST_PTR)
 ushort2 test passed (cl_mem_flags: CL_MEM_COPY_HOST_PTR)
 ushort2 test passed (cl_mem_flags: 0)
 ushort4 test passed (cl_mem_flags: CL_MEM_ALLOC_HOST_PTR)
 ushort4 test passed (cl_mem_flags: CL_MEM_ALLOC_HOST_PTR | CL_MEM_COPY_HOST_PTR)
 ushort4 test passed (cl_mem_flags: CL_MEM_USE_HOST_PTR)
 ushort4 test passed (cl_mem_flags: CL_MEM_COPY_HOST_PTR)
 ushort4 test passed (cl_mem_flags: 0)
 ushort8 test passed (cl_mem_flags: CL_MEM_ALLOC_HOST_PTR)
 ushort8 test passed (cl_mem_flags: CL_MEM_ALLOC_HOST_PTR | CL_MEM_COPY_HOST_PTR)
 ushort8 test passed (cl_mem_flags: CL_MEM_USE_HOST_PTR)
 ushort8 test passed (cl_mem_flags: CL_MEM_COPY_HOST_PTR)
 ushort8 test passed (cl_mem_flags: 0)
 ushort16 test passed (cl_mem_flags: CL_MEM_ALLOC_HOST_PTR)
 ushort16 test passed (cl_mem_flags: CL_MEM_ALLOC_HOST_PTR | CL_MEM_COPY_HOST_PTR)
 ushort16 test passed (cl_mem_flags: CL_MEM_USE_HOST_PTR)
 ushort16 test passed (cl_mem_flags: CL_MEM_COPY_HOST_PTR)
 ushort16 test passed (cl_mem_flags: 0)
Testing random fill from offset 6937 for 5893 elements: 
 ushort1 test passed (cl_mem_flags: CL_MEM_ALLOC_HOST_PTR)
 ushort1 test passed (cl_mem_flags: CL_MEM_ALLOC_HOST_PTR | CL_MEM_COPY_HOST_PTR)
 ushort1 test passed (cl_mem_flags: CL_MEM_USE_HOST_PTR)
 ushort1 test passed (cl_mem_flags: CL_MEM_COPY_HOST_PTR)
 ushort1 test passed (cl_mem_flags: 0)
 ushort2 test passed (cl_mem_flags: CL_MEM_ALLOC_HOST_PTR)
 ushort2 test passed (cl_mem_flags: CL_MEM_ALLOC_HOST_PTR | CL_MEM_COPY_HOST_PTR)
 ushort2 test passed (cl_mem_flags: CL_MEM_USE_HOST_PTR)
 ushort2 test passed (cl_mem_flags: CL_MEM_COPY_HOST_PTR)
 ushort2 test passed (cl_mem_flags: 0)
 ushort4 test passed (cl_mem_flags: CL_MEM_ALLOC_HOST_PTR)
 ushort4 test passed (cl_mem_flags: CL_MEM_ALLOC_HOST_PTR | CL_MEM_COPY_HOST_PTR)
 ushort4 test passed (cl_mem_flags: CL_MEM_USE_HOST_PTR)
 ushort4 test passed (cl_mem_flags: CL_MEM_COPY_HOST_PTR)
 ushort4 test passed (cl_mem_flags: 0)
 ushort8 test passed (cl_mem_flags: CL_MEM_ALLOC_HOST_PTR)
 ushort8 test passed (cl_mem_flags: CL_MEM_ALLOC_HOST_PTR | CL_MEM_COPY_HOST_PTR)
 ushort8 test passed (cl_mem_flags: CL_MEM_USE_HOST_PTR)
 ushort8 test passed (cl_mem_flags: CL_MEM_COPY_HOST_PTR)
 ushort8 test passed (cl_mem_flags: 0)
 ushort16 test passed (cl_mem_flags: CL_MEM_ALLOC_HOST_PTR)
 ushort16 test passed (cl_mem_flags: CL_MEM_ALLOC_HOST_PTR | CL_MEM_COPY_HOST_PTR)
 ushort16 test passed (cl_mem_flags: CL_MEM_USE_HOST_PTR)
 ushort16 test passed (cl_mem_flags: CL_MEM_COPY_HOST_PTR)
 ushort16 test passed (cl_mem_flags: 0)
Testing random fill from offset 10577 for 2237 elements: 
 ushort1 test passed (cl_mem_flags: CL_MEM_ALLOC_HOST_PTR)
 ushort1 test passed (cl_mem_flags: CL_MEM_ALLOC_HOST_PTR | CL_MEM_COPY_HOST_PTR)
 ushort1 test passed (cl_mem_flags: CL_MEM_USE_HOST_PTR)
 ushort1 test passed (cl_mem_flags: CL_MEM_COPY_HOST_PTR)
 ushort1 test passed (cl_mem_flags: 0)
 ushort2 test passed (cl_mem_flags: CL_MEM_ALLOC_HOST_PTR)
 ushort2 test passed (cl_mem_flags: CL_MEM_ALLOC_HOST_PTR | CL_MEM_COPY_HOST_PTR)
 ushort2 test passed (cl_mem_flags: CL_MEM_USE_HOST_PTR)
 ushort2 test passed (cl_mem_flags: CL_MEM_COPY_HOST_PTR)
 ushort2 test passed (cl_mem_flags: 0)
 ushort4 test passed (cl_mem_flags: CL_MEM_ALLOC_HOST_PTR)
 ushort4 test passed (cl_mem_flags: CL_MEM_ALLOC_HOST_PTR | CL_MEM_COPY_HOST_PTR)
 ushort4 test passed (cl_mem_flags: CL_MEM_USE_HOST_PTR)
 ushort4 test passed (cl_mem_flags: CL_MEM_COPY_HOST_PTR)
 ushort4 test passed (cl_mem_flags: 0)
 ushort8 test passed (cl_mem_flags: CL_MEM_ALLOC_HOST_PTR)
 ushort8 test passed (cl_mem_flags: CL_MEM_ALLOC_HOST_PTR | CL_MEM_COPY_HOST_PTR)
 ushort8 test passed (cl_mem_flags: CL_MEM_USE_HOST_PTR)
 ushort8 test passed (cl_mem_flags: CL_MEM_COPY_HOST_PTR)
 ushort8 test passed (cl_mem_flags: 0)
 ushort16 test passed (cl_mem_flags: CL_MEM_ALLOC_HOST_PTR)
 ushort16 test passed (cl_mem_flags: CL_MEM_ALLOC_HOST_PTR | CL_MEM_COPY_HOST_PTR)
 ushort16 test passed (cl_mem_flags: CL_MEM_USE_HOST_PTR)
 ushort16 test passed (cl_mem_flags: CL_MEM_COPY_HOST_PTR)
 ushort16 test passed (cl_mem_flags: 0)
Testing random fill from offset 7165 for 2748 elements: 
 ushort1 test passed (cl_mem_flags: CL_MEM_ALLOC_HOST_PTR)
 ushort1 test passed (cl_mem_flags: CL_MEM_ALLOC_HOST_PTR | CL_MEM_COPY_HOST_PTR)
 ushort1 test passed (cl_mem_flags: CL_MEM_USE_HOST_PTR)
 ushort1 test passed (cl_mem_flags: CL_MEM_COPY_HOST_PTR)
 ushort1 test passed (cl_mem_flags: 0)
 ushort2 test passed (cl_mem_flags: CL_MEM_ALLOC_HOST_PTR)
 ushort2 test passed (cl_mem_flags: CL_MEM_ALLOC_HOST_PTR | CL_MEM_COPY_HOST_PTR)
 ushort2 test passed (cl_mem_flags: CL_MEM_USE_HOST_PTR)
 ushort2 test passed (cl_mem_flags: CL_MEM_COPY_HOST_PTR)
 ushort2 test passed (cl_mem_flags: 0)
 ushort4 test passed (cl_mem_flags: CL_MEM_ALLOC_HOST_PTR)
 ushort4 test passed (cl_mem_flags: CL_MEM_ALLOC_HOST_PTR | CL_MEM_COPY_HOST_PTR)
 ushort4 test passed (cl_mem_flags: CL_MEM_USE_HOST_PTR)
 ushort4 test passed (cl_mem_flags: CL_MEM_COPY_HOST_PTR)
 ushort4 test passed (cl_mem_flags: 0)
 ushort8 test passed (cl_mem_flags: CL_MEM_ALLOC_HOST_PTR)
 ushort8 test passed (cl_mem_flags: CL_MEM_ALLOC_HOST_PTR | CL_MEM_COPY_HOST_PTR)
 ushort8 test passed (cl_mem_flags: CL_MEM_USE_HOST_PTR)
 ushort8 test passed (cl_mem_flags: CL_MEM_COPY_HOST_PTR)
 ushort8 test passed (cl_mem_flags: 0)
 ushort16 test passed (cl_mem_flags: CL_MEM_ALLOC_HOST_PTR)
 ushort16 test passed (cl_mem_flags: CL_MEM_ALLOC_HOST_PTR | CL_MEM_COPY_HOST_PTR)
 ushort16 test passed (cl_mem_flags: CL_MEM_USE_HOST_PTR)
 ushort16 test passed (cl_mem_flags: CL_MEM_COPY_HOST_PTR)
 ushort16 test passed (cl_mem_flags: 0)
Testing random fill from offset 14603 for 108 elements: 
 ushort1 test passed (cl_mem_flags: CL_MEM_ALLOC_HOST_PTR)
 ushort1 test passed (cl_mem_flags: CL_MEM_ALLOC_HOST_PTR | CL_MEM_COPY_HOST_PTR)
 ushort1 test passed (cl_mem_flags: CL_MEM_USE_HOST_PTR)
 ushort1 test passed (cl_mem_flags: CL_MEM_COPY_HOST_PTR)
 ushort1 test passed (cl_mem_flags: 0)
 ushort2 test passed (cl_mem_flags: CL_MEM_ALLOC_HOST_PTR)
 ushort2 test passed (cl_mem_flags: CL_MEM_ALLOC_HOST_PTR | CL_MEM_COPY_HOST_PTR)
 ushort2 test passed (cl_mem_flags: CL_MEM_USE_HOST_PTR)
 ushort2 test passed (cl_mem_flags: CL_MEM_COPY_HOST_PTR)
 ushort2 test passed (cl_mem_flags: 0)
 ushort4 test passed (cl_mem_flags: CL_MEM_ALLOC_HOST_PTR)
 ushort4 test passed (cl_mem_flags: CL_MEM_ALLOC_HOST_PTR | CL_MEM_COPY_HOST_PTR)
 ushort4 test passed (cl_mem_flags: CL_MEM_USE_HOST_PTR)
 ushort4 test passed (cl_mem_flags: CL_MEM_COPY_HOST_PTR)
 ushort4 test passed (cl_mem_flags: 0)
 ushort8 test passed (cl_mem_flags: CL_MEM_ALLOC_HOST_PTR)
 ushort8 test passed (cl_mem_flags: CL_MEM_ALLOC_HOST_PTR | CL_MEM_COPY_HOST_PTR)
 ushort8 test passed (cl_mem_flags: CL_MEM_USE_HOST_PTR)
 ushort8 test passed (cl_mem_flags: CL_MEM_COPY_HOST_PTR)
 ushort8 test passed (cl_mem_flags: 0)
 ushort16 test passed (cl_mem_flags: CL_MEM_ALLOC_HOST_PTR)
 ushort16 test passed (cl_mem_flags: CL_MEM_ALLOC_HOST_PTR | CL_MEM_COPY_HOST_PTR)
 ushort16 test passed (cl_mem_flags: CL_MEM_USE_HOST_PTR)
 ushort16 test passed (cl_mem_flags: CL_MEM_COPY_HOST_PTR)
 ushort16 test passed (cl_mem_flags: 0)
buffer_fill_ushort passed
buffer_fill_char...
Testing random fill from offset 8987 for 4388 elements: 
 char1 test passed (cl_mem_flags: CL_MEM_ALLOC_HOST_PTR)
 char1 test passed (cl_mem_flags: CL_MEM_ALLOC_HOST_PTR | CL_MEM_COPY_HOST_PTR)
 char1 test passed (cl_mem_flags: CL_MEM_USE_HOST_PTR)
 char1 test passed (cl_mem_flags: CL_MEM_COPY_HOST_PTR)
 char1 test passed (cl_mem_flags: 0)
 char2 test passed (cl_mem_flags: CL_MEM_ALLOC_HOST_PTR)
 char2 test passed (cl_mem_flags: CL_MEM_ALLOC_HOST_PTR | CL_MEM_COPY_HOST_PTR)
 char2 test passed (cl_mem_flags: CL_MEM_USE_HOST_PTR)
 char2 test passed (cl_mem_flags: CL_MEM_COPY_HOST_PTR)
 char2 test passed (cl_mem_flags: 0)
 char4 test passed (cl_mem_flags: CL_MEM_ALLOC_HOST_PTR)
 char4 test passed (cl_mem_flags: CL_MEM_ALLOC_HOST_PTR | CL_MEM_COPY_HOST_PTR)
 char4 test passed (cl_mem_flags: CL_MEM_USE_HOST_PTR)
 char4 test passed (cl_mem_flags: CL_MEM_COPY_HOST_PTR)
 char4 test passed (cl_mem_flags: 0)
 char8 test passed (cl_mem_flags: CL_MEM_ALLOC_HOST_PTR)
 char8 test passed (cl_mem_flags: CL_MEM_ALLOC_HOST_PTR | CL_MEM_COPY_HOST_PTR)
 char8 test passed (cl_mem_flags: CL_MEM_USE_HOST_PTR)
 char8 test passed (cl_mem_flags: CL_MEM_COPY_HOST_PTR)
 char8 test passed (cl_mem_flags: 0)
 char16 test passed (cl_mem_flags: CL_MEM_ALLOC_HOST_PTR)
 char16 test passed (cl_mem_flags: CL_MEM_ALLOC_HOST_PTR | CL_MEM_COPY_HOST_PTR)
 char16 test passed (cl_mem_flags: CL_MEM_USE_HOST_PTR)
 char16 test passed (cl_mem_flags: CL_MEM_COPY_HOST_PTR)
 char16 test passed (cl_mem_flags: 0)
Testing random fill from offset 11711 for 3946 elements: 
 char1 test passed (cl_mem_flags: CL_MEM_ALLOC_HOST_PTR)
 char1 test passed (cl_mem_flags: CL_MEM_ALLOC_HOST_PTR | CL_MEM_COPY_HOST_PTR)
 char1 test passed (cl_mem_flags: CL_MEM_USE_HOST_PTR)
 char1 test passed (cl_mem_flags: CL_MEM_COPY_HOST_PTR)
 char1 test passed (cl_mem_flags: 0)
 char2 test passed (cl_mem_flags: CL_MEM_ALLOC_HOST_PTR)
 char2 test passed (cl_mem_flags: CL_MEM_ALLOC_HOST_PTR | CL_MEM_COPY_HOST_PTR)
 char2 test passed (cl_mem_flags: CL_MEM_USE_HOST_PTR)
 char2 test passed (cl_mem_flags: CL_MEM_COPY_HOST_PTR)
 char2 test passed (cl_mem_flags: 0)
 char4 test passed (cl_mem_flags: CL_MEM_ALLOC_HOST_PTR)
 char4 test passed (cl_mem_flags: CL_MEM_ALLOC_HOST_PTR | CL_MEM_COPY_HOST_PTR)
 char4 test passed (cl_mem_flags: CL_MEM_USE_HOST_PTR)
 char4 test passed (cl_mem_flags: CL_MEM_COPY_HOST_PTR)
 char4 test passed (cl_mem_flags: 0)
 char8 test passed (cl_mem_flags: CL_MEM_ALLOC_HOST_PTR)
 char8 test passed (cl_mem_flags: CL_MEM_ALLOC_HOST_PTR | CL_MEM_COPY_HOST_PTR)
 char8 test passed (cl_mem_flags: CL_MEM_USE_HOST_PTR)
 char8 test passed (cl_mem_flags: CL_MEM_COPY_HOST_PTR)
 char8 test passed (cl_mem_flags: 0)
 char16 test passed (cl_mem_flags: CL_MEM_ALLOC_HOST_PTR)
 char16 test passed (cl_mem_flags: CL_MEM_ALLOC_HOST_PTR | CL_MEM_COPY_HOST_PTR)
 char16 test passed (cl_mem_flags: CL_MEM_USE_HOST_PTR)
 char16 test passed (cl_mem_flags: CL_MEM_COPY_HOST_PTR)
 char16 test passed (cl_mem_flags: 0)
Testing random fill from offset 9870 for 5589 elements: 
 char1 test passed (cl_mem_flags: CL_MEM_ALLOC_HOST_PTR)
 char1 test passed (cl_mem_flags: CL_MEM_ALLOC_HOST_PTR | CL_MEM_COPY_HOST_PTR)
 char1 test passed (cl_mem_flags: CL_MEM_USE_HOST_PTR)
 char1 test passed (cl_mem_flags: CL_MEM_COPY_HOST_PTR)
 char1 test passed (cl_mem_flags: 0)
 char2 test passed (cl_mem_flags: CL_MEM_ALLOC_HOST_PTR)
 char2 test passed (cl_mem_flags: CL_MEM_ALLOC_HOST_PTR | CL_MEM_COPY_HOST_PTR)
 char2 test passed (cl_mem_flags: CL_MEM_USE_HOST_PTR)
 char2 test passed (cl_mem_flags: CL_MEM_COPY_HOST_PTR)
 char2 test passed (cl_mem_flags: 0)
 char4 test passed (cl_mem_flags: CL_MEM_ALLOC_HOST_PTR)
 char4 test passed (cl_mem_flags: CL_MEM_ALLOC_HOST_PTR | CL_MEM_COPY_HOST_PTR)
 char4 test passed (cl_mem_flags: CL_MEM_USE_HOST_PTR)
 char4 test passed (cl_mem_flags: CL_MEM_COPY_HOST_PTR)
 char4 test passed (cl_mem_flags: 0)
 char8 test passed (cl_mem_flags: CL_MEM_ALLOC_HOST_PTR)
 char8 test passed (cl_mem_flags: CL_MEM_ALLOC_HOST_PTR | CL_MEM_COPY_HOST_PTR)
 char8 test passed (cl_mem_flags: CL_MEM_USE_HOST_PTR)
 char8 test passed (cl_mem_flags: CL_MEM_COPY_HOST_PTR)
 char8 test passed (cl_mem_flags: 0)
 char16 test passed (cl_mem_flags: CL_MEM_ALLOC_HOST_PTR)
 char16 test passed (cl_mem_flags: CL_MEM_ALLOC_HOST_PTR | CL_MEM_COPY_HOST_PTR)
 char16 test passed (cl_mem_flags: CL_MEM_USE_HOST_PTR)
 char16 test passed (cl_mem_flags: CL_MEM_COPY_HOST_PTR)
 char16 test passed (cl_mem_flags: 0)
Testing random fill from offset 8923 for 6322 elements: 
 char1 test passed (cl_mem_flags: CL_MEM_ALLOC_HOST_PTR)
 char1 test passed (cl_mem_flags: CL_MEM_ALLOC_HOST_PTR | CL_MEM_COPY_HOST_PTR)
 char1 test passed (cl_mem_flags: CL_MEM_USE_HOST_PTR)
 char1 test passed (cl_mem_flags: CL_MEM_COPY_HOST_PTR)
 char1 test passed (cl_mem_flags: 0)
 char2 test passed (cl_mem_flags: CL_MEM_ALLOC_HOST_PTR)
 char2 test passed (cl_mem_flags: CL_MEM_ALLOC_HOST_PTR | CL_MEM_COPY_HOST_PTR)
 char2 test passed (cl_mem_flags: CL_MEM_USE_HOST_PTR)
 char2 test passed (cl_mem_flags: CL_MEM_COPY_HOST_PTR)
 char2 test passed (cl_mem_flags: 0)
 char4 test passed (cl_mem_flags: CL_MEM_ALLOC_HOST_PTR)
 char4 test passed (cl_mem_flags: CL_MEM_ALLOC_HOST_PTR | CL_MEM_COPY_HOST_PTR)
 char4 test passed (cl_mem_flags: CL_MEM_USE_HOST_PTR)
 char4 test passed (cl_mem_flags: CL_MEM_COPY_HOST_PTR)
 char4 test passed (cl_mem_flags: 0)
 char8 test passed (cl_mem_flags: CL_MEM_ALLOC_HOST_PTR)
 char8 test passed (cl_mem_flags: CL_MEM_ALLOC_HOST_PTR | CL_MEM_COPY_HOST_PTR)
 char8 test passed (cl_mem_flags: CL_MEM_USE_HOST_PTR)
 char8 test passed (cl_mem_flags: CL_MEM_COPY_HOST_PTR)
 char8 test passed (cl_mem_flags: 0)
 char16 test passed (cl_mem_flags: CL_MEM_ALLOC_HOST_PTR)
 char16 test passed (cl_mem_flags: CL_MEM_ALLOC_HOST_PTR | CL_MEM_COPY_HOST_PTR)
 char16 test passed (cl_mem_flags: CL_MEM_USE_HOST_PTR)
 char16 test passed (cl_mem_flags: CL_MEM_COPY_HOST_PTR)
 char16 test passed (cl_mem_flags: 0)
Testing random fill from offset 6937 for 5893 elements: 
 char1 test passed (cl_mem_flags: CL_MEM_ALLOC_HOST_PTR)
 char1 test passed (cl_mem_flags: CL_MEM_ALLOC_HOST_PTR | CL_MEM_COPY_HOST_PTR)
 char1 test passed (cl_mem_flags: CL_MEM_USE_HOST_PTR)
 char1 test passed (cl_mem_flags: CL_MEM_COPY_HOST_PTR)
 char1 test passed (cl_mem_flags: 0)
 char2 test passed (cl_mem_flags: CL_MEM_ALLOC_HOST_PTR)
 char2 test passed (cl_mem_flags: CL_MEM_ALLOC_HOST_PTR | CL_MEM_COPY_HOST_PTR)
 char2 test passed (cl_mem_flags: CL_MEM_USE_HOST_PTR)
 char2 test passed (cl_mem_flags: CL_MEM_COPY_HOST_PTR)
 char2 test passed (cl_mem_flags: 0)
 char4 test passed (cl_mem_flags: CL_MEM_ALLOC_HOST_PTR)
 char4 test passed (cl_mem_flags: CL_MEM_ALLOC_HOST_PTR | CL_MEM_COPY_HOST_PTR)
 char4 test passed (cl_mem_flags: CL_MEM_USE_HOST_PTR)
 char4 test passed (cl_mem_flags: CL_MEM_COPY_HOST_PTR)
 char4 test passed (cl_mem_flags: 0)
 char8 test passed (cl_mem_flags: CL_MEM_ALLOC_HOST_PTR)
 char8 test passed (cl_mem_flags: CL_MEM_ALLOC_HOST_PTR | CL_MEM_COPY_HOST_PTR)
 char8 test passed (cl_mem_flags: CL_MEM_USE_HOST_PTR)
 char8 test passed (cl_mem_flags: CL_MEM_COPY_HOST_PTR)
 char8 test passed (cl_mem_flags: 0)
 char16 test passed (cl_mem_flags: CL_MEM_ALLOC_HOST_PTR)
 char16 test passed (cl_mem_flags: CL_MEM_ALLOC_HOST_PTR | CL_MEM_COPY_HOST_PTR)
 char16 test passed (cl_mem_flags: CL_MEM_USE_HOST_PTR)
 char16 test passed (cl_mem_flags: CL_MEM_COPY_HOST_PTR)
 char16 test passed (cl_mem_flags: 0)
Testing random fill from offset 10577 for 2237 elements: 
 char1 test passed (cl_mem_flags: CL_MEM_ALLOC_HOST_PTR)
 char1 test passed (cl_mem_flags: CL_MEM_ALLOC_HOST_PTR | CL_MEM_COPY_HOST_PTR)
 char1 test passed (cl_mem_flags: CL_MEM_USE_HOST_PTR)
 char1 test passed (cl_mem_flags: CL_MEM_COPY_HOST_PTR)
 char1 test passed (cl_mem_flags: 0)
 char2 test passed (cl_mem_flags: CL_MEM_ALLOC_HOST_PTR)
 char2 test passed (cl_mem_flags: CL_MEM_ALLOC_HOST_PTR | CL_MEM_COPY_HOST_PTR)
 char2 test passed (cl_mem_flags: CL_MEM_USE_HOST_PTR)
 char2 test passed (cl_mem_flags: CL_MEM_COPY_HOST_PTR)
 char2 test passed (cl_mem_flags: 0)
 char4 test passed (cl_mem_flags: CL_MEM_ALLOC_HOST_PTR)
 char4 test passed (cl_mem_flags: CL_MEM_ALLOC_HOST_PTR | CL_MEM_COPY_HOST_PTR)
 char4 test passed (cl_mem_flags: CL_MEM_USE_HOST_PTR)
 char4 test passed (cl_mem_flags: CL_MEM_COPY_HOST_PTR)
 char4 test passed (cl_mem_flags: 0)
 char8 test passed (cl_mem_flags: CL_MEM_ALLOC_HOST_PTR)
 char8 test passed (cl_mem_flags: CL_MEM_ALLOC_HOST_PTR | CL_MEM_COPY_HOST_PTR)
 char8 test passed (cl_mem_flags: CL_MEM_USE_HOST_PTR)
 char8 test passed (cl_mem_flags: CL_MEM_COPY_HOST_PTR)
 char8 test passed (cl_mem_flags: 0)
 char16 test passed (cl_mem_flags: CL_MEM_ALLOC_HOST_PTR)
 char16 test passed (cl_mem_flags: CL_MEM_ALLOC_HOST_PTR | CL_MEM_COPY_HOST_PTR)
 char16 test passed (cl_mem_flags: CL_MEM_USE_HOST_PTR)
 char16 test passed (cl_mem_flags: CL_MEM_COPY_HOST_PTR)
 char16 test passed (cl_mem_flags: 0)
Testing random fill from offset 7165 for 2748 elements: 
 char1 test passed (cl_mem_flags: CL_MEM_ALLOC_HOST_PTR)
 char1 test passed (cl_mem_flags: CL_MEM_ALLOC_HOST_PTR | CL_MEM_COPY_HOST_PTR)
 char1 test passed (cl_mem_flags: CL_MEM_USE_HOST_PTR)
 char1 test passed (cl_mem_flags: CL_MEM_COPY_HOST_PTR)
 char1 test passed (cl_mem_flags: 0)
 char2 test passed (cl_mem_flags: CL_MEM_ALLOC_HOST_PTR)
 char2 test passed (cl_mem_flags: CL_MEM_ALLOC_HOST_PTR | CL_MEM_COPY_HOST_PTR)
 char2 test passed (cl_mem_flags: CL_MEM_USE_HOST_PTR)
 char2 test passed (cl_mem_flags: CL_MEM_COPY_HOST_PTR)
 char2 test passed (cl_mem_flags: 0)
 char4 test passed (cl_mem_flags: CL_MEM_ALLOC_HOST_PTR)
 char4 test passed (cl_mem_flags: CL_MEM_ALLOC_HOST_PTR | CL_MEM_COPY_HOST_PTR)
 char4 test passed (cl_mem_flags: CL_MEM_USE_HOST_PTR)
 char4 test passed (cl_mem_flags: CL_MEM_COPY_HOST_PTR)
 char4 test passed (cl_mem_flags: 0)
 char8 test passed (cl_mem_flags: CL_MEM_ALLOC_HOST_PTR)
 char8 test passed (cl_mem_flags: CL_MEM_ALLOC_HOST_PTR | CL_MEM_COPY_HOST_PTR)
 char8 test passed (cl_mem_flags: CL_MEM_USE_HOST_PTR)
 char8 test passed (cl_mem_flags: CL_MEM_COPY_HOST_PTR)
 char8 test passed (cl_mem_flags: 0)
 char16 test passed (cl_mem_flags: CL_MEM_ALLOC_HOST_PTR)
 char16 test passed (cl_mem_flags: CL_MEM_ALLOC_HOST_PTR | CL_MEM_COPY_HOST_PTR)
 char16 test passed (cl_mem_flags: CL_MEM_USE_HOST_PTR)
 char16 test passed (cl_mem_flags: CL_MEM_COPY_HOST_PTR)
 char16 test passed (cl_mem_flags: 0)
Testing random fill from offset 14603 for 108 elements: 
 char1 test passed (cl_mem_flags: CL_MEM_ALLOC_HOST_PTR)
 char1 test passed (cl_mem_flags: CL_MEM_ALLOC_HOST_PTR | CL_MEM_COPY_HOST_PTR)
 char1 test passed (cl_mem_flags: CL_MEM_USE_HOST_PTR)
 char1 test passed (cl_mem_flags: CL_MEM_COPY_HOST_PTR)
 char1 test passed (cl_mem_flags: 0)
 char2 test passed (cl_mem_flags: CL_MEM_ALLOC_HOST_PTR)
 char2 test passed (cl_mem_flags: CL_MEM_ALLOC_HOST_PTR | CL_MEM_COPY_HOST_PTR)
 char2 test passed (cl_mem_flags: CL_MEM_USE_HOST_PTR)
 char2 test passed (cl_mem_flags: CL_MEM_COPY_HOST_PTR)
 char2 test passed (cl_mem_flags: 0)
 char4 test passed (cl_mem_flags: CL_MEM_ALLOC_HOST_PTR)
 char4 test passed (cl_mem_flags: CL_MEM_ALLOC_HOST_PTR | CL_MEM_COPY_HOST_PTR)
 char4 test passed (cl_mem_flags: CL_MEM_USE_HOST_PTR)
 char4 test passed (cl_mem_flags: CL_MEM_COPY_HOST_PTR)
 char4 test passed (cl_mem_flags: 0)
 char8 test passed (cl_mem_flags: CL_MEM_ALLOC_HOST_PTR)
 char8 test passed (cl_mem_flags: CL_MEM_ALLOC_HOST_PTR | CL_MEM_COPY_HOST_PTR)
 char8 test passed (cl_mem_flags: CL_MEM_USE_HOST_PTR)
 char8 test passed (cl_mem_flags: CL_MEM_COPY_HOST_PTR)
 char8 test passed (cl_mem_flags: 0)
 char16 test passed (cl_mem_flags: CL_MEM_ALLOC_HOST_PTR)
 char16 test passed (cl_mem_flags: CL_MEM_ALLOC_HOST_PTR | CL_MEM_COPY_HOST_PTR)
 char16 test passed (cl_mem_flags: CL_MEM_USE_HOST_PTR)
 char16 test passed (cl_mem_flags: CL_MEM_COPY_HOST_PTR)
 char16 test passed (cl_mem_flags: 0)
buffer_fill_char passed
buffer_fill_uchar...
Testing random fill from offset 8987 for 4388 elements: 
 uchar1 test passed (cl_mem_flags: CL_MEM_ALLOC_HOST_PTR)
 uchar1 test passed (cl_mem_flags: CL_MEM_ALLOC_HOST_PTR | CL_MEM_COPY_HOST_PTR)
 uchar1 test passed (cl_mem_flags: CL_MEM_USE_HOST_PTR)
 uchar1 test passed (cl_mem_flags: CL_MEM_COPY_HOST_PTR)
 uchar1 test passed (cl_mem_flags: 0)
 uchar2 test passed (cl_mem_flags: CL_MEM_ALLOC_HOST_PTR)
 uchar2 test passed (cl_mem_flags: CL_MEM_ALLOC_HOST_PTR | CL_MEM_COPY_HOST_PTR)
 uchar2 test passed (cl_mem_flags: CL_MEM_USE_HOST_PTR)
 uchar2 test passed (cl_mem_flags: CL_MEM_COPY_HOST_PTR)
 uchar2 test passed (cl_mem_flags: 0)
 uchar4 test passed (cl_mem_flags: CL_MEM_ALLOC_HOST_PTR)
 uchar4 test passed (cl_mem_flags: CL_MEM_ALLOC_HOST_PTR | CL_MEM_COPY_HOST_PTR)
 uchar4 test passed (cl_mem_flags: CL_MEM_USE_HOST_PTR)
 uchar4 test passed (cl_mem_flags: CL_MEM_COPY_HOST_PTR)
 uchar4 test passed (cl_mem_flags: 0)
 uchar8 test passed (cl_mem_flags: CL_MEM_ALLOC_HOST_PTR)
 uchar8 test passed (cl_mem_flags: CL_MEM_ALLOC_HOST_PTR | CL_MEM_COPY_HOST_PTR)
 uchar8 test passed (cl_mem_flags: CL_MEM_USE_HOST_PTR)
 uchar8 test passed (cl_mem_flags: CL_MEM_COPY_HOST_PTR)
 uchar8 test passed (cl_mem_flags: 0)
 uchar16 test passed (cl_mem_flags: CL_MEM_ALLOC_HOST_PTR)
 uchar16 test passed (cl_mem_flags: CL_MEM_ALLOC_HOST_PTR | CL_MEM_COPY_HOST_PTR)
 uchar16 test passed (cl_mem_flags: CL_MEM_USE_HOST_PTR)
 uchar16 test passed (cl_mem_flags: CL_MEM_COPY_HOST_PTR)
 uchar16 test passed (cl_mem_flags: 0)
Testing random fill from offset 11711 for 3946 elements: 
 uchar1 test passed (cl_mem_flags: CL_MEM_ALLOC_HOST_PTR)
 uchar1 test passed (cl_mem_flags: CL_MEM_ALLOC_HOST_PTR | CL_MEM_COPY_HOST_PTR)
 uchar1 test passed (cl_mem_flags: CL_MEM_USE_HOST_PTR)
 uchar1 test passed (cl_mem_flags: CL_MEM_COPY_HOST_PTR)
 uchar1 test passed (cl_mem_flags: 0)
 uchar2 test passed (cl_mem_flags: CL_MEM_ALLOC_HOST_PTR)
 uchar2 test passed (cl_mem_flags: CL_MEM_ALLOC_HOST_PTR | CL_MEM_COPY_HOST_PTR)
 uchar2 test passed (cl_mem_flags: CL_MEM_USE_HOST_PTR)
 uchar2 test passed (cl_mem_flags: CL_MEM_COPY_HOST_PTR)
 uchar2 test passed (cl_mem_flags: 0)
 uchar4 test passed (cl_mem_flags: CL_MEM_ALLOC_HOST_PTR)
 uchar4 test passed (cl_mem_flags: CL_MEM_ALLOC_HOST_PTR | CL_MEM_COPY_HOST_PTR)
 uchar4 test passed (cl_mem_flags: CL_MEM_USE_HOST_PTR)
 uchar4 test passed (cl_mem_flags: CL_MEM_COPY_HOST_PTR)
 uchar4 test passed (cl_mem_flags: 0)
 uchar8 test passed (cl_mem_flags: CL_MEM_ALLOC_HOST_PTR)
 uchar8 test passed (cl_mem_flags: CL_MEM_ALLOC_HOST_PTR | CL_MEM_COPY_HOST_PTR)
 uchar8 test passed (cl_mem_flags: CL_MEM_USE_HOST_PTR)
 uchar8 test passed (cl_mem_flags: CL_MEM_COPY_HOST_PTR)
 uchar8 test passed (cl_mem_flags: 0)
 uchar16 test passed (cl_mem_flags: CL_MEM_ALLOC_HOST_PTR)
 uchar16 test passed (cl_mem_flags: CL_MEM_ALLOC_HOST_PTR | CL_MEM_COPY_HOST_PTR)
 uchar16 test passed (cl_mem_flags: CL_MEM_USE_HOST_PTR)
 uchar16 test passed (cl_mem_flags: CL_MEM_COPY_HOST_PTR)
 uchar16 test passed (cl_mem_flags: 0)
Testing random fill from offset 9870 for 5589 elements: 
 uchar1 test passed (cl_mem_flags: CL_MEM_ALLOC_HOST_PTR)
 uchar1 test passed (cl_mem_flags: CL_MEM_ALLOC_HOST_PTR | CL_MEM_COPY_HOST_PTR)
 uchar1 test passed (cl_mem_flags: CL_MEM_USE_HOST_PTR)
 uchar1 test passed (cl_mem_flags: CL_MEM_COPY_HOST_PTR)
 uchar1 test passed (cl_mem_flags: 0)
 uchar2 test passed (cl_mem_flags: CL_MEM_ALLOC_HOST_PTR)
 uchar2 test passed (cl_mem_flags: CL_MEM_ALLOC_HOST_PTR | CL_MEM_COPY_HOST_PTR)
 uchar2 test passed (cl_mem_flags: CL_MEM_USE_HOST_PTR)
 uchar2 test passed (cl_mem_flags: CL_MEM_COPY_HOST_PTR)
 uchar2 test passed (cl_mem_flags: 0)
 uchar4 test passed (cl_mem_flags: CL_MEM_ALLOC_HOST_PTR)
 uchar4 test passed (cl_mem_flags: CL_MEM_ALLOC_HOST_PTR | CL_MEM_COPY_HOST_PTR)
 uchar4 test passed (cl_mem_flags: CL_MEM_USE_HOST_PTR)
 uchar4 test passed (cl_mem_flags: CL_MEM_COPY_HOST_PTR)
 uchar4 test passed (cl_mem_flags: 0)
 uchar8 test passed (cl_mem_flags: CL_MEM_ALLOC_HOST_PTR)
 uchar8 test passed (cl_mem_flags: CL_MEM_ALLOC_HOST_PTR | CL_MEM_COPY_HOST_PTR)
 uchar8 test passed (cl_mem_flags: CL_MEM_USE_HOST_PTR)
 uchar8 test passed (cl_mem_flags: CL_MEM_COPY_HOST_PTR)
 uchar8 test passed (cl_mem_flags: 0)
 uchar16 test passed (cl_mem_flags: CL_MEM_ALLOC_HOST_PTR)
 uchar16 test passed (cl_mem_flags: CL_MEM_ALLOC_HOST_PTR | CL_MEM_COPY_HOST_PTR)
 uchar16 test passed (cl_mem_flags: CL_MEM_USE_HOST_PTR)
 uchar16 test passed (cl_mem_flags: CL_MEM_COPY_HOST_PTR)
 uchar16 test passed (cl_mem_flags: 0)
Testing random fill from offset 8923 for 6322 elements: 
 uchar1 test passed (cl_mem_flags: CL_MEM_ALLOC_HOST_PTR)
 uchar1 test passed (cl_mem_flags: CL_MEM_ALLOC_HOST_PTR | CL_MEM_COPY_HOST_PTR)
 uchar1 test passed (cl_mem_flags: CL_MEM_USE_HOST_PTR)
 uchar1 test passed (cl_mem_flags: CL_MEM_COPY_HOST_PTR)
 uchar1 test passed (cl_mem_flags: 0)
 uchar2 test passed (cl_mem_flags: CL_MEM_ALLOC_HOST_PTR)
 uchar2 test passed (cl_mem_flags: CL_MEM_ALLOC_HOST_PTR | CL_MEM_COPY_HOST_PTR)
 uchar2 test passed (cl_mem_flags: CL_MEM_USE_HOST_PTR)
 uchar2 test passed (cl_mem_flags: CL_MEM_COPY_HOST_PTR)
 uchar2 test passed (cl_mem_flags: 0)
 uchar4 test passed (cl_mem_flags: CL_MEM_ALLOC_HOST_PTR)
 uchar4 test passed (cl_mem_flags: CL_MEM_ALLOC_HOST_PTR | CL_MEM_COPY_HOST_PTR)
 uchar4 test passed (cl_mem_flags: CL_MEM_USE_HOST_PTR)
 uchar4 test passed (cl_mem_flags: CL_MEM_COPY_HOST_PTR)
 uchar4 test passed (cl_mem_flags: 0)
 uchar8 test passed (cl_mem_flags: CL_MEM_ALLOC_HOST_PTR)
 uchar8 test passed (cl_mem_flags: CL_MEM_ALLOC_HOST_PTR | CL_MEM_COPY_HOST_PTR)
 uchar8 test passed (cl_mem_flags: CL_MEM_USE_HOST_PTR)
 uchar8 test passed (cl_mem_flags: CL_MEM_COPY_HOST_PTR)
 uchar8 test passed (cl_mem_flags: 0)
 uchar16 test passed (cl_mem_flags: CL_MEM_ALLOC_HOST_PTR)
 uchar16 test passed (cl_mem_flags: CL_MEM_ALLOC_HOST_PTR | CL_MEM_COPY_HOST_PTR)
 uchar16 test passed (cl_mem_flags: CL_MEM_USE_HOST_PTR)
 uchar16 test passed (cl_mem_flags: CL_MEM_COPY_HOST_PTR)
 uchar16 test passed (cl_mem_flags: 0)
Testing random fill from offset 6937 for 5893 elements: 
 uchar1 test passed (cl_mem_flags: CL_MEM_ALLOC_HOST_PTR)
 uchar1 test passed (cl_mem_flags: CL_MEM_ALLOC_HOST_PTR | CL_MEM_COPY_HOST_PTR)
 uchar1 test passed (cl_mem_flags: CL_MEM_USE_HOST_PTR)
 uchar1 test passed (cl_mem_flags: CL_MEM_COPY_HOST_PTR)
 uchar1 test passed (cl_mem_flags: 0)
 uchar2 test passed (cl_mem_flags: CL_MEM_ALLOC_HOST_PTR)
 uchar2 test passed (cl_mem_flags: CL_MEM_ALLOC_HOST_PTR | CL_MEM_COPY_HOST_PTR)
 uchar2 test passed (cl_mem_flags: CL_MEM_USE_HOST_PTR)
 uchar2 test passed (cl_mem_flags: CL_MEM_COPY_HOST_PTR)
 uchar2 test passed (cl_mem_flags: 0)
 uchar4 test passed (cl_mem_flags: CL_MEM_ALLOC_HOST_PTR)
 uchar4 test passed (cl_mem_flags: CL_MEM_ALLOC_HOST_PTR | CL_MEM_COPY_HOST_PTR)
 uchar4 test passed (cl_mem_flags: CL_MEM_USE_HOST_PTR)
 uchar4 test passed (cl_mem_flags: CL_MEM_COPY_HOST_PTR)
 uchar4 test passed (cl_mem_flags: 0)
 uchar8 test passed (cl_mem_flags: CL_MEM_ALLOC_HOST_PTR)
 uchar8 test passed (cl_mem_flags: CL_MEM_ALLOC_HOST_PTR | CL_MEM_COPY_HOST_PTR)
 uchar8 test passed (cl_mem_flags: CL_MEM_USE_HOST_PTR)
 uchar8 test passed (cl_mem_flags: CL_MEM_COPY_HOST_PTR)
 uchar8 test passed (cl_mem_flags: 0)
 uchar16 test passed (cl_mem_flags: CL_MEM_ALLOC_HOST_PTR)
 uchar16 test passed (cl_mem_flags: CL_MEM_ALLOC_HOST_PTR | CL_MEM_COPY_HOST_PTR)
 uchar16 test passed (cl_mem_flags: CL_MEM_USE_HOST_PTR)
 uchar16 test passed (cl_mem_flags: CL_MEM_COPY_HOST_PTR)
 uchar16 test passed (cl_mem_flags: 0)
Testing random fill from offset 10577 for 2237 elements: 
 uchar1 test passed (cl_mem_flags: CL_MEM_ALLOC_HOST_PTR)
 uchar1 test passed (cl_mem_flags: CL_MEM_ALLOC_HOST_PTR | CL_MEM_COPY_HOST_PTR)
 uchar1 test passed (cl_mem_flags: CL_MEM_USE_HOST_PTR)
 uchar1 test passed (cl_mem_flags: CL_MEM_COPY_HOST_PTR)
 uchar1 test passed (cl_mem_flags: 0)
 uchar2 test passed (cl_mem_flags: CL_MEM_ALLOC_HOST_PTR)
 uchar2 test passed (cl_mem_flags: CL_MEM_ALLOC_HOST_PTR | CL_MEM_COPY_HOST_PTR)
 uchar2 test passed (cl_mem_flags: CL_MEM_USE_HOST_PTR)
 uchar2 test passed (cl_mem_flags: CL_MEM_COPY_HOST_PTR)
 uchar2 test passed (cl_mem_flags: 0)
 uchar4 test passed (cl_mem_flags: CL_MEM_ALLOC_HOST_PTR)
 uchar4 test passed (cl_mem_flags: CL_MEM_ALLOC_HOST_PTR | CL_MEM_COPY_HOST_PTR)
 uchar4 test passed (cl_mem_flags: CL_MEM_USE_HOST_PTR)
 uchar4 test passed (cl_mem_flags: CL_MEM_COPY_HOST_PTR)
 uchar4 test passed (cl_mem_flags: 0)
 uchar8 test passed (cl_mem_flags: CL_MEM_ALLOC_HOST_PTR)
 uchar8 test passed (cl_mem_flags: CL_MEM_ALLOC_HOST_PTR | CL_MEM_COPY_HOST_PTR)
 uchar8 test passed (cl_mem_flags: CL_MEM_USE_HOST_PTR)
 uchar8 test passed (cl_mem_flags: CL_MEM_COPY_HOST_PTR)
 uchar8 test passed (cl_mem_flags: 0)
 uchar16 test passed (cl_mem_flags: CL_MEM_ALLOC_HOST_PTR)
 uchar16 test passed (cl_mem_flags: CL_MEM_ALLOC_HOST_PTR | CL_MEM_COPY_HOST_PTR)
 uchar16 test passed (cl_mem_flags: CL_MEM_USE_HOST_PTR)
 uchar16 test passed (cl_mem_flags: CL_MEM_COPY_HOST_PTR)
 uchar16 test passed (cl_mem_flags: 0)
Testing random fill from offset 7165 for 2748 elements: 
 uchar1 test passed (cl_mem_flags: CL_MEM_ALLOC_HOST_PTR)
 uchar1 test passed (cl_mem_flags: CL_MEM_ALLOC_HOST_PTR | CL_MEM_COPY_HOST_PTR)
 uchar1 test passed (cl_mem_flags: CL_MEM_USE_HOST_PTR)
 uchar1 test passed (cl_mem_flags: CL_MEM_COPY_HOST_PTR)
 uchar1 test passed (cl_mem_flags: 0)
 uchar2 test passed (cl_mem_flags: CL_MEM_ALLOC_HOST_PTR)
 uchar2 test passed (cl_mem_flags: CL_MEM_ALLOC_HOST_PTR | CL_MEM_COPY_HOST_PTR)
 uchar2 test passed (cl_mem_flags: CL_MEM_USE_HOST_PTR)
 uchar2 test passed (cl_mem_flags: CL_MEM_COPY_HOST_PTR)
 uchar2 test passed (cl_mem_flags: 0)
 uchar4 test passed (cl_mem_flags: CL_MEM_ALLOC_HOST_PTR)
 uchar4 test passed (cl_mem_flags: CL_MEM_ALLOC_HOST_PTR | CL_MEM_COPY_HOST_PTR)
 uchar4 test passed (cl_mem_flags: CL_MEM_USE_HOST_PTR)
 uchar4 test passed (cl_mem_flags: CL_MEM_COPY_HOST_PTR)
 uchar4 test passed (cl_mem_flags: 0)
 uchar8 test passed (cl_mem_flags: CL_MEM_ALLOC_HOST_PTR)
 uchar8 test passed (cl_mem_flags: CL_MEM_ALLOC_HOST_PTR | CL_MEM_COPY_HOST_PTR)
 uchar8 test passed (cl_mem_flags: CL_MEM_USE_HOST_PTR)
 uchar8 test passed (cl_mem_flags: CL_MEM_COPY_HOST_PTR)
 uchar8 test passed (cl_mem_flags: 0)
 uchar16 test passed (cl_mem_flags: CL_MEM_ALLOC_HOST_PTR)
 uchar16 test passed (cl_mem_flags: CL_MEM_ALLOC_HOST_PTR | CL_MEM_COPY_HOST_PTR)
 uchar16 test passed (cl_mem_flags: CL_MEM_USE_HOST_PTR)
 uchar16 test passed (cl_mem_flags: CL_MEM_COPY_HOST_PTR)
 uchar16 test passed (cl_mem_flags: 0)
Testing random fill from offset 14603 for 108 elements: 
 uchar1 test passed (cl_mem_flags: CL_MEM_ALLOC_HOST_PTR)
 uchar1 test passed (cl_mem_flags: CL_MEM_ALLOC_HOST_PTR | CL_MEM_COPY_HOST_PTR)
 uchar1 test passed (cl_mem_flags: CL_MEM_USE_HOST_PTR)
 uchar1 test passed (cl_mem_flags: CL_MEM_COPY_HOST_PTR)
 uchar1 test passed (cl_mem_flags: 0)
 uchar2 test passed (cl_mem_flags: CL_MEM_ALLOC_HOST_PTR)
 uchar2 test passed (cl_mem_flags: CL_MEM_ALLOC_HOST_PTR | CL_MEM_COPY_HOST_PTR)
 uchar2 test passed (cl_mem_flags: CL_MEM_USE_HOST_PTR)
 uchar2 test passed (cl_mem_flags: CL_MEM_COPY_HOST_PTR)
 uchar2 test passed (cl_mem_flags: 0)
 uchar4 test passed (cl_mem_flags: CL_MEM_ALLOC_HOST_PTR)
 uchar4 test passed (cl_mem_flags: CL_MEM_ALLOC_HOST_PTR | CL_MEM_COPY_HOST_PTR)
 uchar4 test passed (cl_mem_flags: CL_MEM_USE_HOST_PTR)
 uchar4 test passed (cl_mem_flags: CL_MEM_COPY_HOST_PTR)
 uchar4 test passed (cl_mem_flags: 0)
 uchar8 test passed (cl_mem_flags: CL_MEM_ALLOC_HOST_PTR)
 uchar8 test passed (cl_mem_flags: CL_MEM_ALLOC_HOST_PTR | CL_MEM_COPY_HOST_PTR)
 uchar8 test passed (cl_mem_flags: CL_MEM_USE_HOST_PTR)
 uchar8 test passed (cl_mem_flags: CL_MEM_COPY_HOST_PTR)
 uchar8 test passed (cl_mem_flags: 0)
 uchar16 test passed (cl_mem_flags: CL_MEM_ALLOC_HOST_PTR)
 uchar16 test passed (cl_mem_flags: CL_MEM_ALLOC_HOST_PTR | CL_MEM_COPY_HOST_PTR)
 uchar16 test passed (cl_mem_flags: CL_MEM_USE_HOST_PTR)
 uchar16 test passed (cl_mem_flags: CL_MEM_COPY_HOST_PTR)
 uchar16 test passed (cl_mem_flags: 0)
buffer_fill_uchar passed
buffer_fill_long...
Testing random fill from offset 8987 for 4388 elements: 
 long1 test passed (cl_mem_flags: CL_MEM_ALLOC_HOST_PTR)
 long1 test passed (cl_mem_flags: CL_MEM_ALLOC_HOST_PTR | CL_MEM_COPY_HOST_PTR)
 long1 test passed (cl_mem_flags: CL_MEM_USE_HOST_PTR)
 long1 test passed (cl_mem_flags: CL_MEM_COPY_HOST_PTR)
 long1 test passed (cl_mem_flags: 0)
 long2 test passed (cl_mem_flags: CL_MEM_ALLOC_HOST_PTR)
 long2 test passed (cl_mem_flags: CL_MEM_ALLOC_HOST_PTR | CL_MEM_COPY_HOST_PTR)
 long2 test passed (cl_mem_flags: CL_MEM_USE_HOST_PTR)
 long2 test passed (cl_mem_flags: CL_MEM_COPY_HOST_PTR)
 long2 test passed (cl_mem_flags: 0)
 long4 test passed (cl_mem_flags: CL_MEM_ALLOC_HOST_PTR)
 long4 test passed (cl_mem_flags: CL_MEM_ALLOC_HOST_PTR | CL_MEM_COPY_HOST_PTR)
 long4 test passed (cl_mem_flags: CL_MEM_USE_HOST_PTR)
 long4 test passed (cl_mem_flags: CL_MEM_COPY_HOST_PTR)
 long4 test passed (cl_mem_flags: 0)
 long8 test passed (cl_mem_flags: CL_MEM_ALLOC_HOST_PTR)
 long8 test passed (cl_mem_flags: CL_MEM_ALLOC_HOST_PTR | CL_MEM_COPY_HOST_PTR)
 long8 test passed (cl_mem_flags: CL_MEM_USE_HOST_PTR)
 long8 test passed (cl_mem_flags: CL_MEM_COPY_HOST_PTR)
 long8 test passed (cl_mem_flags: 0)
 long16 test passed (cl_mem_flags: CL_MEM_ALLOC_HOST_PTR)
 long16 test passed (cl_mem_flags: CL_MEM_ALLOC_HOST_PTR | CL_MEM_COPY_HOST_PTR)
 long16 test passed (cl_mem_flags: CL_MEM_USE_HOST_PTR)
 long16 test passed (cl_mem_flags: CL_MEM_COPY_HOST_PTR)
 long16 test passed (cl_mem_flags: 0)
Testing random fill from offset 11711 for 3946 elements: 
 long1 test passed (cl_mem_flags: CL_MEM_ALLOC_HOST_PTR)
 long1 test passed (cl_mem_flags: CL_MEM_ALLOC_HOST_PTR | CL_MEM_COPY_HOST_PTR)
 long1 test passed (cl_mem_flags: CL_MEM_USE_HOST_PTR)
 long1 test passed (cl_mem_flags: CL_MEM_COPY_HOST_PTR)
 long1 test passed (cl_mem_flags: 0)
 long2 test passed (cl_mem_flags: CL_MEM_ALLOC_HOST_PTR)
 long2 test passed (cl_mem_flags: CL_MEM_ALLOC_HOST_PTR | CL_MEM_COPY_HOST_PTR)
 long2 test passed (cl_mem_flags: CL_MEM_USE_HOST_PTR)
 long2 test passed (cl_mem_flags: CL_MEM_COPY_HOST_PTR)
 long2 test passed (cl_mem_flags: 0)
 long4 test passed (cl_mem_flags: CL_MEM_ALLOC_HOST_PTR)
 long4 test passed (cl_mem_flags: CL_MEM_ALLOC_HOST_PTR | CL_MEM_COPY_HOST_PTR)
 long4 test passed (cl_mem_flags: CL_MEM_USE_HOST_PTR)
 long4 test passed (cl_mem_flags: CL_MEM_COPY_HOST_PTR)
 long4 test passed (cl_mem_flags: 0)
 long8 test passed (cl_mem_flags: CL_MEM_ALLOC_HOST_PTR)
 long8 test passed (cl_mem_flags: CL_MEM_ALLOC_HOST_PTR | CL_MEM_COPY_HOST_PTR)
 long8 test passed (cl_mem_flags: CL_MEM_USE_HOST_PTR)
 long8 test passed (cl_mem_flags: CL_MEM_COPY_HOST_PTR)
 long8 test passed (cl_mem_flags: 0)
 long16 test passed (cl_mem_flags: CL_MEM_ALLOC_HOST_PTR)
 long16 test passed (cl_mem_flags: CL_MEM_ALLOC_HOST_PTR | CL_MEM_COPY_HOST_PTR)
 long16 test passed (cl_mem_flags: CL_MEM_USE_HOST_PTR)
 long16 test passed (cl_mem_flags: CL_MEM_COPY_HOST_PTR)
 long16 test passed (cl_mem_flags: 0)
Testing random fill from offset 9870 for 5589 elements: 
 long1 test passed (cl_mem_flags: CL_MEM_ALLOC_HOST_PTR)
 long1 test passed (cl_mem_flags: CL_MEM_ALLOC_HOST_PTR | CL_MEM_COPY_HOST_PTR)
 long1 test passed (cl_mem_flags: CL_MEM_USE_HOST_PTR)
 long1 test passed (cl_mem_flags: CL_MEM_COPY_HOST_PTR)
 long1 test passed (cl_mem_flags: 0)
 long2 test passed (cl_mem_flags: CL_MEM_ALLOC_HOST_PTR)
 long2 test passed (cl_mem_flags: CL_MEM_ALLOC_HOST_PTR | CL_MEM_COPY_HOST_PTR)
 long2 test passed (cl_mem_flags: CL_MEM_USE_HOST_PTR)
 long2 test passed (cl_mem_flags: CL_MEM_COPY_HOST_PTR)
 long2 test passed (cl_mem_flags: 0)
 long4 test passed (cl_mem_flags: CL_MEM_ALLOC_HOST_PTR)
 long4 test passed (cl_mem_flags: CL_MEM_ALLOC_HOST_PTR | CL_MEM_COPY_HOST_PTR)
 long4 test passed (cl_mem_flags: CL_MEM_USE_HOST_PTR)
 long4 test passed (cl_mem_flags: CL_MEM_COPY_HOST_PTR)
 long4 test passed (cl_mem_flags: 0)
 long8 test passed (cl_mem_flags: CL_MEM_ALLOC_HOST_PTR)
 long8 test passed (cl_mem_flags: CL_MEM_ALLOC_HOST_PTR | CL_MEM_COPY_HOST_PTR)
 long8 test passed (cl_mem_flags: CL_MEM_USE_HOST_PTR)
 long8 test passed (cl_mem_flags: CL_MEM_COPY_HOST_PTR)
 long8 test passed (cl_mem_flags: 0)
 long16 test passed (cl_mem_flags: CL_MEM_ALLOC_HOST_PTR)
 long16 test passed (cl_mem_flags: CL_MEM_ALLOC_HOST_PTR | CL_MEM_COPY_HOST_PTR)
 long16 test passed (cl_mem_flags: CL_MEM_USE_HOST_PTR)
 long16 test passed (cl_mem_flags: CL_MEM_COPY_HOST_PTR)
 long16 test passed (cl_mem_flags: 0)
Testing random fill from offset 8923 for 6322 elements: 
 long1 test passed (cl_mem_flags: CL_MEM_ALLOC_HOST_PTR)
 long1 test passed (cl_mem_flags: CL_MEM_ALLOC_HOST_PTR | CL_MEM_COPY_HOST_PTR)
 long1 test passed (cl_mem_flags: CL_MEM_USE_HOST_PTR)
 long1 test passed (cl_mem_flags: CL_MEM_COPY_HOST_PTR)
 long1 test passed (cl_mem_flags: 0)
 long2 test passed (cl_mem_flags: CL_MEM_ALLOC_HOST_PTR)
 long2 test passed (cl_mem_flags: CL_MEM_ALLOC_HOST_PTR | CL_MEM_COPY_HOST_PTR)
 long2 test passed (cl_mem_flags: CL_MEM_USE_HOST_PTR)
 long2 test passed (cl_mem_flags: CL_MEM_COPY_HOST_PTR)
 long2 test passed (cl_mem_flags: 0)
 long4 test passed (cl_mem_flags: CL_MEM_ALLOC_HOST_PTR)
 long4 test passed (cl_mem_flags: CL_MEM_ALLOC_HOST_PTR | CL_MEM_COPY_HOST_PTR)
 long4 test passed (cl_mem_flags: CL_MEM_USE_HOST_PTR)
 long4 test passed (cl_mem_flags: CL_MEM_COPY_HOST_PTR)
 long4 test passed (cl_mem_flags: 0)
 long8 test passed (cl_mem_flags: CL_MEM_ALLOC_HOST_PTR)
 long8 test passed (cl_mem_flags: CL_MEM_ALLOC_HOST_PTR | CL_MEM_COPY_HOST_PTR)
 long8 test passed (cl_mem_flags: CL_MEM_USE_HOST_PTR)
 long8 test passed (cl_mem_flags: CL_MEM_COPY_HOST_PTR)
 long8 test passed (cl_mem_flags: 0)
 long16 test passed (cl_mem_flags: CL_MEM_ALLOC_HOST_PTR)
 long16 test passed (cl_mem_flags: CL_MEM_ALLOC_HOST_PTR | CL_MEM_COPY_HOST_PTR)
 long16 test passed (cl_mem_flags: CL_MEM_USE_HOST_PTR)
 long16 test passed (cl_mem_flags: CL_MEM_COPY_HOST_PTR)
 long16 test passed (cl_mem_flags: 0)
Testing random fill from offset 6937 for 5893 elements: 
 long1 test passed (cl_mem_flags: CL_MEM_ALLOC_HOST_PTR)
 long1 test passed (cl_mem_flags: CL_MEM_ALLOC_HOST_PTR | CL_MEM_COPY_HOST_PTR)
 long1 test passed (cl_mem_flags: CL_MEM_USE_HOST_PTR)
 long1 test passed (cl_mem_flags: CL_MEM_COPY_HOST_PTR)
 long1 test passed (cl_mem_flags: 0)
 long2 test passed (cl_mem_flags: CL_MEM_ALLOC_HOST_PTR)
 long2 test passed (cl_mem_flags: CL_MEM_ALLOC_HOST_PTR | CL_MEM_COPY_HOST_PTR)
 long2 test passed (cl_mem_flags: CL_MEM_USE_HOST_PTR)
 long2 test passed (cl_mem_flags: CL_MEM_COPY_HOST_PTR)
 long2 test passed (cl_mem_flags: 0)
 long4 test passed (cl_mem_flags: CL_MEM_ALLOC_HOST_PTR)
 long4 test passed (cl_mem_flags: CL_MEM_ALLOC_HOST_PTR | CL_MEM_COPY_HOST_PTR)
 long4 test passed (cl_mem_flags: CL_MEM_USE_HOST_PTR)
 long4 test passed (cl_mem_flags: CL_MEM_COPY_HOST_PTR)
 long4 test passed (cl_mem_flags: 0)
 long8 test passed (cl_mem_flags: CL_MEM_ALLOC_HOST_PTR)
 long8 test passed (cl_mem_flags: CL_MEM_ALLOC_HOST_PTR | CL_MEM_COPY_HOST_PTR)
 long8 test passed (cl_mem_flags: CL_MEM_USE_HOST_PTR)
 long8 test passed (cl_mem_flags: CL_MEM_COPY_HOST_PTR)
 long8 test passed (cl_mem_flags: 0)
 long16 test passed (cl_mem_flags: CL_MEM_ALLOC_HOST_PTR)
 long16 test passed (cl_mem_flags: CL_MEM_ALLOC_HOST_PTR | CL_MEM_COPY_HOST_PTR)
 long16 test passed (cl_mem_flags: CL_MEM_USE_HOST_PTR)
 long16 test passed (cl_mem_flags: CL_MEM_COPY_HOST_PTR)
 long16 test passed (cl_mem_flags: 0)
Testing random fill from offset 10577 for 2237 elements: 
 long1 test passed (cl_mem_flags: CL_MEM_ALLOC_HOST_PTR)
 long1 test passed (cl_mem_flags: CL_MEM_ALLOC_HOST_PTR | CL_MEM_COPY_HOST_PTR)
 long1 test passed (cl_mem_flags: CL_MEM_USE_HOST_PTR)
 long1 test passed (cl_mem_flags: CL_MEM_COPY_HOST_PTR)
 long1 test passed (cl_mem_flags: 0)
 long2 test passed (cl_mem_flags: CL_MEM_ALLOC_HOST_PTR)
 long2 test passed (cl_mem_flags: CL_MEM_ALLOC_HOST_PTR | CL_MEM_COPY_HOST_PTR)
 long2 test passed (cl_mem_flags: CL_MEM_USE_HOST_PTR)
 long2 test passed (cl_mem_flags: CL_MEM_COPY_HOST_PTR)
 long2 test passed (cl_mem_flags: 0)
 long4 test passed (cl_mem_flags: CL_MEM_ALLOC_HOST_PTR)
 long4 test passed (cl_mem_flags: CL_MEM_ALLOC_HOST_PTR | CL_MEM_COPY_HOST_PTR)
 long4 test passed (cl_mem_flags: CL_MEM_USE_HOST_PTR)
 long4 test passed (cl_mem_flags: CL_MEM_COPY_HOST_PTR)
 long4 test passed (cl_mem_flags: 0)
 long8 test passed (cl_mem_flags: CL_MEM_ALLOC_HOST_PTR)
 long8 test passed (cl_mem_flags: CL_MEM_ALLOC_HOST_PTR | CL_MEM_COPY_HOST_PTR)
 long8 test passed (cl_mem_flags: CL_MEM_USE_HOST_PTR)
 long8 test passed (cl_mem_flags: CL_MEM_COPY_HOST_PTR)
 long8 test passed (cl_mem_flags: 0)
 long16 test passed (cl_mem_flags: CL_MEM_ALLOC_HOST_PTR)
 long16 test passed (cl_mem_flags: CL_MEM_ALLOC_HOST_PTR | CL_MEM_COPY_HOST_PTR)
 long16 test passed (cl_mem_flags: CL_MEM_USE_HOST_PTR)
 long16 test passed (cl_mem_flags: CL_MEM_COPY_HOST_PTR)
 long16 test passed (cl_mem_flags: 0)
Testing random fill from offset 7165 for 2748 elements: 
 long1 test passed (cl_mem_flags: CL_MEM_ALLOC_HOST_PTR)
 long1 test passed (cl_mem_flags: CL_MEM_ALLOC_HOST_PTR | CL_MEM_COPY_HOST_PTR)
 long1 test passed (cl_mem_flags: CL_MEM_USE_HOST_PTR)
 long1 test passed (cl_mem_flags: CL_MEM_COPY_HOST_PTR)
 long1 test passed (cl_mem_flags: 0)
 long2 test passed (cl_mem_flags: CL_MEM_ALLOC_HOST_PTR)
 long2 test passed (cl_mem_flags: CL_MEM_ALLOC_HOST_PTR | CL_MEM_COPY_HOST_PTR)
 long2 test passed (cl_mem_flags: CL_MEM_USE_HOST_PTR)
 long2 test passed (cl_mem_flags: CL_MEM_COPY_HOST_PTR)
 long2 test passed (cl_mem_flags: 0)
 long4 test passed (cl_mem_flags: CL_MEM_ALLOC_HOST_PTR)
 long4 test passed (cl_mem_flags: CL_MEM_ALLOC_HOST_PTR | CL_MEM_COPY_HOST_PTR)
 long4 test passed (cl_mem_flags: CL_MEM_USE_HOST_PTR)
 long4 test passed (cl_mem_flags: CL_MEM_COPY_HOST_PTR)
 long4 test passed (cl_mem_flags: 0)
 long8 test passed (cl_mem_flags: CL_MEM_ALLOC_HOST_PTR)
 long8 test passed (cl_mem_flags: CL_MEM_ALLOC_HOST_PTR | CL_MEM_COPY_HOST_PTR)
 long8 test passed (cl_mem_flags: CL_MEM_USE_HOST_PTR)
 long8 test passed (cl_mem_flags: CL_MEM_COPY_HOST_PTR)
 long8 test passed (cl_mem_flags: 0)
 long16 test passed (cl_mem_flags: CL_MEM_ALLOC_HOST_PTR)
 long16 test passed (cl_mem_flags: CL_MEM_ALLOC_HOST_PTR | CL_MEM_COPY_HOST_PTR)
 long16 test passed (cl_mem_flags: CL_MEM_USE_HOST_PTR)
 long16 test passed (cl_mem_flags: CL_MEM_COPY_HOST_PTR)
 long16 test passed (cl_mem_flags: 0)
Testing random fill from offset 14603 for 108 elements: 
 long1 test passed (cl_mem_flags: CL_MEM_ALLOC_HOST_PTR)
 long1 test passed (cl_mem_flags: CL_MEM_ALLOC_HOST_PTR | CL_MEM_COPY_HOST_PTR)
 long1 test passed (cl_mem_flags: CL_MEM_USE_HOST_PTR)
 long1 test passed (cl_mem_flags: CL_MEM_COPY_HOST_PTR)
 long1 test passed (cl_mem_flags: 0)
 long2 test passed (cl_mem_flags: CL_MEM_ALLOC_HOST_PTR)
 long2 test passed (cl_mem_flags: CL_MEM_ALLOC_HOST_PTR | CL_MEM_COPY_HOST_PTR)
 long2 test passed (cl_mem_flags: CL_MEM_USE_HOST_PTR)
 long2 test passed (cl_mem_flags: CL_MEM_COPY_HOST_PTR)
 long2 test passed (cl_mem_flags: 0)
 long4 test passed (cl_mem_flags: CL_MEM_ALLOC_HOST_PTR)
 long4 test passed (cl_mem_flags: CL_MEM_ALLOC_HOST_PTR | CL_MEM_COPY_HOST_PTR)
 long4 test passed (cl_mem_flags: CL_MEM_USE_HOST_PTR)
 long4 test passed (cl_mem_flags: CL_MEM_COPY_HOST_PTR)
 long4 test passed (cl_mem_flags: 0)
 long8 test passed (cl_mem_flags: CL_MEM_ALLOC_HOST_PTR)
 long8 test passed (cl_mem_flags: CL_MEM_ALLOC_HOST_PTR | CL_MEM_COPY_HOST_PTR)
 long8 test passed (cl_mem_flags: CL_MEM_USE_HOST_PTR)
 long8 test passed (cl_mem_flags: CL_MEM_COPY_HOST_PTR)
 long8 test passed (cl_mem_flags: 0)
 long16 test passed (cl_mem_flags: CL_MEM_ALLOC_HOST_PTR)
 long16 test passed (cl_mem_flags: CL_MEM_ALLOC_HOST_PTR | CL_MEM_COPY_HOST_PTR)
 long16 test passed (cl_mem_flags: CL_MEM_USE_HOST_PTR)
 long16 test passed (cl_mem_flags: CL_MEM_COPY_HOST_PTR)
 long16 test passed (cl_mem_flags: 0)
buffer_fill_long passed
buffer_fill_ulong...
Testing random fill from offset 8987 for 4388 elements: 
 ulong1 test passed (cl_mem_flags: CL_MEM_ALLOC_HOST_PTR)
 ulong1 test passed (cl_mem_flags: CL_MEM_ALLOC_HOST_PTR | CL_MEM_COPY_HOST_PTR)
 ulong1 test passed (cl_mem_flags: CL_MEM_USE_HOST_PTR)
 ulong1 test passed (cl_mem_flags: CL_MEM_COPY_HOST_PTR)
 ulong1 test passed (cl_mem_flags: 0)
 ulong2 test passed (cl_mem_flags: CL_MEM_ALLOC_HOST_PTR)
 ulong2 test passed (cl_mem_flags: CL_MEM_ALLOC_HOST_PTR | CL_MEM_COPY_HOST_PTR)
 ulong2 test passed (cl_mem_flags: CL_MEM_USE_HOST_PTR)
 ulong2 test passed (cl_mem_flags: CL_MEM_COPY_HOST_PTR)
 ulong2 test passed (cl_mem_flags: 0)
 ulong4 test passed (cl_mem_flags: CL_MEM_ALLOC_HOST_PTR)
 ulong4 test passed (cl_mem_flags: CL_MEM_ALLOC_HOST_PTR | CL_MEM_COPY_HOST_PTR)
 ulong4 test passed (cl_mem_flags: CL_MEM_USE_HOST_PTR)
 ulong4 test passed (cl_mem_flags: CL_MEM_COPY_HOST_PTR)
 ulong4 test passed (cl_mem_flags: 0)
 ulong8 test passed (cl_mem_flags: CL_MEM_ALLOC_HOST_PTR)
 ulong8 test passed (cl_mem_flags: CL_MEM_ALLOC_HOST_PTR | CL_MEM_COPY_HOST_PTR)
 ulong8 test passed (cl_mem_flags: CL_MEM_USE_HOST_PTR)
 ulong8 test passed (cl_mem_flags: CL_MEM_COPY_HOST_PTR)
 ulong8 test passed (cl_mem_flags: 0)
 ulong16 test passed (cl_mem_flags: CL_MEM_ALLOC_HOST_PTR)
 ulong16 test passed (cl_mem_flags: CL_MEM_ALLOC_HOST_PTR | CL_MEM_COPY_HOST_PTR)
 ulong16 test passed (cl_mem_flags: CL_MEM_USE_HOST_PTR)
 ulong16 test passed (cl_mem_flags: CL_MEM_COPY_HOST_PTR)
 ulong16 test passed (cl_mem_flags: 0)
Testing random fill from offset 11711 for 3946 elements: 
 ulong1 test passed (cl_mem_flags: CL_MEM_ALLOC_HOST_PTR)
 ulong1 test passed (cl_mem_flags: CL_MEM_ALLOC_HOST_PTR | CL_MEM_COPY_HOST_PTR)
 ulong1 test passed (cl_mem_flags: CL_MEM_USE_HOST_PTR)
 ulong1 test passed (cl_mem_flags: CL_MEM_COPY_HOST_PTR)
 ulong1 test passed (cl_mem_flags: 0)
 ulong2 test passed (cl_mem_flags: CL_MEM_ALLOC_HOST_PTR)
 ulong2 test passed (cl_mem_flags: CL_MEM_ALLOC_HOST_PTR | CL_MEM_COPY_HOST_PTR)
 ulong2 test passed (cl_mem_flags: CL_MEM_USE_HOST_PTR)
 ulong2 test passed (cl_mem_flags: CL_MEM_COPY_HOST_PTR)
 ulong2 test passed (cl_mem_flags: 0)
 ulong4 test passed (cl_mem_flags: CL_MEM_ALLOC_HOST_PTR)
 ulong4 test passed (cl_mem_flags: CL_MEM_ALLOC_HOST_PTR | CL_MEM_COPY_HOST_PTR)
 ulong4 test passed (cl_mem_flags: CL_MEM_USE_HOST_PTR)
 ulong4 test passed (cl_mem_flags: CL_MEM_COPY_HOST_PTR)
 ulong4 test passed (cl_mem_flags: 0)
 ulong8 test passed (cl_mem_flags: CL_MEM_ALLOC_HOST_PTR)
 ulong8 test passed (cl_mem_flags: CL_MEM_ALLOC_HOST_PTR | CL_MEM_COPY_HOST_PTR)
 ulong8 test passed (cl_mem_flags: CL_MEM_USE_HOST_PTR)
 ulong8 test passed (cl_mem_flags: CL_MEM_COPY_HOST_PTR)
 ulong8 test passed (cl_mem_flags: 0)
 ulong16 test passed (cl_mem_flags: CL_MEM_ALLOC_HOST_PTR)
 ulong16 test passed (cl_mem_flags: CL_MEM_ALLOC_HOST_PTR | CL_MEM_COPY_HOST_PTR)
 ulong16 test passed (cl_mem_flags: CL_MEM_USE_HOST_PTR)
 ulong16 test passed (cl_mem_flags: CL_MEM_COPY_HOST_PTR)
 ulong16 test passed (cl_mem_flags: 0)
Testing random fill from offset 9870 for 5589 elements: 
 ulong1 test passed (cl_mem_flags: CL_MEM_ALLOC_HOST_PTR)
 ulong1 test passed (cl_mem_flags: CL_MEM_ALLOC_HOST_PTR | CL_MEM_COPY_HOST_PTR)
 ulong1 test passed (cl_mem_flags: CL_MEM_USE_HOST_PTR)
 ulong1 test passed (cl_mem_flags: CL_MEM_COPY_HOST_PTR)
 ulong1 test passed (cl_mem_flags: 0)
 ulong2 test passed (cl_mem_flags: CL_MEM_ALLOC_HOST_PTR)
 ulong2 test passed (cl_mem_flags: CL_MEM_ALLOC_HOST_PTR | CL_MEM_COPY_HOST_PTR)
 ulong2 test passed (cl_mem_flags: CL_MEM_USE_HOST_PTR)
 ulong2 test passed (cl_mem_flags: CL_MEM_COPY_HOST_PTR)
 ulong2 test passed (cl_mem_flags: 0)
 ulong4 test passed (cl_mem_flags: CL_MEM_ALLOC_HOST_PTR)
 ulong4 test passed (cl_mem_flags: CL_MEM_ALLOC_HOST_PTR | CL_MEM_COPY_HOST_PTR)
 ulong4 test passed (cl_mem_flags: CL_MEM_USE_HOST_PTR)
 ulong4 test passed (cl_mem_flags: CL_MEM_COPY_HOST_PTR)
 ulong4 test passed (cl_mem_flags: 0)
 ulong8 test passed (cl_mem_flags: CL_MEM_ALLOC_HOST_PTR)
 ulong8 test passed (cl_mem_flags: CL_MEM_ALLOC_HOST_PTR | CL_MEM_COPY_HOST_PTR)
 ulong8 test passed (cl_mem_flags: CL_MEM_USE_HOST_PTR)
 ulong8 test passed (cl_mem_flags: CL_MEM_COPY_HOST_PTR)
 ulong8 test passed (cl_mem_flags: 0)
 ulong16 test passed (cl_mem_flags: CL_MEM_ALLOC_HOST_PTR)
 ulong16 test passed (cl_mem_flags: CL_MEM_ALLOC_HOST_PTR | CL_MEM_COPY_HOST_PTR)
 ulong16 test passed (cl_mem_flags: CL_MEM_USE_HOST_PTR)
 ulong16 test passed (cl_mem_flags: CL_MEM_COPY_HOST_PTR)
 ulong16 test passed (cl_mem_flags: 0)
Testing random fill from offset 8923 for 6322 elements: 
 ulong1 test passed (cl_mem_flags: CL_MEM_ALLOC_HOST_PTR)
 ulong1 test passed (cl_mem_flags: CL_MEM_ALLOC_HOST_PTR | CL_MEM_COPY_HOST_PTR)
 ulong1 test passed (cl_mem_flags: CL_MEM_USE_HOST_PTR)
 ulong1 test passed (cl_mem_flags: CL_MEM_COPY_HOST_PTR)
 ulong1 test passed (cl_mem_flags: 0)
 ulong2 test passed (cl_mem_flags: CL_MEM_ALLOC_HOST_PTR)
 ulong2 test passed (cl_mem_flags: CL_MEM_ALLOC_HOST_PTR | CL_MEM_COPY_HOST_PTR)
 ulong2 test passed (cl_mem_flags: CL_MEM_USE_HOST_PTR)
 ulong2 test passed (cl_mem_flags: CL_MEM_COPY_HOST_PTR)
 ulong2 test passed (cl_mem_flags: 0)
 ulong4 test passed (cl_mem_flags: CL_MEM_ALLOC_HOST_PTR)
 ulong4 test passed (cl_mem_flags: CL_MEM_ALLOC_HOST_PTR | CL_MEM_COPY_HOST_PTR)
 ulong4 test passed (cl_mem_flags: CL_MEM_USE_HOST_PTR)
 ulong4 test passed (cl_mem_flags: CL_MEM_COPY_HOST_PTR)
 ulong4 test passed (cl_mem_flags: 0)
 ulong8 test passed (cl_mem_flags: CL_MEM_ALLOC_HOST_PTR)
 ulong8 test passed (cl_mem_flags: CL_MEM_ALLOC_HOST_PTR | CL_MEM_COPY_HOST_PTR)
 ulong8 test passed (cl_mem_flags: CL_MEM_USE_HOST_PTR)
 ulong8 test passed (cl_mem_flags: CL_MEM_COPY_HOST_PTR)
 ulong8 test passed (cl_mem_flags: 0)
 ulong16 test passed (cl_mem_flags: CL_MEM_ALLOC_HOST_PTR)
 ulong16 test passed (cl_mem_flags: CL_MEM_ALLOC_HOST_PTR | CL_MEM_COPY_HOST_PTR)
 ulong16 test passed (cl_mem_flags: CL_MEM_USE_HOST_PTR)
 ulong16 test passed (cl_mem_flags: CL_MEM_COPY_HOST_PTR)
 ulong16 test passed (cl_mem_flags: 0)
Testing random fill from offset 6937 for 5893 elements: 
 ulong1 test passed (cl_mem_flags: CL_MEM_ALLOC_HOST_PTR)
 ulong1 test passed (cl_mem_flags: CL_MEM_ALLOC_HOST_PTR | CL_MEM_COPY_HOST_PTR)
 ulong1 test passed (cl_mem_flags: CL_MEM_USE_HOST_PTR)
 ulong1 test passed (cl_mem_flags: CL_MEM_COPY_HOST_PTR)
 ulong1 test passed (cl_mem_flags: 0)
 ulong2 test passed (cl_mem_flags: CL_MEM_ALLOC_HOST_PTR)
 ulong2 test passed (cl_mem_flags: CL_MEM_ALLOC_HOST_PTR | CL_MEM_COPY_HOST_PTR)
 ulong2 test passed (cl_mem_flags: CL_MEM_USE_HOST_PTR)
 ulong2 test passed (cl_mem_flags: CL_MEM_COPY_HOST_PTR)
 ulong2 test passed (cl_mem_flags: 0)
 ulong4 test passed (cl_mem_flags: CL_MEM_ALLOC_HOST_PTR)
 ulong4 test passed (cl_mem_flags: CL_MEM_ALLOC_HOST_PTR | CL_MEM_COPY_HOST_PTR)
 ulong4 test passed (cl_mem_flags: CL_MEM_USE_HOST_PTR)
 ulong4 test passed (cl_mem_flags: CL_MEM_COPY_HOST_PTR)
 ulong4 test passed (cl_mem_flags: 0)
 ulong8 test passed (cl_mem_flags: CL_MEM_ALLOC_HOST_PTR)
 ulong8 test passed (cl_mem_flags: CL_MEM_ALLOC_HOST_PTR | CL_MEM_COPY_HOST_PTR)
 ulong8 test passed (cl_mem_flags: CL_MEM_USE_HOST_PTR)
 ulong8 test passed (cl_mem_flags: CL_MEM_COPY_HOST_PTR)
 ulong8 test passed (cl_mem_flags: 0)
 ulong16 test passed (cl_mem_flags: CL_MEM_ALLOC_HOST_PTR)
 ulong16 test passed (cl_mem_flags: CL_MEM_ALLOC_HOST_PTR | CL_MEM_COPY_HOST_PTR)
 ulong16 test passed (cl_mem_flags: CL_MEM_USE_HOST_PTR)
 ulong16 test passed (cl_mem_flags: CL_MEM_COPY_HOST_PTR)
 ulong16 test passed (cl_mem_flags: 0)
Testing random fill from offset 10577 for 2237 elements: 
 ulong1 test passed (cl_mem_flags: CL_MEM_ALLOC_HOST_PTR)
 ulong1 test passed (cl_mem_flags: CL_MEM_ALLOC_HOST_PTR | CL_MEM_COPY_HOST_PTR)
 ulong1 test passed (cl_mem_flags: CL_MEM_USE_HOST_PTR)
 ulong1 test passed (cl_mem_flags: CL_MEM_COPY_HOST_PTR)
 ulong1 test passed (cl_mem_flags: 0)
 ulong2 test passed (cl_mem_flags: CL_MEM_ALLOC_HOST_PTR)
 ulong2 test passed (cl_mem_flags: CL_MEM_ALLOC_HOST_PTR | CL_MEM_COPY_HOST_PTR)
 ulong2 test passed (cl_mem_flags: CL_MEM_USE_HOST_PTR)
 ulong2 test passed (cl_mem_flags: CL_MEM_COPY_HOST_PTR)
 ulong2 test passed (cl_mem_flags: 0)
 ulong4 test passed (cl_mem_flags: CL_MEM_ALLOC_HOST_PTR)
 ulong4 test passed (cl_mem_flags: CL_MEM_ALLOC_HOST_PTR | CL_MEM_COPY_HOST_PTR)
 ulong4 test passed (cl_mem_flags: CL_MEM_USE_HOST_PTR)
 ulong4 test passed (cl_mem_flags: CL_MEM_COPY_HOST_PTR)
 ulong4 test passed (cl_mem_flags: 0)
 ulong8 test passed (cl_mem_flags: CL_MEM_ALLOC_HOST_PTR)
 ulong8 test passed (cl_mem_flags: CL_MEM_ALLOC_HOST_PTR | CL_MEM_COPY_HOST_PTR)
 ulong8 test passed (cl_mem_flags: CL_MEM_USE_HOST_PTR)
 ulong8 test passed (cl_mem_flags: CL_MEM_COPY_HOST_PTR)
 ulong8 test passed (cl_mem_flags: 0)
 ulong16 test passed (cl_mem_flags: CL_MEM_ALLOC_HOST_PTR)
 ulong16 test passed (cl_mem_flags: CL_MEM_ALLOC_HOST_PTR | CL_MEM_COPY_HOST_PTR)
 ulong16 test passed (cl_mem_flags: CL_MEM_USE_HOST_PTR)
 ulong16 test passed (cl_mem_flags: CL_MEM_COPY_HOST_PTR)
 ulong16 test passed (cl_mem_flags: 0)
Testing random fill from offset 7165 for 2748 elements: 
 ulong1 test passed (cl_mem_flags: CL_MEM_ALLOC_HOST_PTR)
 ulong1 test passed (cl_mem_flags: CL_MEM_ALLOC_HOST_PTR | CL_MEM_COPY_HOST_PTR)
 ulong1 test passed (cl_mem_flags: CL_MEM_USE_HOST_PTR)
 ulong1 test passed (cl_mem_flags: CL_MEM_COPY_HOST_PTR)
 ulong1 test passed (cl_mem_flags: 0)
 ulong2 test passed (cl_mem_flags: CL_MEM_ALLOC_HOST_PTR)
 ulong2 test passed (cl_mem_flags: CL_MEM_ALLOC_HOST_PTR | CL_MEM_COPY_HOST_PTR)
 ulong2 test passed (cl_mem_flags: CL_MEM_USE_HOST_PTR)
 ulong2 test passed (cl_mem_flags: CL_MEM_COPY_HOST_PTR)
 ulong2 test passed (cl_mem_flags: 0)
 ulong4 test passed (cl_mem_flags: CL_MEM_ALLOC_HOST_PTR)
 ulong4 test passed (cl_mem_flags: CL_MEM_ALLOC_HOST_PTR | CL_MEM_COPY_HOST_PTR)
 ulong4 test passed (cl_mem_flags: CL_MEM_USE_HOST_PTR)
 ulong4 test passed (cl_mem_flags: CL_MEM_COPY_HOST_PTR)
 ulong4 test passed (cl_mem_flags: 0)
 ulong8 test passed (cl_mem_flags: CL_MEM_ALLOC_HOST_PTR)
 ulong8 test passed (cl_mem_flags: CL_MEM_ALLOC_HOST_PTR | CL_MEM_COPY_HOST_PTR)
 ulong8 test passed (cl_mem_flags: CL_MEM_USE_HOST_PTR)
 ulong8 test passed (cl_mem_flags: CL_MEM_COPY_HOST_PTR)
 ulong8 test passed (cl_mem_flags: 0)
 ulong16 test passed (cl_mem_flags: CL_MEM_ALLOC_HOST_PTR)
 ulong16 test passed (cl_mem_flags: CL_MEM_ALLOC_HOST_PTR | CL_MEM_COPY_HOST_PTR)
 ulong16 test passed (cl_mem_flags: CL_MEM_USE_HOST_PTR)
 ulong16 test passed (cl_mem_flags: CL_MEM_COPY_HOST_PTR)
 ulong16 test passed (cl_mem_flags: 0)
Testing random fill from offset 14603 for 108 elements: 
 ulong1 test passed (cl_mem_flags: CL_MEM_ALLOC_HOST_PTR)
 ulong1 test passed (cl_mem_flags: CL_MEM_ALLOC_HOST_PTR | CL_MEM_COPY_HOST_PTR)
 ulong1 test passed (cl_mem_flags: CL_MEM_USE_HOST_PTR)
 ulong1 test passed (cl_mem_flags: CL_MEM_COPY_HOST_PTR)
 ulong1 test passed (cl_mem_flags: 0)
 ulong2 test passed (cl_mem_flags: CL_MEM_ALLOC_HOST_PTR)
 ulong2 test passed (cl_mem_flags: CL_MEM_ALLOC_HOST_PTR | CL_MEM_COPY_HOST_PTR)
 ulong2 test passed (cl_mem_flags: CL_MEM_USE_HOST_PTR)
 ulong2 test passed (cl_mem_flags: CL_MEM_COPY_HOST_PTR)
 ulong2 test passed (cl_mem_flags: 0)
 ulong4 test passed (cl_mem_flags: CL_MEM_ALLOC_HOST_PTR)
 ulong4 test passed (cl_mem_flags: CL_MEM_ALLOC_HOST_PTR | CL_MEM_COPY_HOST_PTR)
 ulong4 test passed (cl_mem_flags: CL_MEM_USE_HOST_PTR)
 ulong4 test passed (cl_mem_flags: CL_MEM_COPY_HOST_PTR)
 ulong4 test passed (cl_mem_flags: 0)
 ulong8 test passed (cl_mem_flags: CL_MEM_ALLOC_HOST_PTR)
 ulong8 test passed (cl_mem_flags: CL_MEM_ALLOC_HOST_PTR | CL_MEM_COPY_HOST_PTR)
 ulong8 test passed (cl_mem_flags: CL_MEM_USE_HOST_PTR)
 ulong8 test passed (cl_mem_flags: CL_MEM_COPY_HOST_PTR)
 ulong8 test passed (cl_mem_flags: 0)
 ulong16 test passed (cl_mem_flags: CL_MEM_ALLOC_HOST_PTR)
 ulong16 test passed (cl_mem_flags: CL_MEM_ALLOC_HOST_PTR | CL_MEM_COPY_HOST_PTR)
 ulong16 test passed (cl_mem_flags: CL_MEM_USE_HOST_PTR)
 ulong16 test passed (cl_mem_flags: CL_MEM_COPY_HOST_PTR)
 ulong16 test passed (cl_mem_flags: 0)
buffer_fill_ulong passed
buffer_fill_float...
Testing random fill from offset 8987 for 4388 elements: 
 float1 test passed (cl_mem_flags: CL_MEM_ALLOC_HOST_PTR)
 float1 test passed (cl_mem_flags: CL_MEM_ALLOC_HOST_PTR | CL_MEM_COPY_HOST_PTR)
 float1 test passed (cl_mem_flags: CL_MEM_USE_HOST_PTR)
 float1 test passed (cl_mem_flags: CL_MEM_COPY_HOST_PTR)
 float1 test passed (cl_mem_flags: 0)
 float2 test passed (cl_mem_flags: CL_MEM_ALLOC_HOST_PTR)
 float2 test passed (cl_mem_flags: CL_MEM_ALLOC_HOST_PTR | CL_MEM_COPY_HOST_PTR)
 float2 test passed (cl_mem_flags: CL_MEM_USE_HOST_PTR)
 float2 test passed (cl_mem_flags: CL_MEM_COPY_HOST_PTR)
 float2 test passed (cl_mem_flags: 0)
 float4 test passed (cl_mem_flags: CL_MEM_ALLOC_HOST_PTR)
 float4 test passed (cl_mem_flags: CL_MEM_ALLOC_HOST_PTR | CL_MEM_COPY_HOST_PTR)
 float4 test passed (cl_mem_flags: CL_MEM_USE_HOST_PTR)
 float4 test passed (cl_mem_flags: CL_MEM_COPY_HOST_PTR)
 float4 test passed (cl_mem_flags: 0)
 float8 test passed (cl_mem_flags: CL_MEM_ALLOC_HOST_PTR)
 float8 test passed (cl_mem_flags: CL_MEM_ALLOC_HOST_PTR | CL_MEM_COPY_HOST_PTR)
 float8 test passed (cl_mem_flags: CL_MEM_USE_HOST_PTR)
 float8 test passed (cl_mem_flags: CL_MEM_COPY_HOST_PTR)
 float8 test passed (cl_mem_flags: 0)
 float16 test passed (cl_mem_flags: CL_MEM_ALLOC_HOST_PTR)
 float16 test passed (cl_mem_flags: CL_MEM_ALLOC_HOST_PTR | CL_MEM_COPY_HOST_PTR)
 float16 test passed (cl_mem_flags: CL_MEM_USE_HOST_PTR)
 float16 test passed (cl_mem_flags: CL_MEM_COPY_HOST_PTR)
 float16 test passed (cl_mem_flags: 0)
Testing random fill from offset 11711 for 3946 elements: 
 float1 test passed (cl_mem_flags: CL_MEM_ALLOC_HOST_PTR)
 float1 test passed (cl_mem_flags: CL_MEM_ALLOC_HOST_PTR | CL_MEM_COPY_HOST_PTR)
 float1 test passed (cl_mem_flags: CL_MEM_USE_HOST_PTR)
 float1 test passed (cl_mem_flags: CL_MEM_COPY_HOST_PTR)
 float1 test passed (cl_mem_flags: 0)
 float2 test passed (cl_mem_flags: CL_MEM_ALLOC_HOST_PTR)
 float2 test passed (cl_mem_flags: CL_MEM_ALLOC_HOST_PTR | CL_MEM_COPY_HOST_PTR)
 float2 test passed (cl_mem_flags: CL_MEM_USE_HOST_PTR)
 float2 test passed (cl_mem_flags: CL_MEM_COPY_HOST_PTR)
 float2 test passed (cl_mem_flags: 0)
 float4 test passed (cl_mem_flags: CL_MEM_ALLOC_HOST_PTR)
 float4 test passed (cl_mem_flags: CL_MEM_ALLOC_HOST_PTR | CL_MEM_COPY_HOST_PTR)
 float4 test passed (cl_mem_flags: CL_MEM_USE_HOST_PTR)
 float4 test passed (cl_mem_flags: CL_MEM_COPY_HOST_PTR)
 float4 test passed (cl_mem_flags: 0)
 float8 test passed (cl_mem_flags: CL_MEM_ALLOC_HOST_PTR)
 float8 test passed (cl_mem_flags: CL_MEM_ALLOC_HOST_PTR | CL_MEM_COPY_HOST_PTR)
 float8 test passed (cl_mem_flags: CL_MEM_USE_HOST_PTR)
 float8 test passed (cl_mem_flags: CL_MEM_COPY_HOST_PTR)
 float8 test passed (cl_mem_flags: 0)
 float16 test passed (cl_mem_flags: CL_MEM_ALLOC_HOST_PTR)
 float16 test passed (cl_mem_flags: CL_MEM_ALLOC_HOST_PTR | CL_MEM_COPY_HOST_PTR)
 float16 test passed (cl_mem_flags: CL_MEM_USE_HOST_PTR)
 float16 test passed (cl_mem_flags: CL_MEM_COPY_HOST_PTR)
 float16 test passed (cl_mem_flags: 0)
Testing random fill from offset 9870 for 5589 elements: 
 float1 test passed (cl_mem_flags: CL_MEM_ALLOC_HOST_PTR)
 float1 test passed (cl_mem_flags: CL_MEM_ALLOC_HOST_PTR | CL_MEM_COPY_HOST_PTR)
 float1 test passed (cl_mem_flags: CL_MEM_USE_HOST_PTR)
 float1 test passed (cl_mem_flags: CL_MEM_COPY_HOST_PTR)
 float1 test passed (cl_mem_flags: 0)
 float2 test passed (cl_mem_flags: CL_MEM_ALLOC_HOST_PTR)
 float2 test passed (cl_mem_flags: CL_MEM_ALLOC_HOST_PTR | CL_MEM_COPY_HOST_PTR)
 float2 test passed (cl_mem_flags: CL_MEM_USE_HOST_PTR)
 float2 test passed (cl_mem_flags: CL_MEM_COPY_HOST_PTR)
 float2 test passed (cl_mem_flags: 0)
 float4 test passed (cl_mem_flags: CL_MEM_ALLOC_HOST_PTR)
 float4 test passed (cl_mem_flags: CL_MEM_ALLOC_HOST_PTR | CL_MEM_COPY_HOST_PTR)
 float4 test passed (cl_mem_flags: CL_MEM_USE_HOST_PTR)
 float4 test passed (cl_mem_flags: CL_MEM_COPY_HOST_PTR)
 float4 test passed (cl_mem_flags: 0)
 float8 test passed (cl_mem_flags: CL_MEM_ALLOC_HOST_PTR)
 float8 test passed (cl_mem_flags: CL_MEM_ALLOC_HOST_PTR | CL_MEM_COPY_HOST_PTR)
 float8 test passed (cl_mem_flags: CL_MEM_USE_HOST_PTR)
 float8 test passed (cl_mem_flags: CL_MEM_COPY_HOST_PTR)
 float8 test passed (cl_mem_flags: 0)
 float16 test passed (cl_mem_flags: CL_MEM_ALLOC_HOST_PTR)
 float16 test passed (cl_mem_flags: CL_MEM_ALLOC_HOST_PTR | CL_MEM_COPY_HOST_PTR)
 float16 test passed (cl_mem_flags: CL_MEM_USE_HOST_PTR)
 float16 test passed (cl_mem_flags: CL_MEM_COPY_HOST_PTR)
 float16 test passed (cl_mem_flags: 0)
Testing random fill from offset 8923 for 6322 elements: 
 float1 test passed (cl_mem_flags: CL_MEM_ALLOC_HOST_PTR)
 float1 test passed (cl_mem_flags: CL_MEM_ALLOC_HOST_PTR | CL_MEM_COPY_HOST_PTR)
 float1 test passed (cl_mem_flags: CL_MEM_USE_HOST_PTR)
 float1 test passed (cl_mem_flags: CL_MEM_COPY_HOST_PTR)
 float1 test passed (cl_mem_flags: 0)
 float2 test passed (cl_mem_flags: CL_MEM_ALLOC_HOST_PTR)
 float2 test passed (cl_mem_flags: CL_MEM_ALLOC_HOST_PTR | CL_MEM_COPY_HOST_PTR)
 float2 test passed (cl_mem_flags: CL_MEM_USE_HOST_PTR)
 float2 test passed (cl_mem_flags: CL_MEM_COPY_HOST_PTR)
 float2 test passed (cl_mem_flags: 0)
 float4 test passed (cl_mem_flags: CL_MEM_ALLOC_HOST_PTR)
 float4 test passed (cl_mem_flags: CL_MEM_ALLOC_HOST_PTR | CL_MEM_COPY_HOST_PTR)
 float4 test passed (cl_mem_flags: CL_MEM_USE_HOST_PTR)
 float4 test passed (cl_mem_flags: CL_MEM_COPY_HOST_PTR)
 float4 test passed (cl_mem_flags: 0)
 float8 test passed (cl_mem_flags: CL_MEM_ALLOC_HOST_PTR)
 float8 test passed (cl_mem_flags: CL_MEM_ALLOC_HOST_PTR | CL_MEM_COPY_HOST_PTR)
 float8 test passed (cl_mem_flags: CL_MEM_USE_HOST_PTR)
 float8 test passed (cl_mem_flags: CL_MEM_COPY_HOST_PTR)
 float8 test passed (cl_mem_flags: 0)
 float16 test passed (cl_mem_flags: CL_MEM_ALLOC_HOST_PTR)
 float16 test passed (cl_mem_flags: CL_MEM_ALLOC_HOST_PTR | CL_MEM_COPY_HOST_PTR)
 float16 test passed (cl_mem_flags: CL_MEM_USE_HOST_PTR)
 float16 test passed (cl_mem_flags: CL_MEM_COPY_HOST_PTR)
 float16 test passed (cl_mem_flags: 0)
Testing random fill from offset 6937 for 5893 elements: 
 float1 test passed (cl_mem_flags: CL_MEM_ALLOC_HOST_PTR)
 float1 test passed (cl_mem_flags: CL_MEM_ALLOC_HOST_PTR | CL_MEM_COPY_HOST_PTR)
 float1 test passed (cl_mem_flags: CL_MEM_USE_HOST_PTR)
 float1 test passed (cl_mem_flags: CL_MEM_COPY_HOST_PTR)
 float1 test passed (cl_mem_flags: 0)
 float2 test passed (cl_mem_flags: CL_MEM_ALLOC_HOST_PTR)
 float2 test passed (cl_mem_flags: CL_MEM_ALLOC_HOST_PTR | CL_MEM_COPY_HOST_PTR)
 float2 test passed (cl_mem_flags: CL_MEM_USE_HOST_PTR)
 float2 test passed (cl_mem_flags: CL_MEM_COPY_HOST_PTR)
 float2 test passed (cl_mem_flags: 0)
 float4 test passed (cl_mem_flags: CL_MEM_ALLOC_HOST_PTR)
 float4 test passed (cl_mem_flags: CL_MEM_ALLOC_HOST_PTR | CL_MEM_COPY_HOST_PTR)
 float4 test passed (cl_mem_flags: CL_MEM_USE_HOST_PTR)
 float4 test passed (cl_mem_flags: CL_MEM_COPY_HOST_PTR)
 float4 test passed (cl_mem_flags: 0)
 float8 test passed (cl_mem_flags: CL_MEM_ALLOC_HOST_PTR)
 float8 test passed (cl_mem_flags: CL_MEM_ALLOC_HOST_PTR | CL_MEM_COPY_HOST_PTR)
 float8 test passed (cl_mem_flags: CL_MEM_USE_HOST_PTR)
 float8 test passed (cl_mem_flags: CL_MEM_COPY_HOST_PTR)
 float8 test passed (cl_mem_flags: 0)
 float16 test passed (cl_mem_flags: CL_MEM_ALLOC_HOST_PTR)
 float16 test passed (cl_mem_flags: CL_MEM_ALLOC_HOST_PTR | CL_MEM_COPY_HOST_PTR)
 float16 test passed (cl_mem_flags: CL_MEM_USE_HOST_PTR)
 float16 test passed (cl_mem_flags: CL_MEM_COPY_HOST_PTR)
 float16 test passed (cl_mem_flags: 0)
Testing random fill from offset 10577 for 2237 elements: 
 float1 test passed (cl_mem_flags: CL_MEM_ALLOC_HOST_PTR)
 float1 test passed (cl_mem_flags: CL_MEM_ALLOC_HOST_PTR | CL_MEM_COPY_HOST_PTR)
 float1 test passed (cl_mem_flags: CL_MEM_USE_HOST_PTR)
 float1 test passed (cl_mem_flags: CL_MEM_COPY_HOST_PTR)
 float1 test passed (cl_mem_flags: 0)
 float2 test passed (cl_mem_flags: CL_MEM_ALLOC_HOST_PTR)
 float2 test passed (cl_mem_flags: CL_MEM_ALLOC_HOST_PTR | CL_MEM_COPY_HOST_PTR)
 float2 test passed (cl_mem_flags: CL_MEM_USE_HOST_PTR)
 float2 test passed (cl_mem_flags: CL_MEM_COPY_HOST_PTR)
 float2 test passed (cl_mem_flags: 0)
 float4 test passed (cl_mem_flags: CL_MEM_ALLOC_HOST_PTR)
 float4 test passed (cl_mem_flags: CL_MEM_ALLOC_HOST_PTR | CL_MEM_COPY_HOST_PTR)
 float4 test passed (cl_mem_flags: CL_MEM_USE_HOST_PTR)
 float4 test passed (cl_mem_flags: CL_MEM_COPY_HOST_PTR)
 float4 test passed (cl_mem_flags: 0)
 float8 test passed (cl_mem_flags: CL_MEM_ALLOC_HOST_PTR)
 float8 test passed (cl_mem_flags: CL_MEM_ALLOC_HOST_PTR | CL_MEM_COPY_HOST_PTR)
 float8 test passed (cl_mem_flags: CL_MEM_USE_HOST_PTR)
 float8 test passed (cl_mem_flags: CL_MEM_COPY_HOST_PTR)
 float8 test passed (cl_mem_flags: 0)
 float16 test passed (cl_mem_flags: CL_MEM_ALLOC_HOST_PTR)
 float16 test passed (cl_mem_flags: CL_MEM_ALLOC_HOST_PTR | CL_MEM_COPY_HOST_PTR)
 float16 test passed (cl_mem_flags: CL_MEM_USE_HOST_PTR)
 float16 test passed (cl_mem_flags: CL_MEM_COPY_HOST_PTR)
 float16 test passed (cl_mem_flags: 0)
Testing random fill from offset 7165 for 2748 elements: 
 float1 test passed (cl_mem_flags: CL_MEM_ALLOC_HOST_PTR)
 float1 test passed (cl_mem_flags: CL_MEM_ALLOC_HOST_PTR | CL_MEM_COPY_HOST_PTR)
 float1 test passed (cl_mem_flags: CL_MEM_USE_HOST_PTR)
 float1 test passed (cl_mem_flags: CL_MEM_COPY_HOST_PTR)
 float1 test passed (cl_mem_flags: 0)
 float2 test passed (cl_mem_flags: CL_MEM_ALLOC_HOST_PTR)
 float2 test passed (cl_mem_flags: CL_MEM_ALLOC_HOST_PTR | CL_MEM_COPY_HOST_PTR)
 float2 test passed (cl_mem_flags: CL_MEM_USE_HOST_PTR)
 float2 test passed (cl_mem_flags: CL_MEM_COPY_HOST_PTR)
 float2 test passed (cl_mem_flags: 0)
 float4 test passed (cl_mem_flags: CL_MEM_ALLOC_HOST_PTR)
 float4 test passed (cl_mem_flags: CL_MEM_ALLOC_HOST_PTR | CL_MEM_COPY_HOST_PTR)
 float4 test passed (cl_mem_flags: CL_MEM_USE_HOST_PTR)
 float4 test passed (cl_mem_flags: CL_MEM_COPY_HOST_PTR)
 float4 test passed (cl_mem_flags: 0)
 float8 test passed (cl_mem_flags: CL_MEM_ALLOC_HOST_PTR)
 float8 test passed (cl_mem_flags: CL_MEM_ALLOC_HOST_PTR | CL_MEM_COPY_HOST_PTR)
 float8 test passed (cl_mem_flags: CL_MEM_USE_HOST_PTR)
 float8 test passed (cl_mem_flags: CL_MEM_COPY_HOST_PTR)
 float8 test passed (cl_mem_flags: 0)
 float16 test passed (cl_mem_flags: CL_MEM_ALLOC_HOST_PTR)
 float16 test passed (cl_mem_flags: CL_MEM_ALLOC_HOST_PTR | CL_MEM_COPY_HOST_PTR)
 float16 test passed (cl_mem_flags: CL_MEM_USE_HOST_PTR)
 float16 test passed (cl_mem_flags: CL_MEM_COPY_HOST_PTR)
 float16 test passed (cl_mem_flags: 0)
Testing random fill from offset 14603 for 108 elements: 
 float1 test passed (cl_mem_flags: CL_MEM_ALLOC_HOST_PTR)
 float1 test passed (cl_mem_flags: CL_MEM_ALLOC_HOST_PTR | CL_MEM_COPY_HOST_PTR)
 float1 test passed (cl_mem_flags: CL_MEM_USE_HOST_PTR)
 float1 test passed (cl_mem_flags: CL_MEM_COPY_HOST_PTR)
 float1 test passed (cl_mem_flags: 0)
 float2 test passed (cl_mem_flags: CL_MEM_ALLOC_HOST_PTR)
 float2 test passed (cl_mem_flags: CL_MEM_ALLOC_HOST_PTR | CL_MEM_COPY_HOST_PTR)
 float2 test passed (cl_mem_flags: CL_MEM_USE_HOST_PTR)
 float2 test passed (cl_mem_flags: CL_MEM_COPY_HOST_PTR)
 float2 test passed (cl_mem_flags: 0)
 float4 test passed (cl_mem_flags: CL_MEM_ALLOC_HOST_PTR)
 float4 test passed (cl_mem_flags: CL_MEM_ALLOC_HOST_PTR | CL_MEM_COPY_HOST_PTR)
 float4 test passed (cl_mem_flags: CL_MEM_USE_HOST_PTR)
 float4 test passed (cl_mem_flags: CL_MEM_COPY_HOST_PTR)
 float4 test passed (cl_mem_flags: 0)
 float8 test passed (cl_mem_flags: CL_MEM_ALLOC_HOST_PTR)
 float8 test passed (cl_mem_flags: CL_MEM_ALLOC_HOST_PTR | CL_MEM_COPY_HOST_PTR)
 float8 test passed (cl_mem_flags: CL_MEM_USE_HOST_PTR)
 float8 test passed (cl_mem_flags: CL_MEM_COPY_HOST_PTR)
 float8 test passed (cl_mem_flags: 0)
 float16 test passed (cl_mem_flags: CL_MEM_ALLOC_HOST_PTR)
 float16 test passed (cl_mem_flags: CL_MEM_ALLOC_HOST_PTR | CL_MEM_COPY_HOST_PTR)
 float16 test passed (cl_mem_flags: CL_MEM_USE_HOST_PTR)
 float16 test passed (cl_mem_flags: CL_MEM_COPY_HOST_PTR)
 float16 test passed (cl_mem_flags: 0)
buffer_fill_float passed
buffer_migrate...
buffer_migrate passed
image_migrate...
image_migrate passed
PASSED 102 of 102 tests.
