
sizeof( void*) = 8
ARCH:	aarch64
system name = Linux
node name   = <host>
release     = 7.1.13-402.asahi.fc44.aarch64+16k
version     = #1 SMP PREEMPT_DYNAMIC Tue Sep  8 22:03:08 UTC 2026
machine     = aarch64

*** WARNING: Testing in Wimpy mode!                     ***
*** Wimpy mode is not sufficient to verify correctness. ***
*** It gives warm fuzzy feelings and then nevers calls. ***

*** Wimpy Reduction Factor: 128                         ***

===========================================================
Random seed: 0

**************************
***    !! WARNING !!   ***
*** Wimpy mode enabled ***
**************************

 Initializing random seed to 0.
Requesting any device based on command line for platform index 0 and device index 0
Compute Device Name = Apple M1 (G13G B1), Compute Device Vendor = Apple, Compute Device Version = OpenCL 3.1 , CL C Version = OpenCL C 1.2 
Device latest conformance version passed: v2026-03-25-00
Supports single precision denormals: NO
sizeof( void*) = 8  (host)
sizeof( void*) = 8  (device)

Compute Device info:
	Device Name: Apple M1 (G13G B1)
	Vendor: Apple
	Device Version: OpenCL 3.1 
	CL C Version: OpenCL C 1.2 
	Driver Version: 26.3.0-devel (git-817bbf4718)
	Processing with 8 devices
	Device Frequency: 1278 MHz
	Subnormal values supported for floats? NO
	Testing with FTZ mode ON for floats? YES
	Testing with FTZ mode ON for halfs? YES
	Testing with default RTZ mode for floats? NO
	Testing with default RTZ mode for halfs? NO
	Has Double? NO
	Has Long? YES
	Testing vector sizes: 	1	1	2	3	4	8	16
conversions...
0) Testing convert_ucharn( ucharn ):
Building implicit uchar -> uchar conversion test
Building convert_uchar( uchar ) test
Building convert_uchar2( uchar2 ) test
Building convert_uchar3( uchar3 ) test
Building convert_uchar4( uchar4 ) test
Building convert_uchar8( uchar8 ) test
Building convert_uchar16( uchar16 ) test
Testing... .done.
	Wimp pass

1) Testing convert_ucharn_rte( ucharn ):
Building convert_uchar_rte( uchar ) test
Building convert_uchar2_rte( uchar2 ) test
Building convert_uchar3_rte( uchar3 ) test
Building convert_uchar4_rte( uchar4 ) test
Building convert_uchar8_rte( uchar8 ) test
Building convert_uchar16_rte( uchar16 ) test
Testing... .done.
	Wimp pass

2) Testing convert_ucharn_rtp( ucharn ):
Building convert_uchar_rtp( uchar ) test
Building convert_uchar2_rtp( uchar2 ) test
Building convert_uchar3_rtp( uchar3 ) test
Building convert_uchar4_rtp( uchar4 ) test
Building convert_uchar8_rtp( uchar8 ) test
Building convert_uchar16_rtp( uchar16 ) test
Testing... .done.
	Wimp pass

3) Testing convert_ucharn_rtn( ucharn ):
Building convert_uchar_rtn( uchar ) test
Building convert_uchar2_rtn( uchar2 ) test
Building convert_uchar3_rtn( uchar3 ) test
Building convert_uchar4_rtn( uchar4 ) test
Building convert_uchar8_rtn( uchar8 ) test
Building convert_uchar16_rtn( uchar16 ) test
Testing... .done.
	Wimp pass

4) Testing convert_ucharn_rtz( ucharn ):
Building convert_uchar_rtz( uchar ) test
Building convert_uchar2_rtz( uchar2 ) test
Building convert_uchar3_rtz( uchar3 ) test
Building convert_uchar4_rtz( uchar4 ) test
Building convert_uchar8_rtz( uchar8 ) test
Building convert_uchar16_rtz( uchar16 ) test
Testing... .done.
	Wimp pass

5) Testing convert_ucharn_sat( ucharn ):
Building convert_uchar_sat( uchar ) test
Building convert_uchar2_sat( uchar2 ) test
Building convert_uchar3_sat( uchar3 ) test
Building convert_uchar4_sat( uchar4 ) test
Building convert_uchar8_sat( uchar8 ) test
Building convert_uchar16_sat( uchar16 ) test
Testing... .done.
	Wimp pass

6) Testing convert_ucharn_sat_rte( ucharn ):
Building convert_uchar_sat_rte( uchar ) test
Building convert_uchar2_sat_rte( uchar2 ) test
Building convert_uchar3_sat_rte( uchar3 ) test
Building convert_uchar4_sat_rte( uchar4 ) test
Building convert_uchar8_sat_rte( uchar8 ) test
Building convert_uchar16_sat_rte( uchar16 ) test
Testing... .done.
	Wimp pass

7) Testing convert_ucharn_sat_rtp( ucharn ):
Building convert_uchar_sat_rtp( uchar ) test
Building convert_uchar2_sat_rtp( uchar2 ) test
Building convert_uchar3_sat_rtp( uchar3 ) test
Building convert_uchar4_sat_rtp( uchar4 ) test
Building convert_uchar8_sat_rtp( uchar8 ) test
Building convert_uchar16_sat_rtp( uchar16 ) test
Testing... .done.
	Wimp pass

8) Testing convert_ucharn_sat_rtn( ucharn ):
Building convert_uchar_sat_rtn( uchar ) test
Building convert_uchar2_sat_rtn( uchar2 ) test
Building convert_uchar3_sat_rtn( uchar3 ) test
Building convert_uchar4_sat_rtn( uchar4 ) test
Building convert_uchar8_sat_rtn( uchar8 ) test
Building convert_uchar16_sat_rtn( uchar16 ) test
Testing... .done.
	Wimp pass

9) Testing convert_ucharn_sat_rtz( ucharn ):
Building convert_uchar_sat_rtz( uchar ) test
Building convert_uchar2_sat_rtz( uchar2 ) test
Building convert_uchar3_sat_rtz( uchar3 ) test
Building convert_uchar4_sat_rtz( uchar4 ) test
Building convert_uchar8_sat_rtz( uchar8 ) test
Building convert_uchar16_sat_rtz( uchar16 ) test
Testing... .done.
	Wimp pass

10) Testing convert_ucharn( charn ):
Building implicit char -> uchar conversion test
Building convert_uchar( char ) test
Building convert_uchar2( char2 ) test
Building convert_uchar3( char3 ) test
Building convert_uchar4( char4 ) test
Building convert_uchar8( char8 ) test
Building convert_uchar16( char16 ) test
Testing... .done.
	Wimp pass

11) Testing convert_ucharn_rte( charn ):
Building convert_uchar_rte( char ) test
Building convert_uchar2_rte( char2 ) test
Building convert_uchar3_rte( char3 ) test
Building convert_uchar4_rte( char4 ) test
Building convert_uchar8_rte( char8 ) test
Building convert_uchar16_rte( char16 ) test
Testing... .done.
	Wimp pass

12) Testing convert_ucharn_rtp( charn ):
Building convert_uchar_rtp( char ) test
Building convert_uchar2_rtp( char2 ) test
Building convert_uchar3_rtp( char3 ) test
Building convert_uchar4_rtp( char4 ) test
Building convert_uchar8_rtp( char8 ) test
Building convert_uchar16_rtp( char16 ) test
Testing... .done.
	Wimp pass

13) Testing convert_ucharn_rtn( charn ):
Building convert_uchar_rtn( char ) test
Building convert_uchar2_rtn( char2 ) test
Building convert_uchar3_rtn( char3 ) test
Building convert_uchar4_rtn( char4 ) test
Building convert_uchar8_rtn( char8 ) test
Building convert_uchar16_rtn( char16 ) test
Testing... .done.
	Wimp pass

14) Testing convert_ucharn_rtz( charn ):
Building convert_uchar_rtz( char ) test
Building convert_uchar2_rtz( char2 ) test
Building convert_uchar3_rtz( char3 ) test
Building convert_uchar4_rtz( char4 ) test
Building convert_uchar8_rtz( char8 ) test
Building convert_uchar16_rtz( char16 ) test
Testing... .done.
	Wimp pass

15) Testing convert_ucharn_sat( charn ):
Building convert_uchar_sat( char ) test
Building convert_uchar2_sat( char2 ) test
Building convert_uchar3_sat( char3 ) test
Building convert_uchar4_sat( char4 ) test
Building convert_uchar8_sat( char8 ) test
Building convert_uchar16_sat( char16 ) test
Testing... .done.
	Wimp pass

16) Testing convert_ucharn_sat_rte( charn ):
Building convert_uchar_sat_rte( char ) test
Building convert_uchar2_sat_rte( char2 ) test
Building convert_uchar3_sat_rte( char3 ) test
Building convert_uchar4_sat_rte( char4 ) test
Building convert_uchar8_sat_rte( char8 ) test
Building convert_uchar16_sat_rte( char16 ) test
Testing... .done.
	Wimp pass

17) Testing convert_ucharn_sat_rtp( charn ):
Building convert_uchar_sat_rtp( char ) test
Building convert_uchar2_sat_rtp( char2 ) test
Building convert_uchar3_sat_rtp( char3 ) test
Building convert_uchar4_sat_rtp( char4 ) test
Building convert_uchar8_sat_rtp( char8 ) test
Building convert_uchar16_sat_rtp( char16 ) test
Testing... .done.
	Wimp pass

18) Testing convert_ucharn_sat_rtn( charn ):
Building convert_uchar_sat_rtn( char ) test
Building convert_uchar2_sat_rtn( char2 ) test
Building convert_uchar3_sat_rtn( char3 ) test
Building convert_uchar4_sat_rtn( char4 ) test
Building convert_uchar8_sat_rtn( char8 ) test
Building convert_uchar16_sat_rtn( char16 ) test
Testing... .done.
	Wimp pass

19) Testing convert_ucharn_sat_rtz( charn ):
Building convert_uchar_sat_rtz( char ) test
Building convert_uchar2_sat_rtz( char2 ) test
Building convert_uchar3_sat_rtz( char3 ) test
Building convert_uchar4_sat_rtz( char4 ) test
Building convert_uchar8_sat_rtz( char8 ) test
Building convert_uchar16_sat_rtz( char16 ) test
Testing... .done.
	Wimp pass

20) Testing convert_ucharn( ushortn ):
Building implicit ushort -> uchar conversion test
Building convert_uchar( ushort ) test
Building convert_uchar2( ushort2 ) test
Building convert_uchar3( ushort3 ) test
Building convert_uchar4( ushort4 ) test
Building convert_uchar8( ushort8 ) test
Building convert_uchar16( ushort16 ) test
Testing... .done.
	Wimp pass

21) Testing convert_ucharn_rte( ushortn ):
Building convert_uchar_rte( ushort ) test
Building convert_uchar2_rte( ushort2 ) test
Building convert_uchar3_rte( ushort3 ) test
Building convert_uchar4_rte( ushort4 ) test
Building convert_uchar8_rte( ushort8 ) test
Building convert_uchar16_rte( ushort16 ) test
Testing... .done.
	Wimp pass

22) Testing convert_ucharn_rtp( ushortn ):
Building convert_uchar_rtp( ushort ) test
Building convert_uchar2_rtp( ushort2 ) test
Building convert_uchar3_rtp( ushort3 ) test
Building convert_uchar4_rtp( ushort4 ) test
Building convert_uchar8_rtp( ushort8 ) test
Building convert_uchar16_rtp( ushort16 ) test
Testing... .done.
	Wimp pass

23) Testing convert_ucharn_rtn( ushortn ):
Building convert_uchar_rtn( ushort ) test
Building convert_uchar2_rtn( ushort2 ) test
Building convert_uchar3_rtn( ushort3 ) test
Building convert_uchar4_rtn( ushort4 ) test
Building convert_uchar8_rtn( ushort8 ) test
Building convert_uchar16_rtn( ushort16 ) test
Testing... .done.
	Wimp pass

24) Testing convert_ucharn_rtz( ushortn ):
Building convert_uchar_rtz( ushort ) test
Building convert_uchar2_rtz( ushort2 ) test
Building convert_uchar3_rtz( ushort3 ) test
Building convert_uchar4_rtz( ushort4 ) test
Building convert_uchar8_rtz( ushort8 ) test
Building convert_uchar16_rtz( ushort16 ) test
Testing... .done.
	Wimp pass

25) Testing convert_ucharn_sat( ushortn ):
Building convert_uchar_sat( ushort ) test
Building convert_uchar2_sat( ushort2 ) test
Building convert_uchar3_sat( ushort3 ) test
Building convert_uchar4_sat( ushort4 ) test
Building convert_uchar8_sat( ushort8 ) test
Building convert_uchar16_sat( ushort16 ) test
Testing... .done.
	Wimp pass

26) Testing convert_ucharn_sat_rte( ushortn ):
Building convert_uchar_sat_rte( ushort ) test
Building convert_uchar2_sat_rte( ushort2 ) test
Building convert_uchar3_sat_rte( ushort3 ) test
Building convert_uchar4_sat_rte( ushort4 ) test
Building convert_uchar8_sat_rte( ushort8 ) test
Building convert_uchar16_sat_rte( ushort16 ) test
Testing... .done.
	Wimp pass

27) Testing convert_ucharn_sat_rtp( ushortn ):
Building convert_uchar_sat_rtp( ushort ) test
Building convert_uchar2_sat_rtp( ushort2 ) test
Building convert_uchar3_sat_rtp( ushort3 ) test
Building convert_uchar4_sat_rtp( ushort4 ) test
Building convert_uchar8_sat_rtp( ushort8 ) test
Building convert_uchar16_sat_rtp( ushort16 ) test
Testing... .done.
	Wimp pass

28) Testing convert_ucharn_sat_rtn( ushortn ):
Building convert_uchar_sat_rtn( ushort ) test
Building convert_uchar2_sat_rtn( ushort2 ) test
Building convert_uchar3_sat_rtn( ushort3 ) test
Building convert_uchar4_sat_rtn( ushort4 ) test
Building convert_uchar8_sat_rtn( ushort8 ) test
Building convert_uchar16_sat_rtn( ushort16 ) test
Testing... .done.
	Wimp pass

29) Testing convert_ucharn_sat_rtz( ushortn ):
Building convert_uchar_sat_rtz( ushort ) test
Building convert_uchar2_sat_rtz( ushort2 ) test
Building convert_uchar3_sat_rtz( ushort3 ) test
Building convert_uchar4_sat_rtz( ushort4 ) test
Building convert_uchar8_sat_rtz( ushort8 ) test
Building convert_uchar16_sat_rtz( ushort16 ) test
Testing... .done.
	Wimp pass

30) Testing convert_ucharn( shortn ):
Building implicit short -> uchar conversion test
Building convert_uchar( short ) test
Building convert_uchar2( short2 ) test
Building convert_uchar3( short3 ) test
Building convert_uchar4( short4 ) test
Building convert_uchar8( short8 ) test
Building convert_uchar16( short16 ) test
Testing... .done.
	Wimp pass

31) Testing convert_ucharn_rte( shortn ):
Building convert_uchar_rte( short ) test
Building convert_uchar2_rte( short2 ) test
Building convert_uchar3_rte( short3 ) test
Building convert_uchar4_rte( short4 ) test
Building convert_uchar8_rte( short8 ) test
Building convert_uchar16_rte( short16 ) test
Testing... .done.
	Wimp pass

32) Testing convert_ucharn_rtp( shortn ):
Building convert_uchar_rtp( short ) test
Building convert_uchar2_rtp( short2 ) test
Building convert_uchar3_rtp( short3 ) test
Building convert_uchar4_rtp( short4 ) test
Building convert_uchar8_rtp( short8 ) test
Building convert_uchar16_rtp( short16 ) test
Testing... .done.
	Wimp pass

33) Testing convert_ucharn_rtn( shortn ):
Building convert_uchar_rtn( short ) test
Building convert_uchar2_rtn( short2 ) test
Building convert_uchar3_rtn( short3 ) test
Building convert_uchar4_rtn( short4 ) test
Building convert_uchar8_rtn( short8 ) test
Building convert_uchar16_rtn( short16 ) test
Testing... .done.
	Wimp pass

34) Testing convert_ucharn_rtz( shortn ):
Building convert_uchar_rtz( short ) test
Building convert_uchar2_rtz( short2 ) test
Building convert_uchar3_rtz( short3 ) test
Building convert_uchar4_rtz( short4 ) test
Building convert_uchar8_rtz( short8 ) test
Building convert_uchar16_rtz( short16 ) test
Testing... .done.
	Wimp pass

35) Testing convert_ucharn_sat( shortn ):
Building convert_uchar_sat( short ) test
Building convert_uchar2_sat( short2 ) test
Building convert_uchar3_sat( short3 ) test
Building convert_uchar4_sat( short4 ) test
Building convert_uchar8_sat( short8 ) test
Building convert_uchar16_sat( short16 ) test
Testing... .done.
	Wimp pass

36) Testing convert_ucharn_sat_rte( shortn ):
Building convert_uchar_sat_rte( short ) test
Building convert_uchar2_sat_rte( short2 ) test
Building convert_uchar3_sat_rte( short3 ) test
Building convert_uchar4_sat_rte( short4 ) test
Building convert_uchar8_sat_rte( short8 ) test
Building convert_uchar16_sat_rte( short16 ) test
Testing... .done.
	Wimp pass

37) Testing convert_ucharn_sat_rtp( shortn ):
Building convert_uchar_sat_rtp( short ) test
Building convert_uchar2_sat_rtp( short2 ) test
Building convert_uchar3_sat_rtp( short3 ) test
Building convert_uchar4_sat_rtp( short4 ) test
Building convert_uchar8_sat_rtp( short8 ) test
Building convert_uchar16_sat_rtp( short16 ) test
Testing... .done.
	Wimp pass

38) Testing convert_ucharn_sat_rtn( shortn ):
Building convert_uchar_sat_rtn( short ) test
Building convert_uchar2_sat_rtn( short2 ) test
Building convert_uchar3_sat_rtn( short3 ) test
Building convert_uchar4_sat_rtn( short4 ) test
Building convert_uchar8_sat_rtn( short8 ) test
Building convert_uchar16_sat_rtn( short16 ) test
Testing... .done.
	Wimp pass

39) Testing convert_ucharn_sat_rtz( shortn ):
Building convert_uchar_sat_rtz( short ) test
Building convert_uchar2_sat_rtz( short2 ) test
Building convert_uchar3_sat_rtz( short3 ) test
Building convert_uchar4_sat_rtz( short4 ) test
Building convert_uchar8_sat_rtz( short8 ) test
Building convert_uchar16_sat_rtz( short16 ) test
Testing... .done.
	Wimp pass

40) Testing convert_ucharn( uintn ):
Building implicit uint -> uchar conversion test
Building convert_uchar( uint ) test
Building convert_uchar2( uint2 ) test
Building convert_uchar3( uint3 ) test
Building convert_uchar4( uint4 ) test
Building convert_uchar8( uint8 ) test
Building convert_uchar16( uint16 ) test
Testing... .done.
	Wimp pass

41) Testing convert_ucharn_rte( uintn ):
Building convert_uchar_rte( uint ) test
Building convert_uchar2_rte( uint2 ) test
Building convert_uchar3_rte( uint3 ) test
Building convert_uchar4_rte( uint4 ) test
Building convert_uchar8_rte( uint8 ) test
Building convert_uchar16_rte( uint16 ) test
Testing... .done.
	Wimp pass

42) Testing convert_ucharn_rtp( uintn ):
Building convert_uchar_rtp( uint ) test
Building convert_uchar2_rtp( uint2 ) test
Building convert_uchar3_rtp( uint3 ) test
Building convert_uchar4_rtp( uint4 ) test
Building convert_uchar8_rtp( uint8 ) test
Building convert_uchar16_rtp( uint16 ) test
Testing... .done.
	Wimp pass

43) Testing convert_ucharn_rtn( uintn ):
Building convert_uchar_rtn( uint ) test
Building convert_uchar2_rtn( uint2 ) test
Building convert_uchar3_rtn( uint3 ) test
Building convert_uchar4_rtn( uint4 ) test
Building convert_uchar8_rtn( uint8 ) test
Building convert_uchar16_rtn( uint16 ) test
Testing... .done.
	Wimp pass

44) Testing convert_ucharn_rtz( uintn ):
Building convert_uchar_rtz( uint ) test
Building convert_uchar2_rtz( uint2 ) test
Building convert_uchar3_rtz( uint3 ) test
Building convert_uchar4_rtz( uint4 ) test
Building convert_uchar8_rtz( uint8 ) test
Building convert_uchar16_rtz( uint16 ) test
Testing... .done.
	Wimp pass

45) Testing convert_ucharn_sat( uintn ):
Building convert_uchar_sat( uint ) test
Building convert_uchar2_sat( uint2 ) test
Building convert_uchar3_sat( uint3 ) test
Building convert_uchar4_sat( uint4 ) test
Building convert_uchar8_sat( uint8 ) test
Building convert_uchar16_sat( uint16 ) test
Testing... .done.
	Wimp pass

46) Testing convert_ucharn_sat_rte( uintn ):
Building convert_uchar_sat_rte( uint ) test
Building convert_uchar2_sat_rte( uint2 ) test
Building convert_uchar3_sat_rte( uint3 ) test
Building convert_uchar4_sat_rte( uint4 ) test
Building convert_uchar8_sat_rte( uint8 ) test
Building convert_uchar16_sat_rte( uint16 ) test
Testing... .done.
	Wimp pass

47) Testing convert_ucharn_sat_rtp( uintn ):
Building convert_uchar_sat_rtp( uint ) test
Building convert_uchar2_sat_rtp( uint2 ) test
Building convert_uchar3_sat_rtp( uint3 ) test
Building convert_uchar4_sat_rtp( uint4 ) test
Building convert_uchar8_sat_rtp( uint8 ) test
Building convert_uchar16_sat_rtp( uint16 ) test
Testing... .done.
	Wimp pass

48) Testing convert_ucharn_sat_rtn( uintn ):
Building convert_uchar_sat_rtn( uint ) test
Building convert_uchar2_sat_rtn( uint2 ) test
Building convert_uchar3_sat_rtn( uint3 ) test
Building convert_uchar4_sat_rtn( uint4 ) test
Building convert_uchar8_sat_rtn( uint8 ) test
Building convert_uchar16_sat_rtn( uint16 ) test
Testing... .done.
	Wimp pass

49) Testing convert_ucharn_sat_rtz( uintn ):
Building convert_uchar_sat_rtz( uint ) test
Building convert_uchar2_sat_rtz( uint2 ) test
Building convert_uchar3_sat_rtz( uint3 ) test
Building convert_uchar4_sat_rtz( uint4 ) test
Building convert_uchar8_sat_rtz( uint8 ) test
Building convert_uchar16_sat_rtz( uint16 ) test
Testing... .done.
	Wimp pass

50) Testing convert_ucharn( intn ):
Building implicit int -> uchar conversion test
Building convert_uchar( int ) test
Building convert_uchar2( int2 ) test
Building convert_uchar3( int3 ) test
Building convert_uchar4( int4 ) test
Building convert_uchar8( int8 ) test
Building convert_uchar16( int16 ) test
Testing... .done.
	Wimp pass

51) Testing convert_ucharn_rte( intn ):
Building convert_uchar_rte( int ) test
Building convert_uchar2_rte( int2 ) test
Building convert_uchar3_rte( int3 ) test
Building convert_uchar4_rte( int4 ) test
Building convert_uchar8_rte( int8 ) test
Building convert_uchar16_rte( int16 ) test
Testing... .done.
	Wimp pass

52) Testing convert_ucharn_rtp( intn ):
Building convert_uchar_rtp( int ) test
Building convert_uchar2_rtp( int2 ) test
Building convert_uchar3_rtp( int3 ) test
Building convert_uchar4_rtp( int4 ) test
Building convert_uchar8_rtp( int8 ) test
Building convert_uchar16_rtp( int16 ) test
Testing... .done.
	Wimp pass

53) Testing convert_ucharn_rtn( intn ):
Building convert_uchar_rtn( int ) test
Building convert_uchar2_rtn( int2 ) test
Building convert_uchar3_rtn( int3 ) test
Building convert_uchar4_rtn( int4 ) test
Building convert_uchar8_rtn( int8 ) test
Building convert_uchar16_rtn( int16 ) test
Testing... .done.
	Wimp pass

54) Testing convert_ucharn_rtz( intn ):
Building convert_uchar_rtz( int ) test
Building convert_uchar2_rtz( int2 ) test
Building convert_uchar3_rtz( int3 ) test
Building convert_uchar4_rtz( int4 ) test
Building convert_uchar8_rtz( int8 ) test
Building convert_uchar16_rtz( int16 ) test
Testing... .done.
	Wimp pass

55) Testing convert_ucharn_sat( intn ):
Building convert_uchar_sat( int ) test
Building convert_uchar2_sat( int2 ) test
Building convert_uchar3_sat( int3 ) test
Building convert_uchar4_sat( int4 ) test
Building convert_uchar8_sat( int8 ) test
Building convert_uchar16_sat( int16 ) test
Testing... .done.
	Wimp pass

56) Testing convert_ucharn_sat_rte( intn ):
Building convert_uchar_sat_rte( int ) test
Building convert_uchar2_sat_rte( int2 ) test
Building convert_uchar3_sat_rte( int3 ) test
Building convert_uchar4_sat_rte( int4 ) test
Building convert_uchar8_sat_rte( int8 ) test
Building convert_uchar16_sat_rte( int16 ) test
Testing... .done.
	Wimp pass

57) Testing convert_ucharn_sat_rtp( intn ):
Building convert_uchar_sat_rtp( int ) test
Building convert_uchar2_sat_rtp( int2 ) test
Building convert_uchar3_sat_rtp( int3 ) test
Building convert_uchar4_sat_rtp( int4 ) test
Building convert_uchar8_sat_rtp( int8 ) test
Building convert_uchar16_sat_rtp( int16 ) test
Testing... .done.
	Wimp pass

58) Testing convert_ucharn_sat_rtn( intn ):
Building convert_uchar_sat_rtn( int ) test
Building convert_uchar2_sat_rtn( int2 ) test
Building convert_uchar3_sat_rtn( int3 ) test
Building convert_uchar4_sat_rtn( int4 ) test
Building convert_uchar8_sat_rtn( int8 ) test
Building convert_uchar16_sat_rtn( int16 ) test
Testing... .done.
	Wimp pass

59) Testing convert_ucharn_sat_rtz( intn ):
Building convert_uchar_sat_rtz( int ) test
Building convert_uchar2_sat_rtz( int2 ) test
Building convert_uchar3_sat_rtz( int3 ) test
Building convert_uchar4_sat_rtz( int4 ) test
Building convert_uchar8_sat_rtz( int8 ) test
Building convert_uchar16_sat_rtz( int16 ) test
Testing... .done.
	Wimp pass

60) Testing convert_ucharn( halfn ):
Building implicit half -> uchar conversion test
Building convert_uchar( half ) test
Building convert_uchar2( half2 ) test
Building convert_uchar3( half3 ) test
Building convert_uchar4( half4 ) test
Building convert_uchar8( half8 ) test
Building convert_uchar16( half16 ) test
Testing... .done.
	Wimp pass

61) Testing convert_ucharn_rte( halfn ):
Building convert_uchar_rte( half ) test
Building convert_uchar2_rte( half2 ) test
Building convert_uchar3_rte( half3 ) test
Building convert_uchar4_rte( half4 ) test
Building convert_uchar8_rte( half8 ) test
Building convert_uchar16_rte( half16 ) test
Testing... .done.
	Wimp pass

62) Testing convert_ucharn_rtp( halfn ):
Building convert_uchar_rtp( half ) test
Building convert_uchar2_rtp( half2 ) test
Building convert_uchar3_rtp( half3 ) test
Building convert_uchar4_rtp( half4 ) test
Building convert_uchar8_rtp( half8 ) test
Building convert_uchar16_rtp( half16 ) test
Testing... .done.
	Wimp pass

63) Testing convert_ucharn_rtn( halfn ):
Building convert_uchar_rtn( half ) test
Building convert_uchar2_rtn( half2 ) test
Building convert_uchar3_rtn( half3 ) test
Building convert_uchar4_rtn( half4 ) test
Building convert_uchar8_rtn( half8 ) test
Building convert_uchar16_rtn( half16 ) test
Testing... .done.
	Wimp pass

64) Testing convert_ucharn_rtz( halfn ):
Building convert_uchar_rtz( half ) test
Building convert_uchar2_rtz( half2 ) test
Building convert_uchar3_rtz( half3 ) test
Building convert_uchar4_rtz( half4 ) test
Building convert_uchar8_rtz( half8 ) test
Building convert_uchar16_rtz( half16 ) test
Testing... .done.
	Wimp pass

65) Testing convert_ucharn_sat( halfn ):
Building convert_uchar_sat( half ) test
Building convert_uchar2_sat( half2 ) test
Building convert_uchar3_sat( half3 ) test
Building convert_uchar4_sat( half4 ) test
Building convert_uchar8_sat( half8 ) test
Building convert_uchar16_sat( half16 ) test
Testing... .done.
	Wimp pass

66) Testing convert_ucharn_sat_rte( halfn ):
Building convert_uchar_sat_rte( half ) test
Building convert_uchar2_sat_rte( half2 ) test
Building convert_uchar3_sat_rte( half3 ) test
Building convert_uchar4_sat_rte( half4 ) test
Building convert_uchar8_sat_rte( half8 ) test
Building convert_uchar16_sat_rte( half16 ) test
Testing... .done.
	Wimp pass

67) Testing convert_ucharn_sat_rtp( halfn ):
Building convert_uchar_sat_rtp( half ) test
Building convert_uchar2_sat_rtp( half2 ) test
Building convert_uchar3_sat_rtp( half3 ) test
Building convert_uchar4_sat_rtp( half4 ) test
Building convert_uchar8_sat_rtp( half8 ) test
Building convert_uchar16_sat_rtp( half16 ) test
Testing... .done.
	Wimp pass

68) Testing convert_ucharn_sat_rtn( halfn ):
Building convert_uchar_sat_rtn( half ) test
Building convert_uchar2_sat_rtn( half2 ) test
Building convert_uchar3_sat_rtn( half3 ) test
Building convert_uchar4_sat_rtn( half4 ) test
Building convert_uchar8_sat_rtn( half8 ) test
Building convert_uchar16_sat_rtn( half16 ) test
Testing... .done.
	Wimp pass

69) Testing convert_ucharn_sat_rtz( halfn ):
Building convert_uchar_sat_rtz( half ) test
Building convert_uchar2_sat_rtz( half2 ) test
Building convert_uchar3_sat_rtz( half3 ) test
Building convert_uchar4_sat_rtz( half4 ) test
Building convert_uchar8_sat_rtz( half8 ) test
Building convert_uchar16_sat_rtz( half16 ) test
Testing... .done.
	Wimp pass

70) Testing convert_ucharn( floatn ):
Building implicit float -> uchar conversion test
Building convert_uchar( float ) test
Building convert_uchar2( float2 ) test
Building convert_uchar3( float3 ) test
Building convert_uchar4( float4 ) test
Building convert_uchar8( float8 ) test
Building convert_uchar16( float16 ) test
Testing... .done.
	Wimp pass

71) Testing convert_ucharn_rte( floatn ):
Building convert_uchar_rte( float ) test
Building convert_uchar2_rte( float2 ) test
Building convert_uchar3_rte( float3 ) test
Building convert_uchar4_rte( float4 ) test
Building convert_uchar8_rte( float8 ) test
Building convert_uchar16_rte( float16 ) test
Testing... .done.
	Wimp pass

72) Testing convert_ucharn_rtp( floatn ):
Building convert_uchar_rtp( float ) test
Building convert_uchar2_rtp( float2 ) test
Building convert_uchar3_rtp( float3 ) test
Building convert_uchar4_rtp( float4 ) test
Building convert_uchar8_rtp( float8 ) test
Building convert_uchar16_rtp( float16 ) test
Testing... .done.
	Wimp pass

73) Testing convert_ucharn_rtn( floatn ):
Building convert_uchar_rtn( float ) test
Building convert_uchar2_rtn( float2 ) test
Building convert_uchar3_rtn( float3 ) test
Building convert_uchar4_rtn( float4 ) test
Building convert_uchar8_rtn( float8 ) test
Building convert_uchar16_rtn( float16 ) test
Testing... .done.
	Wimp pass

74) Testing convert_ucharn_rtz( floatn ):
Building convert_uchar_rtz( float ) test
Building convert_uchar2_rtz( float2 ) test
Building convert_uchar3_rtz( float3 ) test
Building convert_uchar4_rtz( float4 ) test
Building convert_uchar8_rtz( float8 ) test
Building convert_uchar16_rtz( float16 ) test
Testing... .done.
	Wimp pass

75) Testing convert_ucharn_sat( floatn ):
Building convert_uchar_sat( float ) test
Building convert_uchar2_sat( float2 ) test
Building convert_uchar3_sat( float3 ) test
Building convert_uchar4_sat( float4 ) test
Building convert_uchar8_sat( float8 ) test
Building convert_uchar16_sat( float16 ) test
Testing... .done.
	Wimp pass

76) Testing convert_ucharn_sat_rte( floatn ):
Building convert_uchar_sat_rte( float ) test
Building convert_uchar2_sat_rte( float2 ) test
Building convert_uchar3_sat_rte( float3 ) test
Building convert_uchar4_sat_rte( float4 ) test
Building convert_uchar8_sat_rte( float8 ) test
Building convert_uchar16_sat_rte( float16 ) test
Testing... .done.
	Wimp pass

77) Testing convert_ucharn_sat_rtp( floatn ):
Building convert_uchar_sat_rtp( float ) test
Building convert_uchar2_sat_rtp( float2 ) test
Building convert_uchar3_sat_rtp( float3 ) test
Building convert_uchar4_sat_rtp( float4 ) test
Building convert_uchar8_sat_rtp( float8 ) test
Building convert_uchar16_sat_rtp( float16 ) test
Testing... .done.
	Wimp pass

78) Testing convert_ucharn_sat_rtn( floatn ):
Building convert_uchar_sat_rtn( float ) test
Building convert_uchar2_sat_rtn( float2 ) test
Building convert_uchar3_sat_rtn( float3 ) test
Building convert_uchar4_sat_rtn( float4 ) test
Building convert_uchar8_sat_rtn( float8 ) test
Building convert_uchar16_sat_rtn( float16 ) test
Testing... .done.
	Wimp pass

79) Testing convert_ucharn_sat_rtz( floatn ):
Building convert_uchar_sat_rtz( float ) test
Building convert_uchar2_sat_rtz( float2 ) test
Building convert_uchar3_sat_rtz( float3 ) test
Building convert_uchar4_sat_rtz( float4 ) test
Building convert_uchar8_sat_rtz( float8 ) test
Building convert_uchar16_sat_rtz( float16 ) test
Testing... .done.
	Wimp pass

80) Testing convert_ucharn( doublen ):
81) Testing convert_ucharn_rte( doublen ):
82) Testing convert_ucharn_rtp( doublen ):
83) Testing convert_ucharn_rtn( doublen ):
84) Testing convert_ucharn_rtz( doublen ):
85) Testing convert_ucharn_sat( doublen ):
86) Testing convert_ucharn_sat_rte( doublen ):
87) Testing convert_ucharn_sat_rtp( doublen ):
88) Testing convert_ucharn_sat_rtn( doublen ):
89) Testing convert_ucharn_sat_rtz( doublen ):
90) Testing convert_ucharn( ulongn ):
Building implicit ulong -> uchar conversion test
Building convert_uchar( ulong ) test
Building convert_uchar2( ulong2 ) test
Building convert_uchar3( ulong3 ) test
Building convert_uchar4( ulong4 ) test
Building convert_uchar8( ulong8 ) test
Building convert_uchar16( ulong16 ) test
Testing... ..done.
	Wimp pass

91) Testing convert_ucharn_rte( ulongn ):
Building convert_uchar_rte( ulong ) test
Building convert_uchar2_rte( ulong2 ) test
Building convert_uchar3_rte( ulong3 ) test
Building convert_uchar4_rte( ulong4 ) test
Building convert_uchar8_rte( ulong8 ) test
Building convert_uchar16_rte( ulong16 ) test
Testing... ..done.
	Wimp pass

92) Testing convert_ucharn_rtp( ulongn ):
Building convert_uchar_rtp( ulong ) test
Building convert_uchar2_rtp( ulong2 ) test
Building convert_uchar3_rtp( ulong3 ) test
Building convert_uchar4_rtp( ulong4 ) test
Building convert_uchar8_rtp( ulong8 ) test
Building convert_uchar16_rtp( ulong16 ) test
Testing... ..done.
	Wimp pass

93) Testing convert_ucharn_rtn( ulongn ):
Building convert_uchar_rtn( ulong ) test
Building convert_uchar2_rtn( ulong2 ) test
Building convert_uchar3_rtn( ulong3 ) test
Building convert_uchar4_rtn( ulong4 ) test
Building convert_uchar8_rtn( ulong8 ) test
Building convert_uchar16_rtn( ulong16 ) test
Testing... ..done.
	Wimp pass

94) Testing convert_ucharn_rtz( ulongn ):
Building convert_uchar_rtz( ulong ) test
Building convert_uchar2_rtz( ulong2 ) test
Building convert_uchar3_rtz( ulong3 ) test
Building convert_uchar4_rtz( ulong4 ) test
Building convert_uchar8_rtz( ulong8 ) test
Building convert_uchar16_rtz( ulong16 ) test
Testing... ..done.
	Wimp pass

95) Testing convert_ucharn_sat( ulongn ):
Building convert_uchar_sat( ulong ) test
Building convert_uchar2_sat( ulong2 ) test
Building convert_uchar3_sat( ulong3 ) test
Building convert_uchar4_sat( ulong4 ) test
Building convert_uchar8_sat( ulong8 ) test
Building convert_uchar16_sat( ulong16 ) test
Testing... ..done.
	Wimp pass

96) Testing convert_ucharn_sat_rte( ulongn ):
Building convert_uchar_sat_rte( ulong ) test
Building convert_uchar2_sat_rte( ulong2 ) test
Building convert_uchar3_sat_rte( ulong3 ) test
Building convert_uchar4_sat_rte( ulong4 ) test
Building convert_uchar8_sat_rte( ulong8 ) test
Building convert_uchar16_sat_rte( ulong16 ) test
Testing... ..done.
	Wimp pass

97) Testing convert_ucharn_sat_rtp( ulongn ):
Building convert_uchar_sat_rtp( ulong ) test
Building convert_uchar2_sat_rtp( ulong2 ) test
Building convert_uchar3_sat_rtp( ulong3 ) test
Building convert_uchar4_sat_rtp( ulong4 ) test
Building convert_uchar8_sat_rtp( ulong8 ) test
Building convert_uchar16_sat_rtp( ulong16 ) test
Testing... ..done.
	Wimp pass

98) Testing convert_ucharn_sat_rtn( ulongn ):
Building convert_uchar_sat_rtn( ulong ) test
Building convert_uchar2_sat_rtn( ulong2 ) test
Building convert_uchar3_sat_rtn( ulong3 ) test
Building convert_uchar4_sat_rtn( ulong4 ) test
Building convert_uchar8_sat_rtn( ulong8 ) test
Building convert_uchar16_sat_rtn( ulong16 ) test
Testing... ..done.
	Wimp pass

99) Testing convert_ucharn_sat_rtz( ulongn ):
Building convert_uchar_sat_rtz( ulong ) test
Building convert_uchar2_sat_rtz( ulong2 ) test
Building convert_uchar3_sat_rtz( ulong3 ) test
Building convert_uchar4_sat_rtz( ulong4 ) test
Building convert_uchar8_sat_rtz( ulong8 ) test
Building convert_uchar16_sat_rtz( ulong16 ) test
Testing... ..done.
	Wimp pass

100) Testing convert_ucharn( longn ):
Building implicit long -> uchar conversion test
Building convert_uchar( long ) test
Building convert_uchar2( long2 ) test
Building convert_uchar3( long3 ) test
Building convert_uchar4( long4 ) test
Building convert_uchar8( long8 ) test
Building convert_uchar16( long16 ) test
Testing... ..done.
	Wimp pass

101) Testing convert_ucharn_rte( longn ):
Building convert_uchar_rte( long ) test
Building convert_uchar2_rte( long2 ) test
Building convert_uchar3_rte( long3 ) test
Building convert_uchar4_rte( long4 ) test
Building convert_uchar8_rte( long8 ) test
Building convert_uchar16_rte( long16 ) test
Testing... ..done.
	Wimp pass

102) Testing convert_ucharn_rtp( longn ):
Building convert_uchar_rtp( long ) test
Building convert_uchar2_rtp( long2 ) test
Building convert_uchar3_rtp( long3 ) test
Building convert_uchar4_rtp( long4 ) test
Building convert_uchar8_rtp( long8 ) test
Building convert_uchar16_rtp( long16 ) test
Testing... ..done.
	Wimp pass

103) Testing convert_ucharn_rtn( longn ):
Building convert_uchar_rtn( long ) test
Building convert_uchar2_rtn( long2 ) test
Building convert_uchar3_rtn( long3 ) test
Building convert_uchar4_rtn( long4 ) test
Building convert_uchar8_rtn( long8 ) test
Building convert_uchar16_rtn( long16 ) test
Testing... ..done.
	Wimp pass

104) Testing convert_ucharn_rtz( longn ):
Building convert_uchar_rtz( long ) test
Building convert_uchar2_rtz( long2 ) test
Building convert_uchar3_rtz( long3 ) test
Building convert_uchar4_rtz( long4 ) test
Building convert_uchar8_rtz( long8 ) test
Building convert_uchar16_rtz( long16 ) test
Testing... ..done.
	Wimp pass

105) Testing convert_ucharn_sat( longn ):
Building convert_uchar_sat( long ) test
Building convert_uchar2_sat( long2 ) test
Building convert_uchar3_sat( long3 ) test
Building convert_uchar4_sat( long4 ) test
Building convert_uchar8_sat( long8 ) test
Building convert_uchar16_sat( long16 ) test
Testing... ..done.
	Wimp pass

106) Testing convert_ucharn_sat_rte( longn ):
Building convert_uchar_sat_rte( long ) test
Building convert_uchar2_sat_rte( long2 ) test
Building convert_uchar3_sat_rte( long3 ) test
Building convert_uchar4_sat_rte( long4 ) test
Building convert_uchar8_sat_rte( long8 ) test
Building convert_uchar16_sat_rte( long16 ) test
Testing... ..done.
	Wimp pass

107) Testing convert_ucharn_sat_rtp( longn ):
Building convert_uchar_sat_rtp( long ) test
Building convert_uchar2_sat_rtp( long2 ) test
Building convert_uchar3_sat_rtp( long3 ) test
Building convert_uchar4_sat_rtp( long4 ) test
Building convert_uchar8_sat_rtp( long8 ) test
Building convert_uchar16_sat_rtp( long16 ) test
Testing... ..done.
	Wimp pass

108) Testing convert_ucharn_sat_rtn( longn ):
Building convert_uchar_sat_rtn( long ) test
Building convert_uchar2_sat_rtn( long2 ) test
Building convert_uchar3_sat_rtn( long3 ) test
Building convert_uchar4_sat_rtn( long4 ) test
Building convert_uchar8_sat_rtn( long8 ) test
Building convert_uchar16_sat_rtn( long16 ) test
Testing... ..done.
	Wimp pass

109) Testing convert_ucharn_sat_rtz( longn ):
Building convert_uchar_sat_rtz( long ) test
Building convert_uchar2_sat_rtz( long2 ) test
Building convert_uchar3_sat_rtz( long3 ) test
Building convert_uchar4_sat_rtz( long4 ) test
Building convert_uchar8_sat_rtz( long8 ) test
Building convert_uchar16_sat_rtz( long16 ) test
Testing... ..done.
	Wimp pass

110) Testing convert_charn( ucharn ):
Building implicit uchar -> char conversion test
Building convert_char( uchar ) test
Building convert_char2( uchar2 ) test
Building convert_char3( uchar3 ) test
Building convert_char4( uchar4 ) test
Building convert_char8( uchar8 ) test
Building convert_char16( uchar16 ) test
Testing... .done.
	Wimp pass

111) Testing convert_charn_rte( ucharn ):
Building convert_char_rte( uchar ) test
Building convert_char2_rte( uchar2 ) test
Building convert_char3_rte( uchar3 ) test
Building convert_char4_rte( uchar4 ) test
Building convert_char8_rte( uchar8 ) test
Building convert_char16_rte( uchar16 ) test
Testing... .done.
	Wimp pass

112) Testing convert_charn_rtp( ucharn ):
Building convert_char_rtp( uchar ) test
Building convert_char2_rtp( uchar2 ) test
Building convert_char3_rtp( uchar3 ) test
Building convert_char4_rtp( uchar4 ) test
Building convert_char8_rtp( uchar8 ) test
Building convert_char16_rtp( uchar16 ) test
Testing... .done.
	Wimp pass

113) Testing convert_charn_rtn( ucharn ):
Building convert_char_rtn( uchar ) test
Building convert_char2_rtn( uchar2 ) test
Building convert_char3_rtn( uchar3 ) test
Building convert_char4_rtn( uchar4 ) test
Building convert_char8_rtn( uchar8 ) test
Building convert_char16_rtn( uchar16 ) test
Testing... .done.
	Wimp pass

114) Testing convert_charn_rtz( ucharn ):
Building convert_char_rtz( uchar ) test
Building convert_char2_rtz( uchar2 ) test
Building convert_char3_rtz( uchar3 ) test
Building convert_char4_rtz( uchar4 ) test
Building convert_char8_rtz( uchar8 ) test
Building convert_char16_rtz( uchar16 ) test
Testing... .done.
	Wimp pass

115) Testing convert_charn_sat( ucharn ):
Building convert_char_sat( uchar ) test
Building convert_char2_sat( uchar2 ) test
Building convert_char3_sat( uchar3 ) test
Building convert_char4_sat( uchar4 ) test
Building convert_char8_sat( uchar8 ) test
Building convert_char16_sat( uchar16 ) test
Testing... .done.
	Wimp pass

116) Testing convert_charn_sat_rte( ucharn ):
Building convert_char_sat_rte( uchar ) test
Building convert_char2_sat_rte( uchar2 ) test
Building convert_char3_sat_rte( uchar3 ) test
Building convert_char4_sat_rte( uchar4 ) test
Building convert_char8_sat_rte( uchar8 ) test
Building convert_char16_sat_rte( uchar16 ) test
Testing... .done.
	Wimp pass

117) Testing convert_charn_sat_rtp( ucharn ):
Building convert_char_sat_rtp( uchar ) test
Building convert_char2_sat_rtp( uchar2 ) test
Building convert_char3_sat_rtp( uchar3 ) test
Building convert_char4_sat_rtp( uchar4 ) test
Building convert_char8_sat_rtp( uchar8 ) test
Building convert_char16_sat_rtp( uchar16 ) test
Testing... .done.
	Wimp pass

118) Testing convert_charn_sat_rtn( ucharn ):
Building convert_char_sat_rtn( uchar ) test
Building convert_char2_sat_rtn( uchar2 ) test
Building convert_char3_sat_rtn( uchar3 ) test
Building convert_char4_sat_rtn( uchar4 ) test
Building convert_char8_sat_rtn( uchar8 ) test
Building convert_char16_sat_rtn( uchar16 ) test
Testing... .done.
	Wimp pass

119) Testing convert_charn_sat_rtz( ucharn ):
Building convert_char_sat_rtz( uchar ) test
Building convert_char2_sat_rtz( uchar2 ) test
Building convert_char3_sat_rtz( uchar3 ) test
Building convert_char4_sat_rtz( uchar4 ) test
Building convert_char8_sat_rtz( uchar8 ) test
Building convert_char16_sat_rtz( uchar16 ) test
Testing... .done.
	Wimp pass

120) Testing convert_charn( charn ):
Building implicit char -> char conversion test
Building convert_char( char ) test
Building convert_char2( char2 ) test
Building convert_char3( char3 ) test
Building convert_char4( char4 ) test
Building convert_char8( char8 ) test
Building convert_char16( char16 ) test
Testing... .done.
	Wimp pass

121) Testing convert_charn_rte( charn ):
Building convert_char_rte( char ) test
Building convert_char2_rte( char2 ) test
Building convert_char3_rte( char3 ) test
Building convert_char4_rte( char4 ) test
Building convert_char8_rte( char8 ) test
Building convert_char16_rte( char16 ) test
Testing... .done.
	Wimp pass

122) Testing convert_charn_rtp( charn ):
Building convert_char_rtp( char ) test
Building convert_char2_rtp( char2 ) test
Building convert_char3_rtp( char3 ) test
Building convert_char4_rtp( char4 ) test
Building convert_char8_rtp( char8 ) test
Building convert_char16_rtp( char16 ) test
Testing... .done.
	Wimp pass

123) Testing convert_charn_rtn( charn ):
Building convert_char_rtn( char ) test
Building convert_char2_rtn( char2 ) test
Building convert_char3_rtn( char3 ) test
Building convert_char4_rtn( char4 ) test
Building convert_char8_rtn( char8 ) test
Building convert_char16_rtn( char16 ) test
Testing... .done.
	Wimp pass

124) Testing convert_charn_rtz( charn ):
Building convert_char_rtz( char ) test
Building convert_char2_rtz( char2 ) test
Building convert_char3_rtz( char3 ) test
Building convert_char4_rtz( char4 ) test
Building convert_char8_rtz( char8 ) test
Building convert_char16_rtz( char16 ) test
Testing... .done.
	Wimp pass

125) Testing convert_charn_sat( charn ):
Building convert_char_sat( char ) test
Building convert_char2_sat( char2 ) test
Building convert_char3_sat( char3 ) test
Building convert_char4_sat( char4 ) test
Building convert_char8_sat( char8 ) test
Building convert_char16_sat( char16 ) test
Testing... .done.
	Wimp pass

126) Testing convert_charn_sat_rte( charn ):
Building convert_char_sat_rte( char ) test
Building convert_char2_sat_rte( char2 ) test
Building convert_char3_sat_rte( char3 ) test
Building convert_char4_sat_rte( char4 ) test
Building convert_char8_sat_rte( char8 ) test
Building convert_char16_sat_rte( char16 ) test
Testing... .done.
	Wimp pass

127) Testing convert_charn_sat_rtp( charn ):
Building convert_char_sat_rtp( char ) test
Building convert_char2_sat_rtp( char2 ) test
Building convert_char3_sat_rtp( char3 ) test
Building convert_char4_sat_rtp( char4 ) test
Building convert_char8_sat_rtp( char8 ) test
Building convert_char16_sat_rtp( char16 ) test
Testing... .done.
	Wimp pass

128) Testing convert_charn_sat_rtn( charn ):
Building convert_char_sat_rtn( char ) test
Building convert_char2_sat_rtn( char2 ) test
Building convert_char3_sat_rtn( char3 ) test
Building convert_char4_sat_rtn( char4 ) test
Building convert_char8_sat_rtn( char8 ) test
Building convert_char16_sat_rtn( char16 ) test
Testing... .done.
	Wimp pass

129) Testing convert_charn_sat_rtz( charn ):
Building convert_char_sat_rtz( char ) test
Building convert_char2_sat_rtz( char2 ) test
Building convert_char3_sat_rtz( char3 ) test
Building convert_char4_sat_rtz( char4 ) test
Building convert_char8_sat_rtz( char8 ) test
Building convert_char16_sat_rtz( char16 ) test
Testing... .done.
	Wimp pass

130) Testing convert_charn( ushortn ):
Building implicit ushort -> char conversion test
Building convert_char( ushort ) test
Building convert_char2( ushort2 ) test
Building convert_char3( ushort3 ) test
Building convert_char4( ushort4 ) test
Building convert_char8( ushort8 ) test
Building convert_char16( ushort16 ) test
Testing... .done.
	Wimp pass

131) Testing convert_charn_rte( ushortn ):
Building convert_char_rte( ushort ) test
Building convert_char2_rte( ushort2 ) test
Building convert_char3_rte( ushort3 ) test
Building convert_char4_rte( ushort4 ) test
Building convert_char8_rte( ushort8 ) test
Building convert_char16_rte( ushort16 ) test
Testing... .done.
	Wimp pass

132) Testing convert_charn_rtp( ushortn ):
Building convert_char_rtp( ushort ) test
Building convert_char2_rtp( ushort2 ) test
Building convert_char3_rtp( ushort3 ) test
Building convert_char4_rtp( ushort4 ) test
Building convert_char8_rtp( ushort8 ) test
Building convert_char16_rtp( ushort16 ) test
Testing... .done.
	Wimp pass

133) Testing convert_charn_rtn( ushortn ):
Building convert_char_rtn( ushort ) test
Building convert_char2_rtn( ushort2 ) test
Building convert_char3_rtn( ushort3 ) test
Building convert_char4_rtn( ushort4 ) test
Building convert_char8_rtn( ushort8 ) test
Building convert_char16_rtn( ushort16 ) test
Testing... .done.
	Wimp pass

134) Testing convert_charn_rtz( ushortn ):
Building convert_char_rtz( ushort ) test
Building convert_char2_rtz( ushort2 ) test
Building convert_char3_rtz( ushort3 ) test
Building convert_char4_rtz( ushort4 ) test
Building convert_char8_rtz( ushort8 ) test
Building convert_char16_rtz( ushort16 ) test
Testing... .done.
	Wimp pass

135) Testing convert_charn_sat( ushortn ):
Building convert_char_sat( ushort ) test
Building convert_char2_sat( ushort2 ) test
Building convert_char3_sat( ushort3 ) test
Building convert_char4_sat( ushort4 ) test
Building convert_char8_sat( ushort8 ) test
Building convert_char16_sat( ushort16 ) test
Testing... .done.
	Wimp pass

136) Testing convert_charn_sat_rte( ushortn ):
Building convert_char_sat_rte( ushort ) test
Building convert_char2_sat_rte( ushort2 ) test
Building convert_char3_sat_rte( ushort3 ) test
Building convert_char4_sat_rte( ushort4 ) test
Building convert_char8_sat_rte( ushort8 ) test
Building convert_char16_sat_rte( ushort16 ) test
Testing... .done.
	Wimp pass

137) Testing convert_charn_sat_rtp( ushortn ):
Building convert_char_sat_rtp( ushort ) test
Building convert_char2_sat_rtp( ushort2 ) test
Building convert_char3_sat_rtp( ushort3 ) test
Building convert_char4_sat_rtp( ushort4 ) test
Building convert_char8_sat_rtp( ushort8 ) test
Building convert_char16_sat_rtp( ushort16 ) test
Testing... .done.
	Wimp pass

138) Testing convert_charn_sat_rtn( ushortn ):
Building convert_char_sat_rtn( ushort ) test
Building convert_char2_sat_rtn( ushort2 ) test
Building convert_char3_sat_rtn( ushort3 ) test
Building convert_char4_sat_rtn( ushort4 ) test
Building convert_char8_sat_rtn( ushort8 ) test
Building convert_char16_sat_rtn( ushort16 ) test
Testing... .done.
	Wimp pass

139) Testing convert_charn_sat_rtz( ushortn ):
Building convert_char_sat_rtz( ushort ) test
Building convert_char2_sat_rtz( ushort2 ) test
Building convert_char3_sat_rtz( ushort3 ) test
Building convert_char4_sat_rtz( ushort4 ) test
Building convert_char8_sat_rtz( ushort8 ) test
Building convert_char16_sat_rtz( ushort16 ) test
Testing... .done.
	Wimp pass

140) Testing convert_charn( shortn ):
Building implicit short -> char conversion test
Building convert_char( short ) test
Building convert_char2( short2 ) test
Building convert_char3( short3 ) test
Building convert_char4( short4 ) test
Building convert_char8( short8 ) test
Building convert_char16( short16 ) test
Testing... .done.
	Wimp pass

141) Testing convert_charn_rte( shortn ):
Building convert_char_rte( short ) test
Building convert_char2_rte( short2 ) test
Building convert_char3_rte( short3 ) test
Building convert_char4_rte( short4 ) test
Building convert_char8_rte( short8 ) test
Building convert_char16_rte( short16 ) test
Testing... .done.
	Wimp pass

142) Testing convert_charn_rtp( shortn ):
Building convert_char_rtp( short ) test
Building convert_char2_rtp( short2 ) test
Building convert_char3_rtp( short3 ) test
Building convert_char4_rtp( short4 ) test
Building convert_char8_rtp( short8 ) test
Building convert_char16_rtp( short16 ) test
Testing... .done.
	Wimp pass

143) Testing convert_charn_rtn( shortn ):
Building convert_char_rtn( short ) test
Building convert_char2_rtn( short2 ) test
Building convert_char3_rtn( short3 ) test
Building convert_char4_rtn( short4 ) test
Building convert_char8_rtn( short8 ) test
Building convert_char16_rtn( short16 ) test
Testing... .done.
	Wimp pass

144) Testing convert_charn_rtz( shortn ):
Building convert_char_rtz( short ) test
Building convert_char2_rtz( short2 ) test
Building convert_char3_rtz( short3 ) test
Building convert_char4_rtz( short4 ) test
Building convert_char8_rtz( short8 ) test
Building convert_char16_rtz( short16 ) test
Testing... .done.
	Wimp pass

145) Testing convert_charn_sat( shortn ):
Building convert_char_sat( short ) test
Building convert_char2_sat( short2 ) test
Building convert_char3_sat( short3 ) test
Building convert_char4_sat( short4 ) test
Building convert_char8_sat( short8 ) test
Building convert_char16_sat( short16 ) test
Testing... .done.
	Wimp pass

146) Testing convert_charn_sat_rte( shortn ):
Building convert_char_sat_rte( short ) test
Building convert_char2_sat_rte( short2 ) test
Building convert_char3_sat_rte( short3 ) test
Building convert_char4_sat_rte( short4 ) test
Building convert_char8_sat_rte( short8 ) test
Building convert_char16_sat_rte( short16 ) test
Testing... .done.
	Wimp pass

147) Testing convert_charn_sat_rtp( shortn ):
Building convert_char_sat_rtp( short ) test
Building convert_char2_sat_rtp( short2 ) test
Building convert_char3_sat_rtp( short3 ) test
Building convert_char4_sat_rtp( short4 ) test
Building convert_char8_sat_rtp( short8 ) test
Building convert_char16_sat_rtp( short16 ) test
Testing... .done.
	Wimp pass

148) Testing convert_charn_sat_rtn( shortn ):
Building convert_char_sat_rtn( short ) test
Building convert_char2_sat_rtn( short2 ) test
Building convert_char3_sat_rtn( short3 ) test
Building convert_char4_sat_rtn( short4 ) test
Building convert_char8_sat_rtn( short8 ) test
Building convert_char16_sat_rtn( short16 ) test
Testing... .done.
	Wimp pass

149) Testing convert_charn_sat_rtz( shortn ):
Building convert_char_sat_rtz( short ) test
Building convert_char2_sat_rtz( short2 ) test
Building convert_char3_sat_rtz( short3 ) test
Building convert_char4_sat_rtz( short4 ) test
Building convert_char8_sat_rtz( short8 ) test
Building convert_char16_sat_rtz( short16 ) test
Testing... .done.
	Wimp pass

150) Testing convert_charn( uintn ):
Building implicit uint -> char conversion test
Building convert_char( uint ) test
Building convert_char2( uint2 ) test
Building convert_char3( uint3 ) test
Building convert_char4( uint4 ) test
Building convert_char8( uint8 ) test
Building convert_char16( uint16 ) test
Testing... .done.
	Wimp pass

151) Testing convert_charn_rte( uintn ):
Building convert_char_rte( uint ) test
Building convert_char2_rte( uint2 ) test
Building convert_char3_rte( uint3 ) test
Building convert_char4_rte( uint4 ) test
Building convert_char8_rte( uint8 ) test
Building convert_char16_rte( uint16 ) test
Testing... .done.
	Wimp pass

152) Testing convert_charn_rtp( uintn ):
Building convert_char_rtp( uint ) test
Building convert_char2_rtp( uint2 ) test
Building convert_char3_rtp( uint3 ) test
Building convert_char4_rtp( uint4 ) test
Building convert_char8_rtp( uint8 ) test
Building convert_char16_rtp( uint16 ) test
Testing... .done.
	Wimp pass

153) Testing convert_charn_rtn( uintn ):
Building convert_char_rtn( uint ) test
Building convert_char2_rtn( uint2 ) test
Building convert_char3_rtn( uint3 ) test
Building convert_char4_rtn( uint4 ) test
Building convert_char8_rtn( uint8 ) test
Building convert_char16_rtn( uint16 ) test
Testing... .done.
	Wimp pass

154) Testing convert_charn_rtz( uintn ):
Building convert_char_rtz( uint ) test
Building convert_char2_rtz( uint2 ) test
Building convert_char3_rtz( uint3 ) test
Building convert_char4_rtz( uint4 ) test
Building convert_char8_rtz( uint8 ) test
Building convert_char16_rtz( uint16 ) test
Testing... .done.
	Wimp pass

155) Testing convert_charn_sat( uintn ):
Building convert_char_sat( uint ) test
Building convert_char2_sat( uint2 ) test
Building convert_char3_sat( uint3 ) test
Building convert_char4_sat( uint4 ) test
Building convert_char8_sat( uint8 ) test
Building convert_char16_sat( uint16 ) test
Testing... .done.
	Wimp pass

156) Testing convert_charn_sat_rte( uintn ):
Building convert_char_sat_rte( uint ) test
Building convert_char2_sat_rte( uint2 ) test
Building convert_char3_sat_rte( uint3 ) test
Building convert_char4_sat_rte( uint4 ) test
Building convert_char8_sat_rte( uint8 ) test
Building convert_char16_sat_rte( uint16 ) test
Testing... .done.
	Wimp pass

157) Testing convert_charn_sat_rtp( uintn ):
Building convert_char_sat_rtp( uint ) test
Building convert_char2_sat_rtp( uint2 ) test
Building convert_char3_sat_rtp( uint3 ) test
Building convert_char4_sat_rtp( uint4 ) test
Building convert_char8_sat_rtp( uint8 ) test
Building convert_char16_sat_rtp( uint16 ) test
Testing... .done.
	Wimp pass

158) Testing convert_charn_sat_rtn( uintn ):
Building convert_char_sat_rtn( uint ) test
Building convert_char2_sat_rtn( uint2 ) test
Building convert_char3_sat_rtn( uint3 ) test
Building convert_char4_sat_rtn( uint4 ) test
Building convert_char8_sat_rtn( uint8 ) test
Building convert_char16_sat_rtn( uint16 ) test
Testing... .done.
	Wimp pass

159) Testing convert_charn_sat_rtz( uintn ):
Building convert_char_sat_rtz( uint ) test
Building convert_char2_sat_rtz( uint2 ) test
Building convert_char3_sat_rtz( uint3 ) test
Building convert_char4_sat_rtz( uint4 ) test
Building convert_char8_sat_rtz( uint8 ) test
Building convert_char16_sat_rtz( uint16 ) test
Testing... .done.
	Wimp pass

160) Testing convert_charn( intn ):
Building implicit int -> char conversion test
Building convert_char( int ) test
Building convert_char2( int2 ) test
Building convert_char3( int3 ) test
Building convert_char4( int4 ) test
Building convert_char8( int8 ) test
Building convert_char16( int16 ) test
Testing... .done.
	Wimp pass

161) Testing convert_charn_rte( intn ):
Building convert_char_rte( int ) test
Building convert_char2_rte( int2 ) test
Building convert_char3_rte( int3 ) test
Building convert_char4_rte( int4 ) test
Building convert_char8_rte( int8 ) test
Building convert_char16_rte( int16 ) test
Testing... .done.
	Wimp pass

162) Testing convert_charn_rtp( intn ):
Building convert_char_rtp( int ) test
Building convert_char2_rtp( int2 ) test
Building convert_char3_rtp( int3 ) test
Building convert_char4_rtp( int4 ) test
Building convert_char8_rtp( int8 ) test
Building convert_char16_rtp( int16 ) test
Testing... .done.
	Wimp pass

163) Testing convert_charn_rtn( intn ):
Building convert_char_rtn( int ) test
Building convert_char2_rtn( int2 ) test
Building convert_char3_rtn( int3 ) test
Building convert_char4_rtn( int4 ) test
Building convert_char8_rtn( int8 ) test
Building convert_char16_rtn( int16 ) test
Testing... .done.
	Wimp pass

164) Testing convert_charn_rtz( intn ):
Building convert_char_rtz( int ) test
Building convert_char2_rtz( int2 ) test
Building convert_char3_rtz( int3 ) test
Building convert_char4_rtz( int4 ) test
Building convert_char8_rtz( int8 ) test
Building convert_char16_rtz( int16 ) test
Testing... .done.
	Wimp pass

165) Testing convert_charn_sat( intn ):
Building convert_char_sat( int ) test
Building convert_char2_sat( int2 ) test
Building convert_char3_sat( int3 ) test
Building convert_char4_sat( int4 ) test
Building convert_char8_sat( int8 ) test
Building convert_char16_sat( int16 ) test
Testing... .done.
	Wimp pass

166) Testing convert_charn_sat_rte( intn ):
Building convert_char_sat_rte( int ) test
Building convert_char2_sat_rte( int2 ) test
Building convert_char3_sat_rte( int3 ) test
Building convert_char4_sat_rte( int4 ) test
Building convert_char8_sat_rte( int8 ) test
Building convert_char16_sat_rte( int16 ) test
Testing... .done.
	Wimp pass

167) Testing convert_charn_sat_rtp( intn ):
Building convert_char_sat_rtp( int ) test
Building convert_char2_sat_rtp( int2 ) test
Building convert_char3_sat_rtp( int3 ) test
Building convert_char4_sat_rtp( int4 ) test
Building convert_char8_sat_rtp( int8 ) test
Building convert_char16_sat_rtp( int16 ) test
Testing... .done.
	Wimp pass

168) Testing convert_charn_sat_rtn( intn ):
Building convert_char_sat_rtn( int ) test
Building convert_char2_sat_rtn( int2 ) test
Building convert_char3_sat_rtn( int3 ) test
Building convert_char4_sat_rtn( int4 ) test
Building convert_char8_sat_rtn( int8 ) test
Building convert_char16_sat_rtn( int16 ) test
Testing... .done.
	Wimp pass

169) Testing convert_charn_sat_rtz( intn ):
Building convert_char_sat_rtz( int ) test
Building convert_char2_sat_rtz( int2 ) test
Building convert_char3_sat_rtz( int3 ) test
Building convert_char4_sat_rtz( int4 ) test
Building convert_char8_sat_rtz( int8 ) test
Building convert_char16_sat_rtz( int16 ) test
Testing... .done.
	Wimp pass

170) Testing convert_charn( halfn ):
Building implicit half -> char conversion test
Building convert_char( half ) test
Building convert_char2( half2 ) test
Building convert_char3( half3 ) test
Building convert_char4( half4 ) test
Building convert_char8( half8 ) test
Building convert_char16( half16 ) test
Testing... .done.
	Wimp pass

171) Testing convert_charn_rte( halfn ):
Building convert_char_rte( half ) test
Building convert_char2_rte( half2 ) test
Building convert_char3_rte( half3 ) test
Building convert_char4_rte( half4 ) test
Building convert_char8_rte( half8 ) test
Building convert_char16_rte( half16 ) test
Testing... .done.
	Wimp pass

172) Testing convert_charn_rtp( halfn ):
Building convert_char_rtp( half ) test
Building convert_char2_rtp( half2 ) test
Building convert_char3_rtp( half3 ) test
Building convert_char4_rtp( half4 ) test
Building convert_char8_rtp( half8 ) test
Building convert_char16_rtp( half16 ) test
Testing... .done.
	Wimp pass

173) Testing convert_charn_rtn( halfn ):
Building convert_char_rtn( half ) test
Building convert_char2_rtn( half2 ) test
Building convert_char3_rtn( half3 ) test
Building convert_char4_rtn( half4 ) test
Building convert_char8_rtn( half8 ) test
Building convert_char16_rtn( half16 ) test
Testing... .done.
	Wimp pass

174) Testing convert_charn_rtz( halfn ):
Building convert_char_rtz( half ) test
Building convert_char2_rtz( half2 ) test
Building convert_char3_rtz( half3 ) test
Building convert_char4_rtz( half4 ) test
Building convert_char8_rtz( half8 ) test
Building convert_char16_rtz( half16 ) test
Testing... .done.
	Wimp pass

175) Testing convert_charn_sat( halfn ):
Building convert_char_sat( half ) test
Building convert_char2_sat( half2 ) test
Building convert_char3_sat( half3 ) test
Building convert_char4_sat( half4 ) test
Building convert_char8_sat( half8 ) test
Building convert_char16_sat( half16 ) test
Testing... .done.
	Wimp pass

176) Testing convert_charn_sat_rte( halfn ):
Building convert_char_sat_rte( half ) test
Building convert_char2_sat_rte( half2 ) test
Building convert_char3_sat_rte( half3 ) test
Building convert_char4_sat_rte( half4 ) test
Building convert_char8_sat_rte( half8 ) test
Building convert_char16_sat_rte( half16 ) test
Testing... .done.
	Wimp pass

177) Testing convert_charn_sat_rtp( halfn ):
Building convert_char_sat_rtp( half ) test
Building convert_char2_sat_rtp( half2 ) test
Building convert_char3_sat_rtp( half3 ) test
Building convert_char4_sat_rtp( half4 ) test
Building convert_char8_sat_rtp( half8 ) test
Building convert_char16_sat_rtp( half16 ) test
Testing... .done.
	Wimp pass

178) Testing convert_charn_sat_rtn( halfn ):
Building convert_char_sat_rtn( half ) test
Building convert_char2_sat_rtn( half2 ) test
Building convert_char3_sat_rtn( half3 ) test
Building convert_char4_sat_rtn( half4 ) test
Building convert_char8_sat_rtn( half8 ) test
Building convert_char16_sat_rtn( half16 ) test
Testing... .done.
	Wimp pass

179) Testing convert_charn_sat_rtz( halfn ):
Building convert_char_sat_rtz( half ) test
Building convert_char2_sat_rtz( half2 ) test
Building convert_char3_sat_rtz( half3 ) test
Building convert_char4_sat_rtz( half4 ) test
Building convert_char8_sat_rtz( half8 ) test
Building convert_char16_sat_rtz( half16 ) test
Testing... .done.
	Wimp pass

180) Testing convert_charn( floatn ):
Building implicit float -> char conversion test
Building convert_char( float ) test
Building convert_char2( float2 ) test
Building convert_char3( float3 ) test
Building convert_char4( float4 ) test
Building convert_char8( float8 ) test
Building convert_char16( float16 ) test
Testing... .done.
	Wimp pass

181) Testing convert_charn_rte( floatn ):
Building convert_char_rte( float ) test
Building convert_char2_rte( float2 ) test
Building convert_char3_rte( float3 ) test
Building convert_char4_rte( float4 ) test
Building convert_char8_rte( float8 ) test
Building convert_char16_rte( float16 ) test
Testing... .done.
	Wimp pass

182) Testing convert_charn_rtp( floatn ):
Building convert_char_rtp( float ) test
Building convert_char2_rtp( float2 ) test
Building convert_char3_rtp( float3 ) test
Building convert_char4_rtp( float4 ) test
Building convert_char8_rtp( float8 ) test
Building convert_char16_rtp( float16 ) test
Testing... .done.
	Wimp pass

183) Testing convert_charn_rtn( floatn ):
Building convert_char_rtn( float ) test
Building convert_char2_rtn( float2 ) test
Building convert_char3_rtn( float3 ) test
Building convert_char4_rtn( float4 ) test
Building convert_char8_rtn( float8 ) test
Building convert_char16_rtn( float16 ) test
Testing... .done.
	Wimp pass

184) Testing convert_charn_rtz( floatn ):
Building convert_char_rtz( float ) test
Building convert_char2_rtz( float2 ) test
Building convert_char3_rtz( float3 ) test
Building convert_char4_rtz( float4 ) test
Building convert_char8_rtz( float8 ) test
Building convert_char16_rtz( float16 ) test
Testing... .done.
	Wimp pass

185) Testing convert_charn_sat( floatn ):
Building convert_char_sat( float ) test
Building convert_char2_sat( float2 ) test
Building convert_char3_sat( float3 ) test
Building convert_char4_sat( float4 ) test
Building convert_char8_sat( float8 ) test
Building convert_char16_sat( float16 ) test
Testing... .done.
	Wimp pass

186) Testing convert_charn_sat_rte( floatn ):
Building convert_char_sat_rte( float ) test
Building convert_char2_sat_rte( float2 ) test
Building convert_char3_sat_rte( float3 ) test
Building convert_char4_sat_rte( float4 ) test
Building convert_char8_sat_rte( float8 ) test
Building convert_char16_sat_rte( float16 ) test
Testing... .done.
	Wimp pass

187) Testing convert_charn_sat_rtp( floatn ):
Building convert_char_sat_rtp( float ) test
Building convert_char2_sat_rtp( float2 ) test
Building convert_char3_sat_rtp( float3 ) test
Building convert_char4_sat_rtp( float4 ) test
Building convert_char8_sat_rtp( float8 ) test
Building convert_char16_sat_rtp( float16 ) test
Testing... .done.
	Wimp pass

188) Testing convert_charn_sat_rtn( floatn ):
Building convert_char_sat_rtn( float ) test
Building convert_char2_sat_rtn( float2 ) test
Building convert_char3_sat_rtn( float3 ) test
Building convert_char4_sat_rtn( float4 ) test
Building convert_char8_sat_rtn( float8 ) test
Building convert_char16_sat_rtn( float16 ) test
Testing... .done.
	Wimp pass

189) Testing convert_charn_sat_rtz( floatn ):
Building convert_char_sat_rtz( float ) test
Building convert_char2_sat_rtz( float2 ) test
Building convert_char3_sat_rtz( float3 ) test
Building convert_char4_sat_rtz( float4 ) test
Building convert_char8_sat_rtz( float8 ) test
Building convert_char16_sat_rtz( float16 ) test
Testing... .done.
	Wimp pass

190) Testing convert_charn( doublen ):
191) Testing convert_charn_rte( doublen ):
192) Testing convert_charn_rtp( doublen ):
193) Testing convert_charn_rtn( doublen ):
194) Testing convert_charn_rtz( doublen ):
195) Testing convert_charn_sat( doublen ):
196) Testing convert_charn_sat_rte( doublen ):
197) Testing convert_charn_sat_rtp( doublen ):
198) Testing convert_charn_sat_rtn( doublen ):
199) Testing convert_charn_sat_rtz( doublen ):
200) Testing convert_charn( ulongn ):
Building implicit ulong -> char conversion test
Building convert_char( ulong ) test
Building convert_char2( ulong2 ) test
Building convert_char3( ulong3 ) test
Building convert_char4( ulong4 ) test
Building convert_char8( ulong8 ) test
Building convert_char16( ulong16 ) test
Testing... ..done.
	Wimp pass

201) Testing convert_charn_rte( ulongn ):
Building convert_char_rte( ulong ) test
Building convert_char2_rte( ulong2 ) test
Building convert_char3_rte( ulong3 ) test
Building convert_char4_rte( ulong4 ) test
Building convert_char8_rte( ulong8 ) test
Building convert_char16_rte( ulong16 ) test
Testing... ..done.
	Wimp pass

202) Testing convert_charn_rtp( ulongn ):
Building convert_char_rtp( ulong ) test
Building convert_char2_rtp( ulong2 ) test
Building convert_char3_rtp( ulong3 ) test
Building convert_char4_rtp( ulong4 ) test
Building convert_char8_rtp( ulong8 ) test
Building convert_char16_rtp( ulong16 ) test
Testing... ..done.
	Wimp pass

203) Testing convert_charn_rtn( ulongn ):
Building convert_char_rtn( ulong ) test
Building convert_char2_rtn( ulong2 ) test
Building convert_char3_rtn( ulong3 ) test
Building convert_char4_rtn( ulong4 ) test
Building convert_char8_rtn( ulong8 ) test
Building convert_char16_rtn( ulong16 ) test
Testing... ..done.
	Wimp pass

204) Testing convert_charn_rtz( ulongn ):
Building convert_char_rtz( ulong ) test
Building convert_char2_rtz( ulong2 ) test
Building convert_char3_rtz( ulong3 ) test
Building convert_char4_rtz( ulong4 ) test
Building convert_char8_rtz( ulong8 ) test
Building convert_char16_rtz( ulong16 ) test
Testing... ..done.
	Wimp pass

205) Testing convert_charn_sat( ulongn ):
Building convert_char_sat( ulong ) test
Building convert_char2_sat( ulong2 ) test
Building convert_char3_sat( ulong3 ) test
Building convert_char4_sat( ulong4 ) test
Building convert_char8_sat( ulong8 ) test
Building convert_char16_sat( ulong16 ) test
Testing... ..done.
	Wimp pass

206) Testing convert_charn_sat_rte( ulongn ):
Building convert_char_sat_rte( ulong ) test
Building convert_char2_sat_rte( ulong2 ) test
Building convert_char3_sat_rte( ulong3 ) test
Building convert_char4_sat_rte( ulong4 ) test
Building convert_char8_sat_rte( ulong8 ) test
Building convert_char16_sat_rte( ulong16 ) test
Testing... ..done.
	Wimp pass

207) Testing convert_charn_sat_rtp( ulongn ):
Building convert_char_sat_rtp( ulong ) test
Building convert_char2_sat_rtp( ulong2 ) test
Building convert_char3_sat_rtp( ulong3 ) test
Building convert_char4_sat_rtp( ulong4 ) test
Building convert_char8_sat_rtp( ulong8 ) test
Building convert_char16_sat_rtp( ulong16 ) test
Testing... ..done.
	Wimp pass

208) Testing convert_charn_sat_rtn( ulongn ):
Building convert_char_sat_rtn( ulong ) test
Building convert_char2_sat_rtn( ulong2 ) test
Building convert_char3_sat_rtn( ulong3 ) test
Building convert_char4_sat_rtn( ulong4 ) test
Building convert_char8_sat_rtn( ulong8 ) test
Building convert_char16_sat_rtn( ulong16 ) test
Testing... ..done.
	Wimp pass

209) Testing convert_charn_sat_rtz( ulongn ):
Building convert_char_sat_rtz( ulong ) test
Building convert_char2_sat_rtz( ulong2 ) test
Building convert_char3_sat_rtz( ulong3 ) test
Building convert_char4_sat_rtz( ulong4 ) test
Building convert_char8_sat_rtz( ulong8 ) test
Building convert_char16_sat_rtz( ulong16 ) test
Testing... ..done.
	Wimp pass

210) Testing convert_charn( longn ):
Building implicit long -> char conversion test
Building convert_char( long ) test
Building convert_char2( long2 ) test
Building convert_char3( long3 ) test
Building convert_char4( long4 ) test
Building convert_char8( long8 ) test
Building convert_char16( long16 ) test
Testing... ..done.
	Wimp pass

211) Testing convert_charn_rte( longn ):
Building convert_char_rte( long ) test
Building convert_char2_rte( long2 ) test
Building convert_char3_rte( long3 ) test
Building convert_char4_rte( long4 ) test
Building convert_char8_rte( long8 ) test
Building convert_char16_rte( long16 ) test
Testing... ..done.
	Wimp pass

212) Testing convert_charn_rtp( longn ):
Building convert_char_rtp( long ) test
Building convert_char2_rtp( long2 ) test
Building convert_char3_rtp( long3 ) test
Building convert_char4_rtp( long4 ) test
Building convert_char8_rtp( long8 ) test
Building convert_char16_rtp( long16 ) test
Testing... ..done.
	Wimp pass

213) Testing convert_charn_rtn( longn ):
Building convert_char_rtn( long ) test
Building convert_char2_rtn( long2 ) test
Building convert_char3_rtn( long3 ) test
Building convert_char4_rtn( long4 ) test
Building convert_char8_rtn( long8 ) test
Building convert_char16_rtn( long16 ) test
Testing... ..done.
	Wimp pass

214) Testing convert_charn_rtz( longn ):
Building convert_char_rtz( long ) test
Building convert_char2_rtz( long2 ) test
Building convert_char3_rtz( long3 ) test
Building convert_char4_rtz( long4 ) test
Building convert_char8_rtz( long8 ) test
Building convert_char16_rtz( long16 ) test
Testing... ..done.
	Wimp pass

215) Testing convert_charn_sat( longn ):
Building convert_char_sat( long ) test
Building convert_char2_sat( long2 ) test
Building convert_char3_sat( long3 ) test
Building convert_char4_sat( long4 ) test
Building convert_char8_sat( long8 ) test
Building convert_char16_sat( long16 ) test
Testing... ..done.
	Wimp pass

216) Testing convert_charn_sat_rte( longn ):
Building convert_char_sat_rte( long ) test
Building convert_char2_sat_rte( long2 ) test
Building convert_char3_sat_rte( long3 ) test
Building convert_char4_sat_rte( long4 ) test
Building convert_char8_sat_rte( long8 ) test
Building convert_char16_sat_rte( long16 ) test
Testing... ..done.
	Wimp pass

217) Testing convert_charn_sat_rtp( longn ):
Building convert_char_sat_rtp( long ) test
Building convert_char2_sat_rtp( long2 ) test
Building convert_char3_sat_rtp( long3 ) test
Building convert_char4_sat_rtp( long4 ) test
Building convert_char8_sat_rtp( long8 ) test
Building convert_char16_sat_rtp( long16 ) test
Testing... ..done.
	Wimp pass

218) Testing convert_charn_sat_rtn( longn ):
Building convert_char_sat_rtn( long ) test
Building convert_char2_sat_rtn( long2 ) test
Building convert_char3_sat_rtn( long3 ) test
Building convert_char4_sat_rtn( long4 ) test
Building convert_char8_sat_rtn( long8 ) test
Building convert_char16_sat_rtn( long16 ) test
Testing... ..done.
	Wimp pass

219) Testing convert_charn_sat_rtz( longn ):
Building convert_char_sat_rtz( long ) test
Building convert_char2_sat_rtz( long2 ) test
Building convert_char3_sat_rtz( long3 ) test
Building convert_char4_sat_rtz( long4 ) test
Building convert_char8_sat_rtz( long8 ) test
Building convert_char16_sat_rtz( long16 ) test
Testing... ..done.
	Wimp pass

220) Testing convert_ushortn( ucharn ):
Building implicit uchar -> ushort conversion test
Building convert_ushort( uchar ) test
Building convert_ushort2( uchar2 ) test
Building convert_ushort3( uchar3 ) test
Building convert_ushort4( uchar4 ) test
Building convert_ushort8( uchar8 ) test
Building convert_ushort16( uchar16 ) test
Testing... .done.
	Wimp pass

221) Testing convert_ushortn_rte( ucharn ):
Building convert_ushort_rte( uchar ) test
Building convert_ushort2_rte( uchar2 ) test
Building convert_ushort3_rte( uchar3 ) test
Building convert_ushort4_rte( uchar4 ) test
Building convert_ushort8_rte( uchar8 ) test
Building convert_ushort16_rte( uchar16 ) test
Testing... .done.
	Wimp pass

222) Testing convert_ushortn_rtp( ucharn ):
Building convert_ushort_rtp( uchar ) test
Building convert_ushort2_rtp( uchar2 ) test
Building convert_ushort3_rtp( uchar3 ) test
Building convert_ushort4_rtp( uchar4 ) test
Building convert_ushort8_rtp( uchar8 ) test
Building convert_ushort16_rtp( uchar16 ) test
Testing... .done.
	Wimp pass

223) Testing convert_ushortn_rtn( ucharn ):
Building convert_ushort_rtn( uchar ) test
Building convert_ushort2_rtn( uchar2 ) test
Building convert_ushort3_rtn( uchar3 ) test
Building convert_ushort4_rtn( uchar4 ) test
Building convert_ushort8_rtn( uchar8 ) test
Building convert_ushort16_rtn( uchar16 ) test
Testing... .done.
	Wimp pass

224) Testing convert_ushortn_rtz( ucharn ):
Building convert_ushort_rtz( uchar ) test
Building convert_ushort2_rtz( uchar2 ) test
Building convert_ushort3_rtz( uchar3 ) test
Building convert_ushort4_rtz( uchar4 ) test
Building convert_ushort8_rtz( uchar8 ) test
Building convert_ushort16_rtz( uchar16 ) test
Testing... .done.
	Wimp pass

225) Testing convert_ushortn_sat( ucharn ):
Building convert_ushort_sat( uchar ) test
Building convert_ushort2_sat( uchar2 ) test
Building convert_ushort3_sat( uchar3 ) test
Building convert_ushort4_sat( uchar4 ) test
Building convert_ushort8_sat( uchar8 ) test
Building convert_ushort16_sat( uchar16 ) test
Testing... .done.
	Wimp pass

226) Testing convert_ushortn_sat_rte( ucharn ):
Building convert_ushort_sat_rte( uchar ) test
Building convert_ushort2_sat_rte( uchar2 ) test
Building convert_ushort3_sat_rte( uchar3 ) test
Building convert_ushort4_sat_rte( uchar4 ) test
Building convert_ushort8_sat_rte( uchar8 ) test
Building convert_ushort16_sat_rte( uchar16 ) test
Testing... .done.
	Wimp pass

227) Testing convert_ushortn_sat_rtp( ucharn ):
Building convert_ushort_sat_rtp( uchar ) test
Building convert_ushort2_sat_rtp( uchar2 ) test
Building convert_ushort3_sat_rtp( uchar3 ) test
Building convert_ushort4_sat_rtp( uchar4 ) test
Building convert_ushort8_sat_rtp( uchar8 ) test
Building convert_ushort16_sat_rtp( uchar16 ) test
Testing... .done.
	Wimp pass

228) Testing convert_ushortn_sat_rtn( ucharn ):
Building convert_ushort_sat_rtn( uchar ) test
Building convert_ushort2_sat_rtn( uchar2 ) test
Building convert_ushort3_sat_rtn( uchar3 ) test
Building convert_ushort4_sat_rtn( uchar4 ) test
Building convert_ushort8_sat_rtn( uchar8 ) test
Building convert_ushort16_sat_rtn( uchar16 ) test
Testing... .done.
	Wimp pass

229) Testing convert_ushortn_sat_rtz( ucharn ):
Building convert_ushort_sat_rtz( uchar ) test
Building convert_ushort2_sat_rtz( uchar2 ) test
Building convert_ushort3_sat_rtz( uchar3 ) test
Building convert_ushort4_sat_rtz( uchar4 ) test
Building convert_ushort8_sat_rtz( uchar8 ) test
Building convert_ushort16_sat_rtz( uchar16 ) test
Testing... .done.
	Wimp pass

230) Testing convert_ushortn( charn ):
Building implicit char -> ushort conversion test
Building convert_ushort( char ) test
Building convert_ushort2( char2 ) test
Building convert_ushort3( char3 ) test
Building convert_ushort4( char4 ) test
Building convert_ushort8( char8 ) test
Building convert_ushort16( char16 ) test
Testing... .done.
	Wimp pass

231) Testing convert_ushortn_rte( charn ):
Building convert_ushort_rte( char ) test
Building convert_ushort2_rte( char2 ) test
Building convert_ushort3_rte( char3 ) test
Building convert_ushort4_rte( char4 ) test
Building convert_ushort8_rte( char8 ) test
Building convert_ushort16_rte( char16 ) test
Testing... .done.
	Wimp pass

232) Testing convert_ushortn_rtp( charn ):
Building convert_ushort_rtp( char ) test
Building convert_ushort2_rtp( char2 ) test
Building convert_ushort3_rtp( char3 ) test
Building convert_ushort4_rtp( char4 ) test
Building convert_ushort8_rtp( char8 ) test
Building convert_ushort16_rtp( char16 ) test
Testing... .done.
	Wimp pass

233) Testing convert_ushortn_rtn( charn ):
Building convert_ushort_rtn( char ) test
Building convert_ushort2_rtn( char2 ) test
Building convert_ushort3_rtn( char3 ) test
Building convert_ushort4_rtn( char4 ) test
Building convert_ushort8_rtn( char8 ) test
Building convert_ushort16_rtn( char16 ) test
Testing... .done.
	Wimp pass

234) Testing convert_ushortn_rtz( charn ):
Building convert_ushort_rtz( char ) test
Building convert_ushort2_rtz( char2 ) test
Building convert_ushort3_rtz( char3 ) test
Building convert_ushort4_rtz( char4 ) test
Building convert_ushort8_rtz( char8 ) test
Building convert_ushort16_rtz( char16 ) test
Testing... .done.
	Wimp pass

235) Testing convert_ushortn_sat( charn ):
Building convert_ushort_sat( char ) test
Building convert_ushort2_sat( char2 ) test
Building convert_ushort3_sat( char3 ) test
Building convert_ushort4_sat( char4 ) test
Building convert_ushort8_sat( char8 ) test
Building convert_ushort16_sat( char16 ) test
Testing... .done.
	Wimp pass

236) Testing convert_ushortn_sat_rte( charn ):
Building convert_ushort_sat_rte( char ) test
Building convert_ushort2_sat_rte( char2 ) test
Building convert_ushort3_sat_rte( char3 ) test
Building convert_ushort4_sat_rte( char4 ) test
Building convert_ushort8_sat_rte( char8 ) test
Building convert_ushort16_sat_rte( char16 ) test
Testing... .done.
	Wimp pass

237) Testing convert_ushortn_sat_rtp( charn ):
Building convert_ushort_sat_rtp( char ) test
Building convert_ushort2_sat_rtp( char2 ) test
Building convert_ushort3_sat_rtp( char3 ) test
Building convert_ushort4_sat_rtp( char4 ) test
Building convert_ushort8_sat_rtp( char8 ) test
Building convert_ushort16_sat_rtp( char16 ) test
Testing... .done.
	Wimp pass

238) Testing convert_ushortn_sat_rtn( charn ):
Building convert_ushort_sat_rtn( char ) test
Building convert_ushort2_sat_rtn( char2 ) test
Building convert_ushort3_sat_rtn( char3 ) test
Building convert_ushort4_sat_rtn( char4 ) test
Building convert_ushort8_sat_rtn( char8 ) test
Building convert_ushort16_sat_rtn( char16 ) test
Testing... .done.
	Wimp pass

239) Testing convert_ushortn_sat_rtz( charn ):
Building convert_ushort_sat_rtz( char ) test
Building convert_ushort2_sat_rtz( char2 ) test
Building convert_ushort3_sat_rtz( char3 ) test
Building convert_ushort4_sat_rtz( char4 ) test
Building convert_ushort8_sat_rtz( char8 ) test
Building convert_ushort16_sat_rtz( char16 ) test
Testing... .done.
	Wimp pass

240) Testing convert_ushortn( ushortn ):
Building implicit ushort -> ushort conversion test
Building convert_ushort( ushort ) test
Building convert_ushort2( ushort2 ) test
Building convert_ushort3( ushort3 ) test
Building convert_ushort4( ushort4 ) test
Building convert_ushort8( ushort8 ) test
Building convert_ushort16( ushort16 ) test
Testing... .done.
	Wimp pass

241) Testing convert_ushortn_rte( ushortn ):
Building convert_ushort_rte( ushort ) test
Building convert_ushort2_rte( ushort2 ) test
Building convert_ushort3_rte( ushort3 ) test
Building convert_ushort4_rte( ushort4 ) test
Building convert_ushort8_rte( ushort8 ) test
Building convert_ushort16_rte( ushort16 ) test
Testing... .done.
	Wimp pass

242) Testing convert_ushortn_rtp( ushortn ):
Building convert_ushort_rtp( ushort ) test
Building convert_ushort2_rtp( ushort2 ) test
Building convert_ushort3_rtp( ushort3 ) test
Building convert_ushort4_rtp( ushort4 ) test
Building convert_ushort8_rtp( ushort8 ) test
Building convert_ushort16_rtp( ushort16 ) test
Testing... .done.
	Wimp pass

243) Testing convert_ushortn_rtn( ushortn ):
Building convert_ushort_rtn( ushort ) test
Building convert_ushort2_rtn( ushort2 ) test
Building convert_ushort3_rtn( ushort3 ) test
Building convert_ushort4_rtn( ushort4 ) test
Building convert_ushort8_rtn( ushort8 ) test
Building convert_ushort16_rtn( ushort16 ) test
Testing... .done.
	Wimp pass

244) Testing convert_ushortn_rtz( ushortn ):
Building convert_ushort_rtz( ushort ) test
Building convert_ushort2_rtz( ushort2 ) test
Building convert_ushort3_rtz( ushort3 ) test
Building convert_ushort4_rtz( ushort4 ) test
Building convert_ushort8_rtz( ushort8 ) test
Building convert_ushort16_rtz( ushort16 ) test
Testing... .done.
	Wimp pass

245) Testing convert_ushortn_sat( ushortn ):
Building convert_ushort_sat( ushort ) test
Building convert_ushort2_sat( ushort2 ) test
Building convert_ushort3_sat( ushort3 ) test
Building convert_ushort4_sat( ushort4 ) test
Building convert_ushort8_sat( ushort8 ) test
Building convert_ushort16_sat( ushort16 ) test
Testing... .done.
	Wimp pass

246) Testing convert_ushortn_sat_rte( ushortn ):
Building convert_ushort_sat_rte( ushort ) test
Building convert_ushort2_sat_rte( ushort2 ) test
Building convert_ushort3_sat_rte( ushort3 ) test
Building convert_ushort4_sat_rte( ushort4 ) test
Building convert_ushort8_sat_rte( ushort8 ) test
Building convert_ushort16_sat_rte( ushort16 ) test
Testing... .done.
	Wimp pass

247) Testing convert_ushortn_sat_rtp( ushortn ):
Building convert_ushort_sat_rtp( ushort ) test
Building convert_ushort2_sat_rtp( ushort2 ) test
Building convert_ushort3_sat_rtp( ushort3 ) test
Building convert_ushort4_sat_rtp( ushort4 ) test
Building convert_ushort8_sat_rtp( ushort8 ) test
Building convert_ushort16_sat_rtp( ushort16 ) test
Testing... .done.
	Wimp pass

248) Testing convert_ushortn_sat_rtn( ushortn ):
Building convert_ushort_sat_rtn( ushort ) test
Building convert_ushort2_sat_rtn( ushort2 ) test
Building convert_ushort3_sat_rtn( ushort3 ) test
Building convert_ushort4_sat_rtn( ushort4 ) test
Building convert_ushort8_sat_rtn( ushort8 ) test
Building convert_ushort16_sat_rtn( ushort16 ) test
Testing... .done.
	Wimp pass

249) Testing convert_ushortn_sat_rtz( ushortn ):
Building convert_ushort_sat_rtz( ushort ) test
Building convert_ushort2_sat_rtz( ushort2 ) test
Building convert_ushort3_sat_rtz( ushort3 ) test
Building convert_ushort4_sat_rtz( ushort4 ) test
Building convert_ushort8_sat_rtz( ushort8 ) test
Building convert_ushort16_sat_rtz( ushort16 ) test
Testing... .done.
	Wimp pass

250) Testing convert_ushortn( shortn ):
Building implicit short -> ushort conversion test
Building convert_ushort( short ) test
Building convert_ushort2( short2 ) test
Building convert_ushort3( short3 ) test
Building convert_ushort4( short4 ) test
Building convert_ushort8( short8 ) test
Building convert_ushort16( short16 ) test
Testing... .done.
	Wimp pass

251) Testing convert_ushortn_rte( shortn ):
Building convert_ushort_rte( short ) test
Building convert_ushort2_rte( short2 ) test
Building convert_ushort3_rte( short3 ) test
Building convert_ushort4_rte( short4 ) test
Building convert_ushort8_rte( short8 ) test
Building convert_ushort16_rte( short16 ) test
Testing... .done.
	Wimp pass

252) Testing convert_ushortn_rtp( shortn ):
Building convert_ushort_rtp( short ) test
Building convert_ushort2_rtp( short2 ) test
Building convert_ushort3_rtp( short3 ) test
Building convert_ushort4_rtp( short4 ) test
Building convert_ushort8_rtp( short8 ) test
Building convert_ushort16_rtp( short16 ) test
Testing... .done.
	Wimp pass

253) Testing convert_ushortn_rtn( shortn ):
Building convert_ushort_rtn( short ) test
Building convert_ushort2_rtn( short2 ) test
Building convert_ushort3_rtn( short3 ) test
Building convert_ushort4_rtn( short4 ) test
Building convert_ushort8_rtn( short8 ) test
Building convert_ushort16_rtn( short16 ) test
Testing... .done.
	Wimp pass

254) Testing convert_ushortn_rtz( shortn ):
Building convert_ushort_rtz( short ) test
Building convert_ushort2_rtz( short2 ) test
Building convert_ushort3_rtz( short3 ) test
Building convert_ushort4_rtz( short4 ) test
Building convert_ushort8_rtz( short8 ) test
Building convert_ushort16_rtz( short16 ) test
Testing... .done.
	Wimp pass

255) Testing convert_ushortn_sat( shortn ):
Building convert_ushort_sat( short ) test
Building convert_ushort2_sat( short2 ) test
Building convert_ushort3_sat( short3 ) test
Building convert_ushort4_sat( short4 ) test
Building convert_ushort8_sat( short8 ) test
Building convert_ushort16_sat( short16 ) test
Testing... .done.
	Wimp pass

256) Testing convert_ushortn_sat_rte( shortn ):
Building convert_ushort_sat_rte( short ) test
Building convert_ushort2_sat_rte( short2 ) test
Building convert_ushort3_sat_rte( short3 ) test
Building convert_ushort4_sat_rte( short4 ) test
Building convert_ushort8_sat_rte( short8 ) test
Building convert_ushort16_sat_rte( short16 ) test
Testing... .done.
	Wimp pass

257) Testing convert_ushortn_sat_rtp( shortn ):
Building convert_ushort_sat_rtp( short ) test
Building convert_ushort2_sat_rtp( short2 ) test
Building convert_ushort3_sat_rtp( short3 ) test
Building convert_ushort4_sat_rtp( short4 ) test
Building convert_ushort8_sat_rtp( short8 ) test
Building convert_ushort16_sat_rtp( short16 ) test
Testing... .done.
	Wimp pass

258) Testing convert_ushortn_sat_rtn( shortn ):
Building convert_ushort_sat_rtn( short ) test
Building convert_ushort2_sat_rtn( short2 ) test
Building convert_ushort3_sat_rtn( short3 ) test
Building convert_ushort4_sat_rtn( short4 ) test
Building convert_ushort8_sat_rtn( short8 ) test
Building convert_ushort16_sat_rtn( short16 ) test
Testing... .done.
	Wimp pass

259) Testing convert_ushortn_sat_rtz( shortn ):
Building convert_ushort_sat_rtz( short ) test
Building convert_ushort2_sat_rtz( short2 ) test
Building convert_ushort3_sat_rtz( short3 ) test
Building convert_ushort4_sat_rtz( short4 ) test
Building convert_ushort8_sat_rtz( short8 ) test
Building convert_ushort16_sat_rtz( short16 ) test
Testing... .done.
	Wimp pass

260) Testing convert_ushortn( uintn ):
Building implicit uint -> ushort conversion test
Building convert_ushort( uint ) test
Building convert_ushort2( uint2 ) test
Building convert_ushort3( uint3 ) test
Building convert_ushort4( uint4 ) test
Building convert_ushort8( uint8 ) test
Building convert_ushort16( uint16 ) test
Testing... .done.
	Wimp pass

261) Testing convert_ushortn_rte( uintn ):
Building convert_ushort_rte( uint ) test
Building convert_ushort2_rte( uint2 ) test
Building convert_ushort3_rte( uint3 ) test
Building convert_ushort4_rte( uint4 ) test
Building convert_ushort8_rte( uint8 ) test
Building convert_ushort16_rte( uint16 ) test
Testing... .done.
	Wimp pass

262) Testing convert_ushortn_rtp( uintn ):
Building convert_ushort_rtp( uint ) test
Building convert_ushort2_rtp( uint2 ) test
Building convert_ushort3_rtp( uint3 ) test
Building convert_ushort4_rtp( uint4 ) test
Building convert_ushort8_rtp( uint8 ) test
Building convert_ushort16_rtp( uint16 ) test
Testing... .done.
	Wimp pass

263) Testing convert_ushortn_rtn( uintn ):
Building convert_ushort_rtn( uint ) test
Building convert_ushort2_rtn( uint2 ) test
Building convert_ushort3_rtn( uint3 ) test
Building convert_ushort4_rtn( uint4 ) test
Building convert_ushort8_rtn( uint8 ) test
Building convert_ushort16_rtn( uint16 ) test
Testing... .done.
	Wimp pass

264) Testing convert_ushortn_rtz( uintn ):
Building convert_ushort_rtz( uint ) test
Building convert_ushort2_rtz( uint2 ) test
Building convert_ushort3_rtz( uint3 ) test
Building convert_ushort4_rtz( uint4 ) test
Building convert_ushort8_rtz( uint8 ) test
Building convert_ushort16_rtz( uint16 ) test
Testing... .done.
	Wimp pass

265) Testing convert_ushortn_sat( uintn ):
Building convert_ushort_sat( uint ) test
Building convert_ushort2_sat( uint2 ) test
Building convert_ushort3_sat( uint3 ) test
Building convert_ushort4_sat( uint4 ) test
Building convert_ushort8_sat( uint8 ) test
Building convert_ushort16_sat( uint16 ) test
Testing... .done.
	Wimp pass

266) Testing convert_ushortn_sat_rte( uintn ):
Building convert_ushort_sat_rte( uint ) test
Building convert_ushort2_sat_rte( uint2 ) test
Building convert_ushort3_sat_rte( uint3 ) test
Building convert_ushort4_sat_rte( uint4 ) test
Building convert_ushort8_sat_rte( uint8 ) test
Building convert_ushort16_sat_rte( uint16 ) test
Testing... .done.
	Wimp pass

267) Testing convert_ushortn_sat_rtp( uintn ):
Building convert_ushort_sat_rtp( uint ) test
Building convert_ushort2_sat_rtp( uint2 ) test
Building convert_ushort3_sat_rtp( uint3 ) test
Building convert_ushort4_sat_rtp( uint4 ) test
Building convert_ushort8_sat_rtp( uint8 ) test
Building convert_ushort16_sat_rtp( uint16 ) test
Testing... .done.
	Wimp pass

268) Testing convert_ushortn_sat_rtn( uintn ):
Building convert_ushort_sat_rtn( uint ) test
Building convert_ushort2_sat_rtn( uint2 ) test
Building convert_ushort3_sat_rtn( uint3 ) test
Building convert_ushort4_sat_rtn( uint4 ) test
Building convert_ushort8_sat_rtn( uint8 ) test
Building convert_ushort16_sat_rtn( uint16 ) test
Testing... .done.
	Wimp pass

269) Testing convert_ushortn_sat_rtz( uintn ):
Building convert_ushort_sat_rtz( uint ) test
Building convert_ushort2_sat_rtz( uint2 ) test
Building convert_ushort3_sat_rtz( uint3 ) test
Building convert_ushort4_sat_rtz( uint4 ) test
Building convert_ushort8_sat_rtz( uint8 ) test
Building convert_ushort16_sat_rtz( uint16 ) test
Testing... .done.
	Wimp pass

270) Testing convert_ushortn( intn ):
Building implicit int -> ushort conversion test
Building convert_ushort( int ) test
Building convert_ushort2( int2 ) test
Building convert_ushort3( int3 ) test
Building convert_ushort4( int4 ) test
Building convert_ushort8( int8 ) test
Building convert_ushort16( int16 ) test
Testing... .done.
	Wimp pass

271) Testing convert_ushortn_rte( intn ):
Building convert_ushort_rte( int ) test
Building convert_ushort2_rte( int2 ) test
Building convert_ushort3_rte( int3 ) test
Building convert_ushort4_rte( int4 ) test
Building convert_ushort8_rte( int8 ) test
Building convert_ushort16_rte( int16 ) test
Testing... .done.
	Wimp pass

272) Testing convert_ushortn_rtp( intn ):
Building convert_ushort_rtp( int ) test
Building convert_ushort2_rtp( int2 ) test
Building convert_ushort3_rtp( int3 ) test
Building convert_ushort4_rtp( int4 ) test
Building convert_ushort8_rtp( int8 ) test
Building convert_ushort16_rtp( int16 ) test
Testing... .done.
	Wimp pass

273) Testing convert_ushortn_rtn( intn ):
Building convert_ushort_rtn( int ) test
Building convert_ushort2_rtn( int2 ) test
Building convert_ushort3_rtn( int3 ) test
Building convert_ushort4_rtn( int4 ) test
Building convert_ushort8_rtn( int8 ) test
Building convert_ushort16_rtn( int16 ) test
Testing... .done.
	Wimp pass

274) Testing convert_ushortn_rtz( intn ):
Building convert_ushort_rtz( int ) test
Building convert_ushort2_rtz( int2 ) test
Building convert_ushort3_rtz( int3 ) test
Building convert_ushort4_rtz( int4 ) test
Building convert_ushort8_rtz( int8 ) test
Building convert_ushort16_rtz( int16 ) test
Testing... .done.
	Wimp pass

275) Testing convert_ushortn_sat( intn ):
Building convert_ushort_sat( int ) test
Building convert_ushort2_sat( int2 ) test
Building convert_ushort3_sat( int3 ) test
Building convert_ushort4_sat( int4 ) test
Building convert_ushort8_sat( int8 ) test
Building convert_ushort16_sat( int16 ) test
Testing... .done.
	Wimp pass

276) Testing convert_ushortn_sat_rte( intn ):
Building convert_ushort_sat_rte( int ) test
Building convert_ushort2_sat_rte( int2 ) test
Building convert_ushort3_sat_rte( int3 ) test
Building convert_ushort4_sat_rte( int4 ) test
Building convert_ushort8_sat_rte( int8 ) test
Building convert_ushort16_sat_rte( int16 ) test
Testing... .done.
	Wimp pass

277) Testing convert_ushortn_sat_rtp( intn ):
Building convert_ushort_sat_rtp( int ) test
Building convert_ushort2_sat_rtp( int2 ) test
Building convert_ushort3_sat_rtp( int3 ) test
Building convert_ushort4_sat_rtp( int4 ) test
Building convert_ushort8_sat_rtp( int8 ) test
Building convert_ushort16_sat_rtp( int16 ) test
Testing... .done.
	Wimp pass

278) Testing convert_ushortn_sat_rtn( intn ):
Building convert_ushort_sat_rtn( int ) test
Building convert_ushort2_sat_rtn( int2 ) test
Building convert_ushort3_sat_rtn( int3 ) test
Building convert_ushort4_sat_rtn( int4 ) test
Building convert_ushort8_sat_rtn( int8 ) test
Building convert_ushort16_sat_rtn( int16 ) test
Testing... .done.
	Wimp pass

279) Testing convert_ushortn_sat_rtz( intn ):
Building convert_ushort_sat_rtz( int ) test
Building convert_ushort2_sat_rtz( int2 ) test
Building convert_ushort3_sat_rtz( int3 ) test
Building convert_ushort4_sat_rtz( int4 ) test
Building convert_ushort8_sat_rtz( int8 ) test
Building convert_ushort16_sat_rtz( int16 ) test
Testing... .done.
	Wimp pass

280) Testing convert_ushortn( halfn ):
Building implicit half -> ushort conversion test
Building convert_ushort( half ) test
Building convert_ushort2( half2 ) test
Building convert_ushort3( half3 ) test
Building convert_ushort4( half4 ) test
Building convert_ushort8( half8 ) test
Building convert_ushort16( half16 ) test
Testing... .done.
	Wimp pass

281) Testing convert_ushortn_rte( halfn ):
Building convert_ushort_rte( half ) test
Building convert_ushort2_rte( half2 ) test
Building convert_ushort3_rte( half3 ) test
Building convert_ushort4_rte( half4 ) test
Building convert_ushort8_rte( half8 ) test
Building convert_ushort16_rte( half16 ) test
Testing... .done.
	Wimp pass

282) Testing convert_ushortn_rtp( halfn ):
Building convert_ushort_rtp( half ) test
Building convert_ushort2_rtp( half2 ) test
Building convert_ushort3_rtp( half3 ) test
Building convert_ushort4_rtp( half4 ) test
Building convert_ushort8_rtp( half8 ) test
Building convert_ushort16_rtp( half16 ) test
Testing... .done.
	Wimp pass

283) Testing convert_ushortn_rtn( halfn ):
Building convert_ushort_rtn( half ) test
Building convert_ushort2_rtn( half2 ) test
Building convert_ushort3_rtn( half3 ) test
Building convert_ushort4_rtn( half4 ) test
Building convert_ushort8_rtn( half8 ) test
Building convert_ushort16_rtn( half16 ) test
Testing... .done.
	Wimp pass

284) Testing convert_ushortn_rtz( halfn ):
Building convert_ushort_rtz( half ) test
Building convert_ushort2_rtz( half2 ) test
Building convert_ushort3_rtz( half3 ) test
Building convert_ushort4_rtz( half4 ) test
Building convert_ushort8_rtz( half8 ) test
Building convert_ushort16_rtz( half16 ) test
Testing... .done.
	Wimp pass

285) Testing convert_ushortn_sat( halfn ):
Building convert_ushort_sat( half ) test
Building convert_ushort2_sat( half2 ) test
Building convert_ushort3_sat( half3 ) test
Building convert_ushort4_sat( half4 ) test
Building convert_ushort8_sat( half8 ) test
Building convert_ushort16_sat( half16 ) test
Testing... .done.
	Wimp pass

286) Testing convert_ushortn_sat_rte( halfn ):
Building convert_ushort_sat_rte( half ) test
Building convert_ushort2_sat_rte( half2 ) test
Building convert_ushort3_sat_rte( half3 ) test
Building convert_ushort4_sat_rte( half4 ) test
Building convert_ushort8_sat_rte( half8 ) test
Building convert_ushort16_sat_rte( half16 ) test
Testing... .done.
	Wimp pass

287) Testing convert_ushortn_sat_rtp( halfn ):
Building convert_ushort_sat_rtp( half ) test
Building convert_ushort2_sat_rtp( half2 ) test
Building convert_ushort3_sat_rtp( half3 ) test
Building convert_ushort4_sat_rtp( half4 ) test
Building convert_ushort8_sat_rtp( half8 ) test
Building convert_ushort16_sat_rtp( half16 ) test
Testing... .done.
	Wimp pass

288) Testing convert_ushortn_sat_rtn( halfn ):
Building convert_ushort_sat_rtn( half ) test
Building convert_ushort2_sat_rtn( half2 ) test
Building convert_ushort3_sat_rtn( half3 ) test
Building convert_ushort4_sat_rtn( half4 ) test
Building convert_ushort8_sat_rtn( half8 ) test
Building convert_ushort16_sat_rtn( half16 ) test
Testing... .done.
	Wimp pass

289) Testing convert_ushortn_sat_rtz( halfn ):
Building convert_ushort_sat_rtz( half ) test
Building convert_ushort2_sat_rtz( half2 ) test
Building convert_ushort3_sat_rtz( half3 ) test
Building convert_ushort4_sat_rtz( half4 ) test
Building convert_ushort8_sat_rtz( half8 ) test
Building convert_ushort16_sat_rtz( half16 ) test
Testing... .done.
	Wimp pass

290) Testing convert_ushortn( floatn ):
Building implicit float -> ushort conversion test
Building convert_ushort( float ) test
Building convert_ushort2( float2 ) test
Building convert_ushort3( float3 ) test
Building convert_ushort4( float4 ) test
Building convert_ushort8( float8 ) test
Building convert_ushort16( float16 ) test
Testing... .done.
	Wimp pass

291) Testing convert_ushortn_rte( floatn ):
Building convert_ushort_rte( float ) test
Building convert_ushort2_rte( float2 ) test
Building convert_ushort3_rte( float3 ) test
Building convert_ushort4_rte( float4 ) test
Building convert_ushort8_rte( float8 ) test
Building convert_ushort16_rte( float16 ) test
Testing... .done.
	Wimp pass

292) Testing convert_ushortn_rtp( floatn ):
Building convert_ushort_rtp( float ) test
Building convert_ushort2_rtp( float2 ) test
Building convert_ushort3_rtp( float3 ) test
Building convert_ushort4_rtp( float4 ) test
Building convert_ushort8_rtp( float8 ) test
Building convert_ushort16_rtp( float16 ) test
Testing... .done.
	Wimp pass

293) Testing convert_ushortn_rtn( floatn ):
Building convert_ushort_rtn( float ) test
Building convert_ushort2_rtn( float2 ) test
Building convert_ushort3_rtn( float3 ) test
Building convert_ushort4_rtn( float4 ) test
Building convert_ushort8_rtn( float8 ) test
Building convert_ushort16_rtn( float16 ) test
Testing... .done.
	Wimp pass

294) Testing convert_ushortn_rtz( floatn ):
Building convert_ushort_rtz( float ) test
Building convert_ushort2_rtz( float2 ) test
Building convert_ushort3_rtz( float3 ) test
Building convert_ushort4_rtz( float4 ) test
Building convert_ushort8_rtz( float8 ) test
Building convert_ushort16_rtz( float16 ) test
Testing... .done.
	Wimp pass

295) Testing convert_ushortn_sat( floatn ):
Building convert_ushort_sat( float ) test
Building convert_ushort2_sat( float2 ) test
Building convert_ushort3_sat( float3 ) test
Building convert_ushort4_sat( float4 ) test
Building convert_ushort8_sat( float8 ) test
Building convert_ushort16_sat( float16 ) test
Testing... .done.
	Wimp pass

296) Testing convert_ushortn_sat_rte( floatn ):
Building convert_ushort_sat_rte( float ) test
Building convert_ushort2_sat_rte( float2 ) test
Building convert_ushort3_sat_rte( float3 ) test
Building convert_ushort4_sat_rte( float4 ) test
Building convert_ushort8_sat_rte( float8 ) test
Building convert_ushort16_sat_rte( float16 ) test
Testing... .done.
	Wimp pass

297) Testing convert_ushortn_sat_rtp( floatn ):
Building convert_ushort_sat_rtp( float ) test
Building convert_ushort2_sat_rtp( float2 ) test
Building convert_ushort3_sat_rtp( float3 ) test
Building convert_ushort4_sat_rtp( float4 ) test
Building convert_ushort8_sat_rtp( float8 ) test
Building convert_ushort16_sat_rtp( float16 ) test
Testing... .done.
	Wimp pass

298) Testing convert_ushortn_sat_rtn( floatn ):
Building convert_ushort_sat_rtn( float ) test
Building convert_ushort2_sat_rtn( float2 ) test
Building convert_ushort3_sat_rtn( float3 ) test
Building convert_ushort4_sat_rtn( float4 ) test
Building convert_ushort8_sat_rtn( float8 ) test
Building convert_ushort16_sat_rtn( float16 ) test
Testing... .done.
	Wimp pass

299) Testing convert_ushortn_sat_rtz( floatn ):
Building convert_ushort_sat_rtz( float ) test
Building convert_ushort2_sat_rtz( float2 ) test
Building convert_ushort3_sat_rtz( float3 ) test
Building convert_ushort4_sat_rtz( float4 ) test
Building convert_ushort8_sat_rtz( float8 ) test
Building convert_ushort16_sat_rtz( float16 ) test
Testing... .done.
	Wimp pass

300) Testing convert_ushortn( doublen ):
301) Testing convert_ushortn_rte( doublen ):
302) Testing convert_ushortn_rtp( doublen ):
303) Testing convert_ushortn_rtn( doublen ):
304) Testing convert_ushortn_rtz( doublen ):
305) Testing convert_ushortn_sat( doublen ):
306) Testing convert_ushortn_sat_rte( doublen ):
307) Testing convert_ushortn_sat_rtp( doublen ):
308) Testing convert_ushortn_sat_rtn( doublen ):
309) Testing convert_ushortn_sat_rtz( doublen ):
310) Testing convert_ushortn( ulongn ):
Building implicit ulong -> ushort conversion test
Building convert_ushort( ulong ) test
Building convert_ushort2( ulong2 ) test
Building convert_ushort3( ulong3 ) test
Building convert_ushort4( ulong4 ) test
Building convert_ushort8( ulong8 ) test
Building convert_ushort16( ulong16 ) test
Testing... ..done.
	Wimp pass

311) Testing convert_ushortn_rte( ulongn ):
Building convert_ushort_rte( ulong ) test
Building convert_ushort2_rte( ulong2 ) test
Building convert_ushort3_rte( ulong3 ) test
Building convert_ushort4_rte( ulong4 ) test
Building convert_ushort8_rte( ulong8 ) test
Building convert_ushort16_rte( ulong16 ) test
Testing... ..done.
	Wimp pass

312) Testing convert_ushortn_rtp( ulongn ):
Building convert_ushort_rtp( ulong ) test
Building convert_ushort2_rtp( ulong2 ) test
Building convert_ushort3_rtp( ulong3 ) test
Building convert_ushort4_rtp( ulong4 ) test
Building convert_ushort8_rtp( ulong8 ) test
Building convert_ushort16_rtp( ulong16 ) test
Testing... ..done.
	Wimp pass

313) Testing convert_ushortn_rtn( ulongn ):
Building convert_ushort_rtn( ulong ) test
Building convert_ushort2_rtn( ulong2 ) test
Building convert_ushort3_rtn( ulong3 ) test
Building convert_ushort4_rtn( ulong4 ) test
Building convert_ushort8_rtn( ulong8 ) test
Building convert_ushort16_rtn( ulong16 ) test
Testing... ..done.
	Wimp pass

314) Testing convert_ushortn_rtz( ulongn ):
Building convert_ushort_rtz( ulong ) test
Building convert_ushort2_rtz( ulong2 ) test
Building convert_ushort3_rtz( ulong3 ) test
Building convert_ushort4_rtz( ulong4 ) test
Building convert_ushort8_rtz( ulong8 ) test
Building convert_ushort16_rtz( ulong16 ) test
Testing... ..done.
	Wimp pass

315) Testing convert_ushortn_sat( ulongn ):
Building convert_ushort_sat( ulong ) test
Building convert_ushort2_sat( ulong2 ) test
Building convert_ushort3_sat( ulong3 ) test
Building convert_ushort4_sat( ulong4 ) test
Building convert_ushort8_sat( ulong8 ) test
Building convert_ushort16_sat( ulong16 ) test
Testing... ..done.
	Wimp pass

316) Testing convert_ushortn_sat_rte( ulongn ):
Building convert_ushort_sat_rte( ulong ) test
Building convert_ushort2_sat_rte( ulong2 ) test
Building convert_ushort3_sat_rte( ulong3 ) test
Building convert_ushort4_sat_rte( ulong4 ) test
Building convert_ushort8_sat_rte( ulong8 ) test
Building convert_ushort16_sat_rte( ulong16 ) test
Testing... ..done.
	Wimp pass

317) Testing convert_ushortn_sat_rtp( ulongn ):
Building convert_ushort_sat_rtp( ulong ) test
Building convert_ushort2_sat_rtp( ulong2 ) test
Building convert_ushort3_sat_rtp( ulong3 ) test
Building convert_ushort4_sat_rtp( ulong4 ) test
Building convert_ushort8_sat_rtp( ulong8 ) test
Building convert_ushort16_sat_rtp( ulong16 ) test
Testing... ..done.
	Wimp pass

318) Testing convert_ushortn_sat_rtn( ulongn ):
Building convert_ushort_sat_rtn( ulong ) test
Building convert_ushort2_sat_rtn( ulong2 ) test
Building convert_ushort3_sat_rtn( ulong3 ) test
Building convert_ushort4_sat_rtn( ulong4 ) test
Building convert_ushort8_sat_rtn( ulong8 ) test
Building convert_ushort16_sat_rtn( ulong16 ) test
Testing... ..done.
	Wimp pass

319) Testing convert_ushortn_sat_rtz( ulongn ):
Building convert_ushort_sat_rtz( ulong ) test
Building convert_ushort2_sat_rtz( ulong2 ) test
Building convert_ushort3_sat_rtz( ulong3 ) test
Building convert_ushort4_sat_rtz( ulong4 ) test
Building convert_ushort8_sat_rtz( ulong8 ) test
Building convert_ushort16_sat_rtz( ulong16 ) test
Testing... ..done.
	Wimp pass

320) Testing convert_ushortn( longn ):
Building implicit long -> ushort conversion test
Building convert_ushort( long ) test
Building convert_ushort2( long2 ) test
Building convert_ushort3( long3 ) test
Building convert_ushort4( long4 ) test
Building convert_ushort8( long8 ) test
Building convert_ushort16( long16 ) test
Testing... ..done.
	Wimp pass

321) Testing convert_ushortn_rte( longn ):
Building convert_ushort_rte( long ) test
Building convert_ushort2_rte( long2 ) test
Building convert_ushort3_rte( long3 ) test
Building convert_ushort4_rte( long4 ) test
Building convert_ushort8_rte( long8 ) test
Building convert_ushort16_rte( long16 ) test
Testing... ..done.
	Wimp pass

322) Testing convert_ushortn_rtp( longn ):
Building convert_ushort_rtp( long ) test
Building convert_ushort2_rtp( long2 ) test
Building convert_ushort3_rtp( long3 ) test
Building convert_ushort4_rtp( long4 ) test
Building convert_ushort8_rtp( long8 ) test
Building convert_ushort16_rtp( long16 ) test
Testing... ..done.
	Wimp pass

323) Testing convert_ushortn_rtn( longn ):
Building convert_ushort_rtn( long ) test
Building convert_ushort2_rtn( long2 ) test
Building convert_ushort3_rtn( long3 ) test
Building convert_ushort4_rtn( long4 ) test
Building convert_ushort8_rtn( long8 ) test
Building convert_ushort16_rtn( long16 ) test
Testing... ..done.
	Wimp pass

324) Testing convert_ushortn_rtz( longn ):
Building convert_ushort_rtz( long ) test
Building convert_ushort2_rtz( long2 ) test
Building convert_ushort3_rtz( long3 ) test
Building convert_ushort4_rtz( long4 ) test
Building convert_ushort8_rtz( long8 ) test
Building convert_ushort16_rtz( long16 ) test
Testing... ..done.
	Wimp pass

325) Testing convert_ushortn_sat( longn ):
Building convert_ushort_sat( long ) test
Building convert_ushort2_sat( long2 ) test
Building convert_ushort3_sat( long3 ) test
Building convert_ushort4_sat( long4 ) test
Building convert_ushort8_sat( long8 ) test
Building convert_ushort16_sat( long16 ) test
Testing... ..done.
	Wimp pass

326) Testing convert_ushortn_sat_rte( longn ):
Building convert_ushort_sat_rte( long ) test
Building convert_ushort2_sat_rte( long2 ) test
Building convert_ushort3_sat_rte( long3 ) test
Building convert_ushort4_sat_rte( long4 ) test
Building convert_ushort8_sat_rte( long8 ) test
Building convert_ushort16_sat_rte( long16 ) test
Testing... ..done.
	Wimp pass

327) Testing convert_ushortn_sat_rtp( longn ):
Building convert_ushort_sat_rtp( long ) test
Building convert_ushort2_sat_rtp( long2 ) test
Building convert_ushort3_sat_rtp( long3 ) test
Building convert_ushort4_sat_rtp( long4 ) test
Building convert_ushort8_sat_rtp( long8 ) test
Building convert_ushort16_sat_rtp( long16 ) test
Testing... ..done.
	Wimp pass

328) Testing convert_ushortn_sat_rtn( longn ):
Building convert_ushort_sat_rtn( long ) test
Building convert_ushort2_sat_rtn( long2 ) test
Building convert_ushort3_sat_rtn( long3 ) test
Building convert_ushort4_sat_rtn( long4 ) test
Building convert_ushort8_sat_rtn( long8 ) test
Building convert_ushort16_sat_rtn( long16 ) test
Testing... ..done.
	Wimp pass

329) Testing convert_ushortn_sat_rtz( longn ):
Building convert_ushort_sat_rtz( long ) test
Building convert_ushort2_sat_rtz( long2 ) test
Building convert_ushort3_sat_rtz( long3 ) test
Building convert_ushort4_sat_rtz( long4 ) test
Building convert_ushort8_sat_rtz( long8 ) test
Building convert_ushort16_sat_rtz( long16 ) test
Testing... ..done.
	Wimp pass

330) Testing convert_shortn( ucharn ):
Building implicit uchar -> short conversion test
Building convert_short( uchar ) test
Building convert_short2( uchar2 ) test
Building convert_short3( uchar3 ) test
Building convert_short4( uchar4 ) test
Building convert_short8( uchar8 ) test
Building convert_short16( uchar16 ) test
Testing... .done.
	Wimp pass

331) Testing convert_shortn_rte( ucharn ):
Building convert_short_rte( uchar ) test
Building convert_short2_rte( uchar2 ) test
Building convert_short3_rte( uchar3 ) test
Building convert_short4_rte( uchar4 ) test
Building convert_short8_rte( uchar8 ) test
Building convert_short16_rte( uchar16 ) test
Testing... .done.
	Wimp pass

332) Testing convert_shortn_rtp( ucharn ):
Building convert_short_rtp( uchar ) test
Building convert_short2_rtp( uchar2 ) test
Building convert_short3_rtp( uchar3 ) test
Building convert_short4_rtp( uchar4 ) test
Building convert_short8_rtp( uchar8 ) test
Building convert_short16_rtp( uchar16 ) test
Testing... .done.
	Wimp pass

333) Testing convert_shortn_rtn( ucharn ):
Building convert_short_rtn( uchar ) test
Building convert_short2_rtn( uchar2 ) test
Building convert_short3_rtn( uchar3 ) test
Building convert_short4_rtn( uchar4 ) test
Building convert_short8_rtn( uchar8 ) test
Building convert_short16_rtn( uchar16 ) test
Testing... .done.
	Wimp pass

334) Testing convert_shortn_rtz( ucharn ):
Building convert_short_rtz( uchar ) test
Building convert_short2_rtz( uchar2 ) test
Building convert_short3_rtz( uchar3 ) test
Building convert_short4_rtz( uchar4 ) test
Building convert_short8_rtz( uchar8 ) test
Building convert_short16_rtz( uchar16 ) test
Testing... .done.
	Wimp pass

335) Testing convert_shortn_sat( ucharn ):
Building convert_short_sat( uchar ) test
Building convert_short2_sat( uchar2 ) test
Building convert_short3_sat( uchar3 ) test
Building convert_short4_sat( uchar4 ) test
Building convert_short8_sat( uchar8 ) test
Building convert_short16_sat( uchar16 ) test
Testing... .done.
	Wimp pass

336) Testing convert_shortn_sat_rte( ucharn ):
Building convert_short_sat_rte( uchar ) test
Building convert_short2_sat_rte( uchar2 ) test
Building convert_short3_sat_rte( uchar3 ) test
Building convert_short4_sat_rte( uchar4 ) test
Building convert_short8_sat_rte( uchar8 ) test
Building convert_short16_sat_rte( uchar16 ) test
Testing... .done.
	Wimp pass

337) Testing convert_shortn_sat_rtp( ucharn ):
Building convert_short_sat_rtp( uchar ) test
Building convert_short2_sat_rtp( uchar2 ) test
Building convert_short3_sat_rtp( uchar3 ) test
Building convert_short4_sat_rtp( uchar4 ) test
Building convert_short8_sat_rtp( uchar8 ) test
Building convert_short16_sat_rtp( uchar16 ) test
Testing... .done.
	Wimp pass

338) Testing convert_shortn_sat_rtn( ucharn ):
Building convert_short_sat_rtn( uchar ) test
Building convert_short2_sat_rtn( uchar2 ) test
Building convert_short3_sat_rtn( uchar3 ) test
Building convert_short4_sat_rtn( uchar4 ) test
Building convert_short8_sat_rtn( uchar8 ) test
Building convert_short16_sat_rtn( uchar16 ) test
Testing... .done.
	Wimp pass

339) Testing convert_shortn_sat_rtz( ucharn ):
Building convert_short_sat_rtz( uchar ) test
Building convert_short2_sat_rtz( uchar2 ) test
Building convert_short3_sat_rtz( uchar3 ) test
Building convert_short4_sat_rtz( uchar4 ) test
Building convert_short8_sat_rtz( uchar8 ) test
Building convert_short16_sat_rtz( uchar16 ) test
Testing... .done.
	Wimp pass

340) Testing convert_shortn( charn ):
Building implicit char -> short conversion test
Building convert_short( char ) test
Building convert_short2( char2 ) test
Building convert_short3( char3 ) test
Building convert_short4( char4 ) test
Building convert_short8( char8 ) test
Building convert_short16( char16 ) test
Testing... .done.
	Wimp pass

341) Testing convert_shortn_rte( charn ):
Building convert_short_rte( char ) test
Building convert_short2_rte( char2 ) test
Building convert_short3_rte( char3 ) test
Building convert_short4_rte( char4 ) test
Building convert_short8_rte( char8 ) test
Building convert_short16_rte( char16 ) test
Testing... .done.
	Wimp pass

342) Testing convert_shortn_rtp( charn ):
Building convert_short_rtp( char ) test
Building convert_short2_rtp( char2 ) test
Building convert_short3_rtp( char3 ) test
Building convert_short4_rtp( char4 ) test
Building convert_short8_rtp( char8 ) test
Building convert_short16_rtp( char16 ) test
Testing... .done.
	Wimp pass

343) Testing convert_shortn_rtn( charn ):
Building convert_short_rtn( char ) test
Building convert_short2_rtn( char2 ) test
Building convert_short3_rtn( char3 ) test
Building convert_short4_rtn( char4 ) test
Building convert_short8_rtn( char8 ) test
Building convert_short16_rtn( char16 ) test
Testing... .done.
	Wimp pass

344) Testing convert_shortn_rtz( charn ):
Building convert_short_rtz( char ) test
Building convert_short2_rtz( char2 ) test
Building convert_short3_rtz( char3 ) test
Building convert_short4_rtz( char4 ) test
Building convert_short8_rtz( char8 ) test
Building convert_short16_rtz( char16 ) test
Testing... .done.
	Wimp pass

345) Testing convert_shortn_sat( charn ):
Building convert_short_sat( char ) test
Building convert_short2_sat( char2 ) test
Building convert_short3_sat( char3 ) test
Building convert_short4_sat( char4 ) test
Building convert_short8_sat( char8 ) test
Building convert_short16_sat( char16 ) test
Testing... .done.
	Wimp pass

346) Testing convert_shortn_sat_rte( charn ):
Building convert_short_sat_rte( char ) test
Building convert_short2_sat_rte( char2 ) test
Building convert_short3_sat_rte( char3 ) test
Building convert_short4_sat_rte( char4 ) test
Building convert_short8_sat_rte( char8 ) test
Building convert_short16_sat_rte( char16 ) test
Testing... .done.
	Wimp pass

347) Testing convert_shortn_sat_rtp( charn ):
Building convert_short_sat_rtp( char ) test
Building convert_short2_sat_rtp( char2 ) test
Building convert_short3_sat_rtp( char3 ) test
Building convert_short4_sat_rtp( char4 ) test
Building convert_short8_sat_rtp( char8 ) test
Building convert_short16_sat_rtp( char16 ) test
Testing... .done.
	Wimp pass

348) Testing convert_shortn_sat_rtn( charn ):
Building convert_short_sat_rtn( char ) test
Building convert_short2_sat_rtn( char2 ) test
Building convert_short3_sat_rtn( char3 ) test
Building convert_short4_sat_rtn( char4 ) test
Building convert_short8_sat_rtn( char8 ) test
Building convert_short16_sat_rtn( char16 ) test
Testing... .done.
	Wimp pass

349) Testing convert_shortn_sat_rtz( charn ):
Building convert_short_sat_rtz( char ) test
Building convert_short2_sat_rtz( char2 ) test
Building convert_short3_sat_rtz( char3 ) test
Building convert_short4_sat_rtz( char4 ) test
Building convert_short8_sat_rtz( char8 ) test
Building convert_short16_sat_rtz( char16 ) test
Testing... .done.
	Wimp pass

350) Testing convert_shortn( ushortn ):
Building implicit ushort -> short conversion test
Building convert_short( ushort ) test
Building convert_short2( ushort2 ) test
Building convert_short3( ushort3 ) test
Building convert_short4( ushort4 ) test
Building convert_short8( ushort8 ) test
Building convert_short16( ushort16 ) test
Testing... .done.
	Wimp pass

351) Testing convert_shortn_rte( ushortn ):
Building convert_short_rte( ushort ) test
Building convert_short2_rte( ushort2 ) test
Building convert_short3_rte( ushort3 ) test
Building convert_short4_rte( ushort4 ) test
Building convert_short8_rte( ushort8 ) test
Building convert_short16_rte( ushort16 ) test
Testing... .done.
	Wimp pass

352) Testing convert_shortn_rtp( ushortn ):
Building convert_short_rtp( ushort ) test
Building convert_short2_rtp( ushort2 ) test
Building convert_short3_rtp( ushort3 ) test
Building convert_short4_rtp( ushort4 ) test
Building convert_short8_rtp( ushort8 ) test
Building convert_short16_rtp( ushort16 ) test
Testing... .done.
	Wimp pass

353) Testing convert_shortn_rtn( ushortn ):
Building convert_short_rtn( ushort ) test
Building convert_short2_rtn( ushort2 ) test
Building convert_short3_rtn( ushort3 ) test
Building convert_short4_rtn( ushort4 ) test
Building convert_short8_rtn( ushort8 ) test
Building convert_short16_rtn( ushort16 ) test
Testing... .done.
	Wimp pass

354) Testing convert_shortn_rtz( ushortn ):
Building convert_short_rtz( ushort ) test
Building convert_short2_rtz( ushort2 ) test
Building convert_short3_rtz( ushort3 ) test
Building convert_short4_rtz( ushort4 ) test
Building convert_short8_rtz( ushort8 ) test
Building convert_short16_rtz( ushort16 ) test
Testing... .done.
	Wimp pass

355) Testing convert_shortn_sat( ushortn ):
Building convert_short_sat( ushort ) test
Building convert_short2_sat( ushort2 ) test
Building convert_short3_sat( ushort3 ) test
Building convert_short4_sat( ushort4 ) test
Building convert_short8_sat( ushort8 ) test
Building convert_short16_sat( ushort16 ) test
Testing... .done.
	Wimp pass

356) Testing convert_shortn_sat_rte( ushortn ):
Building convert_short_sat_rte( ushort ) test
Building convert_short2_sat_rte( ushort2 ) test
Building convert_short3_sat_rte( ushort3 ) test
Building convert_short4_sat_rte( ushort4 ) test
Building convert_short8_sat_rte( ushort8 ) test
Building convert_short16_sat_rte( ushort16 ) test
Testing... .done.
	Wimp pass

357) Testing convert_shortn_sat_rtp( ushortn ):
Building convert_short_sat_rtp( ushort ) test
Building convert_short2_sat_rtp( ushort2 ) test
Building convert_short3_sat_rtp( ushort3 ) test
Building convert_short4_sat_rtp( ushort4 ) test
Building convert_short8_sat_rtp( ushort8 ) test
Building convert_short16_sat_rtp( ushort16 ) test
Testing... .done.
	Wimp pass

358) Testing convert_shortn_sat_rtn( ushortn ):
Building convert_short_sat_rtn( ushort ) test
Building convert_short2_sat_rtn( ushort2 ) test
Building convert_short3_sat_rtn( ushort3 ) test
Building convert_short4_sat_rtn( ushort4 ) test
Building convert_short8_sat_rtn( ushort8 ) test
Building convert_short16_sat_rtn( ushort16 ) test
Testing... .done.
	Wimp pass

359) Testing convert_shortn_sat_rtz( ushortn ):
Building convert_short_sat_rtz( ushort ) test
Building convert_short2_sat_rtz( ushort2 ) test
Building convert_short3_sat_rtz( ushort3 ) test
Building convert_short4_sat_rtz( ushort4 ) test
Building convert_short8_sat_rtz( ushort8 ) test
Building convert_short16_sat_rtz( ushort16 ) test
Testing... .done.
	Wimp pass

360) Testing convert_shortn( shortn ):
Building implicit short -> short conversion test
Building convert_short( short ) test
Building convert_short2( short2 ) test
Building convert_short3( short3 ) test
Building convert_short4( short4 ) test
Building convert_short8( short8 ) test
Building convert_short16( short16 ) test
Testing... .done.
	Wimp pass

361) Testing convert_shortn_rte( shortn ):
Building convert_short_rte( short ) test
Building convert_short2_rte( short2 ) test
Building convert_short3_rte( short3 ) test
Building convert_short4_rte( short4 ) test
Building convert_short8_rte( short8 ) test
Building convert_short16_rte( short16 ) test
Testing... .done.
	Wimp pass

362) Testing convert_shortn_rtp( shortn ):
Building convert_short_rtp( short ) test
Building convert_short2_rtp( short2 ) test
Building convert_short3_rtp( short3 ) test
Building convert_short4_rtp( short4 ) test
Building convert_short8_rtp( short8 ) test
Building convert_short16_rtp( short16 ) test
Testing... .done.
	Wimp pass

363) Testing convert_shortn_rtn( shortn ):
Building convert_short_rtn( short ) test
Building convert_short2_rtn( short2 ) test
Building convert_short3_rtn( short3 ) test
Building convert_short4_rtn( short4 ) test
Building convert_short8_rtn( short8 ) test
Building convert_short16_rtn( short16 ) test
Testing... .done.
	Wimp pass

364) Testing convert_shortn_rtz( shortn ):
Building convert_short_rtz( short ) test
Building convert_short2_rtz( short2 ) test
Building convert_short3_rtz( short3 ) test
Building convert_short4_rtz( short4 ) test
Building convert_short8_rtz( short8 ) test
Building convert_short16_rtz( short16 ) test
Testing... .done.
	Wimp pass

365) Testing convert_shortn_sat( shortn ):
Building convert_short_sat( short ) test
Building convert_short2_sat( short2 ) test
Building convert_short3_sat( short3 ) test
Building convert_short4_sat( short4 ) test
Building convert_short8_sat( short8 ) test
Building convert_short16_sat( short16 ) test
Testing... .done.
	Wimp pass

366) Testing convert_shortn_sat_rte( shortn ):
Building convert_short_sat_rte( short ) test
Building convert_short2_sat_rte( short2 ) test
Building convert_short3_sat_rte( short3 ) test
Building convert_short4_sat_rte( short4 ) test
Building convert_short8_sat_rte( short8 ) test
Building convert_short16_sat_rte( short16 ) test
Testing... .done.
	Wimp pass

367) Testing convert_shortn_sat_rtp( shortn ):
Building convert_short_sat_rtp( short ) test
Building convert_short2_sat_rtp( short2 ) test
Building convert_short3_sat_rtp( short3 ) test
Building convert_short4_sat_rtp( short4 ) test
Building convert_short8_sat_rtp( short8 ) test
Building convert_short16_sat_rtp( short16 ) test
Testing... .done.
	Wimp pass

368) Testing convert_shortn_sat_rtn( shortn ):
Building convert_short_sat_rtn( short ) test
Building convert_short2_sat_rtn( short2 ) test
Building convert_short3_sat_rtn( short3 ) test
Building convert_short4_sat_rtn( short4 ) test
Building convert_short8_sat_rtn( short8 ) test
Building convert_short16_sat_rtn( short16 ) test
Testing... .done.
	Wimp pass

369) Testing convert_shortn_sat_rtz( shortn ):
Building convert_short_sat_rtz( short ) test
Building convert_short2_sat_rtz( short2 ) test
Building convert_short3_sat_rtz( short3 ) test
Building convert_short4_sat_rtz( short4 ) test
Building convert_short8_sat_rtz( short8 ) test
Building convert_short16_sat_rtz( short16 ) test
Testing... .done.
	Wimp pass

370) Testing convert_shortn( uintn ):
Building implicit uint -> short conversion test
Building convert_short( uint ) test
Building convert_short2( uint2 ) test
Building convert_short3( uint3 ) test
Building convert_short4( uint4 ) test
Building convert_short8( uint8 ) test
Building convert_short16( uint16 ) test
Testing... .done.
	Wimp pass

371) Testing convert_shortn_rte( uintn ):
Building convert_short_rte( uint ) test
Building convert_short2_rte( uint2 ) test
Building convert_short3_rte( uint3 ) test
Building convert_short4_rte( uint4 ) test
Building convert_short8_rte( uint8 ) test
Building convert_short16_rte( uint16 ) test
Testing... .done.
	Wimp pass

372) Testing convert_shortn_rtp( uintn ):
Building convert_short_rtp( uint ) test
Building convert_short2_rtp( uint2 ) test
Building convert_short3_rtp( uint3 ) test
Building convert_short4_rtp( uint4 ) test
Building convert_short8_rtp( uint8 ) test
Building convert_short16_rtp( uint16 ) test
Testing... .done.
	Wimp pass

373) Testing convert_shortn_rtn( uintn ):
Building convert_short_rtn( uint ) test
Building convert_short2_rtn( uint2 ) test
Building convert_short3_rtn( uint3 ) test
Building convert_short4_rtn( uint4 ) test
Building convert_short8_rtn( uint8 ) test
Building convert_short16_rtn( uint16 ) test
Testing... .done.
	Wimp pass

374) Testing convert_shortn_rtz( uintn ):
Building convert_short_rtz( uint ) test
Building convert_short2_rtz( uint2 ) test
Building convert_short3_rtz( uint3 ) test
Building convert_short4_rtz( uint4 ) test
Building convert_short8_rtz( uint8 ) test
Building convert_short16_rtz( uint16 ) test
Testing... .done.
	Wimp pass

375) Testing convert_shortn_sat( uintn ):
Building convert_short_sat( uint ) test
Building convert_short2_sat( uint2 ) test
Building convert_short3_sat( uint3 ) test
Building convert_short4_sat( uint4 ) test
Building convert_short8_sat( uint8 ) test
Building convert_short16_sat( uint16 ) test
Testing... .done.
	Wimp pass

376) Testing convert_shortn_sat_rte( uintn ):
Building convert_short_sat_rte( uint ) test
Building convert_short2_sat_rte( uint2 ) test
Building convert_short3_sat_rte( uint3 ) test
Building convert_short4_sat_rte( uint4 ) test
Building convert_short8_sat_rte( uint8 ) test
Building convert_short16_sat_rte( uint16 ) test
Testing... .done.
	Wimp pass

377) Testing convert_shortn_sat_rtp( uintn ):
Building convert_short_sat_rtp( uint ) test
Building convert_short2_sat_rtp( uint2 ) test
Building convert_short3_sat_rtp( uint3 ) test
Building convert_short4_sat_rtp( uint4 ) test
Building convert_short8_sat_rtp( uint8 ) test
Building convert_short16_sat_rtp( uint16 ) test
Testing... .done.
	Wimp pass

378) Testing convert_shortn_sat_rtn( uintn ):
Building convert_short_sat_rtn( uint ) test
Building convert_short2_sat_rtn( uint2 ) test
Building convert_short3_sat_rtn( uint3 ) test
Building convert_short4_sat_rtn( uint4 ) test
Building convert_short8_sat_rtn( uint8 ) test
Building convert_short16_sat_rtn( uint16 ) test
Testing... .done.
	Wimp pass

379) Testing convert_shortn_sat_rtz( uintn ):
Building convert_short_sat_rtz( uint ) test
Building convert_short2_sat_rtz( uint2 ) test
Building convert_short3_sat_rtz( uint3 ) test
Building convert_short4_sat_rtz( uint4 ) test
Building convert_short8_sat_rtz( uint8 ) test
Building convert_short16_sat_rtz( uint16 ) test
Testing... .done.
	Wimp pass

380) Testing convert_shortn( intn ):
Building implicit int -> short conversion test
Building convert_short( int ) test
Building convert_short2( int2 ) test
Building convert_short3( int3 ) test
Building convert_short4( int4 ) test
Building convert_short8( int8 ) test
Building convert_short16( int16 ) test
Testing... .done.
	Wimp pass

381) Testing convert_shortn_rte( intn ):
Building convert_short_rte( int ) test
Building convert_short2_rte( int2 ) test
Building convert_short3_rte( int3 ) test
Building convert_short4_rte( int4 ) test
Building convert_short8_rte( int8 ) test
Building convert_short16_rte( int16 ) test
Testing... .done.
	Wimp pass

382) Testing convert_shortn_rtp( intn ):
Building convert_short_rtp( int ) test
Building convert_short2_rtp( int2 ) test
Building convert_short3_rtp( int3 ) test
Building convert_short4_rtp( int4 ) test
Building convert_short8_rtp( int8 ) test
Building convert_short16_rtp( int16 ) test
Testing... .done.
	Wimp pass

383) Testing convert_shortn_rtn( intn ):
Building convert_short_rtn( int ) test
Building convert_short2_rtn( int2 ) test
Building convert_short3_rtn( int3 ) test
Building convert_short4_rtn( int4 ) test
Building convert_short8_rtn( int8 ) test
Building convert_short16_rtn( int16 ) test
Testing... .done.
	Wimp pass

384) Testing convert_shortn_rtz( intn ):
Building convert_short_rtz( int ) test
Building convert_short2_rtz( int2 ) test
Building convert_short3_rtz( int3 ) test
Building convert_short4_rtz( int4 ) test
Building convert_short8_rtz( int8 ) test
Building convert_short16_rtz( int16 ) test
Testing... .done.
	Wimp pass

385) Testing convert_shortn_sat( intn ):
Building convert_short_sat( int ) test
Building convert_short2_sat( int2 ) test
Building convert_short3_sat( int3 ) test
Building convert_short4_sat( int4 ) test
Building convert_short8_sat( int8 ) test
Building convert_short16_sat( int16 ) test
Testing... .done.
	Wimp pass

386) Testing convert_shortn_sat_rte( intn ):
Building convert_short_sat_rte( int ) test
Building convert_short2_sat_rte( int2 ) test
Building convert_short3_sat_rte( int3 ) test
Building convert_short4_sat_rte( int4 ) test
Building convert_short8_sat_rte( int8 ) test
Building convert_short16_sat_rte( int16 ) test
Testing... .done.
	Wimp pass

387) Testing convert_shortn_sat_rtp( intn ):
Building convert_short_sat_rtp( int ) test
Building convert_short2_sat_rtp( int2 ) test
Building convert_short3_sat_rtp( int3 ) test
Building convert_short4_sat_rtp( int4 ) test
Building convert_short8_sat_rtp( int8 ) test
Building convert_short16_sat_rtp( int16 ) test
Testing... .done.
	Wimp pass

388) Testing convert_shortn_sat_rtn( intn ):
Building convert_short_sat_rtn( int ) test
Building convert_short2_sat_rtn( int2 ) test
Building convert_short3_sat_rtn( int3 ) test
Building convert_short4_sat_rtn( int4 ) test
Building convert_short8_sat_rtn( int8 ) test
Building convert_short16_sat_rtn( int16 ) test
Testing... .done.
	Wimp pass

389) Testing convert_shortn_sat_rtz( intn ):
Building convert_short_sat_rtz( int ) test
Building convert_short2_sat_rtz( int2 ) test
Building convert_short3_sat_rtz( int3 ) test
Building convert_short4_sat_rtz( int4 ) test
Building convert_short8_sat_rtz( int8 ) test
Building convert_short16_sat_rtz( int16 ) test
Testing... .done.
	Wimp pass

390) Testing convert_shortn( halfn ):
Building implicit half -> short conversion test
Building convert_short( half ) test
Building convert_short2( half2 ) test
Building convert_short3( half3 ) test
Building convert_short4( half4 ) test
Building convert_short8( half8 ) test
Building convert_short16( half16 ) test
Testing... .done.
	Wimp pass

391) Testing convert_shortn_rte( halfn ):
Building convert_short_rte( half ) test
Building convert_short2_rte( half2 ) test
Building convert_short3_rte( half3 ) test
Building convert_short4_rte( half4 ) test
Building convert_short8_rte( half8 ) test
Building convert_short16_rte( half16 ) test
Testing... .done.
	Wimp pass

392) Testing convert_shortn_rtp( halfn ):
Building convert_short_rtp( half ) test
Building convert_short2_rtp( half2 ) test
Building convert_short3_rtp( half3 ) test
Building convert_short4_rtp( half4 ) test
Building convert_short8_rtp( half8 ) test
Building convert_short16_rtp( half16 ) test
Testing... .done.
	Wimp pass

393) Testing convert_shortn_rtn( halfn ):
Building convert_short_rtn( half ) test
Building convert_short2_rtn( half2 ) test
Building convert_short3_rtn( half3 ) test
Building convert_short4_rtn( half4 ) test
Building convert_short8_rtn( half8 ) test
Building convert_short16_rtn( half16 ) test
Testing... .done.
	Wimp pass

394) Testing convert_shortn_rtz( halfn ):
Building convert_short_rtz( half ) test
Building convert_short2_rtz( half2 ) test
Building convert_short3_rtz( half3 ) test
Building convert_short4_rtz( half4 ) test
Building convert_short8_rtz( half8 ) test
Building convert_short16_rtz( half16 ) test
Testing... .done.
	Wimp pass

395) Testing convert_shortn_sat( halfn ):
Building convert_short_sat( half ) test
Building convert_short2_sat( half2 ) test
Building convert_short3_sat( half3 ) test
Building convert_short4_sat( half4 ) test
Building convert_short8_sat( half8 ) test
Building convert_short16_sat( half16 ) test
Testing... .done.
	Wimp pass

396) Testing convert_shortn_sat_rte( halfn ):
Building convert_short_sat_rte( half ) test
Building convert_short2_sat_rte( half2 ) test
Building convert_short3_sat_rte( half3 ) test
Building convert_short4_sat_rte( half4 ) test
Building convert_short8_sat_rte( half8 ) test
Building convert_short16_sat_rte( half16 ) test
Testing... .done.
	Wimp pass

397) Testing convert_shortn_sat_rtp( halfn ):
Building convert_short_sat_rtp( half ) test
Building convert_short2_sat_rtp( half2 ) test
Building convert_short3_sat_rtp( half3 ) test
Building convert_short4_sat_rtp( half4 ) test
Building convert_short8_sat_rtp( half8 ) test
Building convert_short16_sat_rtp( half16 ) test
Testing... .done.
	Wimp pass

398) Testing convert_shortn_sat_rtn( halfn ):
Building convert_short_sat_rtn( half ) test
Building convert_short2_sat_rtn( half2 ) test
Building convert_short3_sat_rtn( half3 ) test
Building convert_short4_sat_rtn( half4 ) test
Building convert_short8_sat_rtn( half8 ) test
Building convert_short16_sat_rtn( half16 ) test
Testing... .done.
	Wimp pass

399) Testing convert_shortn_sat_rtz( halfn ):
Building convert_short_sat_rtz( half ) test
Building convert_short2_sat_rtz( half2 ) test
Building convert_short3_sat_rtz( half3 ) test
Building convert_short4_sat_rtz( half4 ) test
Building convert_short8_sat_rtz( half8 ) test
Building convert_short16_sat_rtz( half16 ) test
Testing... .done.
	Wimp pass

400) Testing convert_shortn( floatn ):
Building implicit float -> short conversion test
Building convert_short( float ) test
Building convert_short2( float2 ) test
Building convert_short3( float3 ) test
Building convert_short4( float4 ) test
Building convert_short8( float8 ) test
Building convert_short16( float16 ) test
Testing... .done.
	Wimp pass

401) Testing convert_shortn_rte( floatn ):
Building convert_short_rte( float ) test
Building convert_short2_rte( float2 ) test
Building convert_short3_rte( float3 ) test
Building convert_short4_rte( float4 ) test
Building convert_short8_rte( float8 ) test
Building convert_short16_rte( float16 ) test
Testing... .done.
	Wimp pass

402) Testing convert_shortn_rtp( floatn ):
Building convert_short_rtp( float ) test
Building convert_short2_rtp( float2 ) test
Building convert_short3_rtp( float3 ) test
Building convert_short4_rtp( float4 ) test
Building convert_short8_rtp( float8 ) test
Building convert_short16_rtp( float16 ) test
Testing... .done.
	Wimp pass

403) Testing convert_shortn_rtn( floatn ):
Building convert_short_rtn( float ) test
Building convert_short2_rtn( float2 ) test
Building convert_short3_rtn( float3 ) test
Building convert_short4_rtn( float4 ) test
Building convert_short8_rtn( float8 ) test
Building convert_short16_rtn( float16 ) test
Testing... .done.
	Wimp pass

404) Testing convert_shortn_rtz( floatn ):
Building convert_short_rtz( float ) test
Building convert_short2_rtz( float2 ) test
Building convert_short3_rtz( float3 ) test
Building convert_short4_rtz( float4 ) test
Building convert_short8_rtz( float8 ) test
Building convert_short16_rtz( float16 ) test
Testing... .done.
	Wimp pass

405) Testing convert_shortn_sat( floatn ):
Building convert_short_sat( float ) test
Building convert_short2_sat( float2 ) test
Building convert_short3_sat( float3 ) test
Building convert_short4_sat( float4 ) test
Building convert_short8_sat( float8 ) test
Building convert_short16_sat( float16 ) test
Testing... .done.
	Wimp pass

406) Testing convert_shortn_sat_rte( floatn ):
Building convert_short_sat_rte( float ) test
Building convert_short2_sat_rte( float2 ) test
Building convert_short3_sat_rte( float3 ) test
Building convert_short4_sat_rte( float4 ) test
Building convert_short8_sat_rte( float8 ) test
Building convert_short16_sat_rte( float16 ) test
Testing... .done.
	Wimp pass

407) Testing convert_shortn_sat_rtp( floatn ):
Building convert_short_sat_rtp( float ) test
Building convert_short2_sat_rtp( float2 ) test
Building convert_short3_sat_rtp( float3 ) test
Building convert_short4_sat_rtp( float4 ) test
Building convert_short8_sat_rtp( float8 ) test
Building convert_short16_sat_rtp( float16 ) test
Testing... .done.
	Wimp pass

408) Testing convert_shortn_sat_rtn( floatn ):
Building convert_short_sat_rtn( float ) test
Building convert_short2_sat_rtn( float2 ) test
Building convert_short3_sat_rtn( float3 ) test
Building convert_short4_sat_rtn( float4 ) test
Building convert_short8_sat_rtn( float8 ) test
Building convert_short16_sat_rtn( float16 ) test
Testing... .done.
	Wimp pass

409) Testing convert_shortn_sat_rtz( floatn ):
Building convert_short_sat_rtz( float ) test
Building convert_short2_sat_rtz( float2 ) test
Building convert_short3_sat_rtz( float3 ) test
Building convert_short4_sat_rtz( float4 ) test
Building convert_short8_sat_rtz( float8 ) test
Building convert_short16_sat_rtz( float16 ) test
Testing... .done.
	Wimp pass

410) Testing convert_shortn( doublen ):
411) Testing convert_shortn_rte( doublen ):
412) Testing convert_shortn_rtp( doublen ):
413) Testing convert_shortn_rtn( doublen ):
414) Testing convert_shortn_rtz( doublen ):
415) Testing convert_shortn_sat( doublen ):
416) Testing convert_shortn_sat_rte( doublen ):
417) Testing convert_shortn_sat_rtp( doublen ):
418) Testing convert_shortn_sat_rtn( doublen ):
419) Testing convert_shortn_sat_rtz( doublen ):
420) Testing convert_shortn( ulongn ):
Building implicit ulong -> short conversion test
Building convert_short( ulong ) test
Building convert_short2( ulong2 ) test
Building convert_short3( ulong3 ) test
Building convert_short4( ulong4 ) test
Building convert_short8( ulong8 ) test
Building convert_short16( ulong16 ) test
Testing... ..done.
	Wimp pass

421) Testing convert_shortn_rte( ulongn ):
Building convert_short_rte( ulong ) test
Building convert_short2_rte( ulong2 ) test
Building convert_short3_rte( ulong3 ) test
Building convert_short4_rte( ulong4 ) test
Building convert_short8_rte( ulong8 ) test
Building convert_short16_rte( ulong16 ) test
Testing... ..done.
	Wimp pass

422) Testing convert_shortn_rtp( ulongn ):
Building convert_short_rtp( ulong ) test
Building convert_short2_rtp( ulong2 ) test
Building convert_short3_rtp( ulong3 ) test
Building convert_short4_rtp( ulong4 ) test
Building convert_short8_rtp( ulong8 ) test
Building convert_short16_rtp( ulong16 ) test
Testing... ..done.
	Wimp pass

423) Testing convert_shortn_rtn( ulongn ):
Building convert_short_rtn( ulong ) test
Building convert_short2_rtn( ulong2 ) test
Building convert_short3_rtn( ulong3 ) test
Building convert_short4_rtn( ulong4 ) test
Building convert_short8_rtn( ulong8 ) test
Building convert_short16_rtn( ulong16 ) test
Testing... ..done.
	Wimp pass

424) Testing convert_shortn_rtz( ulongn ):
Building convert_short_rtz( ulong ) test
Building convert_short2_rtz( ulong2 ) test
Building convert_short3_rtz( ulong3 ) test
Building convert_short4_rtz( ulong4 ) test
Building convert_short8_rtz( ulong8 ) test
Building convert_short16_rtz( ulong16 ) test
Testing... ..done.
	Wimp pass

425) Testing convert_shortn_sat( ulongn ):
Building convert_short_sat( ulong ) test
Building convert_short2_sat( ulong2 ) test
Building convert_short3_sat( ulong3 ) test
Building convert_short4_sat( ulong4 ) test
Building convert_short8_sat( ulong8 ) test
Building convert_short16_sat( ulong16 ) test
Testing... ..done.
	Wimp pass

426) Testing convert_shortn_sat_rte( ulongn ):
Building convert_short_sat_rte( ulong ) test
Building convert_short2_sat_rte( ulong2 ) test
Building convert_short3_sat_rte( ulong3 ) test
Building convert_short4_sat_rte( ulong4 ) test
Building convert_short8_sat_rte( ulong8 ) test
Building convert_short16_sat_rte( ulong16 ) test
Testing... ..done.
	Wimp pass

427) Testing convert_shortn_sat_rtp( ulongn ):
Building convert_short_sat_rtp( ulong ) test
Building convert_short2_sat_rtp( ulong2 ) test
Building convert_short3_sat_rtp( ulong3 ) test
Building convert_short4_sat_rtp( ulong4 ) test
Building convert_short8_sat_rtp( ulong8 ) test
Building convert_short16_sat_rtp( ulong16 ) test
Testing... ..done.
	Wimp pass

428) Testing convert_shortn_sat_rtn( ulongn ):
Building convert_short_sat_rtn( ulong ) test
Building convert_short2_sat_rtn( ulong2 ) test
Building convert_short3_sat_rtn( ulong3 ) test
Building convert_short4_sat_rtn( ulong4 ) test
Building convert_short8_sat_rtn( ulong8 ) test
Building convert_short16_sat_rtn( ulong16 ) test
Testing... ..done.
	Wimp pass

429) Testing convert_shortn_sat_rtz( ulongn ):
Building convert_short_sat_rtz( ulong ) test
Building convert_short2_sat_rtz( ulong2 ) test
Building convert_short3_sat_rtz( ulong3 ) test
Building convert_short4_sat_rtz( ulong4 ) test
Building convert_short8_sat_rtz( ulong8 ) test
Building convert_short16_sat_rtz( ulong16 ) test
Testing... ..done.
	Wimp pass

430) Testing convert_shortn( longn ):
Building implicit long -> short conversion test
Building convert_short( long ) test
Building convert_short2( long2 ) test
Building convert_short3( long3 ) test
Building convert_short4( long4 ) test
Building convert_short8( long8 ) test
Building convert_short16( long16 ) test
Testing... ..done.
	Wimp pass

431) Testing convert_shortn_rte( longn ):
Building convert_short_rte( long ) test
Building convert_short2_rte( long2 ) test
Building convert_short3_rte( long3 ) test
Building convert_short4_rte( long4 ) test
Building convert_short8_rte( long8 ) test
Building convert_short16_rte( long16 ) test
Testing... ..done.
	Wimp pass

432) Testing convert_shortn_rtp( longn ):
Building convert_short_rtp( long ) test
Building convert_short2_rtp( long2 ) test
Building convert_short3_rtp( long3 ) test
Building convert_short4_rtp( long4 ) test
Building convert_short8_rtp( long8 ) test
Building convert_short16_rtp( long16 ) test
Testing... ..done.
	Wimp pass

433) Testing convert_shortn_rtn( longn ):
Building convert_short_rtn( long ) test
Building convert_short2_rtn( long2 ) test
Building convert_short3_rtn( long3 ) test
Building convert_short4_rtn( long4 ) test
Building convert_short8_rtn( long8 ) test
Building convert_short16_rtn( long16 ) test
Testing... ..done.
	Wimp pass

434) Testing convert_shortn_rtz( longn ):
Building convert_short_rtz( long ) test
Building convert_short2_rtz( long2 ) test
Building convert_short3_rtz( long3 ) test
Building convert_short4_rtz( long4 ) test
Building convert_short8_rtz( long8 ) test
Building convert_short16_rtz( long16 ) test
Testing... ..done.
	Wimp pass

435) Testing convert_shortn_sat( longn ):
Building convert_short_sat( long ) test
Building convert_short2_sat( long2 ) test
Building convert_short3_sat( long3 ) test
Building convert_short4_sat( long4 ) test
Building convert_short8_sat( long8 ) test
Building convert_short16_sat( long16 ) test
Testing... ..done.
	Wimp pass

436) Testing convert_shortn_sat_rte( longn ):
Building convert_short_sat_rte( long ) test
Building convert_short2_sat_rte( long2 ) test
Building convert_short3_sat_rte( long3 ) test
Building convert_short4_sat_rte( long4 ) test
Building convert_short8_sat_rte( long8 ) test
Building convert_short16_sat_rte( long16 ) test
Testing... ..done.
	Wimp pass

437) Testing convert_shortn_sat_rtp( longn ):
Building convert_short_sat_rtp( long ) test
Building convert_short2_sat_rtp( long2 ) test
Building convert_short3_sat_rtp( long3 ) test
Building convert_short4_sat_rtp( long4 ) test
Building convert_short8_sat_rtp( long8 ) test
Building convert_short16_sat_rtp( long16 ) test
Testing... ..done.
	Wimp pass

438) Testing convert_shortn_sat_rtn( longn ):
Building convert_short_sat_rtn( long ) test
Building convert_short2_sat_rtn( long2 ) test
Building convert_short3_sat_rtn( long3 ) test
Building convert_short4_sat_rtn( long4 ) test
Building convert_short8_sat_rtn( long8 ) test
Building convert_short16_sat_rtn( long16 ) test
Testing... ..done.
	Wimp pass

439) Testing convert_shortn_sat_rtz( longn ):
Building convert_short_sat_rtz( long ) test
Building convert_short2_sat_rtz( long2 ) test
Building convert_short3_sat_rtz( long3 ) test
Building convert_short4_sat_rtz( long4 ) test
Building convert_short8_sat_rtz( long8 ) test
Building convert_short16_sat_rtz( long16 ) test
Testing... ..done.
	Wimp pass

440) Testing convert_uintn( ucharn ):
Building implicit uchar -> uint conversion test
Building convert_uint( uchar ) test
Building convert_uint2( uchar2 ) test
Building convert_uint3( uchar3 ) test
Building convert_uint4( uchar4 ) test
Building convert_uint8( uchar8 ) test
Building convert_uint16( uchar16 ) test
Testing... .done.
	Wimp pass

441) Testing convert_uintn_rte( ucharn ):
Building convert_uint_rte( uchar ) test
Building convert_uint2_rte( uchar2 ) test
Building convert_uint3_rte( uchar3 ) test
Building convert_uint4_rte( uchar4 ) test
Building convert_uint8_rte( uchar8 ) test
Building convert_uint16_rte( uchar16 ) test
Testing... .done.
	Wimp pass

442) Testing convert_uintn_rtp( ucharn ):
Building convert_uint_rtp( uchar ) test
Building convert_uint2_rtp( uchar2 ) test
Building convert_uint3_rtp( uchar3 ) test
Building convert_uint4_rtp( uchar4 ) test
Building convert_uint8_rtp( uchar8 ) test
Building convert_uint16_rtp( uchar16 ) test
Testing... .done.
	Wimp pass

443) Testing convert_uintn_rtn( ucharn ):
Building convert_uint_rtn( uchar ) test
Building convert_uint2_rtn( uchar2 ) test
Building convert_uint3_rtn( uchar3 ) test
Building convert_uint4_rtn( uchar4 ) test
Building convert_uint8_rtn( uchar8 ) test
Building convert_uint16_rtn( uchar16 ) test
Testing... .done.
	Wimp pass

444) Testing convert_uintn_rtz( ucharn ):
Building convert_uint_rtz( uchar ) test
Building convert_uint2_rtz( uchar2 ) test
Building convert_uint3_rtz( uchar3 ) test
Building convert_uint4_rtz( uchar4 ) test
Building convert_uint8_rtz( uchar8 ) test
Building convert_uint16_rtz( uchar16 ) test
Testing... .done.
	Wimp pass

445) Testing convert_uintn_sat( ucharn ):
Building convert_uint_sat( uchar ) test
Building convert_uint2_sat( uchar2 ) test
Building convert_uint3_sat( uchar3 ) test
Building convert_uint4_sat( uchar4 ) test
Building convert_uint8_sat( uchar8 ) test
Building convert_uint16_sat( uchar16 ) test
Testing... .done.
	Wimp pass

446) Testing convert_uintn_sat_rte( ucharn ):
Building convert_uint_sat_rte( uchar ) test
Building convert_uint2_sat_rte( uchar2 ) test
Building convert_uint3_sat_rte( uchar3 ) test
Building convert_uint4_sat_rte( uchar4 ) test
Building convert_uint8_sat_rte( uchar8 ) test
Building convert_uint16_sat_rte( uchar16 ) test
Testing... .done.
	Wimp pass

447) Testing convert_uintn_sat_rtp( ucharn ):
Building convert_uint_sat_rtp( uchar ) test
Building convert_uint2_sat_rtp( uchar2 ) test
Building convert_uint3_sat_rtp( uchar3 ) test
Building convert_uint4_sat_rtp( uchar4 ) test
Building convert_uint8_sat_rtp( uchar8 ) test
Building convert_uint16_sat_rtp( uchar16 ) test
Testing... .done.
	Wimp pass

448) Testing convert_uintn_sat_rtn( ucharn ):
Building convert_uint_sat_rtn( uchar ) test
Building convert_uint2_sat_rtn( uchar2 ) test
Building convert_uint3_sat_rtn( uchar3 ) test
Building convert_uint4_sat_rtn( uchar4 ) test
Building convert_uint8_sat_rtn( uchar8 ) test
Building convert_uint16_sat_rtn( uchar16 ) test
Testing... .done.
	Wimp pass

449) Testing convert_uintn_sat_rtz( ucharn ):
Building convert_uint_sat_rtz( uchar ) test
Building convert_uint2_sat_rtz( uchar2 ) test
Building convert_uint3_sat_rtz( uchar3 ) test
Building convert_uint4_sat_rtz( uchar4 ) test
Building convert_uint8_sat_rtz( uchar8 ) test
Building convert_uint16_sat_rtz( uchar16 ) test
Testing... .done.
	Wimp pass

450) Testing convert_uintn( charn ):
Building implicit char -> uint conversion test
Building convert_uint( char ) test
Building convert_uint2( char2 ) test
Building convert_uint3( char3 ) test
Building convert_uint4( char4 ) test
Building convert_uint8( char8 ) test
Building convert_uint16( char16 ) test
Testing... .done.
	Wimp pass

451) Testing convert_uintn_rte( charn ):
Building convert_uint_rte( char ) test
Building convert_uint2_rte( char2 ) test
Building convert_uint3_rte( char3 ) test
Building convert_uint4_rte( char4 ) test
Building convert_uint8_rte( char8 ) test
Building convert_uint16_rte( char16 ) test
Testing... .done.
	Wimp pass

452) Testing convert_uintn_rtp( charn ):
Building convert_uint_rtp( char ) test
Building convert_uint2_rtp( char2 ) test
Building convert_uint3_rtp( char3 ) test
Building convert_uint4_rtp( char4 ) test
Building convert_uint8_rtp( char8 ) test
Building convert_uint16_rtp( char16 ) test
Testing... .done.
	Wimp pass

453) Testing convert_uintn_rtn( charn ):
Building convert_uint_rtn( char ) test
Building convert_uint2_rtn( char2 ) test
Building convert_uint3_rtn( char3 ) test
Building convert_uint4_rtn( char4 ) test
Building convert_uint8_rtn( char8 ) test
Building convert_uint16_rtn( char16 ) test
Testing... .done.
	Wimp pass

454) Testing convert_uintn_rtz( charn ):
Building convert_uint_rtz( char ) test
Building convert_uint2_rtz( char2 ) test
Building convert_uint3_rtz( char3 ) test
Building convert_uint4_rtz( char4 ) test
Building convert_uint8_rtz( char8 ) test
Building convert_uint16_rtz( char16 ) test
Testing... .done.
	Wimp pass

455) Testing convert_uintn_sat( charn ):
Building convert_uint_sat( char ) test
Building convert_uint2_sat( char2 ) test
Building convert_uint3_sat( char3 ) test
Building convert_uint4_sat( char4 ) test
Building convert_uint8_sat( char8 ) test
Building convert_uint16_sat( char16 ) test
Testing... .done.
	Wimp pass

456) Testing convert_uintn_sat_rte( charn ):
Building convert_uint_sat_rte( char ) test
Building convert_uint2_sat_rte( char2 ) test
Building convert_uint3_sat_rte( char3 ) test
Building convert_uint4_sat_rte( char4 ) test
Building convert_uint8_sat_rte( char8 ) test
Building convert_uint16_sat_rte( char16 ) test
Testing... .done.
	Wimp pass

457) Testing convert_uintn_sat_rtp( charn ):
Building convert_uint_sat_rtp( char ) test
Building convert_uint2_sat_rtp( char2 ) test
Building convert_uint3_sat_rtp( char3 ) test
Building convert_uint4_sat_rtp( char4 ) test
Building convert_uint8_sat_rtp( char8 ) test
Building convert_uint16_sat_rtp( char16 ) test
Testing... .done.
	Wimp pass

458) Testing convert_uintn_sat_rtn( charn ):
Building convert_uint_sat_rtn( char ) test
Building convert_uint2_sat_rtn( char2 ) test
Building convert_uint3_sat_rtn( char3 ) test
Building convert_uint4_sat_rtn( char4 ) test
Building convert_uint8_sat_rtn( char8 ) test
Building convert_uint16_sat_rtn( char16 ) test
Testing... .done.
	Wimp pass

459) Testing convert_uintn_sat_rtz( charn ):
Building convert_uint_sat_rtz( char ) test
Building convert_uint2_sat_rtz( char2 ) test
Building convert_uint3_sat_rtz( char3 ) test
Building convert_uint4_sat_rtz( char4 ) test
Building convert_uint8_sat_rtz( char8 ) test
Building convert_uint16_sat_rtz( char16 ) test
Testing... .done.
	Wimp pass

460) Testing convert_uintn( ushortn ):
Building implicit ushort -> uint conversion test
Building convert_uint( ushort ) test
Building convert_uint2( ushort2 ) test
Building convert_uint3( ushort3 ) test
Building convert_uint4( ushort4 ) test
Building convert_uint8( ushort8 ) test
Building convert_uint16( ushort16 ) test
Testing... .done.
	Wimp pass

461) Testing convert_uintn_rte( ushortn ):
Building convert_uint_rte( ushort ) test
Building convert_uint2_rte( ushort2 ) test
Building convert_uint3_rte( ushort3 ) test
Building convert_uint4_rte( ushort4 ) test
Building convert_uint8_rte( ushort8 ) test
Building convert_uint16_rte( ushort16 ) test
Testing... .done.
	Wimp pass

462) Testing convert_uintn_rtp( ushortn ):
Building convert_uint_rtp( ushort ) test
Building convert_uint2_rtp( ushort2 ) test
Building convert_uint3_rtp( ushort3 ) test
Building convert_uint4_rtp( ushort4 ) test
Building convert_uint8_rtp( ushort8 ) test
Building convert_uint16_rtp( ushort16 ) test
Testing... .done.
	Wimp pass

463) Testing convert_uintn_rtn( ushortn ):
Building convert_uint_rtn( ushort ) test
Building convert_uint2_rtn( ushort2 ) test
Building convert_uint3_rtn( ushort3 ) test
Building convert_uint4_rtn( ushort4 ) test
Building convert_uint8_rtn( ushort8 ) test
Building convert_uint16_rtn( ushort16 ) test
Testing... .done.
	Wimp pass

464) Testing convert_uintn_rtz( ushortn ):
Building convert_uint_rtz( ushort ) test
Building convert_uint2_rtz( ushort2 ) test
Building convert_uint3_rtz( ushort3 ) test
Building convert_uint4_rtz( ushort4 ) test
Building convert_uint8_rtz( ushort8 ) test
Building convert_uint16_rtz( ushort16 ) test
Testing... .done.
	Wimp pass

465) Testing convert_uintn_sat( ushortn ):
Building convert_uint_sat( ushort ) test
Building convert_uint2_sat( ushort2 ) test
Building convert_uint3_sat( ushort3 ) test
Building convert_uint4_sat( ushort4 ) test
Building convert_uint8_sat( ushort8 ) test
Building convert_uint16_sat( ushort16 ) test
Testing... .done.
	Wimp pass

466) Testing convert_uintn_sat_rte( ushortn ):
Building convert_uint_sat_rte( ushort ) test
Building convert_uint2_sat_rte( ushort2 ) test
Building convert_uint3_sat_rte( ushort3 ) test
Building convert_uint4_sat_rte( ushort4 ) test
Building convert_uint8_sat_rte( ushort8 ) test
Building convert_uint16_sat_rte( ushort16 ) test
Testing... .done.
	Wimp pass

467) Testing convert_uintn_sat_rtp( ushortn ):
Building convert_uint_sat_rtp( ushort ) test
Building convert_uint2_sat_rtp( ushort2 ) test
Building convert_uint3_sat_rtp( ushort3 ) test
Building convert_uint4_sat_rtp( ushort4 ) test
Building convert_uint8_sat_rtp( ushort8 ) test
Building convert_uint16_sat_rtp( ushort16 ) test
Testing... .done.
	Wimp pass

468) Testing convert_uintn_sat_rtn( ushortn ):
Building convert_uint_sat_rtn( ushort ) test
Building convert_uint2_sat_rtn( ushort2 ) test
Building convert_uint3_sat_rtn( ushort3 ) test
Building convert_uint4_sat_rtn( ushort4 ) test
Building convert_uint8_sat_rtn( ushort8 ) test
Building convert_uint16_sat_rtn( ushort16 ) test
Testing... .done.
	Wimp pass

469) Testing convert_uintn_sat_rtz( ushortn ):
Building convert_uint_sat_rtz( ushort ) test
Building convert_uint2_sat_rtz( ushort2 ) test
Building convert_uint3_sat_rtz( ushort3 ) test
Building convert_uint4_sat_rtz( ushort4 ) test
Building convert_uint8_sat_rtz( ushort8 ) test
Building convert_uint16_sat_rtz( ushort16 ) test
Testing... .done.
	Wimp pass

470) Testing convert_uintn( shortn ):
Building implicit short -> uint conversion test
Building convert_uint( short ) test
Building convert_uint2( short2 ) test
Building convert_uint3( short3 ) test
Building convert_uint4( short4 ) test
Building convert_uint8( short8 ) test
Building convert_uint16( short16 ) test
Testing... .done.
	Wimp pass

471) Testing convert_uintn_rte( shortn ):
Building convert_uint_rte( short ) test
Building convert_uint2_rte( short2 ) test
Building convert_uint3_rte( short3 ) test
Building convert_uint4_rte( short4 ) test
Building convert_uint8_rte( short8 ) test
Building convert_uint16_rte( short16 ) test
Testing... .done.
	Wimp pass

472) Testing convert_uintn_rtp( shortn ):
Building convert_uint_rtp( short ) test
Building convert_uint2_rtp( short2 ) test
Building convert_uint3_rtp( short3 ) test
Building convert_uint4_rtp( short4 ) test
Building convert_uint8_rtp( short8 ) test
Building convert_uint16_rtp( short16 ) test
Testing... .done.
	Wimp pass

473) Testing convert_uintn_rtn( shortn ):
Building convert_uint_rtn( short ) test
Building convert_uint2_rtn( short2 ) test
Building convert_uint3_rtn( short3 ) test
Building convert_uint4_rtn( short4 ) test
Building convert_uint8_rtn( short8 ) test
Building convert_uint16_rtn( short16 ) test
Testing... .done.
	Wimp pass

474) Testing convert_uintn_rtz( shortn ):
Building convert_uint_rtz( short ) test
Building convert_uint2_rtz( short2 ) test
Building convert_uint3_rtz( short3 ) test
Building convert_uint4_rtz( short4 ) test
Building convert_uint8_rtz( short8 ) test
Building convert_uint16_rtz( short16 ) test
Testing... .done.
	Wimp pass

475) Testing convert_uintn_sat( shortn ):
Building convert_uint_sat( short ) test
Building convert_uint2_sat( short2 ) test
Building convert_uint3_sat( short3 ) test
Building convert_uint4_sat( short4 ) test
Building convert_uint8_sat( short8 ) test
Building convert_uint16_sat( short16 ) test
Testing... .done.
	Wimp pass

476) Testing convert_uintn_sat_rte( shortn ):
Building convert_uint_sat_rte( short ) test
Building convert_uint2_sat_rte( short2 ) test
Building convert_uint3_sat_rte( short3 ) test
Building convert_uint4_sat_rte( short4 ) test
Building convert_uint8_sat_rte( short8 ) test
Building convert_uint16_sat_rte( short16 ) test
Testing... .done.
	Wimp pass

477) Testing convert_uintn_sat_rtp( shortn ):
Building convert_uint_sat_rtp( short ) test
Building convert_uint2_sat_rtp( short2 ) test
Building convert_uint3_sat_rtp( short3 ) test
Building convert_uint4_sat_rtp( short4 ) test
Building convert_uint8_sat_rtp( short8 ) test
Building convert_uint16_sat_rtp( short16 ) test
Testing... .done.
	Wimp pass

478) Testing convert_uintn_sat_rtn( shortn ):
Building convert_uint_sat_rtn( short ) test
Building convert_uint2_sat_rtn( short2 ) test
Building convert_uint3_sat_rtn( short3 ) test
Building convert_uint4_sat_rtn( short4 ) test
Building convert_uint8_sat_rtn( short8 ) test
Building convert_uint16_sat_rtn( short16 ) test
Testing... .done.
	Wimp pass

479) Testing convert_uintn_sat_rtz( shortn ):
Building convert_uint_sat_rtz( short ) test
Building convert_uint2_sat_rtz( short2 ) test
Building convert_uint3_sat_rtz( short3 ) test
Building convert_uint4_sat_rtz( short4 ) test
Building convert_uint8_sat_rtz( short8 ) test
Building convert_uint16_sat_rtz( short16 ) test
Testing... .done.
	Wimp pass

480) Testing convert_uintn( uintn ):
Building implicit uint -> uint conversion test
Building convert_uint( uint ) test
Building convert_uint2( uint2 ) test
Building convert_uint3( uint3 ) test
Building convert_uint4( uint4 ) test
Building convert_uint8( uint8 ) test
Building convert_uint16( uint16 ) test
Testing... .done.
	Wimp pass

481) Testing convert_uintn_rte( uintn ):
Building convert_uint_rte( uint ) test
Building convert_uint2_rte( uint2 ) test
Building convert_uint3_rte( uint3 ) test
Building convert_uint4_rte( uint4 ) test
Building convert_uint8_rte( uint8 ) test
Building convert_uint16_rte( uint16 ) test
Testing... .done.
	Wimp pass

482) Testing convert_uintn_rtp( uintn ):
Building convert_uint_rtp( uint ) test
Building convert_uint2_rtp( uint2 ) test
Building convert_uint3_rtp( uint3 ) test
Building convert_uint4_rtp( uint4 ) test
Building convert_uint8_rtp( uint8 ) test
Building convert_uint16_rtp( uint16 ) test
Testing... .done.
	Wimp pass

483) Testing convert_uintn_rtn( uintn ):
Building convert_uint_rtn( uint ) test
Building convert_uint2_rtn( uint2 ) test
Building convert_uint3_rtn( uint3 ) test
Building convert_uint4_rtn( uint4 ) test
Building convert_uint8_rtn( uint8 ) test
Building convert_uint16_rtn( uint16 ) test
Testing... .done.
	Wimp pass

484) Testing convert_uintn_rtz( uintn ):
Building convert_uint_rtz( uint ) test
Building convert_uint2_rtz( uint2 ) test
Building convert_uint3_rtz( uint3 ) test
Building convert_uint4_rtz( uint4 ) test
Building convert_uint8_rtz( uint8 ) test
Building convert_uint16_rtz( uint16 ) test
Testing... .done.
	Wimp pass

485) Testing convert_uintn_sat( uintn ):
Building convert_uint_sat( uint ) test
Building convert_uint2_sat( uint2 ) test
Building convert_uint3_sat( uint3 ) test
Building convert_uint4_sat( uint4 ) test
Building convert_uint8_sat( uint8 ) test
Building convert_uint16_sat( uint16 ) test
Testing... .done.
	Wimp pass

486) Testing convert_uintn_sat_rte( uintn ):
Building convert_uint_sat_rte( uint ) test
Building convert_uint2_sat_rte( uint2 ) test
Building convert_uint3_sat_rte( uint3 ) test
Building convert_uint4_sat_rte( uint4 ) test
Building convert_uint8_sat_rte( uint8 ) test
Building convert_uint16_sat_rte( uint16 ) test
Testing... .done.
	Wimp pass

487) Testing convert_uintn_sat_rtp( uintn ):
Building convert_uint_sat_rtp( uint ) test
Building convert_uint2_sat_rtp( uint2 ) test
Building convert_uint3_sat_rtp( uint3 ) test
Building convert_uint4_sat_rtp( uint4 ) test
Building convert_uint8_sat_rtp( uint8 ) test
Building convert_uint16_sat_rtp( uint16 ) test
Testing... .done.
	Wimp pass

488) Testing convert_uintn_sat_rtn( uintn ):
Building convert_uint_sat_rtn( uint ) test
Building convert_uint2_sat_rtn( uint2 ) test
Building convert_uint3_sat_rtn( uint3 ) test
Building convert_uint4_sat_rtn( uint4 ) test
Building convert_uint8_sat_rtn( uint8 ) test
Building convert_uint16_sat_rtn( uint16 ) test
Testing... .done.
	Wimp pass

489) Testing convert_uintn_sat_rtz( uintn ):
Building convert_uint_sat_rtz( uint ) test
Building convert_uint2_sat_rtz( uint2 ) test
Building convert_uint3_sat_rtz( uint3 ) test
Building convert_uint4_sat_rtz( uint4 ) test
Building convert_uint8_sat_rtz( uint8 ) test
Building convert_uint16_sat_rtz( uint16 ) test
Testing... .done.
	Wimp pass

490) Testing convert_uintn( intn ):
Building implicit int -> uint conversion test
Building convert_uint( int ) test
Building convert_uint2( int2 ) test
Building convert_uint3( int3 ) test
Building convert_uint4( int4 ) test
Building convert_uint8( int8 ) test
Building convert_uint16( int16 ) test
Testing... .done.
	Wimp pass

491) Testing convert_uintn_rte( intn ):
Building convert_uint_rte( int ) test
Building convert_uint2_rte( int2 ) test
Building convert_uint3_rte( int3 ) test
Building convert_uint4_rte( int4 ) test
Building convert_uint8_rte( int8 ) test
Building convert_uint16_rte( int16 ) test
Testing... .done.
	Wimp pass

492) Testing convert_uintn_rtp( intn ):
Building convert_uint_rtp( int ) test
Building convert_uint2_rtp( int2 ) test
Building convert_uint3_rtp( int3 ) test
Building convert_uint4_rtp( int4 ) test
Building convert_uint8_rtp( int8 ) test
Building convert_uint16_rtp( int16 ) test
Testing... .done.
	Wimp pass

493) Testing convert_uintn_rtn( intn ):
Building convert_uint_rtn( int ) test
Building convert_uint2_rtn( int2 ) test
Building convert_uint3_rtn( int3 ) test
Building convert_uint4_rtn( int4 ) test
Building convert_uint8_rtn( int8 ) test
Building convert_uint16_rtn( int16 ) test
Testing... .done.
	Wimp pass

494) Testing convert_uintn_rtz( intn ):
Building convert_uint_rtz( int ) test
Building convert_uint2_rtz( int2 ) test
Building convert_uint3_rtz( int3 ) test
Building convert_uint4_rtz( int4 ) test
Building convert_uint8_rtz( int8 ) test
Building convert_uint16_rtz( int16 ) test
Testing... .done.
	Wimp pass

495) Testing convert_uintn_sat( intn ):
Building convert_uint_sat( int ) test
Building convert_uint2_sat( int2 ) test
Building convert_uint3_sat( int3 ) test
Building convert_uint4_sat( int4 ) test
Building convert_uint8_sat( int8 ) test
Building convert_uint16_sat( int16 ) test
Testing... .done.
	Wimp pass

496) Testing convert_uintn_sat_rte( intn ):
Building convert_uint_sat_rte( int ) test
Building convert_uint2_sat_rte( int2 ) test
Building convert_uint3_sat_rte( int3 ) test
Building convert_uint4_sat_rte( int4 ) test
Building convert_uint8_sat_rte( int8 ) test
Building convert_uint16_sat_rte( int16 ) test
Testing... .done.
	Wimp pass

497) Testing convert_uintn_sat_rtp( intn ):
Building convert_uint_sat_rtp( int ) test
Building convert_uint2_sat_rtp( int2 ) test
Building convert_uint3_sat_rtp( int3 ) test
Building convert_uint4_sat_rtp( int4 ) test
Building convert_uint8_sat_rtp( int8 ) test
Building convert_uint16_sat_rtp( int16 ) test
Testing... .done.
	Wimp pass

498) Testing convert_uintn_sat_rtn( intn ):
Building convert_uint_sat_rtn( int ) test
Building convert_uint2_sat_rtn( int2 ) test
Building convert_uint3_sat_rtn( int3 ) test
Building convert_uint4_sat_rtn( int4 ) test
Building convert_uint8_sat_rtn( int8 ) test
Building convert_uint16_sat_rtn( int16 ) test
Testing... .done.
	Wimp pass

499) Testing convert_uintn_sat_rtz( intn ):
Building convert_uint_sat_rtz( int ) test
Building convert_uint2_sat_rtz( int2 ) test
Building convert_uint3_sat_rtz( int3 ) test
Building convert_uint4_sat_rtz( int4 ) test
Building convert_uint8_sat_rtz( int8 ) test
Building convert_uint16_sat_rtz( int16 ) test
Testing... .done.
	Wimp pass

500) Testing convert_uintn( halfn ):
Building implicit half -> uint conversion test
Building convert_uint( half ) test
Building convert_uint2( half2 ) test
Building convert_uint3( half3 ) test
Building convert_uint4( half4 ) test
Building convert_uint8( half8 ) test
Building convert_uint16( half16 ) test
Testing... .done.
	Wimp pass

501) Testing convert_uintn_rte( halfn ):
Building convert_uint_rte( half ) test
Building convert_uint2_rte( half2 ) test
Building convert_uint3_rte( half3 ) test
Building convert_uint4_rte( half4 ) test
Building convert_uint8_rte( half8 ) test
Building convert_uint16_rte( half16 ) test
Testing... .done.
	Wimp pass

502) Testing convert_uintn_rtp( halfn ):
Building convert_uint_rtp( half ) test
Building convert_uint2_rtp( half2 ) test
Building convert_uint3_rtp( half3 ) test
Building convert_uint4_rtp( half4 ) test
Building convert_uint8_rtp( half8 ) test
Building convert_uint16_rtp( half16 ) test
Testing... .done.
	Wimp pass

503) Testing convert_uintn_rtn( halfn ):
Building convert_uint_rtn( half ) test
Building convert_uint2_rtn( half2 ) test
Building convert_uint3_rtn( half3 ) test
Building convert_uint4_rtn( half4 ) test
Building convert_uint8_rtn( half8 ) test
Building convert_uint16_rtn( half16 ) test
Testing... .done.
	Wimp pass

504) Testing convert_uintn_rtz( halfn ):
Building convert_uint_rtz( half ) test
Building convert_uint2_rtz( half2 ) test
Building convert_uint3_rtz( half3 ) test
Building convert_uint4_rtz( half4 ) test
Building convert_uint8_rtz( half8 ) test
Building convert_uint16_rtz( half16 ) test
Testing... .done.
	Wimp pass

505) Testing convert_uintn_sat( halfn ):
Building convert_uint_sat( half ) test
Building convert_uint2_sat( half2 ) test
Building convert_uint3_sat( half3 ) test
Building convert_uint4_sat( half4 ) test
Building convert_uint8_sat( half8 ) test
Building convert_uint16_sat( half16 ) test
Testing... .done.
	Wimp pass

506) Testing convert_uintn_sat_rte( halfn ):
Building convert_uint_sat_rte( half ) test
Building convert_uint2_sat_rte( half2 ) test
Building convert_uint3_sat_rte( half3 ) test
Building convert_uint4_sat_rte( half4 ) test
Building convert_uint8_sat_rte( half8 ) test
Building convert_uint16_sat_rte( half16 ) test
Testing... .done.
	Wimp pass

507) Testing convert_uintn_sat_rtp( halfn ):
Building convert_uint_sat_rtp( half ) test
Building convert_uint2_sat_rtp( half2 ) test
Building convert_uint3_sat_rtp( half3 ) test
Building convert_uint4_sat_rtp( half4 ) test
Building convert_uint8_sat_rtp( half8 ) test
Building convert_uint16_sat_rtp( half16 ) test
Testing... .done.
	Wimp pass

508) Testing convert_uintn_sat_rtn( halfn ):
Building convert_uint_sat_rtn( half ) test
Building convert_uint2_sat_rtn( half2 ) test
Building convert_uint3_sat_rtn( half3 ) test
Building convert_uint4_sat_rtn( half4 ) test
Building convert_uint8_sat_rtn( half8 ) test
Building convert_uint16_sat_rtn( half16 ) test
Testing... .done.
	Wimp pass

509) Testing convert_uintn_sat_rtz( halfn ):
Building convert_uint_sat_rtz( half ) test
Building convert_uint2_sat_rtz( half2 ) test
Building convert_uint3_sat_rtz( half3 ) test
Building convert_uint4_sat_rtz( half4 ) test
Building convert_uint8_sat_rtz( half8 ) test
Building convert_uint16_sat_rtz( half16 ) test
Testing... .done.
	Wimp pass

510) Testing convert_uintn( floatn ):
Building implicit float -> uint conversion test
Building convert_uint( float ) test
Building convert_uint2( float2 ) test
Building convert_uint3( float3 ) test
Building convert_uint4( float4 ) test
Building convert_uint8( float8 ) test
Building convert_uint16( float16 ) test
Testing... .done.
	Wimp pass

511) Testing convert_uintn_rte( floatn ):
Building convert_uint_rte( float ) test
Building convert_uint2_rte( float2 ) test
Building convert_uint3_rte( float3 ) test
Building convert_uint4_rte( float4 ) test
Building convert_uint8_rte( float8 ) test
Building convert_uint16_rte( float16 ) test
Testing... .done.
	Wimp pass

512) Testing convert_uintn_rtp( floatn ):
Building convert_uint_rtp( float ) test
Building convert_uint2_rtp( float2 ) test
Building convert_uint3_rtp( float3 ) test
Building convert_uint4_rtp( float4 ) test
Building convert_uint8_rtp( float8 ) test
Building convert_uint16_rtp( float16 ) test
Testing... .done.
	Wimp pass

513) Testing convert_uintn_rtn( floatn ):
Building convert_uint_rtn( float ) test
Building convert_uint2_rtn( float2 ) test
Building convert_uint3_rtn( float3 ) test
Building convert_uint4_rtn( float4 ) test
Building convert_uint8_rtn( float8 ) test
Building convert_uint16_rtn( float16 ) test
Testing... .done.
	Wimp pass

514) Testing convert_uintn_rtz( floatn ):
Building convert_uint_rtz( float ) test
Building convert_uint2_rtz( float2 ) test
Building convert_uint3_rtz( float3 ) test
Building convert_uint4_rtz( float4 ) test
Building convert_uint8_rtz( float8 ) test
Building convert_uint16_rtz( float16 ) test
Testing... .done.
	Wimp pass

515) Testing convert_uintn_sat( floatn ):
Building convert_uint_sat( float ) test
Building convert_uint2_sat( float2 ) test
Building convert_uint3_sat( float3 ) test
Building convert_uint4_sat( float4 ) test
Building convert_uint8_sat( float8 ) test
Building convert_uint16_sat( float16 ) test
Testing... .done.
	Wimp pass

516) Testing convert_uintn_sat_rte( floatn ):
Building convert_uint_sat_rte( float ) test
Building convert_uint2_sat_rte( float2 ) test
Building convert_uint3_sat_rte( float3 ) test
Building convert_uint4_sat_rte( float4 ) test
Building convert_uint8_sat_rte( float8 ) test
Building convert_uint16_sat_rte( float16 ) test
Testing... .done.
	Wimp pass

517) Testing convert_uintn_sat_rtp( floatn ):
Building convert_uint_sat_rtp( float ) test
Building convert_uint2_sat_rtp( float2 ) test
Building convert_uint3_sat_rtp( float3 ) test
Building convert_uint4_sat_rtp( float4 ) test
Building convert_uint8_sat_rtp( float8 ) test
Building convert_uint16_sat_rtp( float16 ) test
Testing... .done.
	Wimp pass

518) Testing convert_uintn_sat_rtn( floatn ):
Building convert_uint_sat_rtn( float ) test
Building convert_uint2_sat_rtn( float2 ) test
Building convert_uint3_sat_rtn( float3 ) test
Building convert_uint4_sat_rtn( float4 ) test
Building convert_uint8_sat_rtn( float8 ) test
Building convert_uint16_sat_rtn( float16 ) test
Testing... .done.
	Wimp pass

519) Testing convert_uintn_sat_rtz( floatn ):
Building convert_uint_sat_rtz( float ) test
Building convert_uint2_sat_rtz( float2 ) test
Building convert_uint3_sat_rtz( float3 ) test
Building convert_uint4_sat_rtz( float4 ) test
Building convert_uint8_sat_rtz( float8 ) test
Building convert_uint16_sat_rtz( float16 ) test
Testing... .done.
	Wimp pass

520) Testing convert_uintn( doublen ):
521) Testing convert_uintn_rte( doublen ):
522) Testing convert_uintn_rtp( doublen ):
523) Testing convert_uintn_rtn( doublen ):
524) Testing convert_uintn_rtz( doublen ):
525) Testing convert_uintn_sat( doublen ):
526) Testing convert_uintn_sat_rte( doublen ):
527) Testing convert_uintn_sat_rtp( doublen ):
528) Testing convert_uintn_sat_rtn( doublen ):
529) Testing convert_uintn_sat_rtz( doublen ):
530) Testing convert_uintn( ulongn ):
Building implicit ulong -> uint conversion test
Building convert_uint( ulong ) test
Building convert_uint2( ulong2 ) test
Building convert_uint3( ulong3 ) test
Building convert_uint4( ulong4 ) test
Building convert_uint8( ulong8 ) test
Building convert_uint16( ulong16 ) test
Testing... ..done.
	Wimp pass

531) Testing convert_uintn_rte( ulongn ):
Building convert_uint_rte( ulong ) test
Building convert_uint2_rte( ulong2 ) test
Building convert_uint3_rte( ulong3 ) test
Building convert_uint4_rte( ulong4 ) test
Building convert_uint8_rte( ulong8 ) test
Building convert_uint16_rte( ulong16 ) test
Testing... ..done.
	Wimp pass

532) Testing convert_uintn_rtp( ulongn ):
Building convert_uint_rtp( ulong ) test
Building convert_uint2_rtp( ulong2 ) test
Building convert_uint3_rtp( ulong3 ) test
Building convert_uint4_rtp( ulong4 ) test
Building convert_uint8_rtp( ulong8 ) test
Building convert_uint16_rtp( ulong16 ) test
Testing... ..done.
	Wimp pass

533) Testing convert_uintn_rtn( ulongn ):
Building convert_uint_rtn( ulong ) test
Building convert_uint2_rtn( ulong2 ) test
Building convert_uint3_rtn( ulong3 ) test
Building convert_uint4_rtn( ulong4 ) test
Building convert_uint8_rtn( ulong8 ) test
Building convert_uint16_rtn( ulong16 ) test
Testing... ..done.
	Wimp pass

534) Testing convert_uintn_rtz( ulongn ):
Building convert_uint_rtz( ulong ) test
Building convert_uint2_rtz( ulong2 ) test
Building convert_uint3_rtz( ulong3 ) test
Building convert_uint4_rtz( ulong4 ) test
Building convert_uint8_rtz( ulong8 ) test
Building convert_uint16_rtz( ulong16 ) test
Testing... ..done.
	Wimp pass

535) Testing convert_uintn_sat( ulongn ):
Building convert_uint_sat( ulong ) test
Building convert_uint2_sat( ulong2 ) test
Building convert_uint3_sat( ulong3 ) test
Building convert_uint4_sat( ulong4 ) test
Building convert_uint8_sat( ulong8 ) test
Building convert_uint16_sat( ulong16 ) test
Testing... ..done.
	Wimp pass

536) Testing convert_uintn_sat_rte( ulongn ):
Building convert_uint_sat_rte( ulong ) test
Building convert_uint2_sat_rte( ulong2 ) test
Building convert_uint3_sat_rte( ulong3 ) test
Building convert_uint4_sat_rte( ulong4 ) test
Building convert_uint8_sat_rte( ulong8 ) test
Building convert_uint16_sat_rte( ulong16 ) test
Testing... ..done.
	Wimp pass

537) Testing convert_uintn_sat_rtp( ulongn ):
Building convert_uint_sat_rtp( ulong ) test
Building convert_uint2_sat_rtp( ulong2 ) test
Building convert_uint3_sat_rtp( ulong3 ) test
Building convert_uint4_sat_rtp( ulong4 ) test
Building convert_uint8_sat_rtp( ulong8 ) test
Building convert_uint16_sat_rtp( ulong16 ) test
Testing... ..done.
	Wimp pass

538) Testing convert_uintn_sat_rtn( ulongn ):
Building convert_uint_sat_rtn( ulong ) test
Building convert_uint2_sat_rtn( ulong2 ) test
Building convert_uint3_sat_rtn( ulong3 ) test
Building convert_uint4_sat_rtn( ulong4 ) test
Building convert_uint8_sat_rtn( ulong8 ) test
Building convert_uint16_sat_rtn( ulong16 ) test
Testing... ..done.
	Wimp pass

539) Testing convert_uintn_sat_rtz( ulongn ):
Building convert_uint_sat_rtz( ulong ) test
Building convert_uint2_sat_rtz( ulong2 ) test
Building convert_uint3_sat_rtz( ulong3 ) test
Building convert_uint4_sat_rtz( ulong4 ) test
Building convert_uint8_sat_rtz( ulong8 ) test
Building convert_uint16_sat_rtz( ulong16 ) test
Testing... ..done.
	Wimp pass

540) Testing convert_uintn( longn ):
Building implicit long -> uint conversion test
Building convert_uint( long ) test
Building convert_uint2( long2 ) test
Building convert_uint3( long3 ) test
Building convert_uint4( long4 ) test
Building convert_uint8( long8 ) test
Building convert_uint16( long16 ) test
Testing... ..done.
	Wimp pass

541) Testing convert_uintn_rte( longn ):
Building convert_uint_rte( long ) test
Building convert_uint2_rte( long2 ) test
Building convert_uint3_rte( long3 ) test
Building convert_uint4_rte( long4 ) test
Building convert_uint8_rte( long8 ) test
Building convert_uint16_rte( long16 ) test
Testing... ..done.
	Wimp pass

542) Testing convert_uintn_rtp( longn ):
Building convert_uint_rtp( long ) test
Building convert_uint2_rtp( long2 ) test
Building convert_uint3_rtp( long3 ) test
Building convert_uint4_rtp( long4 ) test
Building convert_uint8_rtp( long8 ) test
Building convert_uint16_rtp( long16 ) test
Testing... ..done.
	Wimp pass

543) Testing convert_uintn_rtn( longn ):
Building convert_uint_rtn( long ) test
Building convert_uint2_rtn( long2 ) test
Building convert_uint3_rtn( long3 ) test
Building convert_uint4_rtn( long4 ) test
Building convert_uint8_rtn( long8 ) test
Building convert_uint16_rtn( long16 ) test
Testing... ..done.
	Wimp pass

544) Testing convert_uintn_rtz( longn ):
Building convert_uint_rtz( long ) test
Building convert_uint2_rtz( long2 ) test
Building convert_uint3_rtz( long3 ) test
Building convert_uint4_rtz( long4 ) test
Building convert_uint8_rtz( long8 ) test
Building convert_uint16_rtz( long16 ) test
Testing... ..done.
	Wimp pass

545) Testing convert_uintn_sat( longn ):
Building convert_uint_sat( long ) test
Building convert_uint2_sat( long2 ) test
Building convert_uint3_sat( long3 ) test
Building convert_uint4_sat( long4 ) test
Building convert_uint8_sat( long8 ) test
Building convert_uint16_sat( long16 ) test
Testing... ..done.
	Wimp pass

546) Testing convert_uintn_sat_rte( longn ):
Building convert_uint_sat_rte( long ) test
Building convert_uint2_sat_rte( long2 ) test
Building convert_uint3_sat_rte( long3 ) test
Building convert_uint4_sat_rte( long4 ) test
Building convert_uint8_sat_rte( long8 ) test
Building convert_uint16_sat_rte( long16 ) test
Testing... ..done.
	Wimp pass

547) Testing convert_uintn_sat_rtp( longn ):
Building convert_uint_sat_rtp( long ) test
Building convert_uint2_sat_rtp( long2 ) test
Building convert_uint3_sat_rtp( long3 ) test
Building convert_uint4_sat_rtp( long4 ) test
Building convert_uint8_sat_rtp( long8 ) test
Building convert_uint16_sat_rtp( long16 ) test
Testing... ..done.
	Wimp pass

548) Testing convert_uintn_sat_rtn( longn ):
Building convert_uint_sat_rtn( long ) test
Building convert_uint2_sat_rtn( long2 ) test
Building convert_uint3_sat_rtn( long3 ) test
Building convert_uint4_sat_rtn( long4 ) test
Building convert_uint8_sat_rtn( long8 ) test
Building convert_uint16_sat_rtn( long16 ) test
Testing... ..done.
	Wimp pass

549) Testing convert_uintn_sat_rtz( longn ):
Building convert_uint_sat_rtz( long ) test
Building convert_uint2_sat_rtz( long2 ) test
Building convert_uint3_sat_rtz( long3 ) test
Building convert_uint4_sat_rtz( long4 ) test
Building convert_uint8_sat_rtz( long8 ) test
Building convert_uint16_sat_rtz( long16 ) test
Testing... ..done.
	Wimp pass

550) Testing convert_intn( ucharn ):
Building implicit uchar -> int conversion test
Building convert_int( uchar ) test
Building convert_int2( uchar2 ) test
Building convert_int3( uchar3 ) test
Building convert_int4( uchar4 ) test
Building convert_int8( uchar8 ) test
Building convert_int16( uchar16 ) test
Testing... .done.
	Wimp pass

551) Testing convert_intn_rte( ucharn ):
Building convert_int_rte( uchar ) test
Building convert_int2_rte( uchar2 ) test
Building convert_int3_rte( uchar3 ) test
Building convert_int4_rte( uchar4 ) test
Building convert_int8_rte( uchar8 ) test
Building convert_int16_rte( uchar16 ) test
Testing... .done.
	Wimp pass

552) Testing convert_intn_rtp( ucharn ):
Building convert_int_rtp( uchar ) test
Building convert_int2_rtp( uchar2 ) test
Building convert_int3_rtp( uchar3 ) test
Building convert_int4_rtp( uchar4 ) test
Building convert_int8_rtp( uchar8 ) test
Building convert_int16_rtp( uchar16 ) test
Testing... .done.
	Wimp pass

553) Testing convert_intn_rtn( ucharn ):
Building convert_int_rtn( uchar ) test
Building convert_int2_rtn( uchar2 ) test
Building convert_int3_rtn( uchar3 ) test
Building convert_int4_rtn( uchar4 ) test
Building convert_int8_rtn( uchar8 ) test
Building convert_int16_rtn( uchar16 ) test
Testing... .done.
	Wimp pass

554) Testing convert_intn_rtz( ucharn ):
Building convert_int_rtz( uchar ) test
Building convert_int2_rtz( uchar2 ) test
Building convert_int3_rtz( uchar3 ) test
Building convert_int4_rtz( uchar4 ) test
Building convert_int8_rtz( uchar8 ) test
Building convert_int16_rtz( uchar16 ) test
Testing... .done.
	Wimp pass

555) Testing convert_intn_sat( ucharn ):
Building convert_int_sat( uchar ) test
Building convert_int2_sat( uchar2 ) test
Building convert_int3_sat( uchar3 ) test
Building convert_int4_sat( uchar4 ) test
Building convert_int8_sat( uchar8 ) test
Building convert_int16_sat( uchar16 ) test
Testing... .done.
	Wimp pass

556) Testing convert_intn_sat_rte( ucharn ):
Building convert_int_sat_rte( uchar ) test
Building convert_int2_sat_rte( uchar2 ) test
Building convert_int3_sat_rte( uchar3 ) test
Building convert_int4_sat_rte( uchar4 ) test
Building convert_int8_sat_rte( uchar8 ) test
Building convert_int16_sat_rte( uchar16 ) test
Testing... .done.
	Wimp pass

557) Testing convert_intn_sat_rtp( ucharn ):
Building convert_int_sat_rtp( uchar ) test
Building convert_int2_sat_rtp( uchar2 ) test
Building convert_int3_sat_rtp( uchar3 ) test
Building convert_int4_sat_rtp( uchar4 ) test
Building convert_int8_sat_rtp( uchar8 ) test
Building convert_int16_sat_rtp( uchar16 ) test
Testing... .done.
	Wimp pass

558) Testing convert_intn_sat_rtn( ucharn ):
Building convert_int_sat_rtn( uchar ) test
Building convert_int2_sat_rtn( uchar2 ) test
Building convert_int3_sat_rtn( uchar3 ) test
Building convert_int4_sat_rtn( uchar4 ) test
Building convert_int8_sat_rtn( uchar8 ) test
Building convert_int16_sat_rtn( uchar16 ) test
Testing... .done.
	Wimp pass

559) Testing convert_intn_sat_rtz( ucharn ):
Building convert_int_sat_rtz( uchar ) test
Building convert_int2_sat_rtz( uchar2 ) test
Building convert_int3_sat_rtz( uchar3 ) test
Building convert_int4_sat_rtz( uchar4 ) test
Building convert_int8_sat_rtz( uchar8 ) test
Building convert_int16_sat_rtz( uchar16 ) test
Testing... .done.
	Wimp pass

560) Testing convert_intn( charn ):
Building implicit char -> int conversion test
Building convert_int( char ) test
Building convert_int2( char2 ) test
Building convert_int3( char3 ) test
Building convert_int4( char4 ) test
Building convert_int8( char8 ) test
Building convert_int16( char16 ) test
Testing... .done.
	Wimp pass

561) Testing convert_intn_rte( charn ):
Building convert_int_rte( char ) test
Building convert_int2_rte( char2 ) test
Building convert_int3_rte( char3 ) test
Building convert_int4_rte( char4 ) test
Building convert_int8_rte( char8 ) test
Building convert_int16_rte( char16 ) test
Testing... .done.
	Wimp pass

562) Testing convert_intn_rtp( charn ):
Building convert_int_rtp( char ) test
Building convert_int2_rtp( char2 ) test
Building convert_int3_rtp( char3 ) test
Building convert_int4_rtp( char4 ) test
Building convert_int8_rtp( char8 ) test
Building convert_int16_rtp( char16 ) test
Testing... .done.
	Wimp pass

563) Testing convert_intn_rtn( charn ):
Building convert_int_rtn( char ) test
Building convert_int2_rtn( char2 ) test
Building convert_int3_rtn( char3 ) test
Building convert_int4_rtn( char4 ) test
Building convert_int8_rtn( char8 ) test
Building convert_int16_rtn( char16 ) test
Testing... .done.
	Wimp pass

564) Testing convert_intn_rtz( charn ):
Building convert_int_rtz( char ) test
Building convert_int2_rtz( char2 ) test
Building convert_int3_rtz( char3 ) test
Building convert_int4_rtz( char4 ) test
Building convert_int8_rtz( char8 ) test
Building convert_int16_rtz( char16 ) test
Testing... .done.
	Wimp pass

565) Testing convert_intn_sat( charn ):
Building convert_int_sat( char ) test
Building convert_int2_sat( char2 ) test
Building convert_int3_sat( char3 ) test
Building convert_int4_sat( char4 ) test
Building convert_int8_sat( char8 ) test
Building convert_int16_sat( char16 ) test
Testing... .done.
	Wimp pass

566) Testing convert_intn_sat_rte( charn ):
Building convert_int_sat_rte( char ) test
Building convert_int2_sat_rte( char2 ) test
Building convert_int3_sat_rte( char3 ) test
Building convert_int4_sat_rte( char4 ) test
Building convert_int8_sat_rte( char8 ) test
Building convert_int16_sat_rte( char16 ) test
Testing... .done.
	Wimp pass

567) Testing convert_intn_sat_rtp( charn ):
Building convert_int_sat_rtp( char ) test
Building convert_int2_sat_rtp( char2 ) test
Building convert_int3_sat_rtp( char3 ) test
Building convert_int4_sat_rtp( char4 ) test
Building convert_int8_sat_rtp( char8 ) test
Building convert_int16_sat_rtp( char16 ) test
Testing... .done.
	Wimp pass

568) Testing convert_intn_sat_rtn( charn ):
Building convert_int_sat_rtn( char ) test
Building convert_int2_sat_rtn( char2 ) test
Building convert_int3_sat_rtn( char3 ) test
Building convert_int4_sat_rtn( char4 ) test
Building convert_int8_sat_rtn( char8 ) test
Building convert_int16_sat_rtn( char16 ) test
Testing... .done.
	Wimp pass

569) Testing convert_intn_sat_rtz( charn ):
Building convert_int_sat_rtz( char ) test
Building convert_int2_sat_rtz( char2 ) test
Building convert_int3_sat_rtz( char3 ) test
Building convert_int4_sat_rtz( char4 ) test
Building convert_int8_sat_rtz( char8 ) test
Building convert_int16_sat_rtz( char16 ) test
Testing... .done.
	Wimp pass

570) Testing convert_intn( ushortn ):
Building implicit ushort -> int conversion test
Building convert_int( ushort ) test
Building convert_int2( ushort2 ) test
Building convert_int3( ushort3 ) test
Building convert_int4( ushort4 ) test
Building convert_int8( ushort8 ) test
Building convert_int16( ushort16 ) test
Testing... .done.
	Wimp pass

571) Testing convert_intn_rte( ushortn ):
Building convert_int_rte( ushort ) test
Building convert_int2_rte( ushort2 ) test
Building convert_int3_rte( ushort3 ) test
Building convert_int4_rte( ushort4 ) test
Building convert_int8_rte( ushort8 ) test
Building convert_int16_rte( ushort16 ) test
Testing... .done.
	Wimp pass

572) Testing convert_intn_rtp( ushortn ):
Building convert_int_rtp( ushort ) test
Building convert_int2_rtp( ushort2 ) test
Building convert_int3_rtp( ushort3 ) test
Building convert_int4_rtp( ushort4 ) test
Building convert_int8_rtp( ushort8 ) test
Building convert_int16_rtp( ushort16 ) test
Testing... .done.
	Wimp pass

573) Testing convert_intn_rtn( ushortn ):
Building convert_int_rtn( ushort ) test
Building convert_int2_rtn( ushort2 ) test
Building convert_int3_rtn( ushort3 ) test
Building convert_int4_rtn( ushort4 ) test
Building convert_int8_rtn( ushort8 ) test
Building convert_int16_rtn( ushort16 ) test
Testing... .done.
	Wimp pass

574) Testing convert_intn_rtz( ushortn ):
Building convert_int_rtz( ushort ) test
Building convert_int2_rtz( ushort2 ) test
Building convert_int3_rtz( ushort3 ) test
Building convert_int4_rtz( ushort4 ) test
Building convert_int8_rtz( ushort8 ) test
Building convert_int16_rtz( ushort16 ) test
Testing... .done.
	Wimp pass

575) Testing convert_intn_sat( ushortn ):
Building convert_int_sat( ushort ) test
Building convert_int2_sat( ushort2 ) test
Building convert_int3_sat( ushort3 ) test
Building convert_int4_sat( ushort4 ) test
Building convert_int8_sat( ushort8 ) test
Building convert_int16_sat( ushort16 ) test
Testing... .done.
	Wimp pass

576) Testing convert_intn_sat_rte( ushortn ):
Building convert_int_sat_rte( ushort ) test
Building convert_int2_sat_rte( ushort2 ) test
Building convert_int3_sat_rte( ushort3 ) test
Building convert_int4_sat_rte( ushort4 ) test
Building convert_int8_sat_rte( ushort8 ) test
Building convert_int16_sat_rte( ushort16 ) test
Testing... .done.
	Wimp pass

577) Testing convert_intn_sat_rtp( ushortn ):
Building convert_int_sat_rtp( ushort ) test
Building convert_int2_sat_rtp( ushort2 ) test
Building convert_int3_sat_rtp( ushort3 ) test
Building convert_int4_sat_rtp( ushort4 ) test
Building convert_int8_sat_rtp( ushort8 ) test
Building convert_int16_sat_rtp( ushort16 ) test
Testing... .done.
	Wimp pass

578) Testing convert_intn_sat_rtn( ushortn ):
Building convert_int_sat_rtn( ushort ) test
Building convert_int2_sat_rtn( ushort2 ) test
Building convert_int3_sat_rtn( ushort3 ) test
Building convert_int4_sat_rtn( ushort4 ) test
Building convert_int8_sat_rtn( ushort8 ) test
Building convert_int16_sat_rtn( ushort16 ) test
Testing... .done.
	Wimp pass

579) Testing convert_intn_sat_rtz( ushortn ):
Building convert_int_sat_rtz( ushort ) test
Building convert_int2_sat_rtz( ushort2 ) test
Building convert_int3_sat_rtz( ushort3 ) test
Building convert_int4_sat_rtz( ushort4 ) test
Building convert_int8_sat_rtz( ushort8 ) test
Building convert_int16_sat_rtz( ushort16 ) test
Testing... .done.
	Wimp pass

580) Testing convert_intn( shortn ):
Building implicit short -> int conversion test
Building convert_int( short ) test
Building convert_int2( short2 ) test
Building convert_int3( short3 ) test
Building convert_int4( short4 ) test
Building convert_int8( short8 ) test
Building convert_int16( short16 ) test
Testing... .done.
	Wimp pass

581) Testing convert_intn_rte( shortn ):
Building convert_int_rte( short ) test
Building convert_int2_rte( short2 ) test
Building convert_int3_rte( short3 ) test
Building convert_int4_rte( short4 ) test
Building convert_int8_rte( short8 ) test
Building convert_int16_rte( short16 ) test
Testing... .done.
	Wimp pass

582) Testing convert_intn_rtp( shortn ):
Building convert_int_rtp( short ) test
Building convert_int2_rtp( short2 ) test
Building convert_int3_rtp( short3 ) test
Building convert_int4_rtp( short4 ) test
Building convert_int8_rtp( short8 ) test
Building convert_int16_rtp( short16 ) test
Testing... .done.
	Wimp pass

583) Testing convert_intn_rtn( shortn ):
Building convert_int_rtn( short ) test
Building convert_int2_rtn( short2 ) test
Building convert_int3_rtn( short3 ) test
Building convert_int4_rtn( short4 ) test
Building convert_int8_rtn( short8 ) test
Building convert_int16_rtn( short16 ) test
Testing... .done.
	Wimp pass

584) Testing convert_intn_rtz( shortn ):
Building convert_int_rtz( short ) test
Building convert_int2_rtz( short2 ) test
Building convert_int3_rtz( short3 ) test
Building convert_int4_rtz( short4 ) test
Building convert_int8_rtz( short8 ) test
Building convert_int16_rtz( short16 ) test
Testing... .done.
	Wimp pass

585) Testing convert_intn_sat( shortn ):
Building convert_int_sat( short ) test
Building convert_int2_sat( short2 ) test
Building convert_int3_sat( short3 ) test
Building convert_int4_sat( short4 ) test
Building convert_int8_sat( short8 ) test
Building convert_int16_sat( short16 ) test
Testing... .done.
	Wimp pass

586) Testing convert_intn_sat_rte( shortn ):
Building convert_int_sat_rte( short ) test
Building convert_int2_sat_rte( short2 ) test
Building convert_int3_sat_rte( short3 ) test
Building convert_int4_sat_rte( short4 ) test
Building convert_int8_sat_rte( short8 ) test
Building convert_int16_sat_rte( short16 ) test
Testing... .done.
	Wimp pass

587) Testing convert_intn_sat_rtp( shortn ):
Building convert_int_sat_rtp( short ) test
Building convert_int2_sat_rtp( short2 ) test
Building convert_int3_sat_rtp( short3 ) test
Building convert_int4_sat_rtp( short4 ) test
Building convert_int8_sat_rtp( short8 ) test
Building convert_int16_sat_rtp( short16 ) test
Testing... .done.
	Wimp pass

588) Testing convert_intn_sat_rtn( shortn ):
Building convert_int_sat_rtn( short ) test
Building convert_int2_sat_rtn( short2 ) test
Building convert_int3_sat_rtn( short3 ) test
Building convert_int4_sat_rtn( short4 ) test
Building convert_int8_sat_rtn( short8 ) test
Building convert_int16_sat_rtn( short16 ) test
Testing... .done.
	Wimp pass

589) Testing convert_intn_sat_rtz( shortn ):
Building convert_int_sat_rtz( short ) test
Building convert_int2_sat_rtz( short2 ) test
Building convert_int3_sat_rtz( short3 ) test
Building convert_int4_sat_rtz( short4 ) test
Building convert_int8_sat_rtz( short8 ) test
Building convert_int16_sat_rtz( short16 ) test
Testing... .done.
	Wimp pass

590) Testing convert_intn( uintn ):
Building implicit uint -> int conversion test
Building convert_int( uint ) test
Building convert_int2( uint2 ) test
Building convert_int3( uint3 ) test
Building convert_int4( uint4 ) test
Building convert_int8( uint8 ) test
Building convert_int16( uint16 ) test
Testing... .done.
	Wimp pass

591) Testing convert_intn_rte( uintn ):
Building convert_int_rte( uint ) test
Building convert_int2_rte( uint2 ) test
Building convert_int3_rte( uint3 ) test
Building convert_int4_rte( uint4 ) test
Building convert_int8_rte( uint8 ) test
Building convert_int16_rte( uint16 ) test
Testing... .done.
	Wimp pass

592) Testing convert_intn_rtp( uintn ):
Building convert_int_rtp( uint ) test
Building convert_int2_rtp( uint2 ) test
Building convert_int3_rtp( uint3 ) test
Building convert_int4_rtp( uint4 ) test
Building convert_int8_rtp( uint8 ) test
Building convert_int16_rtp( uint16 ) test
Testing... .done.
	Wimp pass

593) Testing convert_intn_rtn( uintn ):
Building convert_int_rtn( uint ) test
Building convert_int2_rtn( uint2 ) test
Building convert_int3_rtn( uint3 ) test
Building convert_int4_rtn( uint4 ) test
Building convert_int8_rtn( uint8 ) test
Building convert_int16_rtn( uint16 ) test
Testing... .done.
	Wimp pass

594) Testing convert_intn_rtz( uintn ):
Building convert_int_rtz( uint ) test
Building convert_int2_rtz( uint2 ) test
Building convert_int3_rtz( uint3 ) test
Building convert_int4_rtz( uint4 ) test
Building convert_int8_rtz( uint8 ) test
Building convert_int16_rtz( uint16 ) test
Testing... .done.
	Wimp pass

595) Testing convert_intn_sat( uintn ):
Building convert_int_sat( uint ) test
Building convert_int2_sat( uint2 ) test
Building convert_int3_sat( uint3 ) test
Building convert_int4_sat( uint4 ) test
Building convert_int8_sat( uint8 ) test
Building convert_int16_sat( uint16 ) test
Testing... .done.
	Wimp pass

596) Testing convert_intn_sat_rte( uintn ):
Building convert_int_sat_rte( uint ) test
Building convert_int2_sat_rte( uint2 ) test
Building convert_int3_sat_rte( uint3 ) test
Building convert_int4_sat_rte( uint4 ) test
Building convert_int8_sat_rte( uint8 ) test
Building convert_int16_sat_rte( uint16 ) test
Testing... .done.
	Wimp pass

597) Testing convert_intn_sat_rtp( uintn ):
Building convert_int_sat_rtp( uint ) test
Building convert_int2_sat_rtp( uint2 ) test
Building convert_int3_sat_rtp( uint3 ) test
Building convert_int4_sat_rtp( uint4 ) test
Building convert_int8_sat_rtp( uint8 ) test
Building convert_int16_sat_rtp( uint16 ) test
Testing... .done.
	Wimp pass

598) Testing convert_intn_sat_rtn( uintn ):
Building convert_int_sat_rtn( uint ) test
Building convert_int2_sat_rtn( uint2 ) test
Building convert_int3_sat_rtn( uint3 ) test
Building convert_int4_sat_rtn( uint4 ) test
Building convert_int8_sat_rtn( uint8 ) test
Building convert_int16_sat_rtn( uint16 ) test
Testing... .done.
	Wimp pass

599) Testing convert_intn_sat_rtz( uintn ):
Building convert_int_sat_rtz( uint ) test
Building convert_int2_sat_rtz( uint2 ) test
Building convert_int3_sat_rtz( uint3 ) test
Building convert_int4_sat_rtz( uint4 ) test
Building convert_int8_sat_rtz( uint8 ) test
Building convert_int16_sat_rtz( uint16 ) test
Testing... .done.
	Wimp pass

600) Testing convert_intn( intn ):
Building implicit int -> int conversion test
Building convert_int( int ) test
Building convert_int2( int2 ) test
Building convert_int3( int3 ) test
Building convert_int4( int4 ) test
Building convert_int8( int8 ) test
Building convert_int16( int16 ) test
Testing... .done.
	Wimp pass

601) Testing convert_intn_rte( intn ):
Building convert_int_rte( int ) test
Building convert_int2_rte( int2 ) test
Building convert_int3_rte( int3 ) test
Building convert_int4_rte( int4 ) test
Building convert_int8_rte( int8 ) test
Building convert_int16_rte( int16 ) test
Testing... .done.
	Wimp pass

602) Testing convert_intn_rtp( intn ):
Building convert_int_rtp( int ) test
Building convert_int2_rtp( int2 ) test
Building convert_int3_rtp( int3 ) test
Building convert_int4_rtp( int4 ) test
Building convert_int8_rtp( int8 ) test
Building convert_int16_rtp( int16 ) test
Testing... .done.
	Wimp pass

603) Testing convert_intn_rtn( intn ):
Building convert_int_rtn( int ) test
Building convert_int2_rtn( int2 ) test
Building convert_int3_rtn( int3 ) test
Building convert_int4_rtn( int4 ) test
Building convert_int8_rtn( int8 ) test
Building convert_int16_rtn( int16 ) test
Testing... .done.
	Wimp pass

604) Testing convert_intn_rtz( intn ):
Building convert_int_rtz( int ) test
Building convert_int2_rtz( int2 ) test
Building convert_int3_rtz( int3 ) test
Building convert_int4_rtz( int4 ) test
Building convert_int8_rtz( int8 ) test
Building convert_int16_rtz( int16 ) test
Testing... .done.
	Wimp pass

605) Testing convert_intn_sat( intn ):
Building convert_int_sat( int ) test
Building convert_int2_sat( int2 ) test
Building convert_int3_sat( int3 ) test
Building convert_int4_sat( int4 ) test
Building convert_int8_sat( int8 ) test
Building convert_int16_sat( int16 ) test
Testing... .done.
	Wimp pass

606) Testing convert_intn_sat_rte( intn ):
Building convert_int_sat_rte( int ) test
Building convert_int2_sat_rte( int2 ) test
Building convert_int3_sat_rte( int3 ) test
Building convert_int4_sat_rte( int4 ) test
Building convert_int8_sat_rte( int8 ) test
Building convert_int16_sat_rte( int16 ) test
Testing... .done.
	Wimp pass

607) Testing convert_intn_sat_rtp( intn ):
Building convert_int_sat_rtp( int ) test
Building convert_int2_sat_rtp( int2 ) test
Building convert_int3_sat_rtp( int3 ) test
Building convert_int4_sat_rtp( int4 ) test
Building convert_int8_sat_rtp( int8 ) test
Building convert_int16_sat_rtp( int16 ) test
Testing... .done.
	Wimp pass

608) Testing convert_intn_sat_rtn( intn ):
Building convert_int_sat_rtn( int ) test
Building convert_int2_sat_rtn( int2 ) test
Building convert_int3_sat_rtn( int3 ) test
Building convert_int4_sat_rtn( int4 ) test
Building convert_int8_sat_rtn( int8 ) test
Building convert_int16_sat_rtn( int16 ) test
Testing... .done.
	Wimp pass

609) Testing convert_intn_sat_rtz( intn ):
Building convert_int_sat_rtz( int ) test
Building convert_int2_sat_rtz( int2 ) test
Building convert_int3_sat_rtz( int3 ) test
Building convert_int4_sat_rtz( int4 ) test
Building convert_int8_sat_rtz( int8 ) test
Building convert_int16_sat_rtz( int16 ) test
Testing... .done.
	Wimp pass

610) Testing convert_intn( halfn ):
Building implicit half -> int conversion test
Building convert_int( half ) test
Building convert_int2( half2 ) test
Building convert_int3( half3 ) test
Building convert_int4( half4 ) test
Building convert_int8( half8 ) test
Building convert_int16( half16 ) test
Testing... .done.
	Wimp pass

611) Testing convert_intn_rte( halfn ):
Building convert_int_rte( half ) test
Building convert_int2_rte( half2 ) test
Building convert_int3_rte( half3 ) test
Building convert_int4_rte( half4 ) test
Building convert_int8_rte( half8 ) test
Building convert_int16_rte( half16 ) test
Testing... .done.
	Wimp pass

612) Testing convert_intn_rtp( halfn ):
Building convert_int_rtp( half ) test
Building convert_int2_rtp( half2 ) test
Building convert_int3_rtp( half3 ) test
Building convert_int4_rtp( half4 ) test
Building convert_int8_rtp( half8 ) test
Building convert_int16_rtp( half16 ) test
Testing... .done.
	Wimp pass

613) Testing convert_intn_rtn( halfn ):
Building convert_int_rtn( half ) test
Building convert_int2_rtn( half2 ) test
Building convert_int3_rtn( half3 ) test
Building convert_int4_rtn( half4 ) test
Building convert_int8_rtn( half8 ) test
Building convert_int16_rtn( half16 ) test
Testing... .done.
	Wimp pass

614) Testing convert_intn_rtz( halfn ):
Building convert_int_rtz( half ) test
Building convert_int2_rtz( half2 ) test
Building convert_int3_rtz( half3 ) test
Building convert_int4_rtz( half4 ) test
Building convert_int8_rtz( half8 ) test
Building convert_int16_rtz( half16 ) test
Testing... .done.
	Wimp pass

615) Testing convert_intn_sat( halfn ):
Building convert_int_sat( half ) test
Building convert_int2_sat( half2 ) test
Building convert_int3_sat( half3 ) test
Building convert_int4_sat( half4 ) test
Building convert_int8_sat( half8 ) test
Building convert_int16_sat( half16 ) test
Testing... .done.
	Wimp pass

616) Testing convert_intn_sat_rte( halfn ):
Building convert_int_sat_rte( half ) test
Building convert_int2_sat_rte( half2 ) test
Building convert_int3_sat_rte( half3 ) test
Building convert_int4_sat_rte( half4 ) test
Building convert_int8_sat_rte( half8 ) test
Building convert_int16_sat_rte( half16 ) test
Testing... .done.
	Wimp pass

617) Testing convert_intn_sat_rtp( halfn ):
Building convert_int_sat_rtp( half ) test
Building convert_int2_sat_rtp( half2 ) test
Building convert_int3_sat_rtp( half3 ) test
Building convert_int4_sat_rtp( half4 ) test
Building convert_int8_sat_rtp( half8 ) test
Building convert_int16_sat_rtp( half16 ) test
Testing... .done.
	Wimp pass

618) Testing convert_intn_sat_rtn( halfn ):
Building convert_int_sat_rtn( half ) test
Building convert_int2_sat_rtn( half2 ) test
Building convert_int3_sat_rtn( half3 ) test
Building convert_int4_sat_rtn( half4 ) test
Building convert_int8_sat_rtn( half8 ) test
Building convert_int16_sat_rtn( half16 ) test
Testing... .done.
	Wimp pass

619) Testing convert_intn_sat_rtz( halfn ):
Building convert_int_sat_rtz( half ) test
Building convert_int2_sat_rtz( half2 ) test
Building convert_int3_sat_rtz( half3 ) test
Building convert_int4_sat_rtz( half4 ) test
Building convert_int8_sat_rtz( half8 ) test
Building convert_int16_sat_rtz( half16 ) test
Testing... .done.
	Wimp pass

620) Testing convert_intn( floatn ):
Building implicit float -> int conversion test
Building convert_int( float ) test
Building convert_int2( float2 ) test
Building convert_int3( float3 ) test
Building convert_int4( float4 ) test
Building convert_int8( float8 ) test
Building convert_int16( float16 ) test
Testing... .done.
	Wimp pass

621) Testing convert_intn_rte( floatn ):
Building convert_int_rte( float ) test
Building convert_int2_rte( float2 ) test
Building convert_int3_rte( float3 ) test
Building convert_int4_rte( float4 ) test
Building convert_int8_rte( float8 ) test
Building convert_int16_rte( float16 ) test
Testing... .done.
	Wimp pass

622) Testing convert_intn_rtp( floatn ):
Building convert_int_rtp( float ) test
Building convert_int2_rtp( float2 ) test
Building convert_int3_rtp( float3 ) test
Building convert_int4_rtp( float4 ) test
Building convert_int8_rtp( float8 ) test
Building convert_int16_rtp( float16 ) test
Testing... .done.
	Wimp pass

623) Testing convert_intn_rtn( floatn ):
Building convert_int_rtn( float ) test
Building convert_int2_rtn( float2 ) test
Building convert_int3_rtn( float3 ) test
Building convert_int4_rtn( float4 ) test
Building convert_int8_rtn( float8 ) test
Building convert_int16_rtn( float16 ) test
Testing... .done.
	Wimp pass

624) Testing convert_intn_rtz( floatn ):
Building convert_int_rtz( float ) test
Building convert_int2_rtz( float2 ) test
Building convert_int3_rtz( float3 ) test
Building convert_int4_rtz( float4 ) test
Building convert_int8_rtz( float8 ) test
Building convert_int16_rtz( float16 ) test
Testing... .done.
	Wimp pass

625) Testing convert_intn_sat( floatn ):
Building convert_int_sat( float ) test
Building convert_int2_sat( float2 ) test
Building convert_int3_sat( float3 ) test
Building convert_int4_sat( float4 ) test
Building convert_int8_sat( float8 ) test
Building convert_int16_sat( float16 ) test
Testing... .done.
	Wimp pass

626) Testing convert_intn_sat_rte( floatn ):
Building convert_int_sat_rte( float ) test
Building convert_int2_sat_rte( float2 ) test
Building convert_int3_sat_rte( float3 ) test
Building convert_int4_sat_rte( float4 ) test
Building convert_int8_sat_rte( float8 ) test
Building convert_int16_sat_rte( float16 ) test
Testing... .done.
	Wimp pass

627) Testing convert_intn_sat_rtp( floatn ):
Building convert_int_sat_rtp( float ) test
Building convert_int2_sat_rtp( float2 ) test
Building convert_int3_sat_rtp( float3 ) test
Building convert_int4_sat_rtp( float4 ) test
Building convert_int8_sat_rtp( float8 ) test
Building convert_int16_sat_rtp( float16 ) test
Testing... .done.
	Wimp pass

628) Testing convert_intn_sat_rtn( floatn ):
Building convert_int_sat_rtn( float ) test
Building convert_int2_sat_rtn( float2 ) test
Building convert_int3_sat_rtn( float3 ) test
Building convert_int4_sat_rtn( float4 ) test
Building convert_int8_sat_rtn( float8 ) test
Building convert_int16_sat_rtn( float16 ) test
Testing... .done.
	Wimp pass

629) Testing convert_intn_sat_rtz( floatn ):
Building convert_int_sat_rtz( float ) test
Building convert_int2_sat_rtz( float2 ) test
Building convert_int3_sat_rtz( float3 ) test
Building convert_int4_sat_rtz( float4 ) test
Building convert_int8_sat_rtz( float8 ) test
Building convert_int16_sat_rtz( float16 ) test
Testing... .done.
	Wimp pass

630) Testing convert_intn( doublen ):
631) Testing convert_intn_rte( doublen ):
632) Testing convert_intn_rtp( doublen ):
633) Testing convert_intn_rtn( doublen ):
634) Testing convert_intn_rtz( doublen ):
635) Testing convert_intn_sat( doublen ):
636) Testing convert_intn_sat_rte( doublen ):
637) Testing convert_intn_sat_rtp( doublen ):
638) Testing convert_intn_sat_rtn( doublen ):
639) Testing convert_intn_sat_rtz( doublen ):
640) Testing convert_intn( ulongn ):
Building implicit ulong -> int conversion test
Building convert_int( ulong ) test
Building convert_int2( ulong2 ) test
Building convert_int3( ulong3 ) test
Building convert_int4( ulong4 ) test
Building convert_int8( ulong8 ) test
Building convert_int16( ulong16 ) test
Testing... ..done.
	Wimp pass

641) Testing convert_intn_rte( ulongn ):
Building convert_int_rte( ulong ) test
Building convert_int2_rte( ulong2 ) test
Building convert_int3_rte( ulong3 ) test
Building convert_int4_rte( ulong4 ) test
Building convert_int8_rte( ulong8 ) test
Building convert_int16_rte( ulong16 ) test
Testing... ..done.
	Wimp pass

642) Testing convert_intn_rtp( ulongn ):
Building convert_int_rtp( ulong ) test
Building convert_int2_rtp( ulong2 ) test
Building convert_int3_rtp( ulong3 ) test
Building convert_int4_rtp( ulong4 ) test
Building convert_int8_rtp( ulong8 ) test
Building convert_int16_rtp( ulong16 ) test
Testing... ..done.
	Wimp pass

643) Testing convert_intn_rtn( ulongn ):
Building convert_int_rtn( ulong ) test
Building convert_int2_rtn( ulong2 ) test
Building convert_int3_rtn( ulong3 ) test
Building convert_int4_rtn( ulong4 ) test
Building convert_int8_rtn( ulong8 ) test
Building convert_int16_rtn( ulong16 ) test
Testing... ..done.
	Wimp pass

644) Testing convert_intn_rtz( ulongn ):
Building convert_int_rtz( ulong ) test
Building convert_int2_rtz( ulong2 ) test
Building convert_int3_rtz( ulong3 ) test
Building convert_int4_rtz( ulong4 ) test
Building convert_int8_rtz( ulong8 ) test
Building convert_int16_rtz( ulong16 ) test
Testing... ..done.
	Wimp pass

645) Testing convert_intn_sat( ulongn ):
Building convert_int_sat( ulong ) test
Building convert_int2_sat( ulong2 ) test
Building convert_int3_sat( ulong3 ) test
Building convert_int4_sat( ulong4 ) test
Building convert_int8_sat( ulong8 ) test
Building convert_int16_sat( ulong16 ) test
Testing... ..done.
	Wimp pass

646) Testing convert_intn_sat_rte( ulongn ):
Building convert_int_sat_rte( ulong ) test
Building convert_int2_sat_rte( ulong2 ) test
Building convert_int3_sat_rte( ulong3 ) test
Building convert_int4_sat_rte( ulong4 ) test
Building convert_int8_sat_rte( ulong8 ) test
Building convert_int16_sat_rte( ulong16 ) test
Testing... ..done.
	Wimp pass

647) Testing convert_intn_sat_rtp( ulongn ):
Building convert_int_sat_rtp( ulong ) test
Building convert_int2_sat_rtp( ulong2 ) test
Building convert_int3_sat_rtp( ulong3 ) test
Building convert_int4_sat_rtp( ulong4 ) test
Building convert_int8_sat_rtp( ulong8 ) test
Building convert_int16_sat_rtp( ulong16 ) test
Testing... ..done.
	Wimp pass

648) Testing convert_intn_sat_rtn( ulongn ):
Building convert_int_sat_rtn( ulong ) test
Building convert_int2_sat_rtn( ulong2 ) test
Building convert_int3_sat_rtn( ulong3 ) test
Building convert_int4_sat_rtn( ulong4 ) test
Building convert_int8_sat_rtn( ulong8 ) test
Building convert_int16_sat_rtn( ulong16 ) test
Testing... ..done.
	Wimp pass

649) Testing convert_intn_sat_rtz( ulongn ):
Building convert_int_sat_rtz( ulong ) test
Building convert_int2_sat_rtz( ulong2 ) test
Building convert_int3_sat_rtz( ulong3 ) test
Building convert_int4_sat_rtz( ulong4 ) test
Building convert_int8_sat_rtz( ulong8 ) test
Building convert_int16_sat_rtz( ulong16 ) test
Testing... ..done.
	Wimp pass

650) Testing convert_intn( longn ):
Building implicit long -> int conversion test
Building convert_int( long ) test
Building convert_int2( long2 ) test
Building convert_int3( long3 ) test
Building convert_int4( long4 ) test
Building convert_int8( long8 ) test
Building convert_int16( long16 ) test
Testing... ..done.
	Wimp pass

651) Testing convert_intn_rte( longn ):
Building convert_int_rte( long ) test
Building convert_int2_rte( long2 ) test
Building convert_int3_rte( long3 ) test
Building convert_int4_rte( long4 ) test
Building convert_int8_rte( long8 ) test
Building convert_int16_rte( long16 ) test
Testing... ..done.
	Wimp pass

652) Testing convert_intn_rtp( longn ):
Building convert_int_rtp( long ) test
Building convert_int2_rtp( long2 ) test
Building convert_int3_rtp( long3 ) test
Building convert_int4_rtp( long4 ) test
Building convert_int8_rtp( long8 ) test
Building convert_int16_rtp( long16 ) test
Testing... ..done.
	Wimp pass

653) Testing convert_intn_rtn( longn ):
Building convert_int_rtn( long ) test
Building convert_int2_rtn( long2 ) test
Building convert_int3_rtn( long3 ) test
Building convert_int4_rtn( long4 ) test
Building convert_int8_rtn( long8 ) test
Building convert_int16_rtn( long16 ) test
Testing... ..done.
	Wimp pass

654) Testing convert_intn_rtz( longn ):
Building convert_int_rtz( long ) test
Building convert_int2_rtz( long2 ) test
Building convert_int3_rtz( long3 ) test
Building convert_int4_rtz( long4 ) test
Building convert_int8_rtz( long8 ) test
Building convert_int16_rtz( long16 ) test
Testing... ..done.
	Wimp pass

655) Testing convert_intn_sat( longn ):
Building convert_int_sat( long ) test
Building convert_int2_sat( long2 ) test
Building convert_int3_sat( long3 ) test
Building convert_int4_sat( long4 ) test
Building convert_int8_sat( long8 ) test
Building convert_int16_sat( long16 ) test
Testing... ..done.
	Wimp pass

656) Testing convert_intn_sat_rte( longn ):
Building convert_int_sat_rte( long ) test
Building convert_int2_sat_rte( long2 ) test
Building convert_int3_sat_rte( long3 ) test
Building convert_int4_sat_rte( long4 ) test
Building convert_int8_sat_rte( long8 ) test
Building convert_int16_sat_rte( long16 ) test
Testing... ..done.
	Wimp pass

657) Testing convert_intn_sat_rtp( longn ):
Building convert_int_sat_rtp( long ) test
Building convert_int2_sat_rtp( long2 ) test
Building convert_int3_sat_rtp( long3 ) test
Building convert_int4_sat_rtp( long4 ) test
Building convert_int8_sat_rtp( long8 ) test
Building convert_int16_sat_rtp( long16 ) test
Testing... ..done.
	Wimp pass

658) Testing convert_intn_sat_rtn( longn ):
Building convert_int_sat_rtn( long ) test
Building convert_int2_sat_rtn( long2 ) test
Building convert_int3_sat_rtn( long3 ) test
Building convert_int4_sat_rtn( long4 ) test
Building convert_int8_sat_rtn( long8 ) test
Building convert_int16_sat_rtn( long16 ) test
Testing... ..done.
	Wimp pass

659) Testing convert_intn_sat_rtz( longn ):
Building convert_int_sat_rtz( long ) test
Building convert_int2_sat_rtz( long2 ) test
Building convert_int3_sat_rtz( long3 ) test
Building convert_int4_sat_rtz( long4 ) test
Building convert_int8_sat_rtz( long8 ) test
Building convert_int16_sat_rtz( long16 ) test
Testing... ..done.
	Wimp pass

660) Testing convert_halfn( ucharn ):
Building implicit uchar -> half conversion test
Building convert_half( uchar ) test
Building convert_half2( uchar2 ) test
Building convert_half3( uchar3 ) test
Building convert_half4( uchar4 ) test
Building convert_half8( uchar8 ) test
Building convert_half16( uchar16 ) test
Testing... .done.
	Wimp pass

661) Testing convert_halfn_rte( ucharn ):
Building convert_half_rte( uchar ) test
Building convert_half2_rte( uchar2 ) test
Building convert_half3_rte( uchar3 ) test
Building convert_half4_rte( uchar4 ) test
Building convert_half8_rte( uchar8 ) test
Building convert_half16_rte( uchar16 ) test
Testing... .done.
	Wimp pass

662) Testing convert_halfn_rtp( ucharn ):
Building convert_half_rtp( uchar ) test
Building convert_half2_rtp( uchar2 ) test
Building convert_half3_rtp( uchar3 ) test
Building convert_half4_rtp( uchar4 ) test
Building convert_half8_rtp( uchar8 ) test
Building convert_half16_rtp( uchar16 ) test
Testing... .done.
	Wimp pass

663) Testing convert_halfn_rtn( ucharn ):
Building convert_half_rtn( uchar ) test
Building convert_half2_rtn( uchar2 ) test
Building convert_half3_rtn( uchar3 ) test
Building convert_half4_rtn( uchar4 ) test
Building convert_half8_rtn( uchar8 ) test
Building convert_half16_rtn( uchar16 ) test
Testing... .done.
	Wimp pass

664) Testing convert_halfn_rtz( ucharn ):
Building convert_half_rtz( uchar ) test
Building convert_half2_rtz( uchar2 ) test
Building convert_half3_rtz( uchar3 ) test
Building convert_half4_rtz( uchar4 ) test
Building convert_half8_rtz( uchar8 ) test
Building convert_half16_rtz( uchar16 ) test
Testing... .done.
	Wimp pass

665) Testing convert_halfn( charn ):
Building implicit char -> half conversion test
Building convert_half( char ) test
Building convert_half2( char2 ) test
Building convert_half3( char3 ) test
Building convert_half4( char4 ) test
Building convert_half8( char8 ) test
Building convert_half16( char16 ) test
Testing... .done.
	Wimp pass

666) Testing convert_halfn_rte( charn ):
Building convert_half_rte( char ) test
Building convert_half2_rte( char2 ) test
Building convert_half3_rte( char3 ) test
Building convert_half4_rte( char4 ) test
Building convert_half8_rte( char8 ) test
Building convert_half16_rte( char16 ) test
Testing... .done.
	Wimp pass

667) Testing convert_halfn_rtp( charn ):
Building convert_half_rtp( char ) test
Building convert_half2_rtp( char2 ) test
Building convert_half3_rtp( char3 ) test
Building convert_half4_rtp( char4 ) test
Building convert_half8_rtp( char8 ) test
Building convert_half16_rtp( char16 ) test
Testing... .done.
	Wimp pass

668) Testing convert_halfn_rtn( charn ):
Building convert_half_rtn( char ) test
Building convert_half2_rtn( char2 ) test
Building convert_half3_rtn( char3 ) test
Building convert_half4_rtn( char4 ) test
Building convert_half8_rtn( char8 ) test
Building convert_half16_rtn( char16 ) test
Testing... .done.
	Wimp pass

669) Testing convert_halfn_rtz( charn ):
Building convert_half_rtz( char ) test
Building convert_half2_rtz( char2 ) test
Building convert_half3_rtz( char3 ) test
Building convert_half4_rtz( char4 ) test
Building convert_half8_rtz( char8 ) test
Building convert_half16_rtz( char16 ) test
Testing... .done.
	Wimp pass

670) Testing convert_halfn( ushortn ):
Building implicit ushort -> half conversion test
Building convert_half( ushort ) test
Building convert_half2( ushort2 ) test
Building convert_half3( ushort3 ) test
Building convert_half4( ushort4 ) test
Building convert_half8( ushort8 ) test
Building convert_half16( ushort16 ) test
Testing... .done.
	Wimp pass

671) Testing convert_halfn_rte( ushortn ):
Building convert_half_rte( ushort ) test
Building convert_half2_rte( ushort2 ) test
Building convert_half3_rte( ushort3 ) test
Building convert_half4_rte( ushort4 ) test
Building convert_half8_rte( ushort8 ) test
Building convert_half16_rte( ushort16 ) test
Testing... .done.
	Wimp pass

672) Testing convert_halfn_rtp( ushortn ):
Building convert_half_rtp( ushort ) test
Building convert_half2_rtp( ushort2 ) test
Building convert_half3_rtp( ushort3 ) test
Building convert_half4_rtp( ushort4 ) test
Building convert_half8_rtp( ushort8 ) test
Building convert_half16_rtp( ushort16 ) test
Testing... .done.
	Wimp pass

673) Testing convert_halfn_rtn( ushortn ):
Building convert_half_rtn( ushort ) test
Building convert_half2_rtn( ushort2 ) test
Building convert_half3_rtn( ushort3 ) test
Building convert_half4_rtn( ushort4 ) test
Building convert_half8_rtn( ushort8 ) test
Building convert_half16_rtn( ushort16 ) test
Testing... .done.
	Wimp pass

674) Testing convert_halfn_rtz( ushortn ):
Building convert_half_rtz( ushort ) test
Building convert_half2_rtz( ushort2 ) test
Building convert_half3_rtz( ushort3 ) test
Building convert_half4_rtz( ushort4 ) test
Building convert_half8_rtz( ushort8 ) test
Building convert_half16_rtz( ushort16 ) test
Testing... .done.
	Wimp pass

675) Testing convert_halfn( shortn ):
Building implicit short -> half conversion test
Building convert_half( short ) test
Building convert_half2( short2 ) test
Building convert_half3( short3 ) test
Building convert_half4( short4 ) test
Building convert_half8( short8 ) test
Building convert_half16( short16 ) test
Testing... .done.
	Wimp pass

676) Testing convert_halfn_rte( shortn ):
Building convert_half_rte( short ) test
Building convert_half2_rte( short2 ) test
Building convert_half3_rte( short3 ) test
Building convert_half4_rte( short4 ) test
Building convert_half8_rte( short8 ) test
Building convert_half16_rte( short16 ) test
Testing... .done.
	Wimp pass

677) Testing convert_halfn_rtp( shortn ):
Building convert_half_rtp( short ) test
Building convert_half2_rtp( short2 ) test
Building convert_half3_rtp( short3 ) test
Building convert_half4_rtp( short4 ) test
Building convert_half8_rtp( short8 ) test
Building convert_half16_rtp( short16 ) test
Testing... .done.
	Wimp pass

678) Testing convert_halfn_rtn( shortn ):
Building convert_half_rtn( short ) test
Building convert_half2_rtn( short2 ) test
Building convert_half3_rtn( short3 ) test
Building convert_half4_rtn( short4 ) test
Building convert_half8_rtn( short8 ) test
Building convert_half16_rtn( short16 ) test
Testing... .done.
	Wimp pass

679) Testing convert_halfn_rtz( shortn ):
Building convert_half_rtz( short ) test
Building convert_half2_rtz( short2 ) test
Building convert_half3_rtz( short3 ) test
Building convert_half4_rtz( short4 ) test
Building convert_half8_rtz( short8 ) test
Building convert_half16_rtz( short16 ) test
Testing... .done.
	Wimp pass

680) Testing convert_halfn( uintn ):
Building implicit uint -> half conversion test
Building convert_half( uint ) test
Building convert_half2( uint2 ) test
Building convert_half3( uint3 ) test
Building convert_half4( uint4 ) test
Building convert_half8( uint8 ) test
Building convert_half16( uint16 ) test
Testing... .done.
	Wimp pass

681) Testing convert_halfn_rte( uintn ):
Building convert_half_rte( uint ) test
Building convert_half2_rte( uint2 ) test
Building convert_half3_rte( uint3 ) test
Building convert_half4_rte( uint4 ) test
Building convert_half8_rte( uint8 ) test
Building convert_half16_rte( uint16 ) test
Testing... .done.
	Wimp pass

682) Testing convert_halfn_rtp( uintn ):
Building convert_half_rtp( uint ) test
Building convert_half2_rtp( uint2 ) test
Building convert_half3_rtp( uint3 ) test
Building convert_half4_rtp( uint4 ) test
Building convert_half8_rtp( uint8 ) test
Building convert_half16_rtp( uint16 ) test
Testing... .done.
	Wimp pass

683) Testing convert_halfn_rtn( uintn ):
Building convert_half_rtn( uint ) test
Building convert_half2_rtn( uint2 ) test
Building convert_half3_rtn( uint3 ) test
Building convert_half4_rtn( uint4 ) test
Building convert_half8_rtn( uint8 ) test
Building convert_half16_rtn( uint16 ) test
Testing... .done.
	Wimp pass

684) Testing convert_halfn_rtz( uintn ):
Building convert_half_rtz( uint ) test
Building convert_half2_rtz( uint2 ) test
Building convert_half3_rtz( uint3 ) test
Building convert_half4_rtz( uint4 ) test
Building convert_half8_rtz( uint8 ) test
Building convert_half16_rtz( uint16 ) test
Testing... .done.
	Wimp pass

685) Testing convert_halfn( intn ):
Building implicit int -> half conversion test
Building convert_half( int ) test
Building convert_half2( int2 ) test
Building convert_half3( int3 ) test
Building convert_half4( int4 ) test
Building convert_half8( int8 ) test
Building convert_half16( int16 ) test
Testing... .done.
	Wimp pass

686) Testing convert_halfn_rte( intn ):
Building convert_half_rte( int ) test
Building convert_half2_rte( int2 ) test
Building convert_half3_rte( int3 ) test
Building convert_half4_rte( int4 ) test
Building convert_half8_rte( int8 ) test
Building convert_half16_rte( int16 ) test
Testing... .done.
	Wimp pass

687) Testing convert_halfn_rtp( intn ):
Building convert_half_rtp( int ) test
Building convert_half2_rtp( int2 ) test
Building convert_half3_rtp( int3 ) test
Building convert_half4_rtp( int4 ) test
Building convert_half8_rtp( int8 ) test
Building convert_half16_rtp( int16 ) test
Testing... .done.
	Wimp pass

688) Testing convert_halfn_rtn( intn ):
Building convert_half_rtn( int ) test
Building convert_half2_rtn( int2 ) test
Building convert_half3_rtn( int3 ) test
Building convert_half4_rtn( int4 ) test
Building convert_half8_rtn( int8 ) test
Building convert_half16_rtn( int16 ) test
Testing... .done.
	Wimp pass

689) Testing convert_halfn_rtz( intn ):
Building convert_half_rtz( int ) test
Building convert_half2_rtz( int2 ) test
Building convert_half3_rtz( int3 ) test
Building convert_half4_rtz( int4 ) test
Building convert_half8_rtz( int8 ) test
Building convert_half16_rtz( int16 ) test
Testing... .done.
	Wimp pass

690) Testing convert_halfn( halfn ):
Building implicit half -> half conversion test
Building convert_half( half ) test
Building convert_half2( half2 ) test
Building convert_half3( half3 ) test
Building convert_half4( half4 ) test
Building convert_half8( half8 ) test
Building convert_half16( half16 ) test
Testing... .done.
	Wimp pass

691) Testing convert_halfn_rte( halfn ):
Building convert_half_rte( half ) test
Building convert_half2_rte( half2 ) test
Building convert_half3_rte( half3 ) test
Building convert_half4_rte( half4 ) test
Building convert_half8_rte( half8 ) test
Building convert_half16_rte( half16 ) test
Testing... .done.
	Wimp pass

692) Testing convert_halfn_rtp( halfn ):
Building convert_half_rtp( half ) test
Building convert_half2_rtp( half2 ) test
Building convert_half3_rtp( half3 ) test
Building convert_half4_rtp( half4 ) test
Building convert_half8_rtp( half8 ) test
Building convert_half16_rtp( half16 ) test
Testing... .done.
	Wimp pass

693) Testing convert_halfn_rtn( halfn ):
Building convert_half_rtn( half ) test
Building convert_half2_rtn( half2 ) test
Building convert_half3_rtn( half3 ) test
Building convert_half4_rtn( half4 ) test
Building convert_half8_rtn( half8 ) test
Building convert_half16_rtn( half16 ) test
Testing... .done.
	Wimp pass

694) Testing convert_halfn_rtz( halfn ):
Building convert_half_rtz( half ) test
Building convert_half2_rtz( half2 ) test
Building convert_half3_rtz( half3 ) test
Building convert_half4_rtz( half4 ) test
Building convert_half8_rtz( half8 ) test
Building convert_half16_rtz( half16 ) test
Testing... .done.
	Wimp pass

695) Testing convert_halfn( floatn ):
Building implicit float -> half conversion test
Building convert_half( float ) test
Building convert_half2( float2 ) test
Building convert_half3( float3 ) test
Building convert_half4( float4 ) test
Building convert_half8( float8 ) test
Building convert_half16( float16 ) test
Testing... .done.
	Wimp pass

696) Testing convert_halfn_rte( floatn ):
Building convert_half_rte( float ) test
Building convert_half2_rte( float2 ) test
Building convert_half3_rte( float3 ) test
Building convert_half4_rte( float4 ) test
Building convert_half8_rte( float8 ) test
Building convert_half16_rte( float16 ) test
Testing... .done.
	Wimp pass

697) Testing convert_halfn_rtp( floatn ):
Building convert_half_rtp( float ) test
Building convert_half2_rtp( float2 ) test
Building convert_half3_rtp( float3 ) test
Building convert_half4_rtp( float4 ) test
Building convert_half8_rtp( float8 ) test
Building convert_half16_rtp( float16 ) test
Testing... .done.
	Wimp pass

698) Testing convert_halfn_rtn( floatn ):
Building convert_half_rtn( float ) test
Building convert_half2_rtn( float2 ) test
Building convert_half3_rtn( float3 ) test
Building convert_half4_rtn( float4 ) test
Building convert_half8_rtn( float8 ) test
Building convert_half16_rtn( float16 ) test
Testing... .done.
	Wimp pass

699) Testing convert_halfn_rtz( floatn ):
Building convert_half_rtz( float ) test
Building convert_half2_rtz( float2 ) test
Building convert_half3_rtz( float3 ) test
Building convert_half4_rtz( float4 ) test
Building convert_half8_rtz( float8 ) test
Building convert_half16_rtz( float16 ) test
Testing... .done.
	Wimp pass

700) Testing convert_halfn( doublen ):
701) Testing convert_halfn_rte( doublen ):
702) Testing convert_halfn_rtp( doublen ):
703) Testing convert_halfn_rtn( doublen ):
704) Testing convert_halfn_rtz( doublen ):
705) Testing convert_halfn( ulongn ):
Building implicit ulong -> half conversion test
Building convert_half( ulong ) test
Building convert_half2( ulong2 ) test
Building convert_half3( ulong3 ) test
Building convert_half4( ulong4 ) test
Building convert_half8( ulong8 ) test
Building convert_half16( ulong16 ) test
Testing... ..done.
	Wimp pass

706) Testing convert_halfn_rte( ulongn ):
Building convert_half_rte( ulong ) test
Building convert_half2_rte( ulong2 ) test
Building convert_half3_rte( ulong3 ) test
Building convert_half4_rte( ulong4 ) test
Building convert_half8_rte( ulong8 ) test
Building convert_half16_rte( ulong16 ) test
Testing... ..done.
	Wimp pass

707) Testing convert_halfn_rtp( ulongn ):
Building convert_half_rtp( ulong ) test
Building convert_half2_rtp( ulong2 ) test
Building convert_half3_rtp( ulong3 ) test
Building convert_half4_rtp( ulong4 ) test
Building convert_half8_rtp( ulong8 ) test
Building convert_half16_rtp( ulong16 ) test
Testing... ..done.
	Wimp pass

708) Testing convert_halfn_rtn( ulongn ):
Building convert_half_rtn( ulong ) test
Building convert_half2_rtn( ulong2 ) test
Building convert_half3_rtn( ulong3 ) test
Building convert_half4_rtn( ulong4 ) test
Building convert_half8_rtn( ulong8 ) test
Building convert_half16_rtn( ulong16 ) test
Testing... ..done.
	Wimp pass

709) Testing convert_halfn_rtz( ulongn ):
Building convert_half_rtz( ulong ) test
Building convert_half2_rtz( ulong2 ) test
Building convert_half3_rtz( ulong3 ) test
Building convert_half4_rtz( ulong4 ) test
Building convert_half8_rtz( ulong8 ) test
Building convert_half16_rtz( ulong16 ) test
Testing... ..done.
	Wimp pass

710) Testing convert_halfn( longn ):
Building implicit long -> half conversion test
Building convert_half( long ) test
Building convert_half2( long2 ) test
Building convert_half3( long3 ) test
Building convert_half4( long4 ) test
Building convert_half8( long8 ) test
Building convert_half16( long16 ) test
Testing... ..done.
	Wimp pass

711) Testing convert_halfn_rte( longn ):
Building convert_half_rte( long ) test
Building convert_half2_rte( long2 ) test
Building convert_half3_rte( long3 ) test
Building convert_half4_rte( long4 ) test
Building convert_half8_rte( long8 ) test
Building convert_half16_rte( long16 ) test
Testing... ..done.
	Wimp pass

712) Testing convert_halfn_rtp( longn ):
Building convert_half_rtp( long ) test
Building convert_half2_rtp( long2 ) test
Building convert_half3_rtp( long3 ) test
Building convert_half4_rtp( long4 ) test
Building convert_half8_rtp( long8 ) test
Building convert_half16_rtp( long16 ) test
Testing... ..done.
	Wimp pass

713) Testing convert_halfn_rtn( longn ):
Building convert_half_rtn( long ) test
Building convert_half2_rtn( long2 ) test
Building convert_half3_rtn( long3 ) test
Building convert_half4_rtn( long4 ) test
Building convert_half8_rtn( long8 ) test
Building convert_half16_rtn( long16 ) test
Testing... ..done.
	Wimp pass

714) Testing convert_halfn_rtz( longn ):
Building convert_half_rtz( long ) test
Building convert_half2_rtz( long2 ) test
Building convert_half3_rtz( long3 ) test
Building convert_half4_rtz( long4 ) test
Building convert_half8_rtz( long8 ) test
Building convert_half16_rtz( long16 ) test
Testing... ..done.
	Wimp pass

715) Testing convert_floatn( ucharn ):
Building implicit uchar -> float conversion test
Building convert_float( uchar ) test
Building convert_float2( uchar2 ) test
Building convert_float3( uchar3 ) test
Building convert_float4( uchar4 ) test
Building convert_float8( uchar8 ) test
Building convert_float16( uchar16 ) test
Testing... .done.
	Wimp pass

716) Testing convert_floatn_rte( ucharn ):
Building convert_float_rte( uchar ) test
Building convert_float2_rte( uchar2 ) test
Building convert_float3_rte( uchar3 ) test
Building convert_float4_rte( uchar4 ) test
Building convert_float8_rte( uchar8 ) test
Building convert_float16_rte( uchar16 ) test
Testing... .done.
	Wimp pass

717) Testing convert_floatn_rtp( ucharn ):
Building convert_float_rtp( uchar ) test
Building convert_float2_rtp( uchar2 ) test
Building convert_float3_rtp( uchar3 ) test
Building convert_float4_rtp( uchar4 ) test
Building convert_float8_rtp( uchar8 ) test
Building convert_float16_rtp( uchar16 ) test
Testing... .done.
	Wimp pass

718) Testing convert_floatn_rtn( ucharn ):
Building convert_float_rtn( uchar ) test
Building convert_float2_rtn( uchar2 ) test
Building convert_float3_rtn( uchar3 ) test
Building convert_float4_rtn( uchar4 ) test
Building convert_float8_rtn( uchar8 ) test
Building convert_float16_rtn( uchar16 ) test
Testing... .done.
	Wimp pass

719) Testing convert_floatn_rtz( ucharn ):
Building convert_float_rtz( uchar ) test
Building convert_float2_rtz( uchar2 ) test
Building convert_float3_rtz( uchar3 ) test
Building convert_float4_rtz( uchar4 ) test
Building convert_float8_rtz( uchar8 ) test
Building convert_float16_rtz( uchar16 ) test
Testing... .done.
	Wimp pass

720) Testing convert_floatn( charn ):
Building implicit char -> float conversion test
Building convert_float( char ) test
Building convert_float2( char2 ) test
Building convert_float3( char3 ) test
Building convert_float4( char4 ) test
Building convert_float8( char8 ) test
Building convert_float16( char16 ) test
Testing... .done.
	Wimp pass

721) Testing convert_floatn_rte( charn ):
Building convert_float_rte( char ) test
Building convert_float2_rte( char2 ) test
Building convert_float3_rte( char3 ) test
Building convert_float4_rte( char4 ) test
Building convert_float8_rte( char8 ) test
Building convert_float16_rte( char16 ) test
Testing... .done.
	Wimp pass

722) Testing convert_floatn_rtp( charn ):
Building convert_float_rtp( char ) test
Building convert_float2_rtp( char2 ) test
Building convert_float3_rtp( char3 ) test
Building convert_float4_rtp( char4 ) test
Building convert_float8_rtp( char8 ) test
Building convert_float16_rtp( char16 ) test
Testing... .done.
	Wimp pass

723) Testing convert_floatn_rtn( charn ):
Building convert_float_rtn( char ) test
Building convert_float2_rtn( char2 ) test
Building convert_float3_rtn( char3 ) test
Building convert_float4_rtn( char4 ) test
Building convert_float8_rtn( char8 ) test
Building convert_float16_rtn( char16 ) test
Testing... .done.
	Wimp pass

724) Testing convert_floatn_rtz( charn ):
Building convert_float_rtz( char ) test
Building convert_float2_rtz( char2 ) test
Building convert_float3_rtz( char3 ) test
Building convert_float4_rtz( char4 ) test
Building convert_float8_rtz( char8 ) test
Building convert_float16_rtz( char16 ) test
Testing... .done.
	Wimp pass

725) Testing convert_floatn( ushortn ):
Building implicit ushort -> float conversion test
Building convert_float( ushort ) test
Building convert_float2( ushort2 ) test
Building convert_float3( ushort3 ) test
Building convert_float4( ushort4 ) test
Building convert_float8( ushort8 ) test
Building convert_float16( ushort16 ) test
Testing... .done.
	Wimp pass

726) Testing convert_floatn_rte( ushortn ):
Building convert_float_rte( ushort ) test
Building convert_float2_rte( ushort2 ) test
Building convert_float3_rte( ushort3 ) test
Building convert_float4_rte( ushort4 ) test
Building convert_float8_rte( ushort8 ) test
Building convert_float16_rte( ushort16 ) test
Testing... .done.
	Wimp pass

727) Testing convert_floatn_rtp( ushortn ):
Building convert_float_rtp( ushort ) test
Building convert_float2_rtp( ushort2 ) test
Building convert_float3_rtp( ushort3 ) test
Building convert_float4_rtp( ushort4 ) test
Building convert_float8_rtp( ushort8 ) test
Building convert_float16_rtp( ushort16 ) test
Testing... .done.
	Wimp pass

728) Testing convert_floatn_rtn( ushortn ):
Building convert_float_rtn( ushort ) test
Building convert_float2_rtn( ushort2 ) test
Building convert_float3_rtn( ushort3 ) test
Building convert_float4_rtn( ushort4 ) test
Building convert_float8_rtn( ushort8 ) test
Building convert_float16_rtn( ushort16 ) test
Testing... .done.
	Wimp pass

729) Testing convert_floatn_rtz( ushortn ):
Building convert_float_rtz( ushort ) test
Building convert_float2_rtz( ushort2 ) test
Building convert_float3_rtz( ushort3 ) test
Building convert_float4_rtz( ushort4 ) test
Building convert_float8_rtz( ushort8 ) test
Building convert_float16_rtz( ushort16 ) test
Testing... .done.
	Wimp pass

730) Testing convert_floatn( shortn ):
Building implicit short -> float conversion test
Building convert_float( short ) test
Building convert_float2( short2 ) test
Building convert_float3( short3 ) test
Building convert_float4( short4 ) test
Building convert_float8( short8 ) test
Building convert_float16( short16 ) test
Testing... .done.
	Wimp pass

731) Testing convert_floatn_rte( shortn ):
Building convert_float_rte( short ) test
Building convert_float2_rte( short2 ) test
Building convert_float3_rte( short3 ) test
Building convert_float4_rte( short4 ) test
Building convert_float8_rte( short8 ) test
Building convert_float16_rte( short16 ) test
Testing... .done.
	Wimp pass

732) Testing convert_floatn_rtp( shortn ):
Building convert_float_rtp( short ) test
Building convert_float2_rtp( short2 ) test
Building convert_float3_rtp( short3 ) test
Building convert_float4_rtp( short4 ) test
Building convert_float8_rtp( short8 ) test
Building convert_float16_rtp( short16 ) test
Testing... .done.
	Wimp pass

733) Testing convert_floatn_rtn( shortn ):
Building convert_float_rtn( short ) test
Building convert_float2_rtn( short2 ) test
Building convert_float3_rtn( short3 ) test
Building convert_float4_rtn( short4 ) test
Building convert_float8_rtn( short8 ) test
Building convert_float16_rtn( short16 ) test
Testing... .done.
	Wimp pass

734) Testing convert_floatn_rtz( shortn ):
Building convert_float_rtz( short ) test
Building convert_float2_rtz( short2 ) test
Building convert_float3_rtz( short3 ) test
Building convert_float4_rtz( short4 ) test
Building convert_float8_rtz( short8 ) test
Building convert_float16_rtz( short16 ) test
Testing... .done.
	Wimp pass

735) Testing convert_floatn( uintn ):
Building implicit uint -> float conversion test
Building convert_float( uint ) test
Building convert_float2( uint2 ) test
Building convert_float3( uint3 ) test
Building convert_float4( uint4 ) test
Building convert_float8( uint8 ) test
Building convert_float16( uint16 ) test
Testing... .done.
	Wimp pass

736) Testing convert_floatn_rte( uintn ):
Building convert_float_rte( uint ) test
Building convert_float2_rte( uint2 ) test
Building convert_float3_rte( uint3 ) test
Building convert_float4_rte( uint4 ) test
Building convert_float8_rte( uint8 ) test
Building convert_float16_rte( uint16 ) test
Testing... .done.
	Wimp pass

737) Testing convert_floatn_rtp( uintn ):
Building convert_float_rtp( uint ) test
Building convert_float2_rtp( uint2 ) test
Building convert_float3_rtp( uint3 ) test
Building convert_float4_rtp( uint4 ) test
Building convert_float8_rtp( uint8 ) test
Building convert_float16_rtp( uint16 ) test
Testing... .done.
	Wimp pass

738) Testing convert_floatn_rtn( uintn ):
Building convert_float_rtn( uint ) test
Building convert_float2_rtn( uint2 ) test
Building convert_float3_rtn( uint3 ) test
Building convert_float4_rtn( uint4 ) test
Building convert_float8_rtn( uint8 ) test
Building convert_float16_rtn( uint16 ) test
Testing... .done.
	Wimp pass

739) Testing convert_floatn_rtz( uintn ):
Building convert_float_rtz( uint ) test
Building convert_float2_rtz( uint2 ) test
Building convert_float3_rtz( uint3 ) test
Building convert_float4_rtz( uint4 ) test
Building convert_float8_rtz( uint8 ) test
Building convert_float16_rtz( uint16 ) test
Testing... .done.
	Wimp pass

740) Testing convert_floatn( intn ):
Building implicit int -> float conversion test
Building convert_float( int ) test
Building convert_float2( int2 ) test
Building convert_float3( int3 ) test
Building convert_float4( int4 ) test
Building convert_float8( int8 ) test
Building convert_float16( int16 ) test
Testing... .done.
	Wimp pass

741) Testing convert_floatn_rte( intn ):
Building convert_float_rte( int ) test
Building convert_float2_rte( int2 ) test
Building convert_float3_rte( int3 ) test
Building convert_float4_rte( int4 ) test
Building convert_float8_rte( int8 ) test
Building convert_float16_rte( int16 ) test
Testing... .done.
	Wimp pass

742) Testing convert_floatn_rtp( intn ):
Building convert_float_rtp( int ) test
Building convert_float2_rtp( int2 ) test
Building convert_float3_rtp( int3 ) test
Building convert_float4_rtp( int4 ) test
Building convert_float8_rtp( int8 ) test
Building convert_float16_rtp( int16 ) test
Testing... .done.
	Wimp pass

743) Testing convert_floatn_rtn( intn ):
Building convert_float_rtn( int ) test
Building convert_float2_rtn( int2 ) test
Building convert_float3_rtn( int3 ) test
Building convert_float4_rtn( int4 ) test
Building convert_float8_rtn( int8 ) test
Building convert_float16_rtn( int16 ) test
Testing... .done.
	Wimp pass

744) Testing convert_floatn_rtz( intn ):
Building convert_float_rtz( int ) test
Building convert_float2_rtz( int2 ) test
Building convert_float3_rtz( int3 ) test
Building convert_float4_rtz( int4 ) test
Building convert_float8_rtz( int8 ) test
Building convert_float16_rtz( int16 ) test
Testing... .done.
	Wimp pass

745) Testing convert_floatn( halfn ):
Building implicit half -> float conversion test
Building convert_float( half ) test
Building convert_float2( half2 ) test
Building convert_float3( half3 ) test
Building convert_float4( half4 ) test
Building convert_float8( half8 ) test
Building convert_float16( half16 ) test
Testing... .done.
	Wimp pass

746) Testing convert_floatn_rte( halfn ):
Building convert_float_rte( half ) test
Building convert_float2_rte( half2 ) test
Building convert_float3_rte( half3 ) test
Building convert_float4_rte( half4 ) test
Building convert_float8_rte( half8 ) test
Building convert_float16_rte( half16 ) test
Testing... .done.
	Wimp pass

747) Testing convert_floatn_rtp( halfn ):
Building convert_float_rtp( half ) test
Building convert_float2_rtp( half2 ) test
Building convert_float3_rtp( half3 ) test
Building convert_float4_rtp( half4 ) test
Building convert_float8_rtp( half8 ) test
Building convert_float16_rtp( half16 ) test
Testing... .done.
	Wimp pass

748) Testing convert_floatn_rtn( halfn ):
Building convert_float_rtn( half ) test
Building convert_float2_rtn( half2 ) test
Building convert_float3_rtn( half3 ) test
Building convert_float4_rtn( half4 ) test
Building convert_float8_rtn( half8 ) test
Building convert_float16_rtn( half16 ) test
Testing... .done.
	Wimp pass

749) Testing convert_floatn_rtz( halfn ):
Building convert_float_rtz( half ) test
Building convert_float2_rtz( half2 ) test
Building convert_float3_rtz( half3 ) test
Building convert_float4_rtz( half4 ) test
Building convert_float8_rtz( half8 ) test
Building convert_float16_rtz( half16 ) test
Testing... .done.
	Wimp pass

750) Testing convert_floatn( floatn ):
Building implicit float -> float conversion test
Building convert_float( float ) test
Building convert_float2( float2 ) test
Building convert_float3( float3 ) test
Building convert_float4( float4 ) test
Building convert_float8( float8 ) test
Building convert_float16( float16 ) test
Testing... .done.
	Wimp pass

751) Testing convert_floatn_rte( floatn ):
Building convert_float_rte( float ) test
Building convert_float2_rte( float2 ) test
Building convert_float3_rte( float3 ) test
Building convert_float4_rte( float4 ) test
Building convert_float8_rte( float8 ) test
Building convert_float16_rte( float16 ) test
Testing... .done.
	Wimp pass

752) Testing convert_floatn_rtp( floatn ):
Building convert_float_rtp( float ) test
Building convert_float2_rtp( float2 ) test
Building convert_float3_rtp( float3 ) test
Building convert_float4_rtp( float4 ) test
Building convert_float8_rtp( float8 ) test
Building convert_float16_rtp( float16 ) test
Testing... .done.
	Wimp pass

753) Testing convert_floatn_rtn( floatn ):
Building convert_float_rtn( float ) test
Building convert_float2_rtn( float2 ) test
Building convert_float3_rtn( float3 ) test
Building convert_float4_rtn( float4 ) test
Building convert_float8_rtn( float8 ) test
Building convert_float16_rtn( float16 ) test
Testing... .done.
	Wimp pass

754) Testing convert_floatn_rtz( floatn ):
Building convert_float_rtz( float ) test
Building convert_float2_rtz( float2 ) test
Building convert_float3_rtz( float3 ) test
Building convert_float4_rtz( float4 ) test
Building convert_float8_rtz( float8 ) test
Building convert_float16_rtz( float16 ) test
Testing... .done.
	Wimp pass

755) Testing convert_floatn( doublen ):
756) Testing convert_floatn_rte( doublen ):
757) Testing convert_floatn_rtp( doublen ):
758) Testing convert_floatn_rtn( doublen ):
759) Testing convert_floatn_rtz( doublen ):
760) Testing convert_floatn( ulongn ):
Building implicit ulong -> float conversion test
Building convert_float( ulong ) test
Building convert_float2( ulong2 ) test
Building convert_float3( ulong3 ) test
Building convert_float4( ulong4 ) test
Building convert_float8( ulong8 ) test
Building convert_float16( ulong16 ) test
Testing... ..done.
	Wimp pass

761) Testing convert_floatn_rte( ulongn ):
Building convert_float_rte( ulong ) test
Building convert_float2_rte( ulong2 ) test
Building convert_float3_rte( ulong3 ) test
Building convert_float4_rte( ulong4 ) test
Building convert_float8_rte( ulong8 ) test
Building convert_float16_rte( ulong16 ) test
Testing... ..done.
	Wimp pass

762) Testing convert_floatn_rtp( ulongn ):
Building convert_float_rtp( ulong ) test
Building convert_float2_rtp( ulong2 ) test
Building convert_float3_rtp( ulong3 ) test
Building convert_float4_rtp( ulong4 ) test
Building convert_float8_rtp( ulong8 ) test
Building convert_float16_rtp( ulong16 ) test
Testing... ..done.
	Wimp pass

763) Testing convert_floatn_rtn( ulongn ):
Building convert_float_rtn( ulong ) test
Building convert_float2_rtn( ulong2 ) test
Building convert_float3_rtn( ulong3 ) test
Building convert_float4_rtn( ulong4 ) test
Building convert_float8_rtn( ulong8 ) test
Building convert_float16_rtn( ulong16 ) test
Testing... ..done.
	Wimp pass

764) Testing convert_floatn_rtz( ulongn ):
Building convert_float_rtz( ulong ) test
Building convert_float2_rtz( ulong2 ) test
Building convert_float3_rtz( ulong3 ) test
Building convert_float4_rtz( ulong4 ) test
Building convert_float8_rtz( ulong8 ) test
Building convert_float16_rtz( ulong16 ) test
Testing... ..done.
	Wimp pass

765) Testing convert_floatn( longn ):
Building implicit long -> float conversion test
Building convert_float( long ) test
Building convert_float2( long2 ) test
Building convert_float3( long3 ) test
Building convert_float4( long4 ) test
Building convert_float8( long8 ) test
Building convert_float16( long16 ) test
Testing... ..done.
	Wimp pass

766) Testing convert_floatn_rte( longn ):
Building convert_float_rte( long ) test
Building convert_float2_rte( long2 ) test
Building convert_float3_rte( long3 ) test
Building convert_float4_rte( long4 ) test
Building convert_float8_rte( long8 ) test
Building convert_float16_rte( long16 ) test
Testing... ..done.
	Wimp pass

767) Testing convert_floatn_rtp( longn ):
Building convert_float_rtp( long ) test
Building convert_float2_rtp( long2 ) test
Building convert_float3_rtp( long3 ) test
Building convert_float4_rtp( long4 ) test
Building convert_float8_rtp( long8 ) test
Building convert_float16_rtp( long16 ) test
Testing... ..done.
	Wimp pass

768) Testing convert_floatn_rtn( longn ):
Building convert_float_rtn( long ) test
Building convert_float2_rtn( long2 ) test
Building convert_float3_rtn( long3 ) test
Building convert_float4_rtn( long4 ) test
Building convert_float8_rtn( long8 ) test
Building convert_float16_rtn( long16 ) test
Testing... ..done.
	Wimp pass

769) Testing convert_floatn_rtz( longn ):
Building convert_float_rtz( long ) test
Building convert_float2_rtz( long2 ) test
Building convert_float3_rtz( long3 ) test
Building convert_float4_rtz( long4 ) test
Building convert_float8_rtz( long8 ) test
Building convert_float16_rtz( long16 ) test
Testing... ..done.
	Wimp pass

770) Testing convert_doublen( ucharn ):
771) Testing convert_doublen_rte( ucharn ):
772) Testing convert_doublen_rtp( ucharn ):
773) Testing convert_doublen_rtn( ucharn ):
774) Testing convert_doublen_rtz( ucharn ):
775) Testing convert_doublen( charn ):
776) Testing convert_doublen_rte( charn ):
777) Testing convert_doublen_rtp( charn ):
778) Testing convert_doublen_rtn( charn ):
779) Testing convert_doublen_rtz( charn ):
780) Testing convert_doublen( ushortn ):
781) Testing convert_doublen_rte( ushortn ):
782) Testing convert_doublen_rtp( ushortn ):
783) Testing convert_doublen_rtn( ushortn ):
784) Testing convert_doublen_rtz( ushortn ):
785) Testing convert_doublen( shortn ):
786) Testing convert_doublen_rte( shortn ):
787) Testing convert_doublen_rtp( shortn ):
788) Testing convert_doublen_rtn( shortn ):
789) Testing convert_doublen_rtz( shortn ):
790) Testing convert_doublen( uintn ):
791) Testing convert_doublen_rte( uintn ):
792) Testing convert_doublen_rtp( uintn ):
793) Testing convert_doublen_rtn( uintn ):
794) Testing convert_doublen_rtz( uintn ):
795) Testing convert_doublen( intn ):
796) Testing convert_doublen_rte( intn ):
797) Testing convert_doublen_rtp( intn ):
798) Testing convert_doublen_rtn( intn ):
799) Testing convert_doublen_rtz( intn ):
800) Testing convert_doublen( halfn ):
801) Testing convert_doublen_rte( halfn ):
802) Testing convert_doublen_rtp( halfn ):
803) Testing convert_doublen_rtn( halfn ):
804) Testing convert_doublen_rtz( halfn ):
805) Testing convert_doublen( floatn ):
806) Testing convert_doublen_rte( floatn ):
807) Testing convert_doublen_rtp( floatn ):
808) Testing convert_doublen_rtn( floatn ):
809) Testing convert_doublen_rtz( floatn ):
810) Testing convert_doublen( doublen ):
811) Testing convert_doublen_rte( doublen ):
812) Testing convert_doublen_rtp( doublen ):
813) Testing convert_doublen_rtn( doublen ):
814) Testing convert_doublen_rtz( doublen ):
815) Testing convert_doublen( ulongn ):
816) Testing convert_doublen_rte( ulongn ):
817) Testing convert_doublen_rtp( ulongn ):
818) Testing convert_doublen_rtn( ulongn ):
819) Testing convert_doublen_rtz( ulongn ):
820) Testing convert_doublen( longn ):
821) Testing convert_doublen_rte( longn ):
822) Testing convert_doublen_rtp( longn ):
823) Testing convert_doublen_rtn( longn ):
824) Testing convert_doublen_rtz( longn ):
825) Testing convert_ulongn( ucharn ):
Building implicit uchar -> ulong conversion test
Building convert_ulong( uchar ) test
Building convert_ulong2( uchar2 ) test
Building convert_ulong3( uchar3 ) test
Building convert_ulong4( uchar4 ) test
Building convert_ulong8( uchar8 ) test
Building convert_ulong16( uchar16 ) test
Testing... .done.
	Wimp pass

826) Testing convert_ulongn_rte( ucharn ):
Building convert_ulong_rte( uchar ) test
Building convert_ulong2_rte( uchar2 ) test
Building convert_ulong3_rte( uchar3 ) test
Building convert_ulong4_rte( uchar4 ) test
Building convert_ulong8_rte( uchar8 ) test
Building convert_ulong16_rte( uchar16 ) test
Testing... .done.
	Wimp pass

827) Testing convert_ulongn_rtp( ucharn ):
Building convert_ulong_rtp( uchar ) test
Building convert_ulong2_rtp( uchar2 ) test
Building convert_ulong3_rtp( uchar3 ) test
Building convert_ulong4_rtp( uchar4 ) test
Building convert_ulong8_rtp( uchar8 ) test
Building convert_ulong16_rtp( uchar16 ) test
Testing... .done.
	Wimp pass

828) Testing convert_ulongn_rtn( ucharn ):
Building convert_ulong_rtn( uchar ) test
Building convert_ulong2_rtn( uchar2 ) test
Building convert_ulong3_rtn( uchar3 ) test
Building convert_ulong4_rtn( uchar4 ) test
Building convert_ulong8_rtn( uchar8 ) test
Building convert_ulong16_rtn( uchar16 ) test
Testing... .done.
	Wimp pass

829) Testing convert_ulongn_rtz( ucharn ):
Building convert_ulong_rtz( uchar ) test
Building convert_ulong2_rtz( uchar2 ) test
Building convert_ulong3_rtz( uchar3 ) test
Building convert_ulong4_rtz( uchar4 ) test
Building convert_ulong8_rtz( uchar8 ) test
Building convert_ulong16_rtz( uchar16 ) test
Testing... .done.
	Wimp pass

830) Testing convert_ulongn_sat( ucharn ):
Building convert_ulong_sat( uchar ) test
Building convert_ulong2_sat( uchar2 ) test
Building convert_ulong3_sat( uchar3 ) test
Building convert_ulong4_sat( uchar4 ) test
Building convert_ulong8_sat( uchar8 ) test
Building convert_ulong16_sat( uchar16 ) test
Testing... .done.
	Wimp pass

831) Testing convert_ulongn_sat_rte( ucharn ):
Building convert_ulong_sat_rte( uchar ) test
Building convert_ulong2_sat_rte( uchar2 ) test
Building convert_ulong3_sat_rte( uchar3 ) test
Building convert_ulong4_sat_rte( uchar4 ) test
Building convert_ulong8_sat_rte( uchar8 ) test
Building convert_ulong16_sat_rte( uchar16 ) test
Testing... .done.
	Wimp pass

832) Testing convert_ulongn_sat_rtp( ucharn ):
Building convert_ulong_sat_rtp( uchar ) test
Building convert_ulong2_sat_rtp( uchar2 ) test
Building convert_ulong3_sat_rtp( uchar3 ) test
Building convert_ulong4_sat_rtp( uchar4 ) test
Building convert_ulong8_sat_rtp( uchar8 ) test
Building convert_ulong16_sat_rtp( uchar16 ) test
Testing... .done.
	Wimp pass

833) Testing convert_ulongn_sat_rtn( ucharn ):
Building convert_ulong_sat_rtn( uchar ) test
Building convert_ulong2_sat_rtn( uchar2 ) test
Building convert_ulong3_sat_rtn( uchar3 ) test
Building convert_ulong4_sat_rtn( uchar4 ) test
Building convert_ulong8_sat_rtn( uchar8 ) test
Building convert_ulong16_sat_rtn( uchar16 ) test
Testing... .done.
	Wimp pass

834) Testing convert_ulongn_sat_rtz( ucharn ):
Building convert_ulong_sat_rtz( uchar ) test
Building convert_ulong2_sat_rtz( uchar2 ) test
Building convert_ulong3_sat_rtz( uchar3 ) test
Building convert_ulong4_sat_rtz( uchar4 ) test
Building convert_ulong8_sat_rtz( uchar8 ) test
Building convert_ulong16_sat_rtz( uchar16 ) test
Testing... .done.
	Wimp pass

835) Testing convert_ulongn( charn ):
Building implicit char -> ulong conversion test
Building convert_ulong( char ) test
Building convert_ulong2( char2 ) test
Building convert_ulong3( char3 ) test
Building convert_ulong4( char4 ) test
Building convert_ulong8( char8 ) test
Building convert_ulong16( char16 ) test
Testing... .done.
	Wimp pass

836) Testing convert_ulongn_rte( charn ):
Building convert_ulong_rte( char ) test
Building convert_ulong2_rte( char2 ) test
Building convert_ulong3_rte( char3 ) test
Building convert_ulong4_rte( char4 ) test
Building convert_ulong8_rte( char8 ) test
Building convert_ulong16_rte( char16 ) test
Testing... .done.
	Wimp pass

837) Testing convert_ulongn_rtp( charn ):
Building convert_ulong_rtp( char ) test
Building convert_ulong2_rtp( char2 ) test
Building convert_ulong3_rtp( char3 ) test
Building convert_ulong4_rtp( char4 ) test
Building convert_ulong8_rtp( char8 ) test
Building convert_ulong16_rtp( char16 ) test
Testing... .done.
	Wimp pass

838) Testing convert_ulongn_rtn( charn ):
Building convert_ulong_rtn( char ) test
Building convert_ulong2_rtn( char2 ) test
Building convert_ulong3_rtn( char3 ) test
Building convert_ulong4_rtn( char4 ) test
Building convert_ulong8_rtn( char8 ) test
Building convert_ulong16_rtn( char16 ) test
Testing... .done.
	Wimp pass

839) Testing convert_ulongn_rtz( charn ):
Building convert_ulong_rtz( char ) test
Building convert_ulong2_rtz( char2 ) test
Building convert_ulong3_rtz( char3 ) test
Building convert_ulong4_rtz( char4 ) test
Building convert_ulong8_rtz( char8 ) test
Building convert_ulong16_rtz( char16 ) test
Testing... .done.
	Wimp pass

840) Testing convert_ulongn_sat( charn ):
Building convert_ulong_sat( char ) test
Building convert_ulong2_sat( char2 ) test
Building convert_ulong3_sat( char3 ) test
Building convert_ulong4_sat( char4 ) test
Building convert_ulong8_sat( char8 ) test
Building convert_ulong16_sat( char16 ) test
Testing... .done.
	Wimp pass

841) Testing convert_ulongn_sat_rte( charn ):
Building convert_ulong_sat_rte( char ) test
Building convert_ulong2_sat_rte( char2 ) test
Building convert_ulong3_sat_rte( char3 ) test
Building convert_ulong4_sat_rte( char4 ) test
Building convert_ulong8_sat_rte( char8 ) test
Building convert_ulong16_sat_rte( char16 ) test
Testing... .done.
	Wimp pass

842) Testing convert_ulongn_sat_rtp( charn ):
Building convert_ulong_sat_rtp( char ) test
Building convert_ulong2_sat_rtp( char2 ) test
Building convert_ulong3_sat_rtp( char3 ) test
Building convert_ulong4_sat_rtp( char4 ) test
Building convert_ulong8_sat_rtp( char8 ) test
Building convert_ulong16_sat_rtp( char16 ) test
Testing... .done.
	Wimp pass

843) Testing convert_ulongn_sat_rtn( charn ):
Building convert_ulong_sat_rtn( char ) test
Building convert_ulong2_sat_rtn( char2 ) test
Building convert_ulong3_sat_rtn( char3 ) test
Building convert_ulong4_sat_rtn( char4 ) test
Building convert_ulong8_sat_rtn( char8 ) test
Building convert_ulong16_sat_rtn( char16 ) test
Testing... .done.
	Wimp pass

844) Testing convert_ulongn_sat_rtz( charn ):
Building convert_ulong_sat_rtz( char ) test
Building convert_ulong2_sat_rtz( char2 ) test
Building convert_ulong3_sat_rtz( char3 ) test
Building convert_ulong4_sat_rtz( char4 ) test
Building convert_ulong8_sat_rtz( char8 ) test
Building convert_ulong16_sat_rtz( char16 ) test
Testing... .done.
	Wimp pass

845) Testing convert_ulongn( ushortn ):
Building implicit ushort -> ulong conversion test
Building convert_ulong( ushort ) test
Building convert_ulong2( ushort2 ) test
Building convert_ulong3( ushort3 ) test
Building convert_ulong4( ushort4 ) test
Building convert_ulong8( ushort8 ) test
Building convert_ulong16( ushort16 ) test
Testing... .done.
	Wimp pass

846) Testing convert_ulongn_rte( ushortn ):
Building convert_ulong_rte( ushort ) test
Building convert_ulong2_rte( ushort2 ) test
Building convert_ulong3_rte( ushort3 ) test
Building convert_ulong4_rte( ushort4 ) test
Building convert_ulong8_rte( ushort8 ) test
Building convert_ulong16_rte( ushort16 ) test
Testing... .done.
	Wimp pass

847) Testing convert_ulongn_rtp( ushortn ):
Building convert_ulong_rtp( ushort ) test
Building convert_ulong2_rtp( ushort2 ) test
Building convert_ulong3_rtp( ushort3 ) test
Building convert_ulong4_rtp( ushort4 ) test
Building convert_ulong8_rtp( ushort8 ) test
Building convert_ulong16_rtp( ushort16 ) test
Testing... .done.
	Wimp pass

848) Testing convert_ulongn_rtn( ushortn ):
Building convert_ulong_rtn( ushort ) test
Building convert_ulong2_rtn( ushort2 ) test
Building convert_ulong3_rtn( ushort3 ) test
Building convert_ulong4_rtn( ushort4 ) test
Building convert_ulong8_rtn( ushort8 ) test
Building convert_ulong16_rtn( ushort16 ) test
Testing... .done.
	Wimp pass

849) Testing convert_ulongn_rtz( ushortn ):
Building convert_ulong_rtz( ushort ) test
Building convert_ulong2_rtz( ushort2 ) test
Building convert_ulong3_rtz( ushort3 ) test
Building convert_ulong4_rtz( ushort4 ) test
Building convert_ulong8_rtz( ushort8 ) test
Building convert_ulong16_rtz( ushort16 ) test
Testing... .done.
	Wimp pass

850) Testing convert_ulongn_sat( ushortn ):
Building convert_ulong_sat( ushort ) test
Building convert_ulong2_sat( ushort2 ) test
Building convert_ulong3_sat( ushort3 ) test
Building convert_ulong4_sat( ushort4 ) test
Building convert_ulong8_sat( ushort8 ) test
Building convert_ulong16_sat( ushort16 ) test
Testing... .done.
	Wimp pass

851) Testing convert_ulongn_sat_rte( ushortn ):
Building convert_ulong_sat_rte( ushort ) test
Building convert_ulong2_sat_rte( ushort2 ) test
Building convert_ulong3_sat_rte( ushort3 ) test
Building convert_ulong4_sat_rte( ushort4 ) test
Building convert_ulong8_sat_rte( ushort8 ) test
Building convert_ulong16_sat_rte( ushort16 ) test
Testing... .done.
	Wimp pass

852) Testing convert_ulongn_sat_rtp( ushortn ):
Building convert_ulong_sat_rtp( ushort ) test
Building convert_ulong2_sat_rtp( ushort2 ) test
Building convert_ulong3_sat_rtp( ushort3 ) test
Building convert_ulong4_sat_rtp( ushort4 ) test
Building convert_ulong8_sat_rtp( ushort8 ) test
Building convert_ulong16_sat_rtp( ushort16 ) test
Testing... .done.
	Wimp pass

853) Testing convert_ulongn_sat_rtn( ushortn ):
Building convert_ulong_sat_rtn( ushort ) test
Building convert_ulong2_sat_rtn( ushort2 ) test
Building convert_ulong3_sat_rtn( ushort3 ) test
Building convert_ulong4_sat_rtn( ushort4 ) test
Building convert_ulong8_sat_rtn( ushort8 ) test
Building convert_ulong16_sat_rtn( ushort16 ) test
Testing... .done.
	Wimp pass

854) Testing convert_ulongn_sat_rtz( ushortn ):
Building convert_ulong_sat_rtz( ushort ) test
Building convert_ulong2_sat_rtz( ushort2 ) test
Building convert_ulong3_sat_rtz( ushort3 ) test
Building convert_ulong4_sat_rtz( ushort4 ) test
Building convert_ulong8_sat_rtz( ushort8 ) test
Building convert_ulong16_sat_rtz( ushort16 ) test
Testing... .done.
	Wimp pass

855) Testing convert_ulongn( shortn ):
Building implicit short -> ulong conversion test
Building convert_ulong( short ) test
Building convert_ulong2( short2 ) test
Building convert_ulong3( short3 ) test
Building convert_ulong4( short4 ) test
Building convert_ulong8( short8 ) test
Building convert_ulong16( short16 ) test
Testing... .done.
	Wimp pass

856) Testing convert_ulongn_rte( shortn ):
Building convert_ulong_rte( short ) test
Building convert_ulong2_rte( short2 ) test
Building convert_ulong3_rte( short3 ) test
Building convert_ulong4_rte( short4 ) test
Building convert_ulong8_rte( short8 ) test
Building convert_ulong16_rte( short16 ) test
Testing... .done.
	Wimp pass

857) Testing convert_ulongn_rtp( shortn ):
Building convert_ulong_rtp( short ) test
Building convert_ulong2_rtp( short2 ) test
Building convert_ulong3_rtp( short3 ) test
Building convert_ulong4_rtp( short4 ) test
Building convert_ulong8_rtp( short8 ) test
Building convert_ulong16_rtp( short16 ) test
Testing... .done.
	Wimp pass

858) Testing convert_ulongn_rtn( shortn ):
Building convert_ulong_rtn( short ) test
Building convert_ulong2_rtn( short2 ) test
Building convert_ulong3_rtn( short3 ) test
Building convert_ulong4_rtn( short4 ) test
Building convert_ulong8_rtn( short8 ) test
Building convert_ulong16_rtn( short16 ) test
Testing... .done.
	Wimp pass

859) Testing convert_ulongn_rtz( shortn ):
Building convert_ulong_rtz( short ) test
Building convert_ulong2_rtz( short2 ) test
Building convert_ulong3_rtz( short3 ) test
Building convert_ulong4_rtz( short4 ) test
Building convert_ulong8_rtz( short8 ) test
Building convert_ulong16_rtz( short16 ) test
Testing... .done.
	Wimp pass

860) Testing convert_ulongn_sat( shortn ):
Building convert_ulong_sat( short ) test
Building convert_ulong2_sat( short2 ) test
Building convert_ulong3_sat( short3 ) test
Building convert_ulong4_sat( short4 ) test
Building convert_ulong8_sat( short8 ) test
Building convert_ulong16_sat( short16 ) test
Testing... .done.
	Wimp pass

861) Testing convert_ulongn_sat_rte( shortn ):
Building convert_ulong_sat_rte( short ) test
Building convert_ulong2_sat_rte( short2 ) test
Building convert_ulong3_sat_rte( short3 ) test
Building convert_ulong4_sat_rte( short4 ) test
Building convert_ulong8_sat_rte( short8 ) test
Building convert_ulong16_sat_rte( short16 ) test
Testing... .done.
	Wimp pass

862) Testing convert_ulongn_sat_rtp( shortn ):
Building convert_ulong_sat_rtp( short ) test
Building convert_ulong2_sat_rtp( short2 ) test
Building convert_ulong3_sat_rtp( short3 ) test
Building convert_ulong4_sat_rtp( short4 ) test
Building convert_ulong8_sat_rtp( short8 ) test
Building convert_ulong16_sat_rtp( short16 ) test
Testing... .done.
	Wimp pass

863) Testing convert_ulongn_sat_rtn( shortn ):
Building convert_ulong_sat_rtn( short ) test
Building convert_ulong2_sat_rtn( short2 ) test
Building convert_ulong3_sat_rtn( short3 ) test
Building convert_ulong4_sat_rtn( short4 ) test
Building convert_ulong8_sat_rtn( short8 ) test
Building convert_ulong16_sat_rtn( short16 ) test
Testing... .done.
	Wimp pass

864) Testing convert_ulongn_sat_rtz( shortn ):
Building convert_ulong_sat_rtz( short ) test
Building convert_ulong2_sat_rtz( short2 ) test
Building convert_ulong3_sat_rtz( short3 ) test
Building convert_ulong4_sat_rtz( short4 ) test
Building convert_ulong8_sat_rtz( short8 ) test
Building convert_ulong16_sat_rtz( short16 ) test
Testing... .done.
	Wimp pass

865) Testing convert_ulongn( uintn ):
Building implicit uint -> ulong conversion test
Building convert_ulong( uint ) test
Building convert_ulong2( uint2 ) test
Building convert_ulong3( uint3 ) test
Building convert_ulong4( uint4 ) test
Building convert_ulong8( uint8 ) test
Building convert_ulong16( uint16 ) test
Testing... ..done.
	Wimp pass

866) Testing convert_ulongn_rte( uintn ):
Building convert_ulong_rte( uint ) test
Building convert_ulong2_rte( uint2 ) test
Building convert_ulong3_rte( uint3 ) test
Building convert_ulong4_rte( uint4 ) test
Building convert_ulong8_rte( uint8 ) test
Building convert_ulong16_rte( uint16 ) test
Testing... ..done.
	Wimp pass

867) Testing convert_ulongn_rtp( uintn ):
Building convert_ulong_rtp( uint ) test
Building convert_ulong2_rtp( uint2 ) test
Building convert_ulong3_rtp( uint3 ) test
Building convert_ulong4_rtp( uint4 ) test
Building convert_ulong8_rtp( uint8 ) test
Building convert_ulong16_rtp( uint16 ) test
Testing... ..done.
	Wimp pass

868) Testing convert_ulongn_rtn( uintn ):
Building convert_ulong_rtn( uint ) test
Building convert_ulong2_rtn( uint2 ) test
Building convert_ulong3_rtn( uint3 ) test
Building convert_ulong4_rtn( uint4 ) test
Building convert_ulong8_rtn( uint8 ) test
Building convert_ulong16_rtn( uint16 ) test
Testing... ..done.
	Wimp pass

869) Testing convert_ulongn_rtz( uintn ):
Building convert_ulong_rtz( uint ) test
Building convert_ulong2_rtz( uint2 ) test
Building convert_ulong3_rtz( uint3 ) test
Building convert_ulong4_rtz( uint4 ) test
Building convert_ulong8_rtz( uint8 ) test
Building convert_ulong16_rtz( uint16 ) test
Testing... ..done.
	Wimp pass

870) Testing convert_ulongn_sat( uintn ):
Building convert_ulong_sat( uint ) test
Building convert_ulong2_sat( uint2 ) test
Building convert_ulong3_sat( uint3 ) test
Building convert_ulong4_sat( uint4 ) test
Building convert_ulong8_sat( uint8 ) test
Building convert_ulong16_sat( uint16 ) test
Testing... ..done.
	Wimp pass

871) Testing convert_ulongn_sat_rte( uintn ):
Building convert_ulong_sat_rte( uint ) test
Building convert_ulong2_sat_rte( uint2 ) test
Building convert_ulong3_sat_rte( uint3 ) test
Building convert_ulong4_sat_rte( uint4 ) test
Building convert_ulong8_sat_rte( uint8 ) test
Building convert_ulong16_sat_rte( uint16 ) test
Testing... ..done.
	Wimp pass

872) Testing convert_ulongn_sat_rtp( uintn ):
Building convert_ulong_sat_rtp( uint ) test
Building convert_ulong2_sat_rtp( uint2 ) test
Building convert_ulong3_sat_rtp( uint3 ) test
Building convert_ulong4_sat_rtp( uint4 ) test
Building convert_ulong8_sat_rtp( uint8 ) test
Building convert_ulong16_sat_rtp( uint16 ) test
Testing... ..done.
	Wimp pass

873) Testing convert_ulongn_sat_rtn( uintn ):
Building convert_ulong_sat_rtn( uint ) test
Building convert_ulong2_sat_rtn( uint2 ) test
Building convert_ulong3_sat_rtn( uint3 ) test
Building convert_ulong4_sat_rtn( uint4 ) test
Building convert_ulong8_sat_rtn( uint8 ) test
Building convert_ulong16_sat_rtn( uint16 ) test
Testing... ..done.
	Wimp pass

874) Testing convert_ulongn_sat_rtz( uintn ):
Building convert_ulong_sat_rtz( uint ) test
Building convert_ulong2_sat_rtz( uint2 ) test
Building convert_ulong3_sat_rtz( uint3 ) test
Building convert_ulong4_sat_rtz( uint4 ) test
Building convert_ulong8_sat_rtz( uint8 ) test
Building convert_ulong16_sat_rtz( uint16 ) test
Testing... ..done.
	Wimp pass

875) Testing convert_ulongn( intn ):
Building implicit int -> ulong conversion test
Building convert_ulong( int ) test
Building convert_ulong2( int2 ) test
Building convert_ulong3( int3 ) test
Building convert_ulong4( int4 ) test
Building convert_ulong8( int8 ) test
Building convert_ulong16( int16 ) test
Testing... ..done.
	Wimp pass

876) Testing convert_ulongn_rte( intn ):
Building convert_ulong_rte( int ) test
Building convert_ulong2_rte( int2 ) test
Building convert_ulong3_rte( int3 ) test
Building convert_ulong4_rte( int4 ) test
Building convert_ulong8_rte( int8 ) test
Building convert_ulong16_rte( int16 ) test
Testing... ..done.
	Wimp pass

877) Testing convert_ulongn_rtp( intn ):
Building convert_ulong_rtp( int ) test
Building convert_ulong2_rtp( int2 ) test
Building convert_ulong3_rtp( int3 ) test
Building convert_ulong4_rtp( int4 ) test
Building convert_ulong8_rtp( int8 ) test
Building convert_ulong16_rtp( int16 ) test
Testing... ..done.
	Wimp pass

878) Testing convert_ulongn_rtn( intn ):
Building convert_ulong_rtn( int ) test
Building convert_ulong2_rtn( int2 ) test
Building convert_ulong3_rtn( int3 ) test
Building convert_ulong4_rtn( int4 ) test
Building convert_ulong8_rtn( int8 ) test
Building convert_ulong16_rtn( int16 ) test
Testing... ..done.
	Wimp pass

879) Testing convert_ulongn_rtz( intn ):
Building convert_ulong_rtz( int ) test
Building convert_ulong2_rtz( int2 ) test
Building convert_ulong3_rtz( int3 ) test
Building convert_ulong4_rtz( int4 ) test
Building convert_ulong8_rtz( int8 ) test
Building convert_ulong16_rtz( int16 ) test
Testing... ..done.
	Wimp pass

880) Testing convert_ulongn_sat( intn ):
Building convert_ulong_sat( int ) test
Building convert_ulong2_sat( int2 ) test
Building convert_ulong3_sat( int3 ) test
Building convert_ulong4_sat( int4 ) test
Building convert_ulong8_sat( int8 ) test
Building convert_ulong16_sat( int16 ) test
Testing... ..done.
	Wimp pass

881) Testing convert_ulongn_sat_rte( intn ):
Building convert_ulong_sat_rte( int ) test
Building convert_ulong2_sat_rte( int2 ) test
Building convert_ulong3_sat_rte( int3 ) test
Building convert_ulong4_sat_rte( int4 ) test
Building convert_ulong8_sat_rte( int8 ) test
Building convert_ulong16_sat_rte( int16 ) test
Testing... ..done.
	Wimp pass

882) Testing convert_ulongn_sat_rtp( intn ):
Building convert_ulong_sat_rtp( int ) test
Building convert_ulong2_sat_rtp( int2 ) test
Building convert_ulong3_sat_rtp( int3 ) test
Building convert_ulong4_sat_rtp( int4 ) test
Building convert_ulong8_sat_rtp( int8 ) test
Building convert_ulong16_sat_rtp( int16 ) test
Testing... ..done.
	Wimp pass

883) Testing convert_ulongn_sat_rtn( intn ):
Building convert_ulong_sat_rtn( int ) test
Building convert_ulong2_sat_rtn( int2 ) test
Building convert_ulong3_sat_rtn( int3 ) test
Building convert_ulong4_sat_rtn( int4 ) test
Building convert_ulong8_sat_rtn( int8 ) test
Building convert_ulong16_sat_rtn( int16 ) test
Testing... ..done.
	Wimp pass

884) Testing convert_ulongn_sat_rtz( intn ):
Building convert_ulong_sat_rtz( int ) test
Building convert_ulong2_sat_rtz( int2 ) test
Building convert_ulong3_sat_rtz( int3 ) test
Building convert_ulong4_sat_rtz( int4 ) test
Building convert_ulong8_sat_rtz( int8 ) test
Building convert_ulong16_sat_rtz( int16 ) test
Testing... ..done.
	Wimp pass

885) Testing convert_ulongn( halfn ):
Building implicit half -> ulong conversion test
Building convert_ulong( half ) test
Building convert_ulong2( half2 ) test
Building convert_ulong3( half3 ) test
Building convert_ulong4( half4 ) test
Building convert_ulong8( half8 ) test
Building convert_ulong16( half16 ) test
Testing... .done.
	Wimp pass

886) Testing convert_ulongn_rte( halfn ):
Building convert_ulong_rte( half ) test
Building convert_ulong2_rte( half2 ) test
Building convert_ulong3_rte( half3 ) test
Building convert_ulong4_rte( half4 ) test
Building convert_ulong8_rte( half8 ) test
Building convert_ulong16_rte( half16 ) test
Testing... .done.
	Wimp pass

887) Testing convert_ulongn_rtp( halfn ):
Building convert_ulong_rtp( half ) test
Building convert_ulong2_rtp( half2 ) test
Building convert_ulong3_rtp( half3 ) test
Building convert_ulong4_rtp( half4 ) test
Building convert_ulong8_rtp( half8 ) test
Building convert_ulong16_rtp( half16 ) test
Testing... .done.
	Wimp pass

888) Testing convert_ulongn_rtn( halfn ):
Building convert_ulong_rtn( half ) test
Building convert_ulong2_rtn( half2 ) test
Building convert_ulong3_rtn( half3 ) test
Building convert_ulong4_rtn( half4 ) test
Building convert_ulong8_rtn( half8 ) test
Building convert_ulong16_rtn( half16 ) test
Testing... .done.
	Wimp pass

889) Testing convert_ulongn_rtz( halfn ):
Building convert_ulong_rtz( half ) test
Building convert_ulong2_rtz( half2 ) test
Building convert_ulong3_rtz( half3 ) test
Building convert_ulong4_rtz( half4 ) test
Building convert_ulong8_rtz( half8 ) test
Building convert_ulong16_rtz( half16 ) test
Testing... .done.
	Wimp pass

890) Testing convert_ulongn_sat( halfn ):
Building convert_ulong_sat( half ) test
Building convert_ulong2_sat( half2 ) test
Building convert_ulong3_sat( half3 ) test
Building convert_ulong4_sat( half4 ) test
Building convert_ulong8_sat( half8 ) test
Building convert_ulong16_sat( half16 ) test
Testing... .done.
	Wimp pass

891) Testing convert_ulongn_sat_rte( halfn ):
Building convert_ulong_sat_rte( half ) test
Building convert_ulong2_sat_rte( half2 ) test
Building convert_ulong3_sat_rte( half3 ) test
Building convert_ulong4_sat_rte( half4 ) test
Building convert_ulong8_sat_rte( half8 ) test
Building convert_ulong16_sat_rte( half16 ) test
Testing... .done.
	Wimp pass

892) Testing convert_ulongn_sat_rtp( halfn ):
Building convert_ulong_sat_rtp( half ) test
Building convert_ulong2_sat_rtp( half2 ) test
Building convert_ulong3_sat_rtp( half3 ) test
Building convert_ulong4_sat_rtp( half4 ) test
Building convert_ulong8_sat_rtp( half8 ) test
Building convert_ulong16_sat_rtp( half16 ) test
Testing... .done.
	Wimp pass

893) Testing convert_ulongn_sat_rtn( halfn ):
Building convert_ulong_sat_rtn( half ) test
Building convert_ulong2_sat_rtn( half2 ) test
Building convert_ulong3_sat_rtn( half3 ) test
Building convert_ulong4_sat_rtn( half4 ) test
Building convert_ulong8_sat_rtn( half8 ) test
Building convert_ulong16_sat_rtn( half16 ) test
Testing... .done.
	Wimp pass

894) Testing convert_ulongn_sat_rtz( halfn ):
Building convert_ulong_sat_rtz( half ) test
Building convert_ulong2_sat_rtz( half2 ) test
Building convert_ulong3_sat_rtz( half3 ) test
Building convert_ulong4_sat_rtz( half4 ) test
Building convert_ulong8_sat_rtz( half8 ) test
Building convert_ulong16_sat_rtz( half16 ) test
Testing... .done.
	Wimp pass

895) Testing convert_ulongn( floatn ):
Building implicit float -> ulong conversion test
Building convert_ulong( float ) test
Building convert_ulong2( float2 ) test
Building convert_ulong3( float3 ) test
Building convert_ulong4( float4 ) test
Building convert_ulong8( float8 ) test
Building convert_ulong16( float16 ) test
Testing... ..done.
	Wimp pass

896) Testing convert_ulongn_rte( floatn ):
Building convert_ulong_rte( float ) test
Building convert_ulong2_rte( float2 ) test
Building convert_ulong3_rte( float3 ) test
Building convert_ulong4_rte( float4 ) test
Building convert_ulong8_rte( float8 ) test
Building convert_ulong16_rte( float16 ) test
Testing... ..done.
	Wimp pass

897) Testing convert_ulongn_rtp( floatn ):
Building convert_ulong_rtp( float ) test
Building convert_ulong2_rtp( float2 ) test
Building convert_ulong3_rtp( float3 ) test
Building convert_ulong4_rtp( float4 ) test
Building convert_ulong8_rtp( float8 ) test
Building convert_ulong16_rtp( float16 ) test
Testing... ..done.
	Wimp pass

898) Testing convert_ulongn_rtn( floatn ):
Building convert_ulong_rtn( float ) test
Building convert_ulong2_rtn( float2 ) test
Building convert_ulong3_rtn( float3 ) test
Building convert_ulong4_rtn( float4 ) test
Building convert_ulong8_rtn( float8 ) test
Building convert_ulong16_rtn( float16 ) test
Testing... ..done.
	Wimp pass

899) Testing convert_ulongn_rtz( floatn ):
Building convert_ulong_rtz( float ) test
Building convert_ulong2_rtz( float2 ) test
Building convert_ulong3_rtz( float3 ) test
Building convert_ulong4_rtz( float4 ) test
Building convert_ulong8_rtz( float8 ) test
Building convert_ulong16_rtz( float16 ) test
Testing... ..done.
	Wimp pass

900) Testing convert_ulongn_sat( floatn ):
Building convert_ulong_sat( float ) test
Building convert_ulong2_sat( float2 ) test
Building convert_ulong3_sat( float3 ) test
Building convert_ulong4_sat( float4 ) test
Building convert_ulong8_sat( float8 ) test
Building convert_ulong16_sat( float16 ) test
Testing... ..done.
	Wimp pass

901) Testing convert_ulongn_sat_rte( floatn ):
Building convert_ulong_sat_rte( float ) test
Building convert_ulong2_sat_rte( float2 ) test
Building convert_ulong3_sat_rte( float3 ) test
Building convert_ulong4_sat_rte( float4 ) test
Building convert_ulong8_sat_rte( float8 ) test
Building convert_ulong16_sat_rte( float16 ) test
Testing... ..done.
	Wimp pass

902) Testing convert_ulongn_sat_rtp( floatn ):
Building convert_ulong_sat_rtp( float ) test
Building convert_ulong2_sat_rtp( float2 ) test
Building convert_ulong3_sat_rtp( float3 ) test
Building convert_ulong4_sat_rtp( float4 ) test
Building convert_ulong8_sat_rtp( float8 ) test
Building convert_ulong16_sat_rtp( float16 ) test
Testing... ..done.
	Wimp pass

903) Testing convert_ulongn_sat_rtn( floatn ):
Building convert_ulong_sat_rtn( float ) test
Building convert_ulong2_sat_rtn( float2 ) test
Building convert_ulong3_sat_rtn( float3 ) test
Building convert_ulong4_sat_rtn( float4 ) test
Building convert_ulong8_sat_rtn( float8 ) test
Building convert_ulong16_sat_rtn( float16 ) test
Testing... ..done.
	Wimp pass

904) Testing convert_ulongn_sat_rtz( floatn ):
Building convert_ulong_sat_rtz( float ) test
Building convert_ulong2_sat_rtz( float2 ) test
Building convert_ulong3_sat_rtz( float3 ) test
Building convert_ulong4_sat_rtz( float4 ) test
Building convert_ulong8_sat_rtz( float8 ) test
Building convert_ulong16_sat_rtz( float16 ) test
Testing... ..done.
	Wimp pass

905) Testing convert_ulongn( doublen ):
906) Testing convert_ulongn_rte( doublen ):
907) Testing convert_ulongn_rtp( doublen ):
908) Testing convert_ulongn_rtn( doublen ):
909) Testing convert_ulongn_rtz( doublen ):
910) Testing convert_ulongn_sat( doublen ):
911) Testing convert_ulongn_sat_rte( doublen ):
912) Testing convert_ulongn_sat_rtp( doublen ):
913) Testing convert_ulongn_sat_rtn( doublen ):
914) Testing convert_ulongn_sat_rtz( doublen ):
915) Testing convert_ulongn( ulongn ):
Building implicit ulong -> ulong conversion test
Building convert_ulong( ulong ) test
Building convert_ulong2( ulong2 ) test
Building convert_ulong3( ulong3 ) test
Building convert_ulong4( ulong4 ) test
Building convert_ulong8( ulong8 ) test
Building convert_ulong16( ulong16 ) test
Testing... ..done.
	Wimp pass

916) Testing convert_ulongn_rte( ulongn ):
Building convert_ulong_rte( ulong ) test
Building convert_ulong2_rte( ulong2 ) test
Building convert_ulong3_rte( ulong3 ) test
Building convert_ulong4_rte( ulong4 ) test
Building convert_ulong8_rte( ulong8 ) test
Building convert_ulong16_rte( ulong16 ) test
Testing... ..done.
	Wimp pass

917) Testing convert_ulongn_rtp( ulongn ):
Building convert_ulong_rtp( ulong ) test
Building convert_ulong2_rtp( ulong2 ) test
Building convert_ulong3_rtp( ulong3 ) test
Building convert_ulong4_rtp( ulong4 ) test
Building convert_ulong8_rtp( ulong8 ) test
Building convert_ulong16_rtp( ulong16 ) test
Testing... ..done.
	Wimp pass

918) Testing convert_ulongn_rtn( ulongn ):
Building convert_ulong_rtn( ulong ) test
Building convert_ulong2_rtn( ulong2 ) test
Building convert_ulong3_rtn( ulong3 ) test
Building convert_ulong4_rtn( ulong4 ) test
Building convert_ulong8_rtn( ulong8 ) test
Building convert_ulong16_rtn( ulong16 ) test
Testing... ..done.
	Wimp pass

919) Testing convert_ulongn_rtz( ulongn ):
Building convert_ulong_rtz( ulong ) test
Building convert_ulong2_rtz( ulong2 ) test
Building convert_ulong3_rtz( ulong3 ) test
Building convert_ulong4_rtz( ulong4 ) test
Building convert_ulong8_rtz( ulong8 ) test
Building convert_ulong16_rtz( ulong16 ) test
Testing... ..done.
	Wimp pass

920) Testing convert_ulongn_sat( ulongn ):
Building convert_ulong_sat( ulong ) test
Building convert_ulong2_sat( ulong2 ) test
Building convert_ulong3_sat( ulong3 ) test
Building convert_ulong4_sat( ulong4 ) test
Building convert_ulong8_sat( ulong8 ) test
Building convert_ulong16_sat( ulong16 ) test
Testing... ..done.
	Wimp pass

921) Testing convert_ulongn_sat_rte( ulongn ):
Building convert_ulong_sat_rte( ulong ) test
Building convert_ulong2_sat_rte( ulong2 ) test
Building convert_ulong3_sat_rte( ulong3 ) test
Building convert_ulong4_sat_rte( ulong4 ) test
Building convert_ulong8_sat_rte( ulong8 ) test
Building convert_ulong16_sat_rte( ulong16 ) test
Testing... ..done.
	Wimp pass

922) Testing convert_ulongn_sat_rtp( ulongn ):
Building convert_ulong_sat_rtp( ulong ) test
Building convert_ulong2_sat_rtp( ulong2 ) test
Building convert_ulong3_sat_rtp( ulong3 ) test
Building convert_ulong4_sat_rtp( ulong4 ) test
Building convert_ulong8_sat_rtp( ulong8 ) test
Building convert_ulong16_sat_rtp( ulong16 ) test
Testing... ..done.
	Wimp pass

923) Testing convert_ulongn_sat_rtn( ulongn ):
Building convert_ulong_sat_rtn( ulong ) test
Building convert_ulong2_sat_rtn( ulong2 ) test
Building convert_ulong3_sat_rtn( ulong3 ) test
Building convert_ulong4_sat_rtn( ulong4 ) test
Building convert_ulong8_sat_rtn( ulong8 ) test
Building convert_ulong16_sat_rtn( ulong16 ) test
Testing... ..done.
	Wimp pass

924) Testing convert_ulongn_sat_rtz( ulongn ):
Building convert_ulong_sat_rtz( ulong ) test
Building convert_ulong2_sat_rtz( ulong2 ) test
Building convert_ulong3_sat_rtz( ulong3 ) test
Building convert_ulong4_sat_rtz( ulong4 ) test
Building convert_ulong8_sat_rtz( ulong8 ) test
Building convert_ulong16_sat_rtz( ulong16 ) test
Testing... ..done.
	Wimp pass

925) Testing convert_ulongn( longn ):
Building implicit long -> ulong conversion test
Building convert_ulong( long ) test
Building convert_ulong2( long2 ) test
Building convert_ulong3( long3 ) test
Building convert_ulong4( long4 ) test
Building convert_ulong8( long8 ) test
Building convert_ulong16( long16 ) test
Testing... ..done.
	Wimp pass

926) Testing convert_ulongn_rte( longn ):
Building convert_ulong_rte( long ) test
Building convert_ulong2_rte( long2 ) test
Building convert_ulong3_rte( long3 ) test
Building convert_ulong4_rte( long4 ) test
Building convert_ulong8_rte( long8 ) test
Building convert_ulong16_rte( long16 ) test
Testing... ..done.
	Wimp pass

927) Testing convert_ulongn_rtp( longn ):
Building convert_ulong_rtp( long ) test
Building convert_ulong2_rtp( long2 ) test
Building convert_ulong3_rtp( long3 ) test
Building convert_ulong4_rtp( long4 ) test
Building convert_ulong8_rtp( long8 ) test
Building convert_ulong16_rtp( long16 ) test
Testing... ..done.
	Wimp pass

928) Testing convert_ulongn_rtn( longn ):
Building convert_ulong_rtn( long ) test
Building convert_ulong2_rtn( long2 ) test
Building convert_ulong3_rtn( long3 ) test
Building convert_ulong4_rtn( long4 ) test
Building convert_ulong8_rtn( long8 ) test
Building convert_ulong16_rtn( long16 ) test
Testing... ..done.
	Wimp pass

929) Testing convert_ulongn_rtz( longn ):
Building convert_ulong_rtz( long ) test
Building convert_ulong2_rtz( long2 ) test
Building convert_ulong3_rtz( long3 ) test
Building convert_ulong4_rtz( long4 ) test
Building convert_ulong8_rtz( long8 ) test
Building convert_ulong16_rtz( long16 ) test
Testing... ..done.
	Wimp pass

930) Testing convert_ulongn_sat( longn ):
Building convert_ulong_sat( long ) test
Building convert_ulong2_sat( long2 ) test
Building convert_ulong3_sat( long3 ) test
Building convert_ulong4_sat( long4 ) test
Building convert_ulong8_sat( long8 ) test
Building convert_ulong16_sat( long16 ) test
Testing... ..done.
	Wimp pass

931) Testing convert_ulongn_sat_rte( longn ):
Building convert_ulong_sat_rte( long ) test
Building convert_ulong2_sat_rte( long2 ) test
Building convert_ulong3_sat_rte( long3 ) test
Building convert_ulong4_sat_rte( long4 ) test
Building convert_ulong8_sat_rte( long8 ) test
Building convert_ulong16_sat_rte( long16 ) test
Testing... ..done.
	Wimp pass

932) Testing convert_ulongn_sat_rtp( longn ):
Building convert_ulong_sat_rtp( long ) test
Building convert_ulong2_sat_rtp( long2 ) test
Building convert_ulong3_sat_rtp( long3 ) test
Building convert_ulong4_sat_rtp( long4 ) test
Building convert_ulong8_sat_rtp( long8 ) test
Building convert_ulong16_sat_rtp( long16 ) test
Testing... ..done.
	Wimp pass

933) Testing convert_ulongn_sat_rtn( longn ):
Building convert_ulong_sat_rtn( long ) test
Building convert_ulong2_sat_rtn( long2 ) test
Building convert_ulong3_sat_rtn( long3 ) test
Building convert_ulong4_sat_rtn( long4 ) test
Building convert_ulong8_sat_rtn( long8 ) test
Building convert_ulong16_sat_rtn( long16 ) test
Testing... ..done.
	Wimp pass

934) Testing convert_ulongn_sat_rtz( longn ):
Building convert_ulong_sat_rtz( long ) test
Building convert_ulong2_sat_rtz( long2 ) test
Building convert_ulong3_sat_rtz( long3 ) test
Building convert_ulong4_sat_rtz( long4 ) test
Building convert_ulong8_sat_rtz( long8 ) test
Building convert_ulong16_sat_rtz( long16 ) test
Testing... ..done.
	Wimp pass

935) Testing convert_longn( ucharn ):
Building implicit uchar -> long conversion test
Building convert_long( uchar ) test
Building convert_long2( uchar2 ) test
Building convert_long3( uchar3 ) test
Building convert_long4( uchar4 ) test
Building convert_long8( uchar8 ) test
Building convert_long16( uchar16 ) test
Testing... .done.
	Wimp pass

936) Testing convert_longn_rte( ucharn ):
Building convert_long_rte( uchar ) test
Building convert_long2_rte( uchar2 ) test
Building convert_long3_rte( uchar3 ) test
Building convert_long4_rte( uchar4 ) test
Building convert_long8_rte( uchar8 ) test
Building convert_long16_rte( uchar16 ) test
Testing... .done.
	Wimp pass

937) Testing convert_longn_rtp( ucharn ):
Building convert_long_rtp( uchar ) test
Building convert_long2_rtp( uchar2 ) test
Building convert_long3_rtp( uchar3 ) test
Building convert_long4_rtp( uchar4 ) test
Building convert_long8_rtp( uchar8 ) test
Building convert_long16_rtp( uchar16 ) test
Testing... .done.
	Wimp pass

938) Testing convert_longn_rtn( ucharn ):
Building convert_long_rtn( uchar ) test
Building convert_long2_rtn( uchar2 ) test
Building convert_long3_rtn( uchar3 ) test
Building convert_long4_rtn( uchar4 ) test
Building convert_long8_rtn( uchar8 ) test
Building convert_long16_rtn( uchar16 ) test
Testing... .done.
	Wimp pass

939) Testing convert_longn_rtz( ucharn ):
Building convert_long_rtz( uchar ) test
Building convert_long2_rtz( uchar2 ) test
Building convert_long3_rtz( uchar3 ) test
Building convert_long4_rtz( uchar4 ) test
Building convert_long8_rtz( uchar8 ) test
Building convert_long16_rtz( uchar16 ) test
Testing... .done.
	Wimp pass

940) Testing convert_longn_sat( ucharn ):
Building convert_long_sat( uchar ) test
Building convert_long2_sat( uchar2 ) test
Building convert_long3_sat( uchar3 ) test
Building convert_long4_sat( uchar4 ) test
Building convert_long8_sat( uchar8 ) test
Building convert_long16_sat( uchar16 ) test
Testing... .done.
	Wimp pass

941) Testing convert_longn_sat_rte( ucharn ):
Building convert_long_sat_rte( uchar ) test
Building convert_long2_sat_rte( uchar2 ) test
Building convert_long3_sat_rte( uchar3 ) test
Building convert_long4_sat_rte( uchar4 ) test
Building convert_long8_sat_rte( uchar8 ) test
Building convert_long16_sat_rte( uchar16 ) test
Testing... .done.
	Wimp pass

942) Testing convert_longn_sat_rtp( ucharn ):
Building convert_long_sat_rtp( uchar ) test
Building convert_long2_sat_rtp( uchar2 ) test
Building convert_long3_sat_rtp( uchar3 ) test
Building convert_long4_sat_rtp( uchar4 ) test
Building convert_long8_sat_rtp( uchar8 ) test
Building convert_long16_sat_rtp( uchar16 ) test
Testing... .done.
	Wimp pass

943) Testing convert_longn_sat_rtn( ucharn ):
Building convert_long_sat_rtn( uchar ) test
Building convert_long2_sat_rtn( uchar2 ) test
Building convert_long3_sat_rtn( uchar3 ) test
Building convert_long4_sat_rtn( uchar4 ) test
Building convert_long8_sat_rtn( uchar8 ) test
Building convert_long16_sat_rtn( uchar16 ) test
Testing... .done.
	Wimp pass

944) Testing convert_longn_sat_rtz( ucharn ):
Building convert_long_sat_rtz( uchar ) test
Building convert_long2_sat_rtz( uchar2 ) test
Building convert_long3_sat_rtz( uchar3 ) test
Building convert_long4_sat_rtz( uchar4 ) test
Building convert_long8_sat_rtz( uchar8 ) test
Building convert_long16_sat_rtz( uchar16 ) test
Testing... .done.
	Wimp pass

945) Testing convert_longn( charn ):
Building implicit char -> long conversion test
Building convert_long( char ) test
Building convert_long2( char2 ) test
Building convert_long3( char3 ) test
Building convert_long4( char4 ) test
Building convert_long8( char8 ) test
Building convert_long16( char16 ) test
Testing... .done.
	Wimp pass

946) Testing convert_longn_rte( charn ):
Building convert_long_rte( char ) test
Building convert_long2_rte( char2 ) test
Building convert_long3_rte( char3 ) test
Building convert_long4_rte( char4 ) test
Building convert_long8_rte( char8 ) test
Building convert_long16_rte( char16 ) test
Testing... .done.
	Wimp pass

947) Testing convert_longn_rtp( charn ):
Building convert_long_rtp( char ) test
Building convert_long2_rtp( char2 ) test
Building convert_long3_rtp( char3 ) test
Building convert_long4_rtp( char4 ) test
Building convert_long8_rtp( char8 ) test
Building convert_long16_rtp( char16 ) test
Testing... .done.
	Wimp pass

948) Testing convert_longn_rtn( charn ):
Building convert_long_rtn( char ) test
Building convert_long2_rtn( char2 ) test
Building convert_long3_rtn( char3 ) test
Building convert_long4_rtn( char4 ) test
Building convert_long8_rtn( char8 ) test
Building convert_long16_rtn( char16 ) test
Testing... .done.
	Wimp pass

949) Testing convert_longn_rtz( charn ):
Building convert_long_rtz( char ) test
Building convert_long2_rtz( char2 ) test
Building convert_long3_rtz( char3 ) test
Building convert_long4_rtz( char4 ) test
Building convert_long8_rtz( char8 ) test
Building convert_long16_rtz( char16 ) test
Testing... .done.
	Wimp pass

950) Testing convert_longn_sat( charn ):
Building convert_long_sat( char ) test
Building convert_long2_sat( char2 ) test
Building convert_long3_sat( char3 ) test
Building convert_long4_sat( char4 ) test
Building convert_long8_sat( char8 ) test
Building convert_long16_sat( char16 ) test
Testing... .done.
	Wimp pass

951) Testing convert_longn_sat_rte( charn ):
Building convert_long_sat_rte( char ) test
Building convert_long2_sat_rte( char2 ) test
Building convert_long3_sat_rte( char3 ) test
Building convert_long4_sat_rte( char4 ) test
Building convert_long8_sat_rte( char8 ) test
Building convert_long16_sat_rte( char16 ) test
Testing... .done.
	Wimp pass

952) Testing convert_longn_sat_rtp( charn ):
Building convert_long_sat_rtp( char ) test
Building convert_long2_sat_rtp( char2 ) test
Building convert_long3_sat_rtp( char3 ) test
Building convert_long4_sat_rtp( char4 ) test
Building convert_long8_sat_rtp( char8 ) test
Building convert_long16_sat_rtp( char16 ) test
Testing... .done.
	Wimp pass

953) Testing convert_longn_sat_rtn( charn ):
Building convert_long_sat_rtn( char ) test
Building convert_long2_sat_rtn( char2 ) test
Building convert_long3_sat_rtn( char3 ) test
Building convert_long4_sat_rtn( char4 ) test
Building convert_long8_sat_rtn( char8 ) test
Building convert_long16_sat_rtn( char16 ) test
Testing... .done.
	Wimp pass

954) Testing convert_longn_sat_rtz( charn ):
Building convert_long_sat_rtz( char ) test
Building convert_long2_sat_rtz( char2 ) test
Building convert_long3_sat_rtz( char3 ) test
Building convert_long4_sat_rtz( char4 ) test
Building convert_long8_sat_rtz( char8 ) test
Building convert_long16_sat_rtz( char16 ) test
Testing... .done.
	Wimp pass

955) Testing convert_longn( ushortn ):
Building implicit ushort -> long conversion test
Building convert_long( ushort ) test
Building convert_long2( ushort2 ) test
Building convert_long3( ushort3 ) test
Building convert_long4( ushort4 ) test
Building convert_long8( ushort8 ) test
Building convert_long16( ushort16 ) test
Testing... .done.
	Wimp pass

956) Testing convert_longn_rte( ushortn ):
Building convert_long_rte( ushort ) test
Building convert_long2_rte( ushort2 ) test
Building convert_long3_rte( ushort3 ) test
Building convert_long4_rte( ushort4 ) test
Building convert_long8_rte( ushort8 ) test
Building convert_long16_rte( ushort16 ) test
Testing... .done.
	Wimp pass

957) Testing convert_longn_rtp( ushortn ):
Building convert_long_rtp( ushort ) test
Building convert_long2_rtp( ushort2 ) test
Building convert_long3_rtp( ushort3 ) test
Building convert_long4_rtp( ushort4 ) test
Building convert_long8_rtp( ushort8 ) test
Building convert_long16_rtp( ushort16 ) test
Testing... .done.
	Wimp pass

958) Testing convert_longn_rtn( ushortn ):
Building convert_long_rtn( ushort ) test
Building convert_long2_rtn( ushort2 ) test
Building convert_long3_rtn( ushort3 ) test
Building convert_long4_rtn( ushort4 ) test
Building convert_long8_rtn( ushort8 ) test
Building convert_long16_rtn( ushort16 ) test
Testing... .done.
	Wimp pass

959) Testing convert_longn_rtz( ushortn ):
Building convert_long_rtz( ushort ) test
Building convert_long2_rtz( ushort2 ) test
Building convert_long3_rtz( ushort3 ) test
Building convert_long4_rtz( ushort4 ) test
Building convert_long8_rtz( ushort8 ) test
Building convert_long16_rtz( ushort16 ) test
Testing... .done.
	Wimp pass

960) Testing convert_longn_sat( ushortn ):
Building convert_long_sat( ushort ) test
Building convert_long2_sat( ushort2 ) test
Building convert_long3_sat( ushort3 ) test
Building convert_long4_sat( ushort4 ) test
Building convert_long8_sat( ushort8 ) test
Building convert_long16_sat( ushort16 ) test
Testing... .done.
	Wimp pass

961) Testing convert_longn_sat_rte( ushortn ):
Building convert_long_sat_rte( ushort ) test
Building convert_long2_sat_rte( ushort2 ) test
Building convert_long3_sat_rte( ushort3 ) test
Building convert_long4_sat_rte( ushort4 ) test
Building convert_long8_sat_rte( ushort8 ) test
Building convert_long16_sat_rte( ushort16 ) test
Testing... .done.
	Wimp pass

962) Testing convert_longn_sat_rtp( ushortn ):
Building convert_long_sat_rtp( ushort ) test
Building convert_long2_sat_rtp( ushort2 ) test
Building convert_long3_sat_rtp( ushort3 ) test
Building convert_long4_sat_rtp( ushort4 ) test
Building convert_long8_sat_rtp( ushort8 ) test
Building convert_long16_sat_rtp( ushort16 ) test
Testing... .done.
	Wimp pass

963) Testing convert_longn_sat_rtn( ushortn ):
Building convert_long_sat_rtn( ushort ) test
Building convert_long2_sat_rtn( ushort2 ) test
Building convert_long3_sat_rtn( ushort3 ) test
Building convert_long4_sat_rtn( ushort4 ) test
Building convert_long8_sat_rtn( ushort8 ) test
Building convert_long16_sat_rtn( ushort16 ) test
Testing... .done.
	Wimp pass

964) Testing convert_longn_sat_rtz( ushortn ):
Building convert_long_sat_rtz( ushort ) test
Building convert_long2_sat_rtz( ushort2 ) test
Building convert_long3_sat_rtz( ushort3 ) test
Building convert_long4_sat_rtz( ushort4 ) test
Building convert_long8_sat_rtz( ushort8 ) test
Building convert_long16_sat_rtz( ushort16 ) test
Testing... .done.
	Wimp pass

965) Testing convert_longn( shortn ):
Building implicit short -> long conversion test
Building convert_long( short ) test
Building convert_long2( short2 ) test
Building convert_long3( short3 ) test
Building convert_long4( short4 ) test
Building convert_long8( short8 ) test
Building convert_long16( short16 ) test
Testing... .done.
	Wimp pass

966) Testing convert_longn_rte( shortn ):
Building convert_long_rte( short ) test
Building convert_long2_rte( short2 ) test
Building convert_long3_rte( short3 ) test
Building convert_long4_rte( short4 ) test
Building convert_long8_rte( short8 ) test
Building convert_long16_rte( short16 ) test
Testing... .done.
	Wimp pass

967) Testing convert_longn_rtp( shortn ):
Building convert_long_rtp( short ) test
Building convert_long2_rtp( short2 ) test
Building convert_long3_rtp( short3 ) test
Building convert_long4_rtp( short4 ) test
Building convert_long8_rtp( short8 ) test
Building convert_long16_rtp( short16 ) test
Testing... .done.
	Wimp pass

968) Testing convert_longn_rtn( shortn ):
Building convert_long_rtn( short ) test
Building convert_long2_rtn( short2 ) test
Building convert_long3_rtn( short3 ) test
Building convert_long4_rtn( short4 ) test
Building convert_long8_rtn( short8 ) test
Building convert_long16_rtn( short16 ) test
Testing... .done.
	Wimp pass

969) Testing convert_longn_rtz( shortn ):
Building convert_long_rtz( short ) test
Building convert_long2_rtz( short2 ) test
Building convert_long3_rtz( short3 ) test
Building convert_long4_rtz( short4 ) test
Building convert_long8_rtz( short8 ) test
Building convert_long16_rtz( short16 ) test
Testing... .done.
	Wimp pass

970) Testing convert_longn_sat( shortn ):
Building convert_long_sat( short ) test
Building convert_long2_sat( short2 ) test
Building convert_long3_sat( short3 ) test
Building convert_long4_sat( short4 ) test
Building convert_long8_sat( short8 ) test
Building convert_long16_sat( short16 ) test
Testing... .done.
	Wimp pass

971) Testing convert_longn_sat_rte( shortn ):
Building convert_long_sat_rte( short ) test
Building convert_long2_sat_rte( short2 ) test
Building convert_long3_sat_rte( short3 ) test
Building convert_long4_sat_rte( short4 ) test
Building convert_long8_sat_rte( short8 ) test
Building convert_long16_sat_rte( short16 ) test
Testing... .done.
	Wimp pass

972) Testing convert_longn_sat_rtp( shortn ):
Building convert_long_sat_rtp( short ) test
Building convert_long2_sat_rtp( short2 ) test
Building convert_long3_sat_rtp( short3 ) test
Building convert_long4_sat_rtp( short4 ) test
Building convert_long8_sat_rtp( short8 ) test
Building convert_long16_sat_rtp( short16 ) test
Testing... .done.
	Wimp pass

973) Testing convert_longn_sat_rtn( shortn ):
Building convert_long_sat_rtn( short ) test
Building convert_long2_sat_rtn( short2 ) test
Building convert_long3_sat_rtn( short3 ) test
Building convert_long4_sat_rtn( short4 ) test
Building convert_long8_sat_rtn( short8 ) test
Building convert_long16_sat_rtn( short16 ) test
Testing... .done.
	Wimp pass

974) Testing convert_longn_sat_rtz( shortn ):
Building convert_long_sat_rtz( short ) test
Building convert_long2_sat_rtz( short2 ) test
Building convert_long3_sat_rtz( short3 ) test
Building convert_long4_sat_rtz( short4 ) test
Building convert_long8_sat_rtz( short8 ) test
Building convert_long16_sat_rtz( short16 ) test
Testing... .done.
	Wimp pass

975) Testing convert_longn( uintn ):
Building implicit uint -> long conversion test
Building convert_long( uint ) test
Building convert_long2( uint2 ) test
Building convert_long3( uint3 ) test
Building convert_long4( uint4 ) test
Building convert_long8( uint8 ) test
Building convert_long16( uint16 ) test
Testing... ..done.
	Wimp pass

976) Testing convert_longn_rte( uintn ):
Building convert_long_rte( uint ) test
Building convert_long2_rte( uint2 ) test
Building convert_long3_rte( uint3 ) test
Building convert_long4_rte( uint4 ) test
Building convert_long8_rte( uint8 ) test
Building convert_long16_rte( uint16 ) test
Testing... ..done.
	Wimp pass

977) Testing convert_longn_rtp( uintn ):
Building convert_long_rtp( uint ) test
Building convert_long2_rtp( uint2 ) test
Building convert_long3_rtp( uint3 ) test
Building convert_long4_rtp( uint4 ) test
Building convert_long8_rtp( uint8 ) test
Building convert_long16_rtp( uint16 ) test
Testing... ..done.
	Wimp pass

978) Testing convert_longn_rtn( uintn ):
Building convert_long_rtn( uint ) test
Building convert_long2_rtn( uint2 ) test
Building convert_long3_rtn( uint3 ) test
Building convert_long4_rtn( uint4 ) test
Building convert_long8_rtn( uint8 ) test
Building convert_long16_rtn( uint16 ) test
Testing... ..done.
	Wimp pass

979) Testing convert_longn_rtz( uintn ):
Building convert_long_rtz( uint ) test
Building convert_long2_rtz( uint2 ) test
Building convert_long3_rtz( uint3 ) test
Building convert_long4_rtz( uint4 ) test
Building convert_long8_rtz( uint8 ) test
Building convert_long16_rtz( uint16 ) test
Testing... ..done.
	Wimp pass

980) Testing convert_longn_sat( uintn ):
Building convert_long_sat( uint ) test
Building convert_long2_sat( uint2 ) test
Building convert_long3_sat( uint3 ) test
Building convert_long4_sat( uint4 ) test
Building convert_long8_sat( uint8 ) test
Building convert_long16_sat( uint16 ) test
Testing... ..done.
	Wimp pass

981) Testing convert_longn_sat_rte( uintn ):
Building convert_long_sat_rte( uint ) test
Building convert_long2_sat_rte( uint2 ) test
Building convert_long3_sat_rte( uint3 ) test
Building convert_long4_sat_rte( uint4 ) test
Building convert_long8_sat_rte( uint8 ) test
Building convert_long16_sat_rte( uint16 ) test
Testing... ..done.
	Wimp pass

982) Testing convert_longn_sat_rtp( uintn ):
Building convert_long_sat_rtp( uint ) test
Building convert_long2_sat_rtp( uint2 ) test
Building convert_long3_sat_rtp( uint3 ) test
Building convert_long4_sat_rtp( uint4 ) test
Building convert_long8_sat_rtp( uint8 ) test
Building convert_long16_sat_rtp( uint16 ) test
Testing... ..done.
	Wimp pass

983) Testing convert_longn_sat_rtn( uintn ):
Building convert_long_sat_rtn( uint ) test
Building convert_long2_sat_rtn( uint2 ) test
Building convert_long3_sat_rtn( uint3 ) test
Building convert_long4_sat_rtn( uint4 ) test
Building convert_long8_sat_rtn( uint8 ) test
Building convert_long16_sat_rtn( uint16 ) test
Testing... ..done.
	Wimp pass

984) Testing convert_longn_sat_rtz( uintn ):
Building convert_long_sat_rtz( uint ) test
Building convert_long2_sat_rtz( uint2 ) test
Building convert_long3_sat_rtz( uint3 ) test
Building convert_long4_sat_rtz( uint4 ) test
Building convert_long8_sat_rtz( uint8 ) test
Building convert_long16_sat_rtz( uint16 ) test
Testing... ..done.
	Wimp pass

985) Testing convert_longn( intn ):
Building implicit int -> long conversion test
Building convert_long( int ) test
Building convert_long2( int2 ) test
Building convert_long3( int3 ) test
Building convert_long4( int4 ) test
Building convert_long8( int8 ) test
Building convert_long16( int16 ) test
Testing... ..done.
	Wimp pass

986) Testing convert_longn_rte( intn ):
Building convert_long_rte( int ) test
Building convert_long2_rte( int2 ) test
Building convert_long3_rte( int3 ) test
Building convert_long4_rte( int4 ) test
Building convert_long8_rte( int8 ) test
Building convert_long16_rte( int16 ) test
Testing... ..done.
	Wimp pass

987) Testing convert_longn_rtp( intn ):
Building convert_long_rtp( int ) test
Building convert_long2_rtp( int2 ) test
Building convert_long3_rtp( int3 ) test
Building convert_long4_rtp( int4 ) test
Building convert_long8_rtp( int8 ) test
Building convert_long16_rtp( int16 ) test
Testing... ..done.
	Wimp pass

988) Testing convert_longn_rtn( intn ):
Building convert_long_rtn( int ) test
Building convert_long2_rtn( int2 ) test
Building convert_long3_rtn( int3 ) test
Building convert_long4_rtn( int4 ) test
Building convert_long8_rtn( int8 ) test
Building convert_long16_rtn( int16 ) test
Testing... ..done.
	Wimp pass

989) Testing convert_longn_rtz( intn ):
Building convert_long_rtz( int ) test
Building convert_long2_rtz( int2 ) test
Building convert_long3_rtz( int3 ) test
Building convert_long4_rtz( int4 ) test
Building convert_long8_rtz( int8 ) test
Building convert_long16_rtz( int16 ) test
Testing... ..done.
	Wimp pass

990) Testing convert_longn_sat( intn ):
Building convert_long_sat( int ) test
Building convert_long2_sat( int2 ) test
Building convert_long3_sat( int3 ) test
Building convert_long4_sat( int4 ) test
Building convert_long8_sat( int8 ) test
Building convert_long16_sat( int16 ) test
Testing... ..done.
	Wimp pass

991) Testing convert_longn_sat_rte( intn ):
Building convert_long_sat_rte( int ) test
Building convert_long2_sat_rte( int2 ) test
Building convert_long3_sat_rte( int3 ) test
Building convert_long4_sat_rte( int4 ) test
Building convert_long8_sat_rte( int8 ) test
Building convert_long16_sat_rte( int16 ) test
Testing... ..done.
	Wimp pass

992) Testing convert_longn_sat_rtp( intn ):
Building convert_long_sat_rtp( int ) test
Building convert_long2_sat_rtp( int2 ) test
Building convert_long3_sat_rtp( int3 ) test
Building convert_long4_sat_rtp( int4 ) test
Building convert_long8_sat_rtp( int8 ) test
Building convert_long16_sat_rtp( int16 ) test
Testing... ..done.
	Wimp pass

993) Testing convert_longn_sat_rtn( intn ):
Building convert_long_sat_rtn( int ) test
Building convert_long2_sat_rtn( int2 ) test
Building convert_long3_sat_rtn( int3 ) test
Building convert_long4_sat_rtn( int4 ) test
Building convert_long8_sat_rtn( int8 ) test
Building convert_long16_sat_rtn( int16 ) test
Testing... ..done.
	Wimp pass

994) Testing convert_longn_sat_rtz( intn ):
Building convert_long_sat_rtz( int ) test
Building convert_long2_sat_rtz( int2 ) test
Building convert_long3_sat_rtz( int3 ) test
Building convert_long4_sat_rtz( int4 ) test
Building convert_long8_sat_rtz( int8 ) test
Building convert_long16_sat_rtz( int16 ) test
Testing... ..done.
	Wimp pass

995) Testing convert_longn( halfn ):
Building implicit half -> long conversion test
Building convert_long( half ) test
Building convert_long2( half2 ) test
Building convert_long3( half3 ) test
Building convert_long4( half4 ) test
Building convert_long8( half8 ) test
Building convert_long16( half16 ) test
Testing... .done.
	Wimp pass

996) Testing convert_longn_rte( halfn ):
Building convert_long_rte( half ) test
Building convert_long2_rte( half2 ) test
Building convert_long3_rte( half3 ) test
Building convert_long4_rte( half4 ) test
Building convert_long8_rte( half8 ) test
Building convert_long16_rte( half16 ) test
Testing... .done.
	Wimp pass

997) Testing convert_longn_rtp( halfn ):
Building convert_long_rtp( half ) test
Building convert_long2_rtp( half2 ) test
Building convert_long3_rtp( half3 ) test
Building convert_long4_rtp( half4 ) test
Building convert_long8_rtp( half8 ) test
Building convert_long16_rtp( half16 ) test
Testing... .done.
	Wimp pass

998) Testing convert_longn_rtn( halfn ):
Building convert_long_rtn( half ) test
Building convert_long2_rtn( half2 ) test
Building convert_long3_rtn( half3 ) test
Building convert_long4_rtn( half4 ) test
Building convert_long8_rtn( half8 ) test
Building convert_long16_rtn( half16 ) test
Testing... .done.
	Wimp pass

999) Testing convert_longn_rtz( halfn ):
Building convert_long_rtz( half ) test
Building convert_long2_rtz( half2 ) test
Building convert_long3_rtz( half3 ) test
Building convert_long4_rtz( half4 ) test
Building convert_long8_rtz( half8 ) test
Building convert_long16_rtz( half16 ) test
Testing... .done.
	Wimp pass

1000) Testing convert_longn_sat( halfn ):
Building convert_long_sat( half ) test
Building convert_long2_sat( half2 ) test
Building convert_long3_sat( half3 ) test
Building convert_long4_sat( half4 ) test
Building convert_long8_sat( half8 ) test
Building convert_long16_sat( half16 ) test
Testing... .done.
	Wimp pass

1001) Testing convert_longn_sat_rte( halfn ):
Building convert_long_sat_rte( half ) test
Building convert_long2_sat_rte( half2 ) test
Building convert_long3_sat_rte( half3 ) test
Building convert_long4_sat_rte( half4 ) test
Building convert_long8_sat_rte( half8 ) test
Building convert_long16_sat_rte( half16 ) test
Testing... .done.
	Wimp pass

1002) Testing convert_longn_sat_rtp( halfn ):
Building convert_long_sat_rtp( half ) test
Building convert_long2_sat_rtp( half2 ) test
Building convert_long3_sat_rtp( half3 ) test
Building convert_long4_sat_rtp( half4 ) test
Building convert_long8_sat_rtp( half8 ) test
Building convert_long16_sat_rtp( half16 ) test
Testing... .done.
	Wimp pass

1003) Testing convert_longn_sat_rtn( halfn ):
Building convert_long_sat_rtn( half ) test
Building convert_long2_sat_rtn( half2 ) test
Building convert_long3_sat_rtn( half3 ) test
Building convert_long4_sat_rtn( half4 ) test
Building convert_long8_sat_rtn( half8 ) test
Building convert_long16_sat_rtn( half16 ) test
Testing... .done.
	Wimp pass

1004) Testing convert_longn_sat_rtz( halfn ):
Building convert_long_sat_rtz( half ) test
Building convert_long2_sat_rtz( half2 ) test
Building convert_long3_sat_rtz( half3 ) test
Building convert_long4_sat_rtz( half4 ) test
Building convert_long8_sat_rtz( half8 ) test
Building convert_long16_sat_rtz( half16 ) test
Testing... .done.
	Wimp pass

1005) Testing convert_longn( floatn ):
Building implicit float -> long conversion test
Building convert_long( float ) test
Building convert_long2( float2 ) test
Building convert_long3( float3 ) test
Building convert_long4( float4 ) test
Building convert_long8( float8 ) test
Building convert_long16( float16 ) test
Testing... ..done.
	Wimp pass

1006) Testing convert_longn_rte( floatn ):
Building convert_long_rte( float ) test
Building convert_long2_rte( float2 ) test
Building convert_long3_rte( float3 ) test
Building convert_long4_rte( float4 ) test
Building convert_long8_rte( float8 ) test
Building convert_long16_rte( float16 ) test
Testing... ..done.
	Wimp pass

1007) Testing convert_longn_rtp( floatn ):
Building convert_long_rtp( float ) test
Building convert_long2_rtp( float2 ) test
Building convert_long3_rtp( float3 ) test
Building convert_long4_rtp( float4 ) test
Building convert_long8_rtp( float8 ) test
Building convert_long16_rtp( float16 ) test
Testing... ..done.
	Wimp pass

1008) Testing convert_longn_rtn( floatn ):
Building convert_long_rtn( float ) test
Building convert_long2_rtn( float2 ) test
Building convert_long3_rtn( float3 ) test
Building convert_long4_rtn( float4 ) test
Building convert_long8_rtn( float8 ) test
Building convert_long16_rtn( float16 ) test
Testing... ..done.
	Wimp pass

1009) Testing convert_longn_rtz( floatn ):
Building convert_long_rtz( float ) test
Building convert_long2_rtz( float2 ) test
Building convert_long3_rtz( float3 ) test
Building convert_long4_rtz( float4 ) test
Building convert_long8_rtz( float8 ) test
Building convert_long16_rtz( float16 ) test
Testing... ..done.
	Wimp pass

1010) Testing convert_longn_sat( floatn ):
Building convert_long_sat( float ) test
Building convert_long2_sat( float2 ) test
Building convert_long3_sat( float3 ) test
Building convert_long4_sat( float4 ) test
Building convert_long8_sat( float8 ) test
Building convert_long16_sat( float16 ) test
Testing... ..done.
	Wimp pass

1011) Testing convert_longn_sat_rte( floatn ):
Building convert_long_sat_rte( float ) test
Building convert_long2_sat_rte( float2 ) test
Building convert_long3_sat_rte( float3 ) test
Building convert_long4_sat_rte( float4 ) test
Building convert_long8_sat_rte( float8 ) test
Building convert_long16_sat_rte( float16 ) test
Testing... ..done.
	Wimp pass

1012) Testing convert_longn_sat_rtp( floatn ):
Building convert_long_sat_rtp( float ) test
Building convert_long2_sat_rtp( float2 ) test
Building convert_long3_sat_rtp( float3 ) test
Building convert_long4_sat_rtp( float4 ) test
Building convert_long8_sat_rtp( float8 ) test
Building convert_long16_sat_rtp( float16 ) test
Testing... ..done.
	Wimp pass

1013) Testing convert_longn_sat_rtn( floatn ):
Building convert_long_sat_rtn( float ) test
Building convert_long2_sat_rtn( float2 ) test
Building convert_long3_sat_rtn( float3 ) test
Building convert_long4_sat_rtn( float4 ) test
Building convert_long8_sat_rtn( float8 ) test
Building convert_long16_sat_rtn( float16 ) test
Testing... ..done.
	Wimp pass

1014) Testing convert_longn_sat_rtz( floatn ):
Building convert_long_sat_rtz( float ) test
Building convert_long2_sat_rtz( float2 ) test
Building convert_long3_sat_rtz( float3 ) test
Building convert_long4_sat_rtz( float4 ) test
Building convert_long8_sat_rtz( float8 ) test
Building convert_long16_sat_rtz( float16 ) test
Testing... ..done.
	Wimp pass

1015) Testing convert_longn( doublen ):
1016) Testing convert_longn_rte( doublen ):
1017) Testing convert_longn_rtp( doublen ):
1018) Testing convert_longn_rtn( doublen ):
1019) Testing convert_longn_rtz( doublen ):
1020) Testing convert_longn_sat( doublen ):
1021) Testing convert_longn_sat_rte( doublen ):
1022) Testing convert_longn_sat_rtp( doublen ):
1023) Testing convert_longn_sat_rtn( doublen ):
1024) Testing convert_longn_sat_rtz( doublen ):
1025) Testing convert_longn( ulongn ):
Building implicit ulong -> long conversion test
Building convert_long( ulong ) test
Building convert_long2( ulong2 ) test
Building convert_long3( ulong3 ) test
Building convert_long4( ulong4 ) test
Building convert_long8( ulong8 ) test
Building convert_long16( ulong16 ) test
Testing... ..done.
	Wimp pass

1026) Testing convert_longn_rte( ulongn ):
Building convert_long_rte( ulong ) test
Building convert_long2_rte( ulong2 ) test
Building convert_long3_rte( ulong3 ) test
Building convert_long4_rte( ulong4 ) test
Building convert_long8_rte( ulong8 ) test
Building convert_long16_rte( ulong16 ) test
Testing... ..done.
	Wimp pass

1027) Testing convert_longn_rtp( ulongn ):
Building convert_long_rtp( ulong ) test
Building convert_long2_rtp( ulong2 ) test
Building convert_long3_rtp( ulong3 ) test
Building convert_long4_rtp( ulong4 ) test
Building convert_long8_rtp( ulong8 ) test
Building convert_long16_rtp( ulong16 ) test
Testing... ..done.
	Wimp pass

1028) Testing convert_longn_rtn( ulongn ):
Building convert_long_rtn( ulong ) test
Building convert_long2_rtn( ulong2 ) test
Building convert_long3_rtn( ulong3 ) test
Building convert_long4_rtn( ulong4 ) test
Building convert_long8_rtn( ulong8 ) test
Building convert_long16_rtn( ulong16 ) test
Testing... ..done.
	Wimp pass

1029) Testing convert_longn_rtz( ulongn ):
Building convert_long_rtz( ulong ) test
Building convert_long2_rtz( ulong2 ) test
Building convert_long3_rtz( ulong3 ) test
Building convert_long4_rtz( ulong4 ) test
Building convert_long8_rtz( ulong8 ) test
Building convert_long16_rtz( ulong16 ) test
Testing... ..done.
	Wimp pass

1030) Testing convert_longn_sat( ulongn ):
Building convert_long_sat( ulong ) test
Building convert_long2_sat( ulong2 ) test
Building convert_long3_sat( ulong3 ) test
Building convert_long4_sat( ulong4 ) test
Building convert_long8_sat( ulong8 ) test
Building convert_long16_sat( ulong16 ) test
Testing... ..done.
	Wimp pass

1031) Testing convert_longn_sat_rte( ulongn ):
Building convert_long_sat_rte( ulong ) test
Building convert_long2_sat_rte( ulong2 ) test
Building convert_long3_sat_rte( ulong3 ) test
Building convert_long4_sat_rte( ulong4 ) test
Building convert_long8_sat_rte( ulong8 ) test
Building convert_long16_sat_rte( ulong16 ) test
Testing... ..done.
	Wimp pass

1032) Testing convert_longn_sat_rtp( ulongn ):
Building convert_long_sat_rtp( ulong ) test
Building convert_long2_sat_rtp( ulong2 ) test
Building convert_long3_sat_rtp( ulong3 ) test
Building convert_long4_sat_rtp( ulong4 ) test
Building convert_long8_sat_rtp( ulong8 ) test
Building convert_long16_sat_rtp( ulong16 ) test
Testing... ..done.
	Wimp pass

1033) Testing convert_longn_sat_rtn( ulongn ):
Building convert_long_sat_rtn( ulong ) test
Building convert_long2_sat_rtn( ulong2 ) test
Building convert_long3_sat_rtn( ulong3 ) test
Building convert_long4_sat_rtn( ulong4 ) test
Building convert_long8_sat_rtn( ulong8 ) test
Building convert_long16_sat_rtn( ulong16 ) test
Testing... ..done.
	Wimp pass

1034) Testing convert_longn_sat_rtz( ulongn ):
Building convert_long_sat_rtz( ulong ) test
Building convert_long2_sat_rtz( ulong2 ) test
Building convert_long3_sat_rtz( ulong3 ) test
Building convert_long4_sat_rtz( ulong4 ) test
Building convert_long8_sat_rtz( ulong8 ) test
Building convert_long16_sat_rtz( ulong16 ) test
Testing... ..done.
	Wimp pass

1035) Testing convert_longn( longn ):
Building implicit long -> long conversion test
Building convert_long( long ) test
Building convert_long2( long2 ) test
Building convert_long3( long3 ) test
Building convert_long4( long4 ) test
Building convert_long8( long8 ) test
Building convert_long16( long16 ) test
Testing... ..done.
	Wimp pass

1036) Testing convert_longn_rte( longn ):
Building convert_long_rte( long ) test
Building convert_long2_rte( long2 ) test
Building convert_long3_rte( long3 ) test
Building convert_long4_rte( long4 ) test
Building convert_long8_rte( long8 ) test
Building convert_long16_rte( long16 ) test
Testing... ..done.
	Wimp pass

1037) Testing convert_longn_rtp( longn ):
Building convert_long_rtp( long ) test
Building convert_long2_rtp( long2 ) test
Building convert_long3_rtp( long3 ) test
Building convert_long4_rtp( long4 ) test
Building convert_long8_rtp( long8 ) test
Building convert_long16_rtp( long16 ) test
Testing... ..done.
	Wimp pass

1038) Testing convert_longn_rtn( longn ):
Building convert_long_rtn( long ) test
Building convert_long2_rtn( long2 ) test
Building convert_long3_rtn( long3 ) test
Building convert_long4_rtn( long4 ) test
Building convert_long8_rtn( long8 ) test
Building convert_long16_rtn( long16 ) test
Testing... ..done.
	Wimp pass

1039) Testing convert_longn_rtz( longn ):
Building convert_long_rtz( long ) test
Building convert_long2_rtz( long2 ) test
Building convert_long3_rtz( long3 ) test
Building convert_long4_rtz( long4 ) test
Building convert_long8_rtz( long8 ) test
Building convert_long16_rtz( long16 ) test
Testing... ..done.
	Wimp pass

1040) Testing convert_longn_sat( longn ):
Building convert_long_sat( long ) test
Building convert_long2_sat( long2 ) test
Building convert_long3_sat( long3 ) test
Building convert_long4_sat( long4 ) test
Building convert_long8_sat( long8 ) test
Building convert_long16_sat( long16 ) test
Testing... ..done.
	Wimp pass

1041) Testing convert_longn_sat_rte( longn ):
Building convert_long_sat_rte( long ) test
Building convert_long2_sat_rte( long2 ) test
Building convert_long3_sat_rte( long3 ) test
Building convert_long4_sat_rte( long4 ) test
Building convert_long8_sat_rte( long8 ) test
Building convert_long16_sat_rte( long16 ) test
Testing... ..done.
	Wimp pass

1042) Testing convert_longn_sat_rtp( longn ):
Building convert_long_sat_rtp( long ) test
Building convert_long2_sat_rtp( long2 ) test
Building convert_long3_sat_rtp( long3 ) test
Building convert_long4_sat_rtp( long4 ) test
Building convert_long8_sat_rtp( long8 ) test
Building convert_long16_sat_rtp( long16 ) test
Testing... ..done.
	Wimp pass

1043) Testing convert_longn_sat_rtn( longn ):
Building convert_long_sat_rtn( long ) test
Building convert_long2_sat_rtn( long2 ) test
Building convert_long3_sat_rtn( long3 ) test
Building convert_long4_sat_rtn( long4 ) test
Building convert_long8_sat_rtn( long8 ) test
Building convert_long16_sat_rtn( long16 ) test
Testing... ..done.
	Wimp pass

1044) Testing convert_longn_sat_rtz( longn ):
Building convert_long_sat_rtz( long ) test
Building convert_long2_sat_rtz( long2 ) test
Building convert_long3_sat_rtz( long3 ) test
Building convert_long4_sat_rtz( long4 ) test
Building convert_long8_sat_rtz( long8 ) test
Building convert_long16_sat_rtz( long16 ) test
Testing... ..done.
	Wimp pass

conversions passed
PASSED 900 of 900 sub-tests.
PASSED test.
ThreadPool: thread 1 exiting.
ThreadPool: thread 4 exiting.
ThreadPool: thread 5 exiting.
ThreadPool: thread 2 exiting.
ThreadPool: thread 6 exiting.
ThreadPool: thread 3 exiting.
ThreadPool: thread 0 exiting.
ThreadPool: thread 7 exiting.
Thread pool exited in a orderly fashion.
