=== Rusticl warning: Patched Mesa libclc not detected. Upstream libclc may contain known bugs or breaking changes and isn't guaranteed to work reliably. Please visit https://gitlab.freedesktop.org/karolherbst/mesa-libclc for more information. ===
 Initializing random seed to 0.
Requesting Default device based on command line for platform index 0 and device index 0
Compute Device Name = Apple M1 (G13G B1), Compute Device Vendor = Apple, Compute Device Version = OpenCL 3.1 , CL C Version = OpenCL C 1.2 
Device latest conformance version passed: v2026-03-25-00
Supports single precision denormals: NO
sizeof( void*) = 8  (host)
sizeof( void*) = 8  (device)
fpmath...
FP '+' 'float' test passed
FP '+' 'float2' test passed
FP '+' 'float4' test passed
FP '+' 'float8' test passed
FP '+' 'float16' test passed
FP '-' 'float' test passed
FP '-' 'float2' test passed
FP '-' 'float4' test passed
FP '-' 'float8' test passed
FP '-' 'float16' test passed
FP '*' 'float' test passed
FP '*' 'float2' test passed
FP '*' 'float4' test passed
FP '*' 'float8' test passed
FP '*' 'float16' test passed
FP '+' 'half' test passed
FP '+' 'half2' test passed
FP '+' 'half4' test passed
FP '+' 'half8' test passed
FP '+' 'half16' test passed
FP '-' 'half' test passed
FP '-' 'half2' test passed
FP '-' 'half4' test passed
FP '-' 'half8' test passed
FP '-' 'half16' test passed
FP '*' 'half' test passed
FP '*' 'half2' test passed
FP '*' 'half4' test passed
FP '*' 'half8' test passed
FP '*' 'half16' test passed
fpmath passed
intmath_int...
test_add... passed
test_sub... passed
test_mul... passed
test_mad... passed
intmath_int passed
intmath_int2...
test_add... passed
test_sub... passed
test_mul... passed
test_mad... passed
intmath_int2 passed
intmath_int4...
test_add... passed
test_sub... passed
test_mul... passed
test_mad... passed
intmath_int4 passed
intmath_long...
test_add... passed
test_sub... passed
test_mul... passed
test_mad... passed
intmath_long passed
intmath_long2...
test_add... passed
test_sub... passed
test_mul... passed
test_mad... passed
intmath_long2 passed
intmath_long4...
test_add... passed
test_sub... passed
test_mul... passed
test_mad... passed
intmath_long4 passed
hiloeo...
char hi.......... lo.......... even.......... odd..........done
uchar hi.......... lo.......... even.......... odd..........done
short hi.......... lo.......... even.......... odd..........done
ushort hi.......... lo.......... even.......... odd..........done
int hi.......... lo.......... even.......... odd..........done
uint hi.......... lo.......... even.......... odd..........done
long hi.......... lo.......... even.......... odd..........done
ulong hi.......... lo.......... even.......... odd..........done
half hi.......... lo.......... even.......... odd..........done
float hi.......... lo.......... even.......... odd..........done
HiLoEO test passed
hiloeo passed
local_arg_def...
LOCAL test passed
local_arg_def passed
local_kernel_def...
LOCAL test passed
local_kernel_def passed
pointer_cast...
POINTER_CAST test passed
pointer_cast passed
if...
IF test passed
if passed
loop...
LOOP test passed
loop passed
readimage...
READ_IMAGE_CL_RGBA_CL_UNORM_INT8 test passed
READ_IMAGE_CL_BGRA_CL_UNORM_INT8 test passed
readimage passed
readimage_int16...
READ_IMAGE_CL_RGBA_CL_UNORM_INT16 test passed
readimage_int16 passed
readimage_fp32...
READ_IMAGE_CL_RGBA_CL_FLOAT test passed
readimage_fp32 passed
readimage3d...
READ_IMAGE_CL_RGBA_CL_UNORM_INT8 test passed
READ_IMAGE_CL_BGRA_CL_UNORM_INT8 test passed
readimage3d passed
readimage3d_int16...
READ_IMAGE_CL_RGBA_CL_UNORM_INT16 test passed
readimage3d_int16 passed
readimage3d_fp32...
READ_IMAGE_CL_RGBA_CL_FLOAT test passed
readimage3d_fp32 passed
writeimage...
WRITE_IMAGE_CL_RGBA_CL_UNORM_INT8 with CL_MEM_WRITE_ONLY test passed
WRITE_IMAGE_CL_BGRA_CL_UNORM_INT8 with CL_MEM_WRITE_ONLY test passed
WRITE_IMAGE_CL_RGBA_CL_UNORM_INT8 with CL_MEM_READ_WRITE test passed
WRITE_IMAGE_CL_BGRA_CL_UNORM_INT8 with CL_MEM_READ_WRITE test passed
writeimage passed
writeimage_int16...
WRITE_IMAGE_CL_RGBA_CL_UNORM_INT16 with CL_MEM_WRITE_ONLY test passed
WRITE_IMAGE_CL_RGBA_CL_UNORM_INT16 with CL_MEM_READ_WRITE test passed
writeimage_int16 passed
writeimage_fp32...
WRITE_IMAGE_CL_RGBA_CL_FLOAT with CL_MEM_WRITE_ONLY test passed
WRITE_IMAGE_CL_RGBA_CL_FLOAT with CL_MEM_READ_WRITE test passed
writeimage_fp32 passed
mri_one...
READ_MULTIREADIMAGE_RGBA8888 test passed.  Max ULP err = 0
mri_one passed
mri_multiple...
READ_MULTIREADIMAGE_MULTIFORMAT test passed.  Max ulp error = 0
mri_multiple passed
imagedim_pow2...
Device reported max image sizes of 16384 x 16384, and max mem size of 15485MB.
Adjusted maximum image size to test is 16384 x 16384, which is a max mem size of 1024MB.
Testing image dimensions 1 x 1 with local threads nullptr.
Testing image dimensions 2 x 1 with local threads nullptr.
Testing image dimensions 4 x 1 with local threads nullptr.
Testing image dimensions 8 x 1 with local threads nullptr.
Testing image dimensions 16 x 1 with local threads nullptr.
Testing image dimensions 32 x 1 with local threads nullptr.
Testing image dimensions 64 x 1 with local threads nullptr.
Testing image dimensions 128 x 1 with local threads nullptr.
Testing image dimensions 256 x 1 with local threads nullptr.
Testing image dimensions 512 x 1 with local threads nullptr.
Testing image dimensions 1024 x 1 with local threads nullptr.
Testing image dimensions 2048 x 1 with local threads nullptr.
Testing image dimensions 4096 x 1 with local threads nullptr.
Testing image dimensions 8192 x 1 with local threads nullptr.
Testing image dimensions 16384 x 1 with local threads nullptr.
Testing image dimensions 1 x 2 with local threads nullptr.
Testing image dimensions 2 x 2 with local threads nullptr.
Testing image dimensions 4 x 2 with local threads nullptr.
Testing image dimensions 8 x 2 with local threads nullptr.
Testing image dimensions 16 x 2 with local threads nullptr.
Testing image dimensions 32 x 2 with local threads nullptr.
Testing image dimensions 64 x 2 with local threads nullptr.
Testing image dimensions 128 x 2 with local threads nullptr.
Testing image dimensions 256 x 2 with local threads nullptr.
Testing image dimensions 512 x 2 with local threads nullptr.
Testing image dimensions 1024 x 2 with local threads nullptr.
Testing image dimensions 2048 x 2 with local threads nullptr.
Testing image dimensions 4096 x 2 with local threads nullptr.
Testing image dimensions 8192 x 2 with local threads nullptr.
Testing image dimensions 16384 x 2 with local threads nullptr.
Testing image dimensions 1 x 4 with local threads nullptr.
Testing image dimensions 2 x 4 with local threads nullptr.
Testing image dimensions 4 x 4 with local threads nullptr.
Testing image dimensions 8 x 4 with local threads nullptr.
Testing image dimensions 16 x 4 with local threads nullptr.
Testing image dimensions 32 x 4 with local threads nullptr.
Testing image dimensions 64 x 4 with local threads nullptr.
Testing image dimensions 128 x 4 with local threads nullptr.
Testing image dimensions 256 x 4 with local threads nullptr.
Testing image dimensions 512 x 4 with local threads nullptr.
Testing image dimensions 1024 x 4 with local threads nullptr.
Testing image dimensions 2048 x 4 with local threads nullptr.
Testing image dimensions 4096 x 4 with local threads nullptr.
Testing image dimensions 8192 x 4 with local threads nullptr.
Testing image dimensions 16384 x 4 with local threads nullptr.
Testing image dimensions 1 x 8 with local threads nullptr.
Testing image dimensions 2 x 8 with local threads nullptr.
Testing image dimensions 4 x 8 with local threads nullptr.
Testing image dimensions 8 x 8 with local threads nullptr.
Testing image dimensions 16 x 8 with local threads nullptr.
Testing image dimensions 32 x 8 with local threads nullptr.
Testing image dimensions 64 x 8 with local threads nullptr.
Testing image dimensions 128 x 8 with local threads nullptr.
Testing image dimensions 256 x 8 with local threads nullptr.
Testing image dimensions 512 x 8 with local threads nullptr.
Testing image dimensions 1024 x 8 with local threads nullptr.
Testing image dimensions 2048 x 8 with local threads nullptr.
Testing image dimensions 4096 x 8 with local threads nullptr.
Testing image dimensions 8192 x 8 with local threads nullptr.
Testing image dimensions 16384 x 8 with local threads nullptr.
Testing image dimensions 1 x 16 with local threads nullptr.
Testing image dimensions 2 x 16 with local threads nullptr.
Testing image dimensions 4 x 16 with local threads nullptr.
Testing image dimensions 8 x 16 with local threads nullptr.
Testing image dimensions 16 x 16 with local threads nullptr.
Testing image dimensions 32 x 16 with local threads nullptr.
Testing image dimensions 64 x 16 with local threads nullptr.
Testing image dimensions 128 x 16 with local threads nullptr.
Testing image dimensions 256 x 16 with local threads nullptr.
Testing image dimensions 512 x 16 with local threads nullptr.
Testing image dimensions 1024 x 16 with local threads nullptr.
Testing image dimensions 2048 x 16 with local threads nullptr.
Testing image dimensions 4096 x 16 with local threads nullptr.
Testing image dimensions 8192 x 16 with local threads nullptr.
Testing image dimensions 16384 x 16 with local threads nullptr.
Testing image dimensions 1 x 32 with local threads nullptr.
Testing image dimensions 2 x 32 with local threads nullptr.
Testing image dimensions 4 x 32 with local threads nullptr.
Testing image dimensions 8 x 32 with local threads nullptr.
Testing image dimensions 16 x 32 with local threads nullptr.
Testing image dimensions 32 x 32 with local threads nullptr.
Testing image dimensions 64 x 32 with local threads nullptr.
Testing image dimensions 128 x 32 with local threads nullptr.
Testing image dimensions 256 x 32 with local threads nullptr.
Testing image dimensions 512 x 32 with local threads nullptr.
Testing image dimensions 1024 x 32 with local threads nullptr.
Testing image dimensions 2048 x 32 with local threads nullptr.
Testing image dimensions 4096 x 32 with local threads nullptr.
Testing image dimensions 8192 x 32 with local threads nullptr.
Testing image dimensions 16384 x 32 with local threads nullptr.
Testing image dimensions 1 x 64 with local threads nullptr.
Testing image dimensions 2 x 64 with local threads nullptr.
Testing image dimensions 4 x 64 with local threads nullptr.
Testing image dimensions 8 x 64 with local threads nullptr.
Testing image dimensions 16 x 64 with local threads nullptr.
Testing image dimensions 32 x 64 with local threads nullptr.
Testing image dimensions 64 x 64 with local threads nullptr.
Testing image dimensions 128 x 64 with local threads nullptr.
Testing image dimensions 256 x 64 with local threads nullptr.
Testing image dimensions 512 x 64 with local threads nullptr.
Testing image dimensions 1024 x 64 with local threads nullptr.
Testing image dimensions 2048 x 64 with local threads nullptr.
Testing image dimensions 4096 x 64 with local threads nullptr.
Testing image dimensions 8192 x 64 with local threads nullptr.
Testing image dimensions 16384 x 64 with local threads nullptr.
Testing image dimensions 1 x 128 with local threads nullptr.
Testing image dimensions 2 x 128 with local threads nullptr.
Testing image dimensions 4 x 128 with local threads nullptr.
Testing image dimensions 8 x 128 with local threads nullptr.
Testing image dimensions 16 x 128 with local threads nullptr.
Testing image dimensions 32 x 128 with local threads nullptr.
Testing image dimensions 64 x 128 with local threads nullptr.
Testing image dimensions 128 x 128 with local threads nullptr.
Testing image dimensions 256 x 128 with local threads nullptr.
Testing image dimensions 512 x 128 with local threads nullptr.
Testing image dimensions 1024 x 128 with local threads nullptr.
Testing image dimensions 2048 x 128 with local threads nullptr.
Testing image dimensions 4096 x 128 with local threads nullptr.
Testing image dimensions 8192 x 128 with local threads nullptr.
Testing image dimensions 16384 x 128 with local threads nullptr.
Testing image dimensions 1 x 256 with local threads nullptr.
Testing image dimensions 2 x 256 with local threads nullptr.
Testing image dimensions 4 x 256 with local threads nullptr.
Testing image dimensions 8 x 256 with local threads nullptr.
Testing image dimensions 16 x 256 with local threads nullptr.
Testing image dimensions 32 x 256 with local threads nullptr.
Testing image dimensions 64 x 256 with local threads nullptr.
Testing image dimensions 128 x 256 with local threads nullptr.
Testing image dimensions 256 x 256 with local threads nullptr.
Testing image dimensions 512 x 256 with local threads nullptr.
Testing image dimensions 1024 x 256 with local threads nullptr.
Testing image dimensions 2048 x 256 with local threads nullptr.
Testing image dimensions 4096 x 256 with local threads nullptr.
Testing image dimensions 8192 x 256 with local threads nullptr.
Testing image dimensions 16384 x 256 with local threads nullptr.
Testing image dimensions 1 x 512 with local threads nullptr.
Testing image dimensions 2 x 512 with local threads nullptr.
Testing image dimensions 4 x 512 with local threads nullptr.
Testing image dimensions 8 x 512 with local threads nullptr.
Testing image dimensions 16 x 512 with local threads nullptr.
Testing image dimensions 32 x 512 with local threads nullptr.
Testing image dimensions 64 x 512 with local threads nullptr.
Testing image dimensions 128 x 512 with local threads nullptr.
Testing image dimensions 256 x 512 with local threads nullptr.
Testing image dimensions 512 x 512 with local threads nullptr.
Testing image dimensions 1024 x 512 with local threads nullptr.
Testing image dimensions 2048 x 512 with local threads nullptr.
Testing image dimensions 4096 x 512 with local threads nullptr.
Testing image dimensions 8192 x 512 with local threads nullptr.
Testing image dimensions 16384 x 512 with local threads nullptr.
Testing image dimensions 1 x 1024 with local threads nullptr.
Testing image dimensions 2 x 1024 with local threads nullptr.
Testing image dimensions 4 x 1024 with local threads nullptr.
Testing image dimensions 8 x 1024 with local threads nullptr.
Testing image dimensions 16 x 1024 with local threads nullptr.
Testing image dimensions 32 x 1024 with local threads nullptr.
Testing image dimensions 64 x 1024 with local threads nullptr.
Testing image dimensions 128 x 1024 with local threads nullptr.
Testing image dimensions 256 x 1024 with local threads nullptr.
Testing image dimensions 512 x 1024 with local threads nullptr.
Testing image dimensions 1024 x 1024 with local threads nullptr.
Testing image dimensions 2048 x 1024 with local threads nullptr.
Testing image dimensions 4096 x 1024 with local threads nullptr.
Testing image dimensions 8192 x 1024 with local threads nullptr.
Testing image dimensions 16384 x 1024 with local threads nullptr.
Testing image dimensions 1 x 2048 with local threads nullptr.
Testing image dimensions 2 x 2048 with local threads nullptr.
Testing image dimensions 4 x 2048 with local threads nullptr.
Testing image dimensions 8 x 2048 with local threads nullptr.
Testing image dimensions 16 x 2048 with local threads nullptr.
Testing image dimensions 32 x 2048 with local threads nullptr.
Testing image dimensions 64 x 2048 with local threads nullptr.
Testing image dimensions 128 x 2048 with local threads nullptr.
Testing image dimensions 256 x 2048 with local threads nullptr.
Testing image dimensions 512 x 2048 with local threads nullptr.
Testing image dimensions 1024 x 2048 with local threads nullptr.
Testing image dimensions 2048 x 2048 with local threads nullptr.
Testing image dimensions 4096 x 2048 with local threads nullptr.
Testing image dimensions 8192 x 2048 with local threads nullptr.
Testing image dimensions 16384 x 2048 with local threads nullptr.
Testing image dimensions 1 x 4096 with local threads nullptr.
Testing image dimensions 2 x 4096 with local threads nullptr.
Testing image dimensions 4 x 4096 with local threads nullptr.
Testing image dimensions 8 x 4096 with local threads nullptr.
Testing image dimensions 16 x 4096 with local threads nullptr.
Testing image dimensions 32 x 4096 with local threads nullptr.
Testing image dimensions 64 x 4096 with local threads nullptr.
Testing image dimensions 128 x 4096 with local threads nullptr.
Testing image dimensions 256 x 4096 with local threads nullptr.
Testing image dimensions 512 x 4096 with local threads nullptr.
Testing image dimensions 1024 x 4096 with local threads nullptr.
Testing image dimensions 2048 x 4096 with local threads nullptr.
Testing image dimensions 4096 x 4096 with local threads nullptr.
Testing image dimensions 8192 x 4096 with local threads nullptr.
Testing image dimensions 16384 x 4096 with local threads nullptr.
Testing image dimensions 1 x 8192 with local threads nullptr.
Testing image dimensions 2 x 8192 with local threads nullptr.
Testing image dimensions 4 x 8192 with local threads nullptr.
Testing image dimensions 8 x 8192 with local threads nullptr.
Testing image dimensions 16 x 8192 with local threads nullptr.
Testing image dimensions 32 x 8192 with local threads nullptr.
Testing image dimensions 64 x 8192 with local threads nullptr.
Testing image dimensions 128 x 8192 with local threads nullptr.
Testing image dimensions 256 x 8192 with local threads nullptr.
Testing image dimensions 512 x 8192 with local threads nullptr.
Testing image dimensions 1024 x 8192 with local threads nullptr.
Testing image dimensions 2048 x 8192 with local threads nullptr.
Testing image dimensions 4096 x 8192 with local threads nullptr.
Testing image dimensions 8192 x 8192 with local threads nullptr.
Testing image dimensions 16384 x 8192 with local threads nullptr.
Testing image dimensions 1 x 16384 with local threads nullptr.
Testing image dimensions 2 x 16384 with local threads nullptr.
Testing image dimensions 4 x 16384 with local threads nullptr.
Testing image dimensions 8 x 16384 with local threads nullptr.
Testing image dimensions 16 x 16384 with local threads nullptr.
Testing image dimensions 32 x 16384 with local threads nullptr.
Testing image dimensions 64 x 16384 with local threads nullptr.
Testing image dimensions 128 x 16384 with local threads nullptr.
Testing image dimensions 256 x 16384 with local threads nullptr.
Testing image dimensions 512 x 16384 with local threads nullptr.
Testing image dimensions 1024 x 16384 with local threads nullptr.
Testing image dimensions 2048 x 16384 with local threads nullptr.
Testing image dimensions 4096 x 16384 with local threads nullptr.
Testing image dimensions 8192 x 16384 with local threads nullptr.
Testing image dimensions 16384 x 16384 with local threads nullptr.
imagedim_pow2 passed
imagedim_non_pow2...
Device reported max image sizes of 16384 x 16384, and max mem size of 15485MB.
Adjusted maximum image size to test is 16384 x 16384, which is a max mem size of 1024MB.
Testing image dimensions 2 x 1 with local threads 2 x 1.
Testing image dimensions 4 x 1 with local threads 4 x 1.
Testing image dimensions 8 x 1 with local threads 8 x 1.
Testing image dimensions 16 x 1 with local threads 16 x 1.
Testing image dimensions 32 x 1 with local threads 32 x 1.
Testing image dimensions 64 x 1 with local threads 64 x 1.
Testing image dimensions 128 x 1 with local threads 128 x 1.
Testing image dimensions 256 x 1 with local threads 256 x 1.
Testing image dimensions 512 x 1 with local threads 512 x 1.
Testing image dimensions 1024 x 1 with local threads 1024 x 1.
Testing image dimensions 2048 x 1 with local threads 1024 x 1.
Testing image dimensions 4096 x 1 with local threads 1024 x 1.
Testing image dimensions 8192 x 1 with local threads 1024 x 1.
Testing image dimensions 16384 x 1 with local threads 1024 x 1.
Testing image dimensions 2 x 3 with local threads 2 x 1.
Testing image dimensions 4 x 3 with local threads 4 x 1.
Testing image dimensions 8 x 3 with local threads 8 x 1.
Testing image dimensions 16 x 3 with local threads 16 x 1.
Testing image dimensions 32 x 3 with local threads 32 x 1.
Testing image dimensions 64 x 3 with local threads 64 x 1.
Testing image dimensions 128 x 3 with local threads 128 x 1.
Testing image dimensions 256 x 3 with local threads 256 x 1.
Testing image dimensions 512 x 3 with local threads 512 x 1.
Testing image dimensions 1024 x 3 with local threads 1024 x 1.
Testing image dimensions 2048 x 3 with local threads 1024 x 1.
Testing image dimensions 4096 x 3 with local threads 1024 x 1.
Testing image dimensions 8192 x 3 with local threads 1024 x 1.
Testing image dimensions 16384 x 3 with local threads 1024 x 1.
Testing image dimensions 2 x 7 with local threads 2 x 1.
Testing image dimensions 4 x 7 with local threads 4 x 1.
Testing image dimensions 8 x 7 with local threads 8 x 1.
Testing image dimensions 16 x 7 with local threads 16 x 1.
Testing image dimensions 32 x 7 with local threads 32 x 1.
Testing image dimensions 64 x 7 with local threads 64 x 1.
Testing image dimensions 128 x 7 with local threads 128 x 1.
Testing image dimensions 256 x 7 with local threads 256 x 1.
Testing image dimensions 512 x 7 with local threads 512 x 1.
Testing image dimensions 1024 x 7 with local threads 1024 x 1.
Testing image dimensions 2048 x 7 with local threads 1024 x 1.
Testing image dimensions 4096 x 7 with local threads 1024 x 1.
Testing image dimensions 8192 x 7 with local threads 1024 x 1.
Testing image dimensions 16384 x 7 with local threads 1024 x 1.
Testing image dimensions 2 x 15 with local threads 2 x 1.
Testing image dimensions 4 x 15 with local threads 4 x 1.
Testing image dimensions 8 x 15 with local threads 8 x 1.
Testing image dimensions 16 x 15 with local threads 16 x 1.
Testing image dimensions 32 x 15 with local threads 32 x 1.
Testing image dimensions 64 x 15 with local threads 64 x 1.
Testing image dimensions 128 x 15 with local threads 128 x 1.
Testing image dimensions 256 x 15 with local threads 256 x 1.
Testing image dimensions 512 x 15 with local threads 512 x 1.
Testing image dimensions 1024 x 15 with local threads 1024 x 1.
Testing image dimensions 2048 x 15 with local threads 1024 x 1.
Testing image dimensions 4096 x 15 with local threads 1024 x 1.
Testing image dimensions 8192 x 15 with local threads 1024 x 1.
Testing image dimensions 16384 x 15 with local threads 1024 x 1.
Testing image dimensions 2 x 31 with local threads 2 x 1.
Testing image dimensions 4 x 31 with local threads 4 x 1.
Testing image dimensions 8 x 31 with local threads 8 x 1.
Testing image dimensions 16 x 31 with local threads 16 x 1.
Testing image dimensions 32 x 31 with local threads 32 x 1.
Testing image dimensions 64 x 31 with local threads 64 x 1.
Testing image dimensions 128 x 31 with local threads 128 x 1.
Testing image dimensions 256 x 31 with local threads 256 x 1.
Testing image dimensions 512 x 31 with local threads 512 x 1.
Testing image dimensions 1024 x 31 with local threads 1024 x 1.
Testing image dimensions 2048 x 31 with local threads 1024 x 1.
Testing image dimensions 4096 x 31 with local threads 1024 x 1.
Testing image dimensions 8192 x 31 with local threads 1024 x 1.
Testing image dimensions 16384 x 31 with local threads 1024 x 1.
Testing image dimensions 2 x 63 with local threads 2 x 1.
Testing image dimensions 4 x 63 with local threads 4 x 1.
Testing image dimensions 8 x 63 with local threads 8 x 1.
Testing image dimensions 16 x 63 with local threads 16 x 1.
Testing image dimensions 32 x 63 with local threads 32 x 1.
Testing image dimensions 64 x 63 with local threads 64 x 1.
Testing image dimensions 128 x 63 with local threads 128 x 1.
Testing image dimensions 256 x 63 with local threads 256 x 1.
Testing image dimensions 512 x 63 with local threads 512 x 1.
Testing image dimensions 1024 x 63 with local threads 1024 x 1.
Testing image dimensions 2048 x 63 with local threads 1024 x 1.
Testing image dimensions 4096 x 63 with local threads 1024 x 1.
Testing image dimensions 8192 x 63 with local threads 1024 x 1.
Testing image dimensions 16384 x 63 with local threads 1024 x 1.
Testing image dimensions 2 x 127 with local threads 2 x 1.
Testing image dimensions 4 x 127 with local threads 4 x 1.
Testing image dimensions 8 x 127 with local threads 8 x 1.
Testing image dimensions 16 x 127 with local threads 16 x 1.
Testing image dimensions 32 x 127 with local threads 32 x 1.
Testing image dimensions 64 x 127 with local threads 64 x 1.
Testing image dimensions 128 x 127 with local threads 128 x 1.
Testing image dimensions 256 x 127 with local threads 256 x 1.
Testing image dimensions 512 x 127 with local threads 512 x 1.
Testing image dimensions 1024 x 127 with local threads 1024 x 1.
Testing image dimensions 2048 x 127 with local threads 1024 x 1.
Testing image dimensions 4096 x 127 with local threads 1024 x 1.
Testing image dimensions 8192 x 127 with local threads 1024 x 1.
Testing image dimensions 16384 x 127 with local threads 1024 x 1.
Testing image dimensions 2 x 255 with local threads 2 x 1.
Testing image dimensions 4 x 255 with local threads 4 x 1.
Testing image dimensions 8 x 255 with local threads 8 x 1.
Testing image dimensions 16 x 255 with local threads 16 x 1.
Testing image dimensions 32 x 255 with local threads 32 x 1.
Testing image dimensions 64 x 255 with local threads 64 x 1.
Testing image dimensions 128 x 255 with local threads 128 x 1.
Testing image dimensions 256 x 255 with local threads 256 x 1.
Testing image dimensions 512 x 255 with local threads 512 x 1.
Testing image dimensions 1024 x 255 with local threads 1024 x 1.
Testing image dimensions 2048 x 255 with local threads 1024 x 1.
Testing image dimensions 4096 x 255 with local threads 1024 x 1.
Testing image dimensions 8192 x 255 with local threads 1024 x 1.
Testing image dimensions 16384 x 255 with local threads 1024 x 1.
Testing image dimensions 2 x 511 with local threads 2 x 1.
Testing image dimensions 4 x 511 with local threads 4 x 1.
Testing image dimensions 8 x 511 with local threads 8 x 1.
Testing image dimensions 16 x 511 with local threads 16 x 1.
Testing image dimensions 32 x 511 with local threads 32 x 1.
Testing image dimensions 64 x 511 with local threads 64 x 1.
Testing image dimensions 128 x 511 with local threads 128 x 1.
Testing image dimensions 256 x 511 with local threads 256 x 1.
Testing image dimensions 512 x 511 with local threads 512 x 1.
Testing image dimensions 1024 x 511 with local threads 1024 x 1.
Testing image dimensions 2048 x 511 with local threads 1024 x 1.
Testing image dimensions 4096 x 511 with local threads 1024 x 1.
Testing image dimensions 8192 x 511 with local threads 1024 x 1.
Testing image dimensions 16384 x 511 with local threads 1024 x 1.
Testing image dimensions 2 x 1023 with local threads 2 x 1.
Testing image dimensions 4 x 1023 with local threads 4 x 1.
Testing image dimensions 8 x 1023 with local threads 8 x 1.
Testing image dimensions 16 x 1023 with local threads 16 x 1.
Testing image dimensions 32 x 1023 with local threads 32 x 1.
Testing image dimensions 64 x 1023 with local threads 64 x 1.
Testing image dimensions 128 x 1023 with local threads 128 x 1.
Testing image dimensions 256 x 1023 with local threads 256 x 1.
Testing image dimensions 512 x 1023 with local threads 512 x 1.
Testing image dimensions 1024 x 1023 with local threads 1024 x 1.
Testing image dimensions 2048 x 1023 with local threads 1024 x 1.
Testing image dimensions 4096 x 1023 with local threads 1024 x 1.
Testing image dimensions 8192 x 1023 with local threads 1024 x 1.
Testing image dimensions 16384 x 1023 with local threads 1024 x 1.
Testing image dimensions 2 x 2047 with local threads 2 x 1.
Testing image dimensions 4 x 2047 with local threads 4 x 1.
Testing image dimensions 8 x 2047 with local threads 8 x 1.
Testing image dimensions 16 x 2047 with local threads 16 x 1.
Testing image dimensions 32 x 2047 with local threads 32 x 1.
Testing image dimensions 64 x 2047 with local threads 64 x 1.
Testing image dimensions 128 x 2047 with local threads 128 x 1.
Testing image dimensions 256 x 2047 with local threads 256 x 1.
Testing image dimensions 512 x 2047 with local threads 512 x 1.
Testing image dimensions 1024 x 2047 with local threads 1024 x 1.
Testing image dimensions 2048 x 2047 with local threads 1024 x 1.
Testing image dimensions 4096 x 2047 with local threads 1024 x 1.
Testing image dimensions 8192 x 2047 with local threads 1024 x 1.
Testing image dimensions 16384 x 2047 with local threads 1024 x 1.
Testing image dimensions 2 x 4095 with local threads 2 x 1.
Testing image dimensions 4 x 4095 with local threads 4 x 1.
Testing image dimensions 8 x 4095 with local threads 8 x 1.
Testing image dimensions 16 x 4095 with local threads 16 x 1.
Testing image dimensions 32 x 4095 with local threads 32 x 1.
Testing image dimensions 64 x 4095 with local threads 64 x 1.
Testing image dimensions 128 x 4095 with local threads 128 x 1.
Testing image dimensions 256 x 4095 with local threads 256 x 1.
Testing image dimensions 512 x 4095 with local threads 512 x 1.
Testing image dimensions 1024 x 4095 with local threads 1024 x 1.
Testing image dimensions 2048 x 4095 with local threads 1024 x 1.
Testing image dimensions 4096 x 4095 with local threads 1024 x 1.
Testing image dimensions 8192 x 4095 with local threads 1024 x 1.
Testing image dimensions 16384 x 4095 with local threads 1024 x 1.
Testing image dimensions 2 x 8191 with local threads 2 x 1.
Testing image dimensions 4 x 8191 with local threads 4 x 1.
Testing image dimensions 8 x 8191 with local threads 8 x 1.
Testing image dimensions 16 x 8191 with local threads 16 x 1.
Testing image dimensions 32 x 8191 with local threads 32 x 1.
Testing image dimensions 64 x 8191 with local threads 64 x 1.
Testing image dimensions 128 x 8191 with local threads 128 x 1.
Testing image dimensions 256 x 8191 with local threads 256 x 1.
Testing image dimensions 512 x 8191 with local threads 512 x 1.
Testing image dimensions 1024 x 8191 with local threads 1024 x 1.
Testing image dimensions 2048 x 8191 with local threads 1024 x 1.
Testing image dimensions 4096 x 8191 with local threads 1024 x 1.
Testing image dimensions 8192 x 8191 with local threads 1024 x 1.
Testing image dimensions 16384 x 8191 with local threads 1024 x 1.
Testing image dimensions 2 x 16383 with local threads 2 x 1.
Testing image dimensions 4 x 16383 with local threads 4 x 1.
Testing image dimensions 8 x 16383 with local threads 8 x 1.
Testing image dimensions 16 x 16383 with local threads 16 x 1.
Testing image dimensions 32 x 16383 with local threads 32 x 1.
Testing image dimensions 64 x 16383 with local threads 64 x 1.
Testing image dimensions 128 x 16383 with local threads 128 x 1.
Testing image dimensions 256 x 16383 with local threads 256 x 1.
Testing image dimensions 512 x 16383 with local threads 512 x 1.
Testing image dimensions 1024 x 16383 with local threads 1024 x 1.
Testing image dimensions 2048 x 16383 with local threads 1024 x 1.
Testing image dimensions 4096 x 16383 with local threads 1024 x 1.
Testing image dimensions 8192 x 16383 with local threads 1024 x 1.
Testing image dimensions 16384 x 16383 with local threads 1024 x 1.
Testing image dimensions 1 x 2 with local threads 1 x 2.
Testing image dimensions 3 x 2 with local threads 1 x 2.
Testing image dimensions 7 x 2 with local threads 1 x 2.
Testing image dimensions 15 x 2 with local threads 1 x 2.
Testing image dimensions 31 x 2 with local threads 1 x 2.
Testing image dimensions 63 x 2 with local threads 1 x 2.
Testing image dimensions 127 x 2 with local threads 1 x 2.
Testing image dimensions 255 x 2 with local threads 1 x 2.
Testing image dimensions 511 x 2 with local threads 1 x 2.
Testing image dimensions 1023 x 2 with local threads 1 x 2.
Testing image dimensions 2047 x 2 with local threads 1 x 2.
Testing image dimensions 4095 x 2 with local threads 1 x 2.
Testing image dimensions 8191 x 2 with local threads 1 x 2.
Testing image dimensions 16383 x 2 with local threads 1 x 2.
Testing image dimensions 1 x 4 with local threads 1 x 4.
Testing image dimensions 3 x 4 with local threads 1 x 4.
Testing image dimensions 7 x 4 with local threads 1 x 4.
Testing image dimensions 15 x 4 with local threads 1 x 4.
Testing image dimensions 31 x 4 with local threads 1 x 4.
Testing image dimensions 63 x 4 with local threads 1 x 4.
Testing image dimensions 127 x 4 with local threads 1 x 4.
Testing image dimensions 255 x 4 with local threads 1 x 4.
Testing image dimensions 511 x 4 with local threads 1 x 4.
Testing image dimensions 1023 x 4 with local threads 1 x 4.
Testing image dimensions 2047 x 4 with local threads 1 x 4.
Testing image dimensions 4095 x 4 with local threads 1 x 4.
Testing image dimensions 8191 x 4 with local threads 1 x 4.
Testing image dimensions 16383 x 4 with local threads 1 x 4.
Testing image dimensions 1 x 8 with local threads 1 x 8.
Testing image dimensions 3 x 8 with local threads 1 x 8.
Testing image dimensions 7 x 8 with local threads 1 x 8.
Testing image dimensions 15 x 8 with local threads 1 x 8.
Testing image dimensions 31 x 8 with local threads 1 x 8.
Testing image dimensions 63 x 8 with local threads 1 x 8.
Testing image dimensions 127 x 8 with local threads 1 x 8.
Testing image dimensions 255 x 8 with local threads 1 x 8.
Testing image dimensions 511 x 8 with local threads 1 x 8.
Testing image dimensions 1023 x 8 with local threads 1 x 8.
Testing image dimensions 2047 x 8 with local threads 1 x 8.
Testing image dimensions 4095 x 8 with local threads 1 x 8.
Testing image dimensions 8191 x 8 with local threads 1 x 8.
Testing image dimensions 16383 x 8 with local threads 1 x 8.
Testing image dimensions 1 x 16 with local threads 1 x 16.
Testing image dimensions 3 x 16 with local threads 1 x 16.
Testing image dimensions 7 x 16 with local threads 1 x 16.
Testing image dimensions 15 x 16 with local threads 1 x 16.
Testing image dimensions 31 x 16 with local threads 1 x 16.
Testing image dimensions 63 x 16 with local threads 1 x 16.
Testing image dimensions 127 x 16 with local threads 1 x 16.
Testing image dimensions 255 x 16 with local threads 1 x 16.
Testing image dimensions 511 x 16 with local threads 1 x 16.
Testing image dimensions 1023 x 16 with local threads 1 x 16.
Testing image dimensions 2047 x 16 with local threads 1 x 16.
Testing image dimensions 4095 x 16 with local threads 1 x 16.
Testing image dimensions 8191 x 16 with local threads 1 x 16.
Testing image dimensions 16383 x 16 with local threads 1 x 16.
Testing image dimensions 1 x 32 with local threads 1 x 32.
Testing image dimensions 3 x 32 with local threads 1 x 32.
Testing image dimensions 7 x 32 with local threads 1 x 32.
Testing image dimensions 15 x 32 with local threads 1 x 32.
Testing image dimensions 31 x 32 with local threads 1 x 32.
Testing image dimensions 63 x 32 with local threads 1 x 32.
Testing image dimensions 127 x 32 with local threads 1 x 32.
Testing image dimensions 255 x 32 with local threads 1 x 32.
Testing image dimensions 511 x 32 with local threads 1 x 32.
Testing image dimensions 1023 x 32 with local threads 1 x 32.
Testing image dimensions 2047 x 32 with local threads 1 x 32.
Testing image dimensions 4095 x 32 with local threads 1 x 32.
Testing image dimensions 8191 x 32 with local threads 1 x 32.
Testing image dimensions 16383 x 32 with local threads 1 x 32.
Testing image dimensions 1 x 64 with local threads 1 x 64.
Testing image dimensions 3 x 64 with local threads 1 x 64.
Testing image dimensions 7 x 64 with local threads 1 x 64.
Testing image dimensions 15 x 64 with local threads 1 x 64.
Testing image dimensions 31 x 64 with local threads 1 x 64.
Testing image dimensions 63 x 64 with local threads 1 x 64.
Testing image dimensions 127 x 64 with local threads 1 x 64.
Testing image dimensions 255 x 64 with local threads 1 x 64.
Testing image dimensions 511 x 64 with local threads 1 x 64.
Testing image dimensions 1023 x 64 with local threads 1 x 64.
Testing image dimensions 2047 x 64 with local threads 1 x 64.
Testing image dimensions 4095 x 64 with local threads 1 x 64.
Testing image dimensions 8191 x 64 with local threads 1 x 64.
Testing image dimensions 16383 x 64 with local threads 1 x 64.
Testing image dimensions 1 x 128 with local threads 1 x 128.
Testing image dimensions 3 x 128 with local threads 1 x 128.
Testing image dimensions 7 x 128 with local threads 1 x 128.
Testing image dimensions 15 x 128 with local threads 1 x 128.
Testing image dimensions 31 x 128 with local threads 1 x 128.
Testing image dimensions 63 x 128 with local threads 1 x 128.
Testing image dimensions 127 x 128 with local threads 1 x 128.
Testing image dimensions 255 x 128 with local threads 1 x 128.
Testing image dimensions 511 x 128 with local threads 1 x 128.
Testing image dimensions 1023 x 128 with local threads 1 x 128.
Testing image dimensions 2047 x 128 with local threads 1 x 128.
Testing image dimensions 4095 x 128 with local threads 1 x 128.
Testing image dimensions 8191 x 128 with local threads 1 x 128.
Testing image dimensions 16383 x 128 with local threads 1 x 128.
Testing image dimensions 1 x 256 with local threads 1 x 256.
Testing image dimensions 3 x 256 with local threads 1 x 256.
Testing image dimensions 7 x 256 with local threads 1 x 256.
Testing image dimensions 15 x 256 with local threads 1 x 256.
Testing image dimensions 31 x 256 with local threads 1 x 256.
Testing image dimensions 63 x 256 with local threads 1 x 256.
Testing image dimensions 127 x 256 with local threads 1 x 256.
Testing image dimensions 255 x 256 with local threads 1 x 256.
Testing image dimensions 511 x 256 with local threads 1 x 256.
Testing image dimensions 1023 x 256 with local threads 1 x 256.
Testing image dimensions 2047 x 256 with local threads 1 x 256.
Testing image dimensions 4095 x 256 with local threads 1 x 256.
Testing image dimensions 8191 x 256 with local threads 1 x 256.
Testing image dimensions 16383 x 256 with local threads 1 x 256.
Testing image dimensions 1 x 512 with local threads 1 x 512.
Testing image dimensions 3 x 512 with local threads 1 x 512.
Testing image dimensions 7 x 512 with local threads 1 x 512.
Testing image dimensions 15 x 512 with local threads 1 x 512.
Testing image dimensions 31 x 512 with local threads 1 x 512.
Testing image dimensions 63 x 512 with local threads 1 x 512.
Testing image dimensions 127 x 512 with local threads 1 x 512.
Testing image dimensions 255 x 512 with local threads 1 x 512.
Testing image dimensions 511 x 512 with local threads 1 x 512.
Testing image dimensions 1023 x 512 with local threads 1 x 512.
Testing image dimensions 2047 x 512 with local threads 1 x 512.
Testing image dimensions 4095 x 512 with local threads 1 x 512.
Testing image dimensions 8191 x 512 with local threads 1 x 512.
Testing image dimensions 16383 x 512 with local threads 1 x 512.
Testing image dimensions 1 x 1024 with local threads 1 x 1024.
Testing image dimensions 3 x 1024 with local threads 1 x 1024.
Testing image dimensions 7 x 1024 with local threads 1 x 1024.
Testing image dimensions 15 x 1024 with local threads 1 x 1024.
Testing image dimensions 31 x 1024 with local threads 1 x 1024.
Testing image dimensions 63 x 1024 with local threads 1 x 1024.
Testing image dimensions 127 x 1024 with local threads 1 x 1024.
Testing image dimensions 255 x 1024 with local threads 1 x 1024.
Testing image dimensions 511 x 1024 with local threads 1 x 1024.
Testing image dimensions 1023 x 1024 with local threads 1 x 1024.
Testing image dimensions 2047 x 1024 with local threads 1 x 1024.
Testing image dimensions 4095 x 1024 with local threads 1 x 1024.
Testing image dimensions 8191 x 1024 with local threads 1 x 1024.
Testing image dimensions 16383 x 1024 with local threads 1 x 1024.
Testing image dimensions 1 x 2048 with local threads 1 x 1024.
Testing image dimensions 3 x 2048 with local threads 1 x 1024.
Testing image dimensions 7 x 2048 with local threads 1 x 1024.
Testing image dimensions 15 x 2048 with local threads 1 x 1024.
Testing image dimensions 31 x 2048 with local threads 1 x 1024.
Testing image dimensions 63 x 2048 with local threads 1 x 1024.
Testing image dimensions 127 x 2048 with local threads 1 x 1024.
Testing image dimensions 255 x 2048 with local threads 1 x 1024.
Testing image dimensions 511 x 2048 with local threads 1 x 1024.
Testing image dimensions 1023 x 2048 with local threads 1 x 1024.
Testing image dimensions 2047 x 2048 with local threads 1 x 1024.
Testing image dimensions 4095 x 2048 with local threads 1 x 1024.
Testing image dimensions 8191 x 2048 with local threads 1 x 1024.
Testing image dimensions 16383 x 2048 with local threads 1 x 1024.
Testing image dimensions 1 x 4096 with local threads 1 x 1024.
Testing image dimensions 3 x 4096 with local threads 1 x 1024.
Testing image dimensions 7 x 4096 with local threads 1 x 1024.
Testing image dimensions 15 x 4096 with local threads 1 x 1024.
Testing image dimensions 31 x 4096 with local threads 1 x 1024.
Testing image dimensions 63 x 4096 with local threads 1 x 1024.
Testing image dimensions 127 x 4096 with local threads 1 x 1024.
Testing image dimensions 255 x 4096 with local threads 1 x 1024.
Testing image dimensions 511 x 4096 with local threads 1 x 1024.
Testing image dimensions 1023 x 4096 with local threads 1 x 1024.
Testing image dimensions 2047 x 4096 with local threads 1 x 1024.
Testing image dimensions 4095 x 4096 with local threads 1 x 1024.
Testing image dimensions 8191 x 4096 with local threads 1 x 1024.
Testing image dimensions 16383 x 4096 with local threads 1 x 1024.
Testing image dimensions 1 x 8192 with local threads 1 x 1024.
Testing image dimensions 3 x 8192 with local threads 1 x 1024.
Testing image dimensions 7 x 8192 with local threads 1 x 1024.
Testing image dimensions 15 x 8192 with local threads 1 x 1024.
Testing image dimensions 31 x 8192 with local threads 1 x 1024.
Testing image dimensions 63 x 8192 with local threads 1 x 1024.
Testing image dimensions 127 x 8192 with local threads 1 x 1024.
Testing image dimensions 255 x 8192 with local threads 1 x 1024.
Testing image dimensions 511 x 8192 with local threads 1 x 1024.
Testing image dimensions 1023 x 8192 with local threads 1 x 1024.
Testing image dimensions 2047 x 8192 with local threads 1 x 1024.
Testing image dimensions 4095 x 8192 with local threads 1 x 1024.
Testing image dimensions 8191 x 8192 with local threads 1 x 1024.
Testing image dimensions 16383 x 8192 with local threads 1 x 1024.
Testing image dimensions 1 x 16384 with local threads 1 x 1024.
Testing image dimensions 3 x 16384 with local threads 1 x 1024.
Testing image dimensions 7 x 16384 with local threads 1 x 1024.
Testing image dimensions 15 x 16384 with local threads 1 x 1024.
Testing image dimensions 31 x 16384 with local threads 1 x 1024.
Testing image dimensions 63 x 16384 with local threads 1 x 1024.
Testing image dimensions 127 x 16384 with local threads 1 x 1024.
Testing image dimensions 255 x 16384 with local threads 1 x 1024.
Testing image dimensions 511 x 16384 with local threads 1 x 1024.
Testing image dimensions 1023 x 16384 with local threads 1 x 1024.
Testing image dimensions 2047 x 16384 with local threads 1 x 1024.
Testing image dimensions 4095 x 16384 with local threads 1 x 1024.
Testing image dimensions 8191 x 16384 with local threads 1 x 1024.
Testing image dimensions 16383 x 16384 with local threads 1 x 1024.
Testing image dimensions 1 x 1 with local threads 1 x 1.
Testing image dimensions 3 x 1 with local threads 1 x 1.
Testing image dimensions 7 x 1 with local threads 1 x 1.
Testing image dimensions 15 x 1 with local threads 1 x 1.
Testing image dimensions 31 x 1 with local threads 1 x 1.
Testing image dimensions 63 x 1 with local threads 1 x 1.
Testing image dimensions 127 x 1 with local threads 1 x 1.
Testing image dimensions 255 x 1 with local threads 1 x 1.
Testing image dimensions 511 x 1 with local threads 1 x 1.
Testing image dimensions 1023 x 1 with local threads 1 x 1.
Testing image dimensions 2047 x 1 with local threads 1 x 1.
Testing image dimensions 4095 x 1 with local threads 1 x 1.
Testing image dimensions 8191 x 1 with local threads 1 x 1.
Testing image dimensions 16383 x 1 with local threads 1 x 1.
Testing image dimensions 1 x 3 with local threads 1 x 1.
Testing image dimensions 3 x 3 with local threads 1 x 1.
Testing image dimensions 7 x 3 with local threads 1 x 1.
Testing image dimensions 15 x 3 with local threads 1 x 1.
Testing image dimensions 31 x 3 with local threads 1 x 1.
Testing image dimensions 63 x 3 with local threads 1 x 1.
Testing image dimensions 127 x 3 with local threads 1 x 1.
Testing image dimensions 255 x 3 with local threads 1 x 1.
Testing image dimensions 511 x 3 with local threads 1 x 1.
Testing image dimensions 1023 x 3 with local threads 1 x 1.
Testing image dimensions 2047 x 3 with local threads 1 x 1.
Testing image dimensions 4095 x 3 with local threads 1 x 1.
Testing image dimensions 8191 x 3 with local threads 1 x 1.
Testing image dimensions 16383 x 3 with local threads 1 x 1.
Testing image dimensions 1 x 7 with local threads 1 x 1.
Testing image dimensions 3 x 7 with local threads 1 x 1.
Testing image dimensions 7 x 7 with local threads 1 x 1.
Testing image dimensions 15 x 7 with local threads 1 x 1.
Testing image dimensions 31 x 7 with local threads 1 x 1.
Testing image dimensions 63 x 7 with local threads 1 x 1.
Testing image dimensions 127 x 7 with local threads 1 x 1.
Testing image dimensions 255 x 7 with local threads 1 x 1.
Testing image dimensions 511 x 7 with local threads 1 x 1.
Testing image dimensions 1023 x 7 with local threads 1 x 1.
Testing image dimensions 2047 x 7 with local threads 1 x 1.
Testing image dimensions 4095 x 7 with local threads 1 x 1.
Testing image dimensions 8191 x 7 with local threads 1 x 1.
Testing image dimensions 16383 x 7 with local threads 1 x 1.
Testing image dimensions 1 x 15 with local threads 1 x 1.
Testing image dimensions 3 x 15 with local threads 1 x 1.
Testing image dimensions 7 x 15 with local threads 1 x 1.
Testing image dimensions 15 x 15 with local threads 1 x 1.
Testing image dimensions 31 x 15 with local threads 1 x 1.
Testing image dimensions 63 x 15 with local threads 1 x 1.
Testing image dimensions 127 x 15 with local threads 1 x 1.
Testing image dimensions 255 x 15 with local threads 1 x 1.
Testing image dimensions 511 x 15 with local threads 1 x 1.
Testing image dimensions 1023 x 15 with local threads 1 x 1.
Testing image dimensions 2047 x 15 with local threads 1 x 1.
Testing image dimensions 4095 x 15 with local threads 1 x 1.
Testing image dimensions 8191 x 15 with local threads 1 x 1.
Testing image dimensions 16383 x 15 with local threads 1 x 1.
Testing image dimensions 1 x 31 with local threads 1 x 1.
Testing image dimensions 3 x 31 with local threads 1 x 1.
Testing image dimensions 7 x 31 with local threads 1 x 1.
Testing image dimensions 15 x 31 with local threads 1 x 1.
Testing image dimensions 31 x 31 with local threads 1 x 1.
Testing image dimensions 63 x 31 with local threads 1 x 1.
Testing image dimensions 127 x 31 with local threads 1 x 1.
Testing image dimensions 255 x 31 with local threads 1 x 1.
Testing image dimensions 511 x 31 with local threads 1 x 1.
Testing image dimensions 1023 x 31 with local threads 1 x 1.
Testing image dimensions 2047 x 31 with local threads 1 x 1.
Testing image dimensions 4095 x 31 with local threads 1 x 1.
Testing image dimensions 8191 x 31 with local threads 1 x 1.
Testing image dimensions 16383 x 31 with local threads 1 x 1.
Testing image dimensions 1 x 63 with local threads 1 x 1.
Testing image dimensions 3 x 63 with local threads 1 x 1.
Testing image dimensions 7 x 63 with local threads 1 x 1.
Testing image dimensions 15 x 63 with local threads 1 x 1.
Testing image dimensions 31 x 63 with local threads 1 x 1.
Testing image dimensions 63 x 63 with local threads 1 x 1.
Testing image dimensions 127 x 63 with local threads 1 x 1.
Testing image dimensions 255 x 63 with local threads 1 x 1.
Testing image dimensions 511 x 63 with local threads 1 x 1.
Testing image dimensions 1023 x 63 with local threads 1 x 1.
Testing image dimensions 2047 x 63 with local threads 1 x 1.
Testing image dimensions 4095 x 63 with local threads 1 x 1.
Testing image dimensions 8191 x 63 with local threads 1 x 1.
Testing image dimensions 16383 x 63 with local threads 1 x 1.
Testing image dimensions 1 x 127 with local threads 1 x 1.
Testing image dimensions 3 x 127 with local threads 1 x 1.
Testing image dimensions 7 x 127 with local threads 1 x 1.
Testing image dimensions 15 x 127 with local threads 1 x 1.
Testing image dimensions 31 x 127 with local threads 1 x 1.
Testing image dimensions 63 x 127 with local threads 1 x 1.
Testing image dimensions 127 x 127 with local threads 1 x 1.
Testing image dimensions 255 x 127 with local threads 1 x 1.
Testing image dimensions 511 x 127 with local threads 1 x 1.
Testing image dimensions 1023 x 127 with local threads 1 x 1.
Testing image dimensions 2047 x 127 with local threads 1 x 1.
Testing image dimensions 4095 x 127 with local threads 1 x 1.
Testing image dimensions 8191 x 127 with local threads 1 x 1.
Testing image dimensions 16383 x 127 with local threads 1 x 1.
Testing image dimensions 1 x 255 with local threads 1 x 1.
Testing image dimensions 3 x 255 with local threads 1 x 1.
Testing image dimensions 7 x 255 with local threads 1 x 1.
Testing image dimensions 15 x 255 with local threads 1 x 1.
Testing image dimensions 31 x 255 with local threads 1 x 1.
Testing image dimensions 63 x 255 with local threads 1 x 1.
Testing image dimensions 127 x 255 with local threads 1 x 1.
Testing image dimensions 255 x 255 with local threads 1 x 1.
Testing image dimensions 511 x 255 with local threads 1 x 1.
Testing image dimensions 1023 x 255 with local threads 1 x 1.
Testing image dimensions 2047 x 255 with local threads 1 x 1.
Testing image dimensions 4095 x 255 with local threads 1 x 1.
Testing image dimensions 8191 x 255 with local threads 1 x 1.
Testing image dimensions 16383 x 255 with local threads 1 x 1.
Testing image dimensions 1 x 511 with local threads 1 x 1.
Testing image dimensions 3 x 511 with local threads 1 x 1.
Testing image dimensions 7 x 511 with local threads 1 x 1.
Testing image dimensions 15 x 511 with local threads 1 x 1.
Testing image dimensions 31 x 511 with local threads 1 x 1.
Testing image dimensions 63 x 511 with local threads 1 x 1.
Testing image dimensions 127 x 511 with local threads 1 x 1.
Testing image dimensions 255 x 511 with local threads 1 x 1.
Testing image dimensions 511 x 511 with local threads 1 x 1.
Testing image dimensions 1023 x 511 with local threads 1 x 1.
Testing image dimensions 2047 x 511 with local threads 1 x 1.
Testing image dimensions 4095 x 511 with local threads 1 x 1.
Testing image dimensions 8191 x 511 with local threads 1 x 1.
Testing image dimensions 16383 x 511 with local threads 1 x 1.
Testing image dimensions 1 x 1023 with local threads 1 x 1.
Testing image dimensions 3 x 1023 with local threads 1 x 1.
Testing image dimensions 7 x 1023 with local threads 1 x 1.
Testing image dimensions 15 x 1023 with local threads 1 x 1.
Testing image dimensions 31 x 1023 with local threads 1 x 1.
Testing image dimensions 63 x 1023 with local threads 1 x 1.
Testing image dimensions 127 x 1023 with local threads 1 x 1.
Testing image dimensions 255 x 1023 with local threads 1 x 1.
Testing image dimensions 511 x 1023 with local threads 1 x 1.
Testing image dimensions 1023 x 1023 with local threads 1 x 1.
Testing image dimensions 2047 x 1023 with local threads 1 x 1.
Testing image dimensions 4095 x 1023 with local threads 1 x 1.
Testing image dimensions 8191 x 1023 with local threads 1 x 1.
Testing image dimensions 16383 x 1023 with local threads 1 x 1.
Testing image dimensions 1 x 2047 with local threads 1 x 1.
Testing image dimensions 3 x 2047 with local threads 1 x 1.
Testing image dimensions 7 x 2047 with local threads 1 x 1.
Testing image dimensions 15 x 2047 with local threads 1 x 1.
Testing image dimensions 31 x 2047 with local threads 1 x 1.
Testing image dimensions 63 x 2047 with local threads 1 x 1.
Testing image dimensions 127 x 2047 with local threads 1 x 1.
Testing image dimensions 255 x 2047 with local threads 1 x 1.
Testing image dimensions 511 x 2047 with local threads 1 x 1.
Testing image dimensions 1023 x 2047 with local threads 1 x 1.
Testing image dimensions 2047 x 2047 with local threads 1 x 1.
Testing image dimensions 4095 x 2047 with local threads 1 x 1.
Testing image dimensions 8191 x 2047 with local threads 1 x 1.
Testing image dimensions 16383 x 2047 with local threads 1 x 1.
Testing image dimensions 1 x 4095 with local threads 1 x 1.
Testing image dimensions 3 x 4095 with local threads 1 x 1.
Testing image dimensions 7 x 4095 with local threads 1 x 1.
Testing image dimensions 15 x 4095 with local threads 1 x 1.
Testing image dimensions 31 x 4095 with local threads 1 x 1.
Testing image dimensions 63 x 4095 with local threads 1 x 1.
Testing image dimensions 127 x 4095 with local threads 1 x 1.
Testing image dimensions 255 x 4095 with local threads 1 x 1.
Testing image dimensions 511 x 4095 with local threads 1 x 1.
Testing image dimensions 1023 x 4095 with local threads 1 x 1.
Testing image dimensions 2047 x 4095 with local threads 1 x 1.
Testing image dimensions 4095 x 4095 with local threads 1 x 1.
Testing image dimensions 8191 x 4095 with local threads 1 x 1.
Testing image dimensions 16383 x 4095 with local threads 1 x 1.
Testing image dimensions 1 x 8191 with local threads 1 x 1.
Testing image dimensions 3 x 8191 with local threads 1 x 1.
Testing image dimensions 7 x 8191 with local threads 1 x 1.
Testing image dimensions 15 x 8191 with local threads 1 x 1.
Testing image dimensions 31 x 8191 with local threads 1 x 1.
Testing image dimensions 63 x 8191 with local threads 1 x 1.
Testing image dimensions 127 x 8191 with local threads 1 x 1.
Testing image dimensions 255 x 8191 with local threads 1 x 1.
Testing image dimensions 511 x 8191 with local threads 1 x 1.
Testing image dimensions 1023 x 8191 with local threads 1 x 1.
Testing image dimensions 2047 x 8191 with local threads 1 x 1.
Testing image dimensions 4095 x 8191 with local threads 1 x 1.
Testing image dimensions 8191 x 8191 with local threads 1 x 1.
Testing image dimensions 16383 x 8191 with local threads 1 x 1.
Testing image dimensions 1 x 16383 with local threads 1 x 1.
Testing image dimensions 3 x 16383 with local threads 1 x 1.
Testing image dimensions 7 x 16383 with local threads 1 x 1.
Testing image dimensions 15 x 16383 with local threads 1 x 1.
Testing image dimensions 31 x 16383 with local threads 1 x 1.
Testing image dimensions 63 x 16383 with local threads 1 x 1.
Testing image dimensions 127 x 16383 with local threads 1 x 1.
Testing image dimensions 255 x 16383 with local threads 1 x 1.
Testing image dimensions 511 x 16383 with local threads 1 x 1.
Testing image dimensions 1023 x 16383 with local threads 1 x 1.
Testing image dimensions 2047 x 16383 with local threads 1 x 1.
Testing image dimensions 4095 x 16383 with local threads 1 x 1.
Testing image dimensions 8191 x 16383 with local threads 1 x 1.
Testing image dimensions 16383 x 16383 with local threads 1 x 1.
imagedim_non_pow2 passed
vload_global...
Testing with buffer size of 10240.
Testing char2...
Testing char3...
Testing char4...
Testing char8...
Testing char16...
Testing uchar2...
Testing uchar3...
Testing uchar4...
Testing uchar8...
Testing uchar16...
Testing short2...
Testing short3...
Testing short4...
Testing short8...
Testing short16...
Testing ushort2...
Testing ushort3...
Testing ushort4...
Testing ushort8...
Testing ushort16...
Testing int2...
Testing int3...
Testing int4...
Testing int8...
Testing int16...
Testing uint2...
Testing uint3...
Testing uint4...
Testing uint8...
Testing uint16...
Testing long2...
Testing long3...
Testing long4...
Testing long8...
Testing long16...
Testing ulong2...
Testing ulong3...
Testing ulong4...
Testing ulong8...
Testing ulong16...
Testing float2...
Testing float3...
Testing float4...
Testing float8...
Testing float16...
Testing half2...
Testing half3...
Testing half4...
Testing half8...
Testing half16...
vload_global passed
vload_local...
Testing with buffer size of 8192.
Testing char2...
Testing char3...
Testing char4...
Testing char8...
Testing char16...
Testing uchar2...
Testing uchar3...
Testing uchar4...
Testing uchar8...
Testing uchar16...
Testing short2...
Testing short3...
Testing short4...
Testing short8...
Testing short16...
Testing ushort2...
Testing ushort3...
Testing ushort4...
Testing ushort8...
Testing ushort16...
Testing int2...
Testing int3...
Testing int4...
Testing int8...
Testing int16...
Testing uint2...
Testing uint3...
Testing uint4...
Testing uint8...
Testing uint16...
Testing long2...
Testing long3...
Testing long4...
Testing long8...
Testing long16...
Testing ulong2...
Testing ulong3...
Testing ulong4...
Testing ulong8...
Testing ulong16...
Testing float2...
Testing float3...
Testing float4...
Testing float8...
Testing float16...
Testing half2...
Testing half3...
Testing half4...
Testing half8...
Testing half16...
vload_local passed
vload_constant...
Testing with buffer size of 8192.
Testing char2...
Testing char3...
Testing char4...
Testing char8...
Testing char16...
Testing uchar2...
Testing uchar3...
Testing uchar4...
Testing uchar8...
Testing uchar16...
Testing short2...
Testing short3...
Testing short4...
Testing short8...
Testing short16...
Testing ushort2...
Testing ushort3...
Testing ushort4...
Testing ushort8...
Testing ushort16...
Testing int2...
Testing int3...
Testing int4...
Testing int8...
Testing int16...
Testing uint2...
Testing uint3...
Testing uint4...
Testing uint8...
Testing uint16...
Testing long2...
Testing long3...
Testing long4...
Testing long8...
Testing long16...
Testing ulong2...
Testing ulong3...
Testing ulong4...
Testing ulong8...
Testing ulong16...
Testing float2...
Testing float3...
Testing float4...
Testing float8...
Testing float16...
Testing half2...
Testing half3...
Testing half4...
Testing half8...
Testing half16...
vload_constant passed
vload_private...
Testing with buffer size of 256.
Testing char2...
Testing char3...
Testing char4...
Testing char8...
Testing char16...
Testing uchar2...
Testing uchar3...
Testing uchar4...
Testing uchar8...
Testing uchar16...
Testing short2...
Testing short3...
Testing short4...
Testing short8...
Testing short16...
Testing ushort2...
Testing ushort3...
Testing ushort4...
Testing ushort8...
Testing ushort16...
Testing int2...
Testing int3...
Testing int4...
Testing int8...
Testing int16...
Testing uint2...
Testing uint3...
Testing uint4...
Testing uint8...
Testing uint16...
Testing long2...
Testing long3...
Testing long4...
Testing long8...
Testing long16...
Testing ulong2...
Testing ulong3...
Testing ulong4...
Testing ulong8...
Testing ulong16...
Testing float2...
Testing float3...
Testing float4...
Testing float8...
Testing float16...
Testing half2...
Testing half3...
Testing half4...
Testing half8...
Testing half16...
vload_private passed
vstore_global...
Testing with buffer size of 10240.
Testing char2...
Testing char3...
Testing char4...
Testing char8...
Testing char16...
Testing uchar2...
Testing uchar3...
Testing uchar4...
Testing uchar8...
Testing uchar16...
Testing short2...
Testing short3...
Testing short4...
Testing short8...
Testing short16...
Testing ushort2...
Testing ushort3...
Testing ushort4...
Testing ushort8...
Testing ushort16...
Testing int2...
Testing int3...
Testing int4...
Testing int8...
Testing int16...
Testing uint2...
Testing uint3...
Testing uint4...
Testing uint8...
Testing uint16...
Testing long2...
Testing long3...
Testing long4...
Testing long8...
Testing long16...
Testing ulong2...
Testing ulong3...
Testing ulong4...
Testing ulong8...
Testing ulong16...
Testing float2...
Testing float3...
Testing float4...
Testing float8...
Testing float16...
Testing half2...
Testing half3...
Testing half4...
Testing half8...
Testing half16...
vstore_global passed
vstore_local...
Testing with buffer size of 8192.
Testing char2...
Testing char3...
Testing char4...
Testing char8...
Testing char16...
Testing uchar2...
Testing uchar3...
Testing uchar4...
Testing uchar8...
Testing uchar16...
Testing short2...
Testing short3...
Testing short4...
Testing short8...
Testing short16...
Testing ushort2...
Testing ushort3...
Testing ushort4...
Testing ushort8...
Testing ushort16...
Testing int2...
Testing int3...
Testing int4...
Testing int8...
Testing int16...
Testing uint2...
Testing uint3...
Testing uint4...
Testing uint8...
Testing uint16...
Testing long2...
Testing long3...
Testing long4...
Testing long8...
Testing long16...
Testing ulong2...
Testing ulong3...
Testing ulong4...
Testing ulong8...
Testing ulong16...
Testing float2...
Testing float3...
Testing float4...
Testing float8...
Testing float16...
Testing half2...
Testing half3...
Testing half4...
Testing half8...
Testing half16...
vstore_local passed
vstore_private...
Testing with buffer size of 256.
Testing char2...
Testing char3...
Testing char4...
Testing char8...
Testing char16...
Testing uchar2...
Testing uchar3...
Testing uchar4...
Testing uchar8...
Testing uchar16...
Testing short2...
Testing short3...
Testing short4...
Testing short8...
Testing short16...
Testing ushort2...
Testing ushort3...
Testing ushort4...
Testing ushort8...
Testing ushort16...
Testing int2...
Testing int3...
Testing int4...
Testing int8...
Testing int16...
Testing uint2...
Testing uint3...
Testing uint4...
Testing uint8...
Testing uint16...
Testing long2...
Testing long3...
Testing long4...
Testing long8...
Testing long16...
Testing ulong2...
Testing ulong3...
Testing ulong4...
Testing ulong8...
Testing ulong16...
Testing float2...
Testing float3...
Testing float4...
Testing float8...
Testing float16...
Testing half2...
Testing half3...
Testing half4...
Testing half8...
Testing half16...
vstore_private passed
int2fp...
INT2FP test passed
INT2FP test passed
int2fp passed
fp2int...
FP2INT test passed
FP2INT test passed
fp2int passed
createkernelsinprogram...
clCreateKernelsInProgram test passed
createkernelsinprogram passed
hostptr...
Checking mapped data for kernel executed with CL_MEM_COPY_HOST_PTR and CL_MEM_USE_HOST_PTR inputs and a CL_MEM_USE_HOST_PTR output returned the expected results.
clEnqueueCopyImage from CL_MEM_USE_HOST_PTR to CL_MEM_USE_HOST_PTR...
clEnqueueCopyImage from CL_MEM_USE_HOST_PTR to CL_MEM_USE_HOST_PTR image passed.
Mapping the CL_MEM_USE_HOST_PTR image with clEnqueueMapImage...
verify_rgba8_image passed after clEnqueueMapImage
clEnqueueCopyImage CL_MEM_USE_HOST_PTR to CL_MEM_COPY_HOST_PTR...
verify_rgba8_image passed after clEnqueueCopyImage, clEnqueueReadImage
hostptr passed
explicit_s2v...
explicit_s2v passed
constant...
Device reports CL_DEVICE_MAX_CONSTANT_BUFFER_SIZE 67108864 bytes.
Test will attempt to use 33554432 bytes with one 16777216 byte constant int buffer and one 16777216 byte constant float buffer.
CONSTANT test passed
loop CONSTANT test passed
constant passed
image_multipass_integer_coord...
IMAGE_MULTIPASS test passed
image_multipass_integer_coord passed
image_multipass_float_coord...
IMAGE_MULTIPASS test passed
image_multipass_float_coord passed
imagereadwrite...
IMAGE read, write test passed
imagereadwrite passed
imagereadwrite3d...
IMAGE read, write test passed
imagereadwrite3d passed
image_param...
image_param passed
imagenpot...
NPOT_IMAGE_RGBA_UNORM_INT8 test for width = 97, height = 149 passed
NPOT_IMAGE_RGBA_UNORM_INT8 test for width = 111, height = 222 passed
NPOT_IMAGE_RGBA_UNORM_INT8 test for width = 322, height = 754 passed
NPOT_IMAGE_RGBA_UNORM_INT8 test for width = 479, height = 385 passed
imagenpot passed
image_r8...
READ_IMAGE_R_UNSIGNED_INT8 test passed
image_r8 passed
barrier...
barrier test passed
barrier passed
wg_barrier...
work_group_barrier test passed
wg_barrier passed
parameter_types...
Testing vector size 1
Testing vector size 2
Testing vector size 4
Testing vector size 8
Testing vector size 16
Testing long types...
Testing vector size 1
Testing vector size 2
Testing vector size 4
Testing vector size 8
Testing vector size 16
parameter_types passed
arrayreadwrite...
ARRAY read, write test passed
arrayreadwrite passed
immutable_arrayreadwrite...
ARRAY read, write test passed
immutable_arrayreadwrite passed
arraycopy...
Testing CL_MEM_USE_HOST_PTR buffer with clEnqueueCopyBuffer
	CL_MEM_USE_HOST_PTR buffer with clEnqueueCopyBuffer passed
Testing with clEnqueueWriteBuffer and clEnqueueCopyBuffer
	clEnqueueWriteBuffer and clEnqueueCopyBuffer passed
Testing CL_MEM_USE_HOST_PTR buffer with kernel copy
	CL_MEM_USE_HOST_PTR buffer with kernel copy passed
arraycopy passed
imagearraycopy...
Testing CL_R CL_SNORM_INT8
Testing CL_R CL_SNORM_INT16
Testing CL_R CL_UNORM_INT8
Testing CL_R CL_UNORM_INT16
Testing CL_R CL_SIGNED_INT8
Testing CL_R CL_SIGNED_INT16
Testing CL_R CL_SIGNED_INT32
Testing CL_R CL_UNSIGNED_INT8
Testing CL_R CL_UNSIGNED_INT16
Testing CL_R CL_UNSIGNED_INT32
Testing CL_R CL_HALF_FLOAT
Testing CL_R CL_FLOAT
Testing CL_RG CL_SNORM_INT8
Testing CL_RG CL_SNORM_INT16
Testing CL_RG CL_UNORM_INT8
Testing CL_RG CL_UNORM_INT16
Testing CL_RG CL_SIGNED_INT8
Testing CL_RG CL_SIGNED_INT16
Testing CL_RG CL_SIGNED_INT32
Testing CL_RG CL_UNSIGNED_INT8
Testing CL_RG CL_UNSIGNED_INT16
Testing CL_RG CL_UNSIGNED_INT32
Testing CL_RG CL_HALF_FLOAT
Testing CL_RG CL_FLOAT
Testing CL_RGBA CL_SNORM_INT8
Testing CL_RGBA CL_SNORM_INT16
Testing CL_RGBA CL_UNORM_INT8
Testing CL_RGBA CL_UNORM_INT16
Testing CL_RGBA CL_SIGNED_INT8
Testing CL_RGBA CL_SIGNED_INT16
Testing CL_RGBA CL_SIGNED_INT32
Testing CL_RGBA CL_UNSIGNED_INT8
Testing CL_RGBA CL_UNSIGNED_INT16
Testing CL_RGBA CL_UNSIGNED_INT32
Testing CL_RGBA CL_HALF_FLOAT
Testing CL_RGBA CL_FLOAT
Testing CL_BGRA CL_SNORM_INT8
Testing CL_BGRA CL_UNORM_INT8
Testing CL_BGRA CL_SIGNED_INT8
Testing CL_BGRA CL_UNSIGNED_INT8
Testing CL_ARGB CL_SNORM_INT8
Testing CL_ARGB CL_UNORM_INT8
Testing CL_DEPTH CL_UNORM_INT16
Testing CL_DEPTH CL_FLOAT
Testing CL_ABGR CL_SNORM_INT8
Testing CL_ABGR CL_UNORM_INT8
Testing CL_ABGR CL_UNORM_INT_2_101010_EXT
IMAGE2D to ARRAY copy test passed
Testing CL_R CL_SNORM_INT8
Testing CL_R CL_SNORM_INT16
Testing CL_R CL_UNORM_INT8
Testing CL_R CL_UNORM_INT16
Testing CL_R CL_SIGNED_INT8
Testing CL_R CL_SIGNED_INT16
Testing CL_R CL_SIGNED_INT32
Testing CL_R CL_UNSIGNED_INT8
Testing CL_R CL_UNSIGNED_INT16
Testing CL_R CL_UNSIGNED_INT32
Testing CL_R CL_HALF_FLOAT
Testing CL_R CL_FLOAT
Testing CL_RG CL_SNORM_INT8
Testing CL_RG CL_SNORM_INT16
Testing CL_RG CL_UNORM_INT8
Testing CL_RG CL_UNORM_INT16
Testing CL_RG CL_SIGNED_INT8
Testing CL_RG CL_SIGNED_INT16
Testing CL_RG CL_SIGNED_INT32
Testing CL_RG CL_UNSIGNED_INT8
Testing CL_RG CL_UNSIGNED_INT16
Testing CL_RG CL_UNSIGNED_INT32
Testing CL_RG CL_HALF_FLOAT
Testing CL_RG CL_FLOAT
Testing CL_RGBA CL_SNORM_INT8
Testing CL_RGBA CL_SNORM_INT16
Testing CL_RGBA CL_UNORM_INT8
Testing CL_RGBA CL_UNORM_INT16
Testing CL_RGBA CL_SIGNED_INT8
Testing CL_RGBA CL_SIGNED_INT16
Testing CL_RGBA CL_SIGNED_INT32
Testing CL_RGBA CL_UNSIGNED_INT8
Testing CL_RGBA CL_UNSIGNED_INT16
Testing CL_RGBA CL_UNSIGNED_INT32
Testing CL_RGBA CL_HALF_FLOAT
Testing CL_RGBA CL_FLOAT
Testing CL_BGRA CL_SNORM_INT8
Testing CL_BGRA CL_UNORM_INT8
Testing CL_BGRA CL_SIGNED_INT8
Testing CL_BGRA CL_UNSIGNED_INT8
Testing CL_ARGB CL_SNORM_INT8
Testing CL_ARGB CL_UNORM_INT8
Testing CL_DEPTH CL_UNORM_INT16
Testing CL_DEPTH CL_FLOAT
Testing CL_sRGBA CL_UNORM_INT8
Testing CL_sBGRA CL_UNORM_INT8
Testing CL_ABGR CL_SNORM_INT8
Testing CL_ABGR CL_UNORM_INT8
Testing CL_ABGR CL_UNORM_INT_2_101010_EXT
IMAGE2D to ARRAY copy test passed
imagearraycopy passed
imagearraycopy3d...
Testing CL_R CL_SNORM_INT8
Testing CL_R CL_SNORM_INT16
Testing CL_R CL_UNORM_INT8
Testing CL_R CL_UNORM_INT16
Testing CL_R CL_SIGNED_INT8
Testing CL_R CL_SIGNED_INT16
Testing CL_R CL_SIGNED_INT32
Testing CL_R CL_UNSIGNED_INT8
Testing CL_R CL_UNSIGNED_INT16
Testing CL_R CL_UNSIGNED_INT32
Testing CL_R CL_HALF_FLOAT
Testing CL_R CL_FLOAT
Testing CL_RG CL_SNORM_INT8
Testing CL_RG CL_SNORM_INT16
Testing CL_RG CL_UNORM_INT8
Testing CL_RG CL_UNORM_INT16
Testing CL_RG CL_SIGNED_INT8
Testing CL_RG CL_SIGNED_INT16
Testing CL_RG CL_SIGNED_INT32
Testing CL_RG CL_UNSIGNED_INT8
Testing CL_RG CL_UNSIGNED_INT16
Testing CL_RG CL_UNSIGNED_INT32
Testing CL_RG CL_HALF_FLOAT
Testing CL_RG CL_FLOAT
Testing CL_RGBA CL_SNORM_INT8
Testing CL_RGBA CL_SNORM_INT16
Testing CL_RGBA CL_UNORM_INT8
Testing CL_RGBA CL_UNORM_INT16
Testing CL_RGBA CL_SIGNED_INT8
Testing CL_RGBA CL_SIGNED_INT16
Testing CL_RGBA CL_SIGNED_INT32
Testing CL_RGBA CL_UNSIGNED_INT8
Testing CL_RGBA CL_UNSIGNED_INT16
Testing CL_RGBA CL_UNSIGNED_INT32
Testing CL_RGBA CL_HALF_FLOAT
Testing CL_RGBA CL_FLOAT
Testing CL_BGRA CL_SNORM_INT8
Testing CL_BGRA CL_UNORM_INT8
Testing CL_BGRA CL_SIGNED_INT8
Testing CL_BGRA CL_UNSIGNED_INT8
Testing CL_ARGB CL_SNORM_INT8
Testing CL_ARGB CL_UNORM_INT8
Testing CL_sRGBA CL_UNORM_INT8
Testing CL_sBGRA CL_UNORM_INT8
Testing CL_ABGR CL_SNORM_INT8
Testing CL_ABGR CL_UNORM_INT8
Testing CL_ABGR CL_UNORM_INT_2_101010_EXT
IMAGE3D to ARRAY copy test passed
Testing CL_R CL_SNORM_INT8
Testing CL_R CL_SNORM_INT16
Testing CL_R CL_UNORM_INT8
Testing CL_R CL_UNORM_INT16
Testing CL_R CL_SIGNED_INT8
Testing CL_R CL_SIGNED_INT16
Testing CL_R CL_SIGNED_INT32
Testing CL_R CL_UNSIGNED_INT8
Testing CL_R CL_UNSIGNED_INT16
Testing CL_R CL_UNSIGNED_INT32
Testing CL_R CL_HALF_FLOAT
Testing CL_R CL_FLOAT
Testing CL_RG CL_SNORM_INT8
Testing CL_RG CL_SNORM_INT16
Testing CL_RG CL_UNORM_INT8
Testing CL_RG CL_UNORM_INT16
Testing CL_RG CL_SIGNED_INT8
Testing CL_RG CL_SIGNED_INT16
Testing CL_RG CL_SIGNED_INT32
Testing CL_RG CL_UNSIGNED_INT8
Testing CL_RG CL_UNSIGNED_INT16
Testing CL_RG CL_UNSIGNED_INT32
Testing CL_RG CL_HALF_FLOAT
Testing CL_RG CL_FLOAT
Testing CL_RGBA CL_SNORM_INT8
Testing CL_RGBA CL_SNORM_INT16
Testing CL_RGBA CL_UNORM_INT8
Testing CL_RGBA CL_UNORM_INT16
Testing CL_RGBA CL_SIGNED_INT8
Testing CL_RGBA CL_SIGNED_INT16
Testing CL_RGBA CL_SIGNED_INT32
Testing CL_RGBA CL_UNSIGNED_INT8
Testing CL_RGBA CL_UNSIGNED_INT16
Testing CL_RGBA CL_UNSIGNED_INT32
Testing CL_RGBA CL_HALF_FLOAT
Testing CL_RGBA CL_FLOAT
Testing CL_BGRA CL_SNORM_INT8
Testing CL_BGRA CL_UNORM_INT8
Testing CL_BGRA CL_SIGNED_INT8
Testing CL_BGRA CL_UNSIGNED_INT8
Testing CL_ARGB CL_SNORM_INT8
Testing CL_ARGB CL_UNORM_INT8
Testing CL_sRGBA CL_UNORM_INT8
Testing CL_sBGRA CL_UNORM_INT8
Testing CL_ABGR CL_SNORM_INT8
Testing CL_ABGR CL_UNORM_INT8
Testing CL_ABGR CL_UNORM_INT_2_101010_EXT
IMAGE3D to ARRAY copy test passed
imagearraycopy3d passed
negative_imagearraycopy...
Testing CL_R CL_SNORM_INT8
Testing CL_R CL_SNORM_INT16
Testing CL_R CL_UNORM_INT8
Testing CL_R CL_UNORM_INT16
Testing CL_R CL_SIGNED_INT8
Testing CL_R CL_SIGNED_INT16
Testing CL_R CL_SIGNED_INT32
Testing CL_R CL_UNSIGNED_INT8
Testing CL_R CL_UNSIGNED_INT16
Testing CL_R CL_UNSIGNED_INT32
Testing CL_R CL_HALF_FLOAT
Testing CL_R CL_FLOAT
Testing CL_RG CL_SNORM_INT8
Testing CL_RG CL_SNORM_INT16
Testing CL_RG CL_UNORM_INT8
Testing CL_RG CL_UNORM_INT16
Testing CL_RG CL_SIGNED_INT8
Testing CL_RG CL_SIGNED_INT16
Testing CL_RG CL_SIGNED_INT32
Testing CL_RG CL_UNSIGNED_INT8
Testing CL_RG CL_UNSIGNED_INT16
Testing CL_RG CL_UNSIGNED_INT32
Testing CL_RG CL_HALF_FLOAT
Testing CL_RG CL_FLOAT
Testing CL_RGBA CL_SNORM_INT8
Testing CL_RGBA CL_SNORM_INT16
Testing CL_RGBA CL_UNORM_INT8
Testing CL_RGBA CL_UNORM_INT16
Testing CL_RGBA CL_SIGNED_INT8
Testing CL_RGBA CL_SIGNED_INT16
Testing CL_RGBA CL_SIGNED_INT32
Testing CL_RGBA CL_UNSIGNED_INT8
Testing CL_RGBA CL_UNSIGNED_INT16
Testing CL_RGBA CL_UNSIGNED_INT32
Testing CL_RGBA CL_HALF_FLOAT
Testing CL_RGBA CL_FLOAT
Testing CL_BGRA CL_SNORM_INT8
Testing CL_BGRA CL_UNORM_INT8
Testing CL_BGRA CL_SIGNED_INT8
Testing CL_BGRA CL_UNSIGNED_INT8
Testing CL_ARGB CL_SNORM_INT8
Testing CL_ARGB CL_UNORM_INT8
Testing CL_DEPTH CL_UNORM_INT16
Testing CL_DEPTH CL_FLOAT
Testing CL_ABGR CL_SNORM_INT8
Testing CL_ABGR CL_UNORM_INT8
Testing CL_ABGR CL_UNORM_INT_2_101010_EXT
IMAGE2D to ARRAY copy test passed
negative_imagearraycopy passed
negative_imagearraycopy3d...
Testing CL_R CL_SNORM_INT8
Testing CL_R CL_SNORM_INT16
Testing CL_R CL_UNORM_INT8
Testing CL_R CL_UNORM_INT16
Testing CL_R CL_SIGNED_INT8
Testing CL_R CL_SIGNED_INT16
Testing CL_R CL_SIGNED_INT32
Testing CL_R CL_UNSIGNED_INT8
Testing CL_R CL_UNSIGNED_INT16
Testing CL_R CL_UNSIGNED_INT32
Testing CL_R CL_HALF_FLOAT
Testing CL_R CL_FLOAT
Testing CL_RG CL_SNORM_INT8
Testing CL_RG CL_SNORM_INT16
Testing CL_RG CL_UNORM_INT8
Testing CL_RG CL_UNORM_INT16
Testing CL_RG CL_SIGNED_INT8
Testing CL_RG CL_SIGNED_INT16
Testing CL_RG CL_SIGNED_INT32
Testing CL_RG CL_UNSIGNED_INT8
Testing CL_RG CL_UNSIGNED_INT16
Testing CL_RG CL_UNSIGNED_INT32
Testing CL_RG CL_HALF_FLOAT
Testing CL_RG CL_FLOAT
Testing CL_RGBA CL_SNORM_INT8
Testing CL_RGBA CL_SNORM_INT16
Testing CL_RGBA CL_UNORM_INT8
Testing CL_RGBA CL_UNORM_INT16
Testing CL_RGBA CL_SIGNED_INT8
Testing CL_RGBA CL_SIGNED_INT16
Testing CL_RGBA CL_SIGNED_INT32
Testing CL_RGBA CL_UNSIGNED_INT8
Testing CL_RGBA CL_UNSIGNED_INT16
Testing CL_RGBA CL_UNSIGNED_INT32
Testing CL_RGBA CL_HALF_FLOAT
Testing CL_RGBA CL_FLOAT
Testing CL_BGRA CL_SNORM_INT8
Testing CL_BGRA CL_UNORM_INT8
Testing CL_BGRA CL_SIGNED_INT8
Testing CL_BGRA CL_UNSIGNED_INT8
Testing CL_ARGB CL_SNORM_INT8
Testing CL_ARGB CL_UNORM_INT8
Testing CL_sRGBA CL_UNORM_INT8
Testing CL_sBGRA CL_UNORM_INT8
Testing CL_ABGR CL_SNORM_INT8
Testing CL_ABGR CL_UNORM_INT8
Testing CL_ABGR CL_UNORM_INT_2_101010_EXT
IMAGE3D to ARRAY copy test passed
negative_imagearraycopy3d passed
imagecopy...
Testing CL_RGBA CL_UNORM_INT8
Testing CL_RGBA CL_UNORM_INT16
Testing CL_RGBA CL_FLOAT
IMAGE copy test passed
imagecopy passed
imagerandomcopy...
Testing with image 512 x 512.
Testing clCopyImage for CL_RGBA CL_UNORM_INT8: x = 268, y = 373, w = 44, h = 93
Testing clCopyImage for CL_RGBA CL_UNORM_INT8: x = 417, y = 136, w = 88, h = 151
Testing clCopyImage for CL_RGBA CL_UNORM_INT8: x = 197, y = 268, w = 87, h = 67
Testing clCopyImage for CL_RGBA CL_UNORM_INT8: x = 397, y = 352, w = 91, h = 89
Testing clCopyImage for CL_RGBA CL_UNORM_INT8: x = 47, y = 73, w = 126, h = 312
Testing clCopyImage for CL_RGBA CL_UNORM_INT8: x = 501, y = 492, w = 2, h = 11
Testing clCopyImage for CL_RGBA CL_UNORM_INT8: x = 383, y = 343, w = 109, h = 142
Testing clCopyImage for CL_RGBA CL_UNORM_INT8: x = 83, y = 242, w = 60, h = 81
Testing clCopyImage for CL_RGBA CL_UNORM_INT8: x = 302, y = 287, w = 29, h = 33
Testing clCopyImage for CL_RGBA CL_UNORM_INT8: x = 474, y = 28, w = 7, h = 103
Testing clCopyImage for CL_RGBA CL_UNORM_INT16: x = 247, y = 362, w = 24, h = 127
Testing clCopyImage for CL_RGBA CL_UNORM_INT16: x = 242, y = 458, w = 12, h = 52
Testing clCopyImage for CL_RGBA CL_UNORM_INT16: x = 477, y = 394, w = 13, h = 8
Testing clCopyImage for CL_RGBA CL_UNORM_INT16: x = 351, y = 465, w = 78, h = 7
Testing clCopyImage for CL_RGBA CL_UNORM_INT16: x = 399, y = 264, w = 62, h = 139
Testing clCopyImage for CL_RGBA CL_UNORM_INT16: x = 481, y = 240, w = 1, h = 253
Testing clCopyImage for CL_RGBA CL_UNORM_INT16: x = 121, y = 307, w = 305, h = 181
Testing clCopyImage for CL_RGBA CL_UNORM_INT16: x = 491, y = 269, w = 14, h = 199
Testing clCopyImage for CL_RGBA CL_UNORM_INT16: x = 24, y = 252, w = 314, h = 77
Testing clCopyImage for CL_RGBA CL_UNORM_INT16: x = 141, y = 504, w = 276, h = 4
Testing clCopyImage for CL_RGBA CL_FLOAT: x = 288, y = 399, w = 28, h = 5
Testing clCopyImage for CL_RGBA CL_FLOAT: x = 170, y = 465, w = 20, h = 39
Testing clCopyImage for CL_RGBA CL_FLOAT: x = 387, y = 359, w = 117, h = 9
Testing clCopyImage for CL_RGBA CL_FLOAT: x = 320, y = 239, w = 155, h = 207
Testing clCopyImage for CL_RGBA CL_FLOAT: x = 399, y = 400, w = 89, h = 103
Testing clCopyImage for CL_RGBA CL_FLOAT: x = 264, y = 287, w = 3, h = 24
Testing clCopyImage for CL_RGBA CL_FLOAT: x = 419, y = 509, w = 60, h = 1
Testing clCopyImage for CL_RGBA CL_FLOAT: x = 49, y = 253, w = 160, h = 200
Testing clCopyImage for CL_RGBA CL_FLOAT: x = 416, y = 420, w = 65, h = 84
Testing clCopyImage for CL_RGBA CL_FLOAT: x = 477, y = 98, w = 21, h = 256
IMAGE random copy test passed
imagerandomcopy passed
arrayimagecopy...
Testing CL_R CL_SNORM_INT8
Testing CL_R CL_SNORM_INT16
Testing CL_R CL_UNORM_INT8
Testing CL_R CL_UNORM_INT16
Testing CL_R CL_SIGNED_INT8
Testing CL_R CL_SIGNED_INT16
Testing CL_R CL_SIGNED_INT32
Testing CL_R CL_UNSIGNED_INT8
Testing CL_R CL_UNSIGNED_INT16
Testing CL_R CL_UNSIGNED_INT32
Testing CL_R CL_HALF_FLOAT
Testing CL_R CL_FLOAT
Testing CL_RG CL_SNORM_INT8
Testing CL_RG CL_SNORM_INT16
Testing CL_RG CL_UNORM_INT8
Testing CL_RG CL_UNORM_INT16
Testing CL_RG CL_SIGNED_INT8
Testing CL_RG CL_SIGNED_INT16
Testing CL_RG CL_SIGNED_INT32
Testing CL_RG CL_UNSIGNED_INT8
Testing CL_RG CL_UNSIGNED_INT16
Testing CL_RG CL_UNSIGNED_INT32
Testing CL_RG CL_HALF_FLOAT
Testing CL_RG CL_FLOAT
Testing CL_RGBA CL_SNORM_INT8
Testing CL_RGBA CL_SNORM_INT16
Testing CL_RGBA CL_UNORM_INT8
Testing CL_RGBA CL_UNORM_INT16
Testing CL_RGBA CL_SIGNED_INT8
Testing CL_RGBA CL_SIGNED_INT16
Testing CL_RGBA CL_SIGNED_INT32
Testing CL_RGBA CL_UNSIGNED_INT8
Testing CL_RGBA CL_UNSIGNED_INT16
Testing CL_RGBA CL_UNSIGNED_INT32
Testing CL_RGBA CL_HALF_FLOAT
Testing CL_RGBA CL_FLOAT
Testing CL_BGRA CL_SNORM_INT8
Testing CL_BGRA CL_UNORM_INT8
Testing CL_BGRA CL_SIGNED_INT8
Testing CL_BGRA CL_UNSIGNED_INT8
Testing CL_ARGB CL_SNORM_INT8
Testing CL_ARGB CL_UNORM_INT8
Testing CL_DEPTH CL_UNORM_INT16
Testing CL_DEPTH CL_FLOAT
Testing CL_ABGR CL_SNORM_INT8
Testing CL_ABGR CL_UNORM_INT8
Testing CL_ABGR CL_UNORM_INT_2_101010_EXT
ARRAY to IMAGE2D copy test passed
Testing CL_R CL_SNORM_INT8
Testing CL_R CL_SNORM_INT16
Testing CL_R CL_UNORM_INT8
Testing CL_R CL_UNORM_INT16
Testing CL_R CL_SIGNED_INT8
Testing CL_R CL_SIGNED_INT16
Testing CL_R CL_SIGNED_INT32
Testing CL_R CL_UNSIGNED_INT8
Testing CL_R CL_UNSIGNED_INT16
Testing CL_R CL_UNSIGNED_INT32
Testing CL_R CL_HALF_FLOAT
Testing CL_R CL_FLOAT
Testing CL_RG CL_SNORM_INT8
Testing CL_RG CL_SNORM_INT16
Testing CL_RG CL_UNORM_INT8
Testing CL_RG CL_UNORM_INT16
Testing CL_RG CL_SIGNED_INT8
Testing CL_RG CL_SIGNED_INT16
Testing CL_RG CL_SIGNED_INT32
Testing CL_RG CL_UNSIGNED_INT8
Testing CL_RG CL_UNSIGNED_INT16
Testing CL_RG CL_UNSIGNED_INT32
Testing CL_RG CL_HALF_FLOAT
Testing CL_RG CL_FLOAT
Testing CL_RGBA CL_SNORM_INT8
Testing CL_RGBA CL_SNORM_INT16
Testing CL_RGBA CL_UNORM_INT8
Testing CL_RGBA CL_UNORM_INT16
Testing CL_RGBA CL_SIGNED_INT8
Testing CL_RGBA CL_SIGNED_INT16
Testing CL_RGBA CL_SIGNED_INT32
Testing CL_RGBA CL_UNSIGNED_INT8
Testing CL_RGBA CL_UNSIGNED_INT16
Testing CL_RGBA CL_UNSIGNED_INT32
Testing CL_RGBA CL_HALF_FLOAT
Testing CL_RGBA CL_FLOAT
Testing CL_BGRA CL_SNORM_INT8
Testing CL_BGRA CL_UNORM_INT8
Testing CL_BGRA CL_SIGNED_INT8
Testing CL_BGRA CL_UNSIGNED_INT8
Testing CL_ARGB CL_SNORM_INT8
Testing CL_ARGB CL_UNORM_INT8
Testing CL_DEPTH CL_UNORM_INT16
Testing CL_DEPTH CL_FLOAT
Testing CL_ABGR CL_SNORM_INT8
Testing CL_ABGR CL_UNORM_INT8
Testing CL_ABGR CL_UNORM_INT_2_101010_EXT
ARRAY to IMAGE2D copy test passed
arrayimagecopy passed
arrayimagecopy3d...
Testing CL_R CL_SNORM_INT8
Testing CL_R CL_SNORM_INT16
Testing CL_R CL_UNORM_INT8
Testing CL_R CL_UNORM_INT16
Testing CL_R CL_SIGNED_INT8
Testing CL_R CL_SIGNED_INT16
Testing CL_R CL_SIGNED_INT32
Testing CL_R CL_UNSIGNED_INT8
Testing CL_R CL_UNSIGNED_INT16
Testing CL_R CL_UNSIGNED_INT32
Testing CL_R CL_HALF_FLOAT
Testing CL_R CL_FLOAT
Testing CL_RG CL_SNORM_INT8
Testing CL_RG CL_SNORM_INT16
Testing CL_RG CL_UNORM_INT8
Testing CL_RG CL_UNORM_INT16
Testing CL_RG CL_SIGNED_INT8
Testing CL_RG CL_SIGNED_INT16
Testing CL_RG CL_SIGNED_INT32
Testing CL_RG CL_UNSIGNED_INT8
Testing CL_RG CL_UNSIGNED_INT16
Testing CL_RG CL_UNSIGNED_INT32
Testing CL_RG CL_HALF_FLOAT
Testing CL_RG CL_FLOAT
Testing CL_RGBA CL_SNORM_INT8
Testing CL_RGBA CL_SNORM_INT16
Testing CL_RGBA CL_UNORM_INT8
Testing CL_RGBA CL_UNORM_INT16
Testing CL_RGBA CL_SIGNED_INT8
Testing CL_RGBA CL_SIGNED_INT16
Testing CL_RGBA CL_SIGNED_INT32
Testing CL_RGBA CL_UNSIGNED_INT8
Testing CL_RGBA CL_UNSIGNED_INT16
Testing CL_RGBA CL_UNSIGNED_INT32
Testing CL_RGBA CL_HALF_FLOAT
Testing CL_RGBA CL_FLOAT
Testing CL_BGRA CL_SNORM_INT8
Testing CL_BGRA CL_UNORM_INT8
Testing CL_BGRA CL_SIGNED_INT8
Testing CL_BGRA CL_UNSIGNED_INT8
Testing CL_ARGB CL_SNORM_INT8
Testing CL_ARGB CL_UNORM_INT8
Testing CL_sRGBA CL_UNORM_INT8
Testing CL_sBGRA CL_UNORM_INT8
Testing CL_ABGR CL_SNORM_INT8
Testing CL_ABGR CL_UNORM_INT8
Testing CL_ABGR CL_UNORM_INT_2_101010_EXT
ARRAY to IMAGE3D copy test passed
Testing CL_R CL_SNORM_INT8
Testing CL_R CL_SNORM_INT16
Testing CL_R CL_UNORM_INT8
Testing CL_R CL_UNORM_INT16
Testing CL_R CL_SIGNED_INT8
Testing CL_R CL_SIGNED_INT16
Testing CL_R CL_SIGNED_INT32
Testing CL_R CL_UNSIGNED_INT8
Testing CL_R CL_UNSIGNED_INT16
Testing CL_R CL_UNSIGNED_INT32
Testing CL_R CL_HALF_FLOAT
Testing CL_R CL_FLOAT
Testing CL_RG CL_SNORM_INT8
Testing CL_RG CL_SNORM_INT16
Testing CL_RG CL_UNORM_INT8
Testing CL_RG CL_UNORM_INT16
Testing CL_RG CL_SIGNED_INT8
Testing CL_RG CL_SIGNED_INT16
Testing CL_RG CL_SIGNED_INT32
Testing CL_RG CL_UNSIGNED_INT8
Testing CL_RG CL_UNSIGNED_INT16
Testing CL_RG CL_UNSIGNED_INT32
Testing CL_RG CL_HALF_FLOAT
Testing CL_RG CL_FLOAT
Testing CL_RGBA CL_SNORM_INT8
Testing CL_RGBA CL_SNORM_INT16
Testing CL_RGBA CL_UNORM_INT8
Testing CL_RGBA CL_UNORM_INT16
Testing CL_RGBA CL_SIGNED_INT8
Testing CL_RGBA CL_SIGNED_INT16
Testing CL_RGBA CL_SIGNED_INT32
Testing CL_RGBA CL_UNSIGNED_INT8
Testing CL_RGBA CL_UNSIGNED_INT16
Testing CL_RGBA CL_UNSIGNED_INT32
Testing CL_RGBA CL_HALF_FLOAT
Testing CL_RGBA CL_FLOAT
Testing CL_BGRA CL_SNORM_INT8
Testing CL_BGRA CL_UNORM_INT8
Testing CL_BGRA CL_SIGNED_INT8
Testing CL_BGRA CL_UNSIGNED_INT8
Testing CL_ARGB CL_SNORM_INT8
Testing CL_ARGB CL_UNORM_INT8
Testing CL_ABGR CL_SNORM_INT8
Testing CL_ABGR CL_UNORM_INT8
Testing CL_ABGR CL_UNORM_INT_2_101010_EXT
ARRAY to IMAGE3D copy test passed
arrayimagecopy3d passed
imagecopy3d...
IMAGE3D copy test passed
imagecopy3d passed
enqueue_map_buffer...
Testing with cl_mem_flags src: CL_MEM_ALLOC_HOST_PTR
Testing with cl_mem_flags src: CL_MEM_ALLOC_HOST_PTR | CL_MEM_COPY_HOST_PTR
Testing with cl_mem_flags src: CL_MEM_USE_HOST_PTR
Testing with cl_mem_flags src: CL_MEM_COPY_HOST_PTR
Testing with cl_mem_flags src: CL_MEM_USE_HOST_PTR | CL_MEM_IMMUTABLE_EXT
Testing with cl_mem_flags src: CL_MEM_COPY_HOST_PTR | CL_MEM_IMMUTABLE_EXT
Testing with cl_mem_flags src: CL_MEM_COPY_HOST_PTR | CL_MEM_ALLOC_HOST_PTR | CL_MEM_IMMUTABLE_EXT
Testing with cl_mem_flags src: 0
enqueue_map_buffer passed
enqueue_map_image...
Testing with cl_mem_flags src: CL_MEM_ALLOC_HOST_PTR
Testing with cl_mem_object_type src: CL_MEM_OBJECT_IMAGE2D
Testing with cl_mem_object_type src: CL_MEM_OBJECT_IMAGE3D
Testing with cl_mem_object_type src: CL_MEM_OBJECT_IMAGE2D_ARRAY
Testing with cl_mem_object_type src: CL_MEM_OBJECT_IMAGE1D
Testing with cl_mem_object_type src: CL_MEM_OBJECT_IMAGE1D_ARRAY
Testing with cl_mem_flags src: CL_MEM_ALLOC_HOST_PTR | CL_MEM_COPY_HOST_PTR
Testing with cl_mem_object_type src: CL_MEM_OBJECT_IMAGE2D
Testing with cl_mem_object_type src: CL_MEM_OBJECT_IMAGE3D
Testing with cl_mem_object_type src: CL_MEM_OBJECT_IMAGE2D_ARRAY
Testing with cl_mem_object_type src: CL_MEM_OBJECT_IMAGE1D
Testing with cl_mem_object_type src: CL_MEM_OBJECT_IMAGE1D_ARRAY
Testing with cl_mem_flags src: CL_MEM_USE_HOST_PTR
Testing with cl_mem_object_type src: CL_MEM_OBJECT_IMAGE2D
Testing with cl_mem_object_type src: CL_MEM_OBJECT_IMAGE3D
Testing with cl_mem_object_type src: CL_MEM_OBJECT_IMAGE2D_ARRAY
Testing with cl_mem_object_type src: CL_MEM_OBJECT_IMAGE1D
Testing with cl_mem_object_type src: CL_MEM_OBJECT_IMAGE1D_ARRAY
Testing with cl_mem_flags src: CL_MEM_COPY_HOST_PTR
Testing with cl_mem_object_type src: CL_MEM_OBJECT_IMAGE2D
Testing with cl_mem_object_type src: CL_MEM_OBJECT_IMAGE3D
Testing with cl_mem_object_type src: CL_MEM_OBJECT_IMAGE2D_ARRAY
Testing with cl_mem_object_type src: CL_MEM_OBJECT_IMAGE1D
Testing with cl_mem_object_type src: CL_MEM_OBJECT_IMAGE1D_ARRAY
Testing with cl_mem_flags src: CL_MEM_USE_HOST_PTR | CL_MEM_IMMUTABLE_EXT
Testing with cl_mem_object_type src: CL_MEM_OBJECT_IMAGE2D
Testing with cl_mem_object_type src: CL_MEM_OBJECT_IMAGE3D
Testing with cl_mem_object_type src: CL_MEM_OBJECT_IMAGE2D_ARRAY
Testing with cl_mem_object_type src: CL_MEM_OBJECT_IMAGE1D
Testing with cl_mem_object_type src: CL_MEM_OBJECT_IMAGE1D_ARRAY
Testing with cl_mem_flags src: CL_MEM_COPY_HOST_PTR | CL_MEM_IMMUTABLE_EXT
Testing with cl_mem_object_type src: CL_MEM_OBJECT_IMAGE2D
Testing with cl_mem_object_type src: CL_MEM_OBJECT_IMAGE3D
Testing with cl_mem_object_type src: CL_MEM_OBJECT_IMAGE2D_ARRAY
Testing with cl_mem_object_type src: CL_MEM_OBJECT_IMAGE1D
Testing with cl_mem_object_type src: CL_MEM_OBJECT_IMAGE1D_ARRAY
Testing with cl_mem_flags src: CL_MEM_COPY_HOST_PTR | CL_MEM_ALLOC_HOST_PTR | CL_MEM_IMMUTABLE_EXT
Testing with cl_mem_object_type src: CL_MEM_OBJECT_IMAGE2D
Testing with cl_mem_object_type src: CL_MEM_OBJECT_IMAGE3D
Testing with cl_mem_object_type src: CL_MEM_OBJECT_IMAGE2D_ARRAY
Testing with cl_mem_object_type src: CL_MEM_OBJECT_IMAGE1D
Testing with cl_mem_object_type src: CL_MEM_OBJECT_IMAGE1D_ARRAY
Testing with cl_mem_flags src: 0
Testing with cl_mem_object_type src: CL_MEM_OBJECT_IMAGE2D
Testing with cl_mem_object_type src: CL_MEM_OBJECT_IMAGE3D
Testing with cl_mem_object_type src: CL_MEM_OBJECT_IMAGE2D_ARRAY
Testing with cl_mem_object_type src: CL_MEM_OBJECT_IMAGE1D
Testing with cl_mem_object_type src: CL_MEM_OBJECT_IMAGE1D_ARRAY
enqueue_map_image passed
work_item_functions...
work_item_functions passed
work_item_functions_out_of_range...
work_item_functions_out_of_range passed
work_item_functions_out_of_range_hardcoded...
work_item_functions_out_of_range_hardcoded passed
astype...
 (char->uchar)
 (char->short)
 (char->ushort)
 (char->int)
 (char->uint)
 (char->long)
 (char->ulong)
 (char->float)
 (char->half)
 (uchar->char)
 (uchar->short)
 (uchar->ushort)
 (uchar->int)
 (uchar->uint)
 (uchar->long)
 (uchar->ulong)
 (uchar->float)
 (uchar->half)
 (short->char)
 (short->uchar)
 (short->ushort)
 (short->int)
 (short->uint)
 (short->long)
 (short->ulong)
 (short->float)
 (short->half)
 (ushort->char)
 (ushort->uchar)
 (ushort->short)
 (ushort->int)
 (ushort->uint)
 (ushort->long)
 (ushort->ulong)
 (ushort->float)
 (ushort->half)
 (int->char)
 (int->uchar)
 (int->short)
 (int->ushort)
 (int->uint)
 (int->long)
 (int->ulong)
 (int->float)
 (int->half)
 (uint->char)
 (uint->uchar)
 (uint->short)
 (uint->ushort)
 (uint->int)
 (uint->long)
 (uint->ulong)
 (uint->float)
 (uint->half)
 (long->char)
 (long->uchar)
 (long->short)
 (long->ushort)
 (long->int)
 (long->uint)
 (long->ulong)
 (long->float)
 (long->half)
 (ulong->char)
 (ulong->uchar)
 (ulong->short)
 (ulong->ushort)
 (ulong->int)
 (ulong->uint)
 (ulong->long)
 (ulong->float)
 (ulong->half)
 (float->char)
 (float->uchar)
 (float->short)
 (float->ushort)
 (float->int)
 (float->uint)
 (float->long)
 (float->ulong)
 (float->half)
 (half->char)
 (half->uchar)
 (half->short)
 (half->ushort)
 (half->int)
 (half->uint)
 (half->long)
 (half->ulong)
 (half->float)
astype passed
async_copy_global_to_local...
Testing char
Global: 1137664, local 1024, local buffer 13312b, global buffer 14789632b, each work group will copy 13312 elements and each work item item will copy 13 elements.
Testing char2
Global: 699930, local 630, local buffer 16380b, global buffer 18198180b, each work group will copy 8190 elements and each work item item will copy 13 elements.
Testing char3
Global: 349965, local 315, local buffer 16380b, global buffer 18198180b, each work group will copy 4095 elements and each work item item will copy 13 elements.
Testing char4
Global: 349965, local 315, local buffer 16380b, global buffer 18198180b, each work group will copy 4095 elements and each work item item will copy 13 elements.
Testing char8
Global: 174427, local 157, local buffer 16328b, global buffer 18140408b, each work group will copy 2041 elements and each work item item will copy 13 elements.
Testing char16
Global: 86658, local 78, local buffer 16224b, global buffer 18024864b, each work group will copy 1014 elements and each work item item will copy 13 elements.
Testing uchar
Global: 1137664, local 1024, local buffer 13312b, global buffer 14789632b, each work group will copy 13312 elements and each work item item will copy 13 elements.
Testing uchar2
Global: 699930, local 630, local buffer 16380b, global buffer 18198180b, each work group will copy 8190 elements and each work item item will copy 13 elements.
Testing uchar3
Global: 349965, local 315, local buffer 16380b, global buffer 18198180b, each work group will copy 4095 elements and each work item item will copy 13 elements.
Testing uchar4
Global: 349965, local 315, local buffer 16380b, global buffer 18198180b, each work group will copy 4095 elements and each work item item will copy 13 elements.
Testing uchar8
Global: 174427, local 157, local buffer 16328b, global buffer 18140408b, each work group will copy 2041 elements and each work item item will copy 13 elements.
Testing uchar16
Global: 86658, local 78, local buffer 16224b, global buffer 18024864b, each work group will copy 1014 elements and each work item item will copy 13 elements.
Testing short
Global: 699930, local 630, local buffer 16380b, global buffer 18198180b, each work group will copy 8190 elements and each work item item will copy 13 elements.
Testing short2
Global: 349965, local 315, local buffer 16380b, global buffer 18198180b, each work group will copy 4095 elements and each work item item will copy 13 elements.
Testing short3
Global: 174427, local 157, local buffer 16328b, global buffer 18140408b, each work group will copy 2041 elements and each work item item will copy 13 elements.
Testing short4
Global: 174427, local 157, local buffer 16328b, global buffer 18140408b, each work group will copy 2041 elements and each work item item will copy 13 elements.
Testing short8
Global: 86658, local 78, local buffer 16224b, global buffer 18024864b, each work group will copy 1014 elements and each work item item will copy 13 elements.
Testing short16
Global: 43329, local 39, local buffer 16224b, global buffer 18024864b, each work group will copy 507 elements and each work item item will copy 13 elements.
Testing ushort
Global: 699930, local 630, local buffer 16380b, global buffer 18198180b, each work group will copy 8190 elements and each work item item will copy 13 elements.
Testing ushort2
Global: 349965, local 315, local buffer 16380b, global buffer 18198180b, each work group will copy 4095 elements and each work item item will copy 13 elements.
Testing ushort3
Global: 174427, local 157, local buffer 16328b, global buffer 18140408b, each work group will copy 2041 elements and each work item item will copy 13 elements.
Testing ushort4
Global: 174427, local 157, local buffer 16328b, global buffer 18140408b, each work group will copy 2041 elements and each work item item will copy 13 elements.
Testing ushort8
Global: 86658, local 78, local buffer 16224b, global buffer 18024864b, each work group will copy 1014 elements and each work item item will copy 13 elements.
Testing ushort16
Global: 43329, local 39, local buffer 16224b, global buffer 18024864b, each work group will copy 507 elements and each work item item will copy 13 elements.
Testing int
Global: 349965, local 315, local buffer 16380b, global buffer 18198180b, each work group will copy 4095 elements and each work item item will copy 13 elements.
Testing int2
Global: 174427, local 157, local buffer 16328b, global buffer 18140408b, each work group will copy 2041 elements and each work item item will copy 13 elements.
Testing int3
Global: 86658, local 78, local buffer 16224b, global buffer 18024864b, each work group will copy 1014 elements and each work item item will copy 13 elements.
Testing int4
Global: 86658, local 78, local buffer 16224b, global buffer 18024864b, each work group will copy 1014 elements and each work item item will copy 13 elements.
Testing int8
Global: 43329, local 39, local buffer 16224b, global buffer 18024864b, each work group will copy 507 elements and each work item item will copy 13 elements.
Testing int16
Global: 21109, local 19, local buffer 15808b, global buffer 17562688b, each work group will copy 247 elements and each work item item will copy 13 elements.
Testing uint
Global: 349965, local 315, local buffer 16380b, global buffer 18198180b, each work group will copy 4095 elements and each work item item will copy 13 elements.
Testing uint2
Global: 174427, local 157, local buffer 16328b, global buffer 18140408b, each work group will copy 2041 elements and each work item item will copy 13 elements.
Testing uint3
Global: 86658, local 78, local buffer 16224b, global buffer 18024864b, each work group will copy 1014 elements and each work item item will copy 13 elements.
Testing uint4
Global: 86658, local 78, local buffer 16224b, global buffer 18024864b, each work group will copy 1014 elements and each work item item will copy 13 elements.
Testing uint8
Global: 43329, local 39, local buffer 16224b, global buffer 18024864b, each work group will copy 507 elements and each work item item will copy 13 elements.
Testing uint16
Global: 21109, local 19, local buffer 15808b, global buffer 17562688b, each work group will copy 247 elements and each work item item will copy 13 elements.
Testing long
Global: 174427, local 157, local buffer 16328b, global buffer 18140408b, each work group will copy 2041 elements and each work item item will copy 13 elements.
Testing long2
Global: 86658, local 78, local buffer 16224b, global buffer 18024864b, each work group will copy 1014 elements and each work item item will copy 13 elements.
Testing long3
Global: 43329, local 39, local buffer 16224b, global buffer 18024864b, each work group will copy 507 elements and each work item item will copy 13 elements.
Testing long4
Global: 43329, local 39, local buffer 16224b, global buffer 18024864b, each work group will copy 507 elements and each work item item will copy 13 elements.
Testing long8
Global: 21109, local 19, local buffer 15808b, global buffer 17562688b, each work group will copy 247 elements and each work item item will copy 13 elements.
Testing long16
Global: 9999, local 9, local buffer 14976b, global buffer 16638336b, each work group will copy 117 elements and each work item item will copy 13 elements.
Testing ulong
Global: 174427, local 157, local buffer 16328b, global buffer 18140408b, each work group will copy 2041 elements and each work item item will copy 13 elements.
Testing ulong2
Global: 86658, local 78, local buffer 16224b, global buffer 18024864b, each work group will copy 1014 elements and each work item item will copy 13 elements.
Testing ulong3
Global: 43329, local 39, local buffer 16224b, global buffer 18024864b, each work group will copy 507 elements and each work item item will copy 13 elements.
Testing ulong4
Global: 43329, local 39, local buffer 16224b, global buffer 18024864b, each work group will copy 507 elements and each work item item will copy 13 elements.
Testing ulong8
Global: 21109, local 19, local buffer 15808b, global buffer 17562688b, each work group will copy 247 elements and each work item item will copy 13 elements.
Testing ulong16
Global: 9999, local 9, local buffer 14976b, global buffer 16638336b, each work group will copy 117 elements and each work item item will copy 13 elements.
Testing float
Global: 349965, local 315, local buffer 16380b, global buffer 18198180b, each work group will copy 4095 elements and each work item item will copy 13 elements.
Testing float2
Global: 174427, local 157, local buffer 16328b, global buffer 18140408b, each work group will copy 2041 elements and each work item item will copy 13 elements.
Testing float3
Global: 86658, local 78, local buffer 16224b, global buffer 18024864b, each work group will copy 1014 elements and each work item item will copy 13 elements.
Testing float4
Global: 86658, local 78, local buffer 16224b, global buffer 18024864b, each work group will copy 1014 elements and each work item item will copy 13 elements.
Testing float8
Global: 43329, local 39, local buffer 16224b, global buffer 18024864b, each work group will copy 507 elements and each work item item will copy 13 elements.
Testing float16
Global: 21109, local 19, local buffer 15808b, global buffer 17562688b, each work group will copy 247 elements and each work item item will copy 13 elements.
Testing half
Global: 699930, local 630, local buffer 16380b, global buffer 18198180b, each work group will copy 8190 elements and each work item item will copy 13 elements.
Testing half2
Global: 349965, local 315, local buffer 16380b, global buffer 18198180b, each work group will copy 4095 elements and each work item item will copy 13 elements.
Testing half3
Global: 174427, local 157, local buffer 16328b, global buffer 18140408b, each work group will copy 2041 elements and each work item item will copy 13 elements.
Testing half4
Global: 174427, local 157, local buffer 16328b, global buffer 18140408b, each work group will copy 2041 elements and each work item item will copy 13 elements.
Testing half8
Global: 86658, local 78, local buffer 16224b, global buffer 18024864b, each work group will copy 1014 elements and each work item item will copy 13 elements.
Testing half16
Global: 43329, local 39, local buffer 16224b, global buffer 18024864b, each work group will copy 507 elements and each work item item will copy 13 elements.
async_copy_global_to_local passed
async_copy_local_to_global...
Testing char
Global: 1137664, local 1024, local buffer 13312b, global buffer 14789632b, each work group will copy 13312 elements and each work item item will copy 13 elements.
Testing char2
Global: 699930, local 630, local buffer 16380b, global buffer 18198180b, each work group will copy 8190 elements and each work item item will copy 13 elements.
Testing char3
Global: 349965, local 315, local buffer 16380b, global buffer 18198180b, each work group will copy 4095 elements and each work item item will copy 13 elements.
Testing char4
Global: 349965, local 315, local buffer 16380b, global buffer 18198180b, each work group will copy 4095 elements and each work item item will copy 13 elements.
Testing char8
Global: 174427, local 157, local buffer 16328b, global buffer 18140408b, each work group will copy 2041 elements and each work item item will copy 13 elements.
Testing char16
Global: 86658, local 78, local buffer 16224b, global buffer 18024864b, each work group will copy 1014 elements and each work item item will copy 13 elements.
Testing uchar
Global: 1137664, local 1024, local buffer 13312b, global buffer 14789632b, each work group will copy 13312 elements and each work item item will copy 13 elements.
Testing uchar2
Global: 699930, local 630, local buffer 16380b, global buffer 18198180b, each work group will copy 8190 elements and each work item item will copy 13 elements.
Testing uchar3
Global: 349965, local 315, local buffer 16380b, global buffer 18198180b, each work group will copy 4095 elements and each work item item will copy 13 elements.
Testing uchar4
Global: 349965, local 315, local buffer 16380b, global buffer 18198180b, each work group will copy 4095 elements and each work item item will copy 13 elements.
Testing uchar8
Global: 174427, local 157, local buffer 16328b, global buffer 18140408b, each work group will copy 2041 elements and each work item item will copy 13 elements.
Testing uchar16
Global: 86658, local 78, local buffer 16224b, global buffer 18024864b, each work group will copy 1014 elements and each work item item will copy 13 elements.
Testing short
Global: 699930, local 630, local buffer 16380b, global buffer 18198180b, each work group will copy 8190 elements and each work item item will copy 13 elements.
Testing short2
Global: 349965, local 315, local buffer 16380b, global buffer 18198180b, each work group will copy 4095 elements and each work item item will copy 13 elements.
Testing short3
Global: 174427, local 157, local buffer 16328b, global buffer 18140408b, each work group will copy 2041 elements and each work item item will copy 13 elements.
Testing short4
Global: 174427, local 157, local buffer 16328b, global buffer 18140408b, each work group will copy 2041 elements and each work item item will copy 13 elements.
Testing short8
Global: 86658, local 78, local buffer 16224b, global buffer 18024864b, each work group will copy 1014 elements and each work item item will copy 13 elements.
Testing short16
Global: 43329, local 39, local buffer 16224b, global buffer 18024864b, each work group will copy 507 elements and each work item item will copy 13 elements.
Testing ushort
Global: 699930, local 630, local buffer 16380b, global buffer 18198180b, each work group will copy 8190 elements and each work item item will copy 13 elements.
Testing ushort2
Global: 349965, local 315, local buffer 16380b, global buffer 18198180b, each work group will copy 4095 elements and each work item item will copy 13 elements.
Testing ushort3
Global: 174427, local 157, local buffer 16328b, global buffer 18140408b, each work group will copy 2041 elements and each work item item will copy 13 elements.
Testing ushort4
Global: 174427, local 157, local buffer 16328b, global buffer 18140408b, each work group will copy 2041 elements and each work item item will copy 13 elements.
Testing ushort8
Global: 86658, local 78, local buffer 16224b, global buffer 18024864b, each work group will copy 1014 elements and each work item item will copy 13 elements.
Testing ushort16
Global: 43329, local 39, local buffer 16224b, global buffer 18024864b, each work group will copy 507 elements and each work item item will copy 13 elements.
Testing int
Global: 349965, local 315, local buffer 16380b, global buffer 18198180b, each work group will copy 4095 elements and each work item item will copy 13 elements.
Testing int2
Global: 174427, local 157, local buffer 16328b, global buffer 18140408b, each work group will copy 2041 elements and each work item item will copy 13 elements.
Testing int3
Global: 86658, local 78, local buffer 16224b, global buffer 18024864b, each work group will copy 1014 elements and each work item item will copy 13 elements.
Testing int4
Global: 86658, local 78, local buffer 16224b, global buffer 18024864b, each work group will copy 1014 elements and each work item item will copy 13 elements.
Testing int8
Global: 43329, local 39, local buffer 16224b, global buffer 18024864b, each work group will copy 507 elements and each work item item will copy 13 elements.
Testing int16
Global: 21109, local 19, local buffer 15808b, global buffer 17562688b, each work group will copy 247 elements and each work item item will copy 13 elements.
Testing uint
Global: 349965, local 315, local buffer 16380b, global buffer 18198180b, each work group will copy 4095 elements and each work item item will copy 13 elements.
Testing uint2
Global: 174427, local 157, local buffer 16328b, global buffer 18140408b, each work group will copy 2041 elements and each work item item will copy 13 elements.
Testing uint3
Global: 86658, local 78, local buffer 16224b, global buffer 18024864b, each work group will copy 1014 elements and each work item item will copy 13 elements.
Testing uint4
Global: 86658, local 78, local buffer 16224b, global buffer 18024864b, each work group will copy 1014 elements and each work item item will copy 13 elements.
Testing uint8
Global: 43329, local 39, local buffer 16224b, global buffer 18024864b, each work group will copy 507 elements and each work item item will copy 13 elements.
Testing uint16
Global: 21109, local 19, local buffer 15808b, global buffer 17562688b, each work group will copy 247 elements and each work item item will copy 13 elements.
Testing long
Global: 174427, local 157, local buffer 16328b, global buffer 18140408b, each work group will copy 2041 elements and each work item item will copy 13 elements.
Testing long2
Global: 86658, local 78, local buffer 16224b, global buffer 18024864b, each work group will copy 1014 elements and each work item item will copy 13 elements.
Testing long3
Global: 43329, local 39, local buffer 16224b, global buffer 18024864b, each work group will copy 507 elements and each work item item will copy 13 elements.
Testing long4
Global: 43329, local 39, local buffer 16224b, global buffer 18024864b, each work group will copy 507 elements and each work item item will copy 13 elements.
Testing long8
Global: 21109, local 19, local buffer 15808b, global buffer 17562688b, each work group will copy 247 elements and each work item item will copy 13 elements.
Testing long16
Global: 9999, local 9, local buffer 14976b, global buffer 16638336b, each work group will copy 117 elements and each work item item will copy 13 elements.
Testing ulong
Global: 174427, local 157, local buffer 16328b, global buffer 18140408b, each work group will copy 2041 elements and each work item item will copy 13 elements.
Testing ulong2
Global: 86658, local 78, local buffer 16224b, global buffer 18024864b, each work group will copy 1014 elements and each work item item will copy 13 elements.
Testing ulong3
Global: 43329, local 39, local buffer 16224b, global buffer 18024864b, each work group will copy 507 elements and each work item item will copy 13 elements.
Testing ulong4
Global: 43329, local 39, local buffer 16224b, global buffer 18024864b, each work group will copy 507 elements and each work item item will copy 13 elements.
Testing ulong8
Global: 21109, local 19, local buffer 15808b, global buffer 17562688b, each work group will copy 247 elements and each work item item will copy 13 elements.
Testing ulong16
Global: 9999, local 9, local buffer 14976b, global buffer 16638336b, each work group will copy 117 elements and each work item item will copy 13 elements.
Testing float
Global: 349965, local 315, local buffer 16380b, global buffer 18198180b, each work group will copy 4095 elements and each work item item will copy 13 elements.
Testing float2
Global: 174427, local 157, local buffer 16328b, global buffer 18140408b, each work group will copy 2041 elements and each work item item will copy 13 elements.
Testing float3
Global: 86658, local 78, local buffer 16224b, global buffer 18024864b, each work group will copy 1014 elements and each work item item will copy 13 elements.
Testing float4
Global: 86658, local 78, local buffer 16224b, global buffer 18024864b, each work group will copy 1014 elements and each work item item will copy 13 elements.
Testing float8
Global: 43329, local 39, local buffer 16224b, global buffer 18024864b, each work group will copy 507 elements and each work item item will copy 13 elements.
Testing float16
Global: 21109, local 19, local buffer 15808b, global buffer 17562688b, each work group will copy 247 elements and each work item item will copy 13 elements.
Testing half
Global: 699930, local 630, local buffer 16380b, global buffer 18198180b, each work group will copy 8190 elements and each work item item will copy 13 elements.
Testing half2
Global: 349965, local 315, local buffer 16380b, global buffer 18198180b, each work group will copy 4095 elements and each work item item will copy 13 elements.
Testing half3
Global: 174427, local 157, local buffer 16328b, global buffer 18140408b, each work group will copy 2041 elements and each work item item will copy 13 elements.
Testing half4
Global: 174427, local 157, local buffer 16328b, global buffer 18140408b, each work group will copy 2041 elements and each work item item will copy 13 elements.
Testing half8
Global: 86658, local 78, local buffer 16224b, global buffer 18024864b, each work group will copy 1014 elements and each work item item will copy 13 elements.
Testing half16
Global: 43329, local 39, local buffer 16224b, global buffer 18024864b, each work group will copy 507 elements and each work item item will copy 13 elements.
async_copy_local_to_global passed
prefetch...
Testing char
Global: 1137664, local 1024, local buffer 13312b, global buffer 14789632b, each work group will copy 13312 elements and each work item item will copy 13 elements.
Testing char2
Global: 699930, local 630, local buffer 16380b, global buffer 18198180b, each work group will copy 8190 elements and each work item item will copy 13 elements.
Testing char3
Global: 349965, local 315, local buffer 16380b, global buffer 18198180b, each work group will copy 4095 elements and each work item item will copy 13 elements.
Testing char4
Global: 349965, local 315, local buffer 16380b, global buffer 18198180b, each work group will copy 4095 elements and each work item item will copy 13 elements.
Testing char8
Global: 174427, local 157, local buffer 16328b, global buffer 18140408b, each work group will copy 2041 elements and each work item item will copy 13 elements.
Testing char16
Global: 86658, local 78, local buffer 16224b, global buffer 18024864b, each work group will copy 1014 elements and each work item item will copy 13 elements.
Testing uchar
Global: 1137664, local 1024, local buffer 13312b, global buffer 14789632b, each work group will copy 13312 elements and each work item item will copy 13 elements.
Testing uchar2
Global: 699930, local 630, local buffer 16380b, global buffer 18198180b, each work group will copy 8190 elements and each work item item will copy 13 elements.
Testing uchar3
Global: 349965, local 315, local buffer 16380b, global buffer 18198180b, each work group will copy 4095 elements and each work item item will copy 13 elements.
Testing uchar4
Global: 349965, local 315, local buffer 16380b, global buffer 18198180b, each work group will copy 4095 elements and each work item item will copy 13 elements.
Testing uchar8
Global: 174427, local 157, local buffer 16328b, global buffer 18140408b, each work group will copy 2041 elements and each work item item will copy 13 elements.
Testing uchar16
Global: 86658, local 78, local buffer 16224b, global buffer 18024864b, each work group will copy 1014 elements and each work item item will copy 13 elements.
Testing short
Global: 699930, local 630, local buffer 16380b, global buffer 18198180b, each work group will copy 8190 elements and each work item item will copy 13 elements.
Testing short2
Global: 349965, local 315, local buffer 16380b, global buffer 18198180b, each work group will copy 4095 elements and each work item item will copy 13 elements.
Testing short3
Global: 174427, local 157, local buffer 16328b, global buffer 18140408b, each work group will copy 2041 elements and each work item item will copy 13 elements.
Testing short4
Global: 174427, local 157, local buffer 16328b, global buffer 18140408b, each work group will copy 2041 elements and each work item item will copy 13 elements.
Testing short8
Global: 86658, local 78, local buffer 16224b, global buffer 18024864b, each work group will copy 1014 elements and each work item item will copy 13 elements.
Testing short16
Global: 43329, local 39, local buffer 16224b, global buffer 18024864b, each work group will copy 507 elements and each work item item will copy 13 elements.
Testing ushort
Global: 699930, local 630, local buffer 16380b, global buffer 18198180b, each work group will copy 8190 elements and each work item item will copy 13 elements.
Testing ushort2
Global: 349965, local 315, local buffer 16380b, global buffer 18198180b, each work group will copy 4095 elements and each work item item will copy 13 elements.
Testing ushort3
Global: 174427, local 157, local buffer 16328b, global buffer 18140408b, each work group will copy 2041 elements and each work item item will copy 13 elements.
Testing ushort4
Global: 174427, local 157, local buffer 16328b, global buffer 18140408b, each work group will copy 2041 elements and each work item item will copy 13 elements.
Testing ushort8
Global: 86658, local 78, local buffer 16224b, global buffer 18024864b, each work group will copy 1014 elements and each work item item will copy 13 elements.
Testing ushort16
Global: 43329, local 39, local buffer 16224b, global buffer 18024864b, each work group will copy 507 elements and each work item item will copy 13 elements.
Testing int
Global: 349965, local 315, local buffer 16380b, global buffer 18198180b, each work group will copy 4095 elements and each work item item will copy 13 elements.
Testing int2
Global: 174427, local 157, local buffer 16328b, global buffer 18140408b, each work group will copy 2041 elements and each work item item will copy 13 elements.
Testing int3
Global: 86658, local 78, local buffer 16224b, global buffer 18024864b, each work group will copy 1014 elements and each work item item will copy 13 elements.
Testing int4
Global: 86658, local 78, local buffer 16224b, global buffer 18024864b, each work group will copy 1014 elements and each work item item will copy 13 elements.
Testing int8
Global: 43329, local 39, local buffer 16224b, global buffer 18024864b, each work group will copy 507 elements and each work item item will copy 13 elements.
Testing int16
Global: 21109, local 19, local buffer 15808b, global buffer 17562688b, each work group will copy 247 elements and each work item item will copy 13 elements.
Testing uint
Global: 349965, local 315, local buffer 16380b, global buffer 18198180b, each work group will copy 4095 elements and each work item item will copy 13 elements.
Testing uint2
Global: 174427, local 157, local buffer 16328b, global buffer 18140408b, each work group will copy 2041 elements and each work item item will copy 13 elements.
Testing uint3
Global: 86658, local 78, local buffer 16224b, global buffer 18024864b, each work group will copy 1014 elements and each work item item will copy 13 elements.
Testing uint4
Global: 86658, local 78, local buffer 16224b, global buffer 18024864b, each work group will copy 1014 elements and each work item item will copy 13 elements.
Testing uint8
Global: 43329, local 39, local buffer 16224b, global buffer 18024864b, each work group will copy 507 elements and each work item item will copy 13 elements.
Testing uint16
Global: 21109, local 19, local buffer 15808b, global buffer 17562688b, each work group will copy 247 elements and each work item item will copy 13 elements.
Testing long
Global: 174427, local 157, local buffer 16328b, global buffer 18140408b, each work group will copy 2041 elements and each work item item will copy 13 elements.
Testing long2
Global: 86658, local 78, local buffer 16224b, global buffer 18024864b, each work group will copy 1014 elements and each work item item will copy 13 elements.
Testing long3
Global: 43329, local 39, local buffer 16224b, global buffer 18024864b, each work group will copy 507 elements and each work item item will copy 13 elements.
Testing long4
Global: 43329, local 39, local buffer 16224b, global buffer 18024864b, each work group will copy 507 elements and each work item item will copy 13 elements.
Testing long8
Global: 21109, local 19, local buffer 15808b, global buffer 17562688b, each work group will copy 247 elements and each work item item will copy 13 elements.
Testing long16
Global: 9999, local 9, local buffer 14976b, global buffer 16638336b, each work group will copy 117 elements and each work item item will copy 13 elements.
Testing ulong
Global: 174427, local 157, local buffer 16328b, global buffer 18140408b, each work group will copy 2041 elements and each work item item will copy 13 elements.
Testing ulong2
Global: 86658, local 78, local buffer 16224b, global buffer 18024864b, each work group will copy 1014 elements and each work item item will copy 13 elements.
Testing ulong3
Global: 43329, local 39, local buffer 16224b, global buffer 18024864b, each work group will copy 507 elements and each work item item will copy 13 elements.
Testing ulong4
Global: 43329, local 39, local buffer 16224b, global buffer 18024864b, each work group will copy 507 elements and each work item item will copy 13 elements.
Testing ulong8
Global: 21109, local 19, local buffer 15808b, global buffer 17562688b, each work group will copy 247 elements and each work item item will copy 13 elements.
Testing ulong16
Global: 9999, local 9, local buffer 14976b, global buffer 16638336b, each work group will copy 117 elements and each work item item will copy 13 elements.
Testing float
Global: 349965, local 315, local buffer 16380b, global buffer 18198180b, each work group will copy 4095 elements and each work item item will copy 13 elements.
Testing float2
Global: 174427, local 157, local buffer 16328b, global buffer 18140408b, each work group will copy 2041 elements and each work item item will copy 13 elements.
Testing float3
Global: 86658, local 78, local buffer 16224b, global buffer 18024864b, each work group will copy 1014 elements and each work item item will copy 13 elements.
Testing float4
Global: 86658, local 78, local buffer 16224b, global buffer 18024864b, each work group will copy 1014 elements and each work item item will copy 13 elements.
Testing float8
Global: 43329, local 39, local buffer 16224b, global buffer 18024864b, each work group will copy 507 elements and each work item item will copy 13 elements.
Testing float16
Global: 21109, local 19, local buffer 15808b, global buffer 17562688b, each work group will copy 247 elements and each work item item will copy 13 elements.
Testing half
Global: 699930, local 630, local buffer 16380b, global buffer 18198180b, each work group will copy 8190 elements and each work item item will copy 13 elements.
Testing half2
Global: 349965, local 315, local buffer 16380b, global buffer 18198180b, each work group will copy 4095 elements and each work item item will copy 13 elements.
Testing half3
Global: 174427, local 157, local buffer 16328b, global buffer 18140408b, each work group will copy 2041 elements and each work item item will copy 13 elements.
Testing half4
Global: 174427, local 157, local buffer 16328b, global buffer 18140408b, each work group will copy 2041 elements and each work item item will copy 13 elements.
Testing half8
Global: 86658, local 78, local buffer 16224b, global buffer 18024864b, each work group will copy 1014 elements and each work item item will copy 13 elements.
Testing half16
Global: 43329, local 39, local buffer 16224b, global buffer 18024864b, each work group will copy 507 elements and each work item item will copy 13 elements.
prefetch passed
async_copy_global_to_local2D...
Device does not support extended async copies. Skipping test.
async_copy_global_to_local2D passed
async_copy_local_to_global2D...
Device does not support extended async copies. Skipping test.
async_copy_local_to_global2D passed
async_copy_global_to_local3D...
Device does not support extended async copies. Skipping test.
async_copy_global_to_local3D passed
async_copy_local_to_global3D...
Device does not support extended async copies. Skipping test.
async_copy_local_to_global3D passed
async_work_group_copy_fence_import_after_export_aliased_local...
Device does not support extended async copies fence. Skipping test.
async_work_group_copy_fence_import_after_export_aliased_local passed
async_work_group_copy_fence_import_after_export_aliased_global...
Device does not support extended async copies fence. Skipping test.
async_work_group_copy_fence_import_after_export_aliased_global passed
async_work_group_copy_fence_import_after_export_aliased_global_and_local...
Device does not support extended async copies fence. Skipping test.
async_work_group_copy_fence_import_after_export_aliased_global_and_local passed
async_work_group_copy_fence_export_after_import_aliased_local...
Device does not support extended async copies fence. Skipping test.
async_work_group_copy_fence_export_after_import_aliased_local passed
async_work_group_copy_fence_export_after_import_aliased_global...
Device does not support extended async copies fence. Skipping test.
async_work_group_copy_fence_export_after_import_aliased_global passed
async_work_group_copy_fence_export_after_import_aliased_global_and_local...
Device does not support extended async copies fence. Skipping test.
async_work_group_copy_fence_export_after_import_aliased_global_and_local passed
sizeof...
	CL_DEVICE_ADDRESS_BITS = 64
            char           uchar   unsigned char           short          ushort  unsigned short             int            uint    unsigned int           float            long           ulong   unsigned long
           char2          uchar2          short2         ushort2            int2           uint2          float2           long2          ulong2
           char4          uchar4          short4         ushort4            int4           uint4          float4           long4          ulong4
           char8          uchar8          short8         ushort8            int8           uint8          float8           long8          ulong8
          char16         uchar16         short16        ushort16           int16          uint16         float16          long16         ulong16
    global void*          size_t     sizeof(int)       ptrdiff_t        intptr_t       uintptr_t
         event_t       image2d_t       image3d_t       sampler_t
	cl_khr_fp16:            half           half2           half4           half8          half16
sizeof passed
vector_creation...
Testing char.
Testing char2...
	Executing vector permutations 0 to 1...
Testing char3...
	Executing vector permutations 0 to 3...
Testing char4...
	Executing vector permutations 0 to 7...
Testing char8...
	Executing vector permutations 0 to 52...
Testing char16...
Code size greater than 32kB; splitting test into multiple kernels.
	Executing vector permutations 0 to 273...
	Executing vector permutations 274 to 543...
	Executing vector permutations 544 to 801...
Testing uchar.
Testing uchar2...
	Executing vector permutations 0 to 1...
Testing uchar3...
	Executing vector permutations 0 to 3...
Testing uchar4...
	Executing vector permutations 0 to 7...
Testing uchar8...
	Executing vector permutations 0 to 52...
Testing uchar16...
Code size greater than 32kB; splitting test into multiple kernels.
	Executing vector permutations 0 to 271...
	Executing vector permutations 272 to 539...
	Executing vector permutations 540 to 801...
Testing short.
Testing short2...
	Executing vector permutations 0 to 1...
Testing short3...
	Executing vector permutations 0 to 3...
Testing short4...
	Executing vector permutations 0 to 7...
Testing short8...
	Executing vector permutations 0 to 52...
Testing short16...
Code size greater than 32kB; splitting test into multiple kernels.
	Executing vector permutations 0 to 271...
	Executing vector permutations 272 to 539...
	Executing vector permutations 540 to 801...
Testing ushort.
Testing ushort2...
	Executing vector permutations 0 to 1...
Testing ushort3...
	Executing vector permutations 0 to 3...
Testing ushort4...
	Executing vector permutations 0 to 7...
Testing ushort8...
	Executing vector permutations 0 to 52...
Testing ushort16...
Code size greater than 32kB; splitting test into multiple kernels.
	Executing vector permutations 0 to 269...
	Executing vector permutations 270 to 535...
	Executing vector permutations 536 to 801...
Testing int.
Testing int2...
	Executing vector permutations 0 to 1...
Testing int3...
	Executing vector permutations 0 to 3...
Testing int4...
	Executing vector permutations 0 to 7...
Testing int8...
	Executing vector permutations 0 to 52...
Testing int16...
Code size greater than 32kB; splitting test into multiple kernels.
	Executing vector permutations 0 to 276...
	Executing vector permutations 277 to 547...
	Executing vector permutations 548 to 801...
Testing uint.
Testing uint2...
	Executing vector permutations 0 to 1...
Testing uint3...
	Executing vector permutations 0 to 3...
Testing uint4...
	Executing vector permutations 0 to 7...
Testing uint8...
	Executing vector permutations 0 to 52...
Testing uint16...
Code size greater than 32kB; splitting test into multiple kernels.
	Executing vector permutations 0 to 273...
	Executing vector permutations 274 to 543...
	Executing vector permutations 544 to 801...
Testing long.
Testing long2...
	Executing vector permutations 0 to 1...
Testing long3...
	Executing vector permutations 0 to 3...
Testing long4...
	Executing vector permutations 0 to 7...
Testing long8...
	Executing vector permutations 0 to 52...
Testing long16...
Code size greater than 32kB; splitting test into multiple kernels.
	Executing vector permutations 0 to 273...
	Executing vector permutations 274 to 543...
	Executing vector permutations 544 to 801...
Testing ulong.
Testing ulong2...
	Executing vector permutations 0 to 1...
Testing ulong3...
	Executing vector permutations 0 to 3...
Testing ulong4...
	Executing vector permutations 0 to 7...
Testing ulong8...
	Executing vector permutations 0 to 52...
Testing ulong16...
Code size greater than 32kB; splitting test into multiple kernels.
	Executing vector permutations 0 to 271...
	Executing vector permutations 272 to 539...
	Executing vector permutations 540 to 801...
Testing float.
Testing float2...
	Executing vector permutations 0 to 1...
Testing float3...
	Executing vector permutations 0 to 3...
Testing float4...
	Executing vector permutations 0 to 7...
Testing float8...
	Executing vector permutations 0 to 52...
Testing float16...
Code size greater than 32kB; splitting test into multiple kernels.
	Executing vector permutations 0 to 271...
	Executing vector permutations 272 to 539...
	Executing vector permutations 540 to 801...
Testing half.
Testing half2...
	Executing vector permutations 0 to 1...
Testing half3...
	Executing vector permutations 0 to 3...
Testing half4...
	Executing vector permutations 0 to 7...
Testing half8...
	Executing vector permutations 0 to 52...
Testing half16...
Code size greater than 32kB; splitting test into multiple kernels.
	Executing vector permutations 0 to 273...
	Executing vector permutations 274 to 542...
	Executing vector permutations 543 to 801...
Extension cl_khr_fp64 not supported; skipping double tests.
vector_creation passed
vector_swizzle...
    testing type char2
    testing type char3
    testing type char4
    testing type char8
    testing type char16
    testing type uchar2
    testing type uchar3
    testing type uchar4
    testing type uchar8
    testing type uchar16
    testing type short2
    testing type short3
    testing type short4
    testing type short8
    testing type short16
    testing type ushort2
    testing type ushort3
    testing type ushort4
    testing type ushort8
    testing type ushort16
    testing type int2
    testing type int3
    testing type int4
    testing type int8
    testing type int16
    testing type uint2
    testing type uint3
    testing type uint4
    testing type uint8
    testing type uint16
    testing type long2
    testing type long3
    testing type long4
    testing type long8
    testing type long16
    testing type ulong2
    testing type ulong3
    testing type ulong4
    testing type ulong8
    testing type ulong16
    testing type float2
    testing type float3
    testing type float4
    testing type float8
    testing type float16
    testing type half2
    testing type half3
    testing type half4
    testing type half8
    testing type half16
vector_swizzle passed
vec_type_hint...
Testing __attribute__((vec_type_hint(char))...
Testing __attribute__((vec_type_hint(char2))...
Testing __attribute__((vec_type_hint(char4))...
Testing __attribute__((vec_type_hint(char8))...
Testing __attribute__((vec_type_hint(char16))...
Testing __attribute__((vec_type_hint(uchar))...
Testing __attribute__((vec_type_hint(uchar2))...
Testing __attribute__((vec_type_hint(uchar4))...
Testing __attribute__((vec_type_hint(uchar8))...
Testing __attribute__((vec_type_hint(uchar16))...
Testing __attribute__((vec_type_hint(short))...
Testing __attribute__((vec_type_hint(short2))...
Testing __attribute__((vec_type_hint(short4))...
Testing __attribute__((vec_type_hint(short8))...
Testing __attribute__((vec_type_hint(short16))...
Testing __attribute__((vec_type_hint(ushort))...
Testing __attribute__((vec_type_hint(ushort2))...
Testing __attribute__((vec_type_hint(ushort4))...
Testing __attribute__((vec_type_hint(ushort8))...
Testing __attribute__((vec_type_hint(ushort16))...
Testing __attribute__((vec_type_hint(int))...
Testing __attribute__((vec_type_hint(int2))...
Testing __attribute__((vec_type_hint(int4))...
Testing __attribute__((vec_type_hint(int8))...
Testing __attribute__((vec_type_hint(int16))...
Testing __attribute__((vec_type_hint(uint))...
Testing __attribute__((vec_type_hint(uint2))...
Testing __attribute__((vec_type_hint(uint4))...
Testing __attribute__((vec_type_hint(uint8))...
Testing __attribute__((vec_type_hint(uint16))...
Testing __attribute__((vec_type_hint(long))...
Testing __attribute__((vec_type_hint(long2))...
Testing __attribute__((vec_type_hint(long4))...
Testing __attribute__((vec_type_hint(long8))...
Testing __attribute__((vec_type_hint(long16))...
Testing __attribute__((vec_type_hint(ulong))...
Testing __attribute__((vec_type_hint(ulong2))...
Testing __attribute__((vec_type_hint(ulong4))...
Testing __attribute__((vec_type_hint(ulong8))...
Testing __attribute__((vec_type_hint(ulong16))...
Testing __attribute__((vec_type_hint(float))...
Testing __attribute__((vec_type_hint(float2))...
Testing __attribute__((vec_type_hint(float4))...
Testing __attribute__((vec_type_hint(float8))...
Testing __attribute__((vec_type_hint(float16))...
Testing __attribute__((vec_type_hint(half))...
Testing __attribute__((vec_type_hint(half2))...
Testing __attribute__((vec_type_hint(half4))...
Testing __attribute__((vec_type_hint(half8))...
Testing __attribute__((vec_type_hint(half16))...
Extension cl_khr_fp64 not supported; skipping double tests.
vec_type_hint passed
host_numeric_constants...
	CL_CHAR_BIT: CL_CHAR_BIT = 8
	CL_SCHAR_MAX: CL_SCHAR_MAX = 127
	CL_SCHAR_MIN: CL_SCHAR_MIN = (-127-1)
	CL_CHAR_MAX: CL_CHAR_MAX = CL_SCHAR_MAX
	CL_CHAR_MIN: CL_CHAR_MIN = CL_SCHAR_MIN
	CL_UCHAR_MAX: CL_UCHAR_MAX = 255
	CL_SHRT_MAX: CL_SHRT_MAX = 32767
	CL_SHRT_MIN: CL_SHRT_MIN = (-32767-1)
	CL_USHRT_MAX: CL_USHRT_MAX = 65535
	CL_INT_MAX: CL_INT_MAX = 2147483647
	CL_INT_MIN: CL_INT_MIN = (-2147483647-1)
	CL_UINT_MAX: CL_UINT_MAX = 0xffffffffU
	CL_LONG_MAX: CL_LONG_MAX = ((cl_long) 0x7FFFFFFFFFFFFFFFLL)
	CL_LONG_MIN: CL_LONG_MIN = ((cl_long) -0x7FFFFFFFFFFFFFFFLL - 1LL)
	CL_ULONG_MAX: CL_ULONG_MAX = ((cl_ulong) 0xFFFFFFFFFFFFFFFFULL)
	CL_FLT_DIG: CL_FLT_DIG = 6
	CL_FLT_MANT_DIG: CL_FLT_MANT_DIG = 24
	CL_FLT_MAX_10_EXP: CL_FLT_MAX_10_EXP = +38
	CL_FLT_MAX_EXP: CL_FLT_MAX_EXP = +128
	CL_FLT_MIN_10_EXP: CL_FLT_MIN_10_EXP = -37
	CL_FLT_MIN_EXP: CL_FLT_MIN_EXP = -125
	CL_FLT_RADIX: CL_FLT_RADIX = 2
	CL_FLT_MAX: CL_FLT_MAX = MAKE_HEX_FLOAT( 0x1.fffffep127f, 0x1fffffeL, 103)
	CL_FLT_MIN: CL_FLT_MIN = MAKE_HEX_FLOAT(0x1.0p-126f, 0x1L, -126)
	CL_FLT_EPSILON: CL_FLT_EPSILON = MAKE_HEX_FLOAT(0x1.0p-23f, 0x1L, -23)
	CL_HALF_DIG: CL_HALF_DIG = 3
	CL_HALF_MANT_DIG: CL_HALF_MANT_DIG = 11
	CL_HALF_MAX_10_EXP: CL_HALF_MAX_10_EXP = +4
	CL_HALF_MAX_EXP: CL_HALF_MAX_EXP = +16
	CL_HALF_MIN_10_EXP: CL_HALF_MIN_10_EXP = -4
	CL_HALF_MIN_EXP: CL_HALF_MIN_EXP = -13
	CL_HALF_RADIX: CL_HALF_RADIX = 2
	CL_HALF_MAX: CL_HALF_MAX = 65504.0f
	CL_HALF_MIN: CL_HALF_MIN = 0x1.0p-14f
	CL_HALF_EPSILON: CL_HALF_EPSILON = 0x1.0p-10f
	CL_DBL_DIG: CL_DBL_DIG = 15
	CL_DBL_MANT_DIG: CL_DBL_MANT_DIG = 53
	CL_DBL_MAX_10_EXP: CL_DBL_MAX_10_EXP = +308
	CL_DBL_MAX_EXP: CL_DBL_MAX_EXP = +1024
	CL_DBL_MIN_10_EXP: CL_DBL_MIN_10_EXP = -307
	CL_DBL_MIN_EXP: CL_DBL_MIN_EXP = -1021
	CL_DBL_RADIX: CL_DBL_RADIX = 2
	CL_DBL_MAX: CL_DBL_MAX = 0x1.fffffffffffffp+1023  (1.79769313486231570815e+308)
	CL_DBL_MIN: CL_DBL_MIN = 0x1p-1022  (2.22507385850720138309e-308)
	CL_DBL_EPSILON: CL_DBL_EPSILON = 0x1p-52  (2.22044604925031308085e-16)
	CL_M_E: CL_M_E = 0x1.5bf0a8b145769p+1  (2.7182818284590450908)
	CL_M_LOG2E: CL_M_LOG2E = 0x1.71547652b82fep+0  (1.442695040888963387)
	CL_M_LOG10E: CL_M_LOG10E = 0x1.bcb7b1526e50ep-2  (0.434294481903251816668)
	CL_M_LN2: CL_M_LN2 = 0x1.62e42fefa39efp-1  (0.693147180559945286227)
	CL_M_LN10: CL_M_LN10 = 0x1.26bb1bbb55516p+1  (2.30258509299404590109)
	CL_M_PI: CL_M_PI = 0x1.921fb54442d18p+1  (3.141592653589793116)
	CL_M_PI_2: CL_M_PI_2 = 0x1.921fb54442d18p+0  (1.570796326794896558)
	CL_M_PI_4: CL_M_PI_4 = 0x1.921fb54442d18p-1  (0.785398163397448278999)
	CL_M_1_PI: CL_M_1_PI = 0x1.45f306dc9c883p-2  (0.318309886183790691216)
	CL_M_2_PI: CL_M_2_PI = 0x1.45f306dc9c883p-1  (0.636619772367581382433)
	CL_M_2_SQRTPI: CL_M_2_SQRTPI = 0x1.20dd750429b6dp+0  (1.12837916709551255856)
	CL_M_SQRT2: CL_M_SQRT2 = 0x1.6a09e667f3bcdp+0  (1.41421356237309514547)
	CL_M_SQRT1_2: CL_M_SQRT1_2 = 0x1.6a09e667f3bcdp-1  (0.707106781186547572737)
	CL_M_E_F: CL_M_E_F = 0x1.5bf0a8p+1  (2.71828174591064453125)
	CL_M_LOG2E_F: CL_M_LOG2E_F = 0x1.715476p+0  (1.44269502162933349609)
	CL_M_LOG10E_F: CL_M_LOG10E_F = 0x1.bcb7b2p-2  (0.434294492006301879883)
	CL_M_LN2_F: CL_M_LN2_F = 0x1.62e43p-1  (0.693147182464599609375)
	CL_M_LN10_F: CL_M_LN10_F = 0x1.26bb1cp+1  (2.30258512496948242188)
	CL_M_PI_F: CL_M_PI_F = 0x1.921fb6p+1  (3.14159274101257324219)
	CL_M_PI_2_F: CL_M_PI_2_F = 0x1.921fb6p+0  (1.57079637050628662109)
	CL_M_PI_4_F: CL_M_PI_4_F = 0x1.921fb6p-1  (0.785398185253143310547)
	CL_M_1_PI_F: CL_M_1_PI_F = 0x1.45f306p-2  (0.318309873342514038086)
	CL_M_2_PI_F: CL_M_2_PI_F = 0x1.45f306p-1  (0.636619746685028076172)
	CL_M_2_SQRTPI_F: CL_M_2_SQRTPI_F = 0x1.20dd76p+0  (1.12837922573089599609)
	CL_M_SQRT2_F: CL_M_SQRT2_F = 0x1.6a09e6p+0  (1.41421353816986083984)
	CL_M_SQRT1_2_F: CL_M_SQRT1_2_F = 0x1.6a09e6p-1  (0.707106769084930419922)
	CL_NAN: std::isnan(CL_NAN) = 1
	CL_HUGE_VALF: (std::isinf(CL_HUGE_VALF) && CL_HUGE_VALF > 0) = 1
	CL_HUGE_VAL: (std::isinf(CL_HUGE_VAL) && CL_HUGE_VAL > 0) = 1
	CL_MAXFLOAT: CL_MAXFLOAT = CL_FLT_MAX
	CL_INFINITY: (std::isinf(CL_INFINITY) && CL_INFINITY > 0) = 1
host_numeric_constants passed
kernel_numeric_constants...
	CHAR_BIT: int_out[0] = 8
	SCHAR_MAX: int_out[1] = 127
	SCHAR_MIN: int_out[2] = (-127-1)
	CHAR_MAX: int_out[3] = CL_SCHAR_MAX
	CHAR_MIN: int_out[4] = CL_SCHAR_MIN
	UCHAR_MAX: int_out[5] = 255
	SHRT_MAX: int_out[6] = 32767
	SHRT_MIN: int_out[7] = (-32767-1)
	USHRT_MAX: int_out[8] = 65535
	INT_MAX: int_out[9] = 2147483647
	INT_MIN: int_out[10] = (-2147483647-1)
	UINT_MAX: uint_out[0] = 0xffffffffU
	FLT_DIG: int_out[11] = 6
	FLT_MANT_DIG: int_out[12] = 24
	FLT_MAX_10_EXP: int_out[13] = +38
	FLT_MAX_EXP: int_out[14] = +128
	FLT_MIN_10_EXP: int_out[15] = -37
	FLT_MIN_EXP: int_out[16] = -125
	FLT_RADIX: int_out[17] = 2
	FLT_MAX: float_out[0] = 0x1.fffffep+127  (3.40282346638528859812e+38)
	FLT_MIN: float_out[1] = 0x1p-126  (1.17549435082228750797e-38)
	FLT_EPSILON: float_out[2] = 0x1p-23  (1.1920928955078125e-07)
	M_E_F: float_out[3] = 0x1.5bf0a8p+1  (2.71828174591064453125)
	M_LOG2E_F: float_out[4] = 0x1.715476p+0  (1.44269502162933349609)
	M_LOG10E_F: float_out[5] = 0x1.bcb7b2p-2  (0.434294492006301879883)
	M_LN2_F: float_out[6] = 0x1.62e43p-1  (0.693147182464599609375)
	M_LN10_F: float_out[7] = 0x1.26bb1cp+1  (2.30258512496948242188)
	M_PI_F: float_out[8] = 0x1.921fb6p+1  (3.14159274101257324219)
	M_PI_2_F: float_out[9] = 0x1.921fb6p+0  (1.57079637050628662109)
	M_PI_4_F: float_out[10] = 0x1.921fb6p-1  (0.785398185253143310547)
	M_1_PI_F: float_out[11] = 0x1.45f306p-2  (0.318309873342514038086)
	M_2_PI_F: float_out[12] = 0x1.45f306p-1  (0.636619746685028076172)
	M_2_SQRTPI_F: float_out[13] = 0x1.20dd76p+0  (1.12837922573089599609)
	M_SQRT2_F: float_out[14] = 0x1.6a09e6p+0  (1.41421353816986083984)
	M_SQRT1_2_F: float_out[15] = 0x1.6a09e6p-1  (0.707106769084930419922)
	__IMAGE_SUPPORT__: 1
	HALF_DIG: int_out[0] = 3
	HALF_MANT_DIG: int_out[1] = 11
	HALF_MAX_10_EXP: int_out[2] = +4
	HALF_MAX_EXP: int_out[3] = +16
	HALF_MIN_10_EXP: int_out[4] = -4
	HALF_MIN_EXP: int_out[5] = -13
	HALF_RADIX: int_out[6] = 2
	HALF_MAX: half_out[0] = 0x7bff
	HALF_MIN: half_out[1] = 0x0400
	HALF_EPSILON: half_out[2] = 0x1400
	M_E_H: half_out[3] = 0x4170
	M_LOG2E_H: half_out[4] = 0x3dc5
	M_LOG10E_H: half_out[5] = 0x36f3
	M_LN2_H: half_out[6] = 0x398c
	M_LN10_H: half_out[7] = 0x409b
	M_PI_H: half_out[8] = 0x4248
	M_PI_2_H: half_out[9] = 0x3e48
	M_PI_4_H: half_out[10] = 0x3a48
	M_1_PI_H: half_out[11] = 0x3518
	M_2_PI_H: half_out[12] = 0x3918
	M_2_SQRTPI_H: half_out[13] = 0x3c83
	M_SQRT2_H: half_out[14] = 0x3da8
	M_SQRT1_2_H: half_out[15] = 0x39a8
	LONG_MAX: long_out[0] = ((cl_long) 0x7FFFFFFFFFFFFFFFLL)
	LONG_MIN: long_out[1] = ((cl_long) -0x7FFFFFFFFFFFFFFFLL - 1LL)
	ULONG_MAX: ulong_out[0] = ((cl_ulong) 0xFFFFFFFFFFFFFFFFULL)
Extension cl_khr_fp64 not supported; skipping double tests.
kernel_numeric_constants passed
kernel_limit_constants...
Note: Skipping double HUGE_VAL tests (doubles unsupported on device)
kernel_limit_constants passed
constant_source...
constant_source passed
bufferreadwriterect...
CL_DEVICE_MAX_MEM_ALLOC_SIZE = 2147483647 bytes.
Using maximum dimension      = 645.
Creating 8 pairs of random sized host and cl buffers.
Buffer[0] is (44,561,359) = 8 MB (truncated)
Buffer[1] is (263,353,177) = 15 MB (truncated)
Buffer[2] is (588,102,96) = 5 MB (truncated)
Buffer[3] is (362,126,75) = 3 MB (truncated)
Buffer[4] is (524,265,549) = 72 MB (truncated)
Buffer[5] is (477,367,187) = 31 MB (truncated)
Buffer[6] is (102,3,102) = 0 MB (truncated)
Buffer[7] is (524,351,539) = 94 MB (truncated)
Total size: 231 MB (truncated)
Initializing buffers
Initializing buffer 0
Initializing buffer 1
Initializing buffer 2
Initializing buffer 3
Initializing buffer 4
Initializing buffer 5
Initializing buffer 6
Initializing buffer 7
Executing 50 test operations selected at random.
0 Copy 6 offset (21,0,7) -> 3 offset (319,108,0) region (7x1x63 = 441)
Copy overlap reported, skipping copy buffer rect
1 Write 7 offset (214,86,308) -> 0 offset (3,264,6) region (6x189x219 = 248346)
2 Read 5 offset (77,134,59) -> 2 offset (22,37,41) region (335x16x3 = 16080)
3 Copy 5 offset (50,36,36) -> 5 offset (105,211,98) region (299x106x23 = 728962)
4 Read 5 offset (369,44,40) -> 4 offset (436,63,441) region (39x29x3 = 3393)
5 Write 3 offset (209,91,36) -> 0 offset (19,204,112) region (6x10x29 = 1740)
6 Read 1 offset (162,257,17) -> 2 offset (423,44,24) region (55x6x38 = 12540)
7 Write 6 offset (36,0,68) -> 7 offset (100,129,134) region (31x1x27 = 837)
8 Write 7 offset (41,139,27) -> 0 offset (36,49,9) region (5x146x90 = 65700)
9 Write 3 offset (113,25,20) -> 2 offset (276,1,19) region (15x19x44 = 12540)
10 Copy 0 offset (4,226,161) -> 6 offset (39,1,86) region (30x1x4 = 120)
11 Copy 0 offset (10,219,269) -> 6 offset (10,1,65) region (16x1x9 = 144)
12 Copy 2 offset (370,31,40) -> 2 offset (479,4,61) region (44x9x27 = 10692)
13 Copy 3 offset (9,77,10) -> 2 offset (256,26,13) region (202x34x14 = 96152)
Copy overlap reported, skipping copy buffer rect
14 Copy 7 offset (144,261,183) -> 1 offset (17,137,10) region (215x87x120 = 2244600)
15 Read 3 offset (44,51,54) -> 4 offset (274,15,110) region (150x72x11 = 118800)
16 Copy 1 offset (137,300,137) -> 3 offset (311,93,11) region (3x26x31 = 2418)
17 Write 2 offset (294,86,20) -> 0 offset (35,245,6) region (2x1x26 = 52)
18 Write 0 offset (2,284,226) -> 1 offset (2,288,141) region (40x30x11 = 13200)
19 Copy 0 offset (33,371,64) -> 1 offset (73,83,147) region (6x80x13 = 6240)
20 Write 5 offset (365,86,27) -> 5 offset (387,18,9) region (27x69x74 = 137862)
21 Copy 4 offset (268,221,332) -> 5 offset (113,210,80) region (5x16x13 = 1040)
22 Read 4 offset (374,41,146) -> 0 offset (16,324,133) region (2x73x26 = 3796)
23 Write 0 offset (17,507,54) -> 2 offset (356,13,18) region (24x41x73 = 71832)
24 Write 1 offset (54,33,132) -> 3 offset (168,97,65) region (7x7x4 = 196)
25 Write 0 offset (19,209,221) -> 1 offset (123,187,85) region (4x7x51 = 1428)
26 Read 5 offset (111,182,59) -> 4 offset (67,146,492) region (12x108x23 = 29808)
27 Copy 2 offset (105,10,32) -> 2 offset (421,44,25) region (111x20x7 = 15540)
CL ERROR: ~/Projects/apple-opencl/cts-src/test_conformance/basic/test_bufferreadwriterect.cpp 220: clEnqueueCopyBufferRect failed between 2 and 2
bufferreadwriterect FAILED
immutable_bufferreadwriterect...
CL_DEVICE_MAX_MEM_ALLOC_SIZE = 2147483647 bytes.
Using maximum dimension      = 645.
Creating 8 pairs of random sized host and cl buffers.
Buffer[0] is (44,561,359) = 8 MB (truncated)
Buffer[1] is (263,353,177) = 15 MB (truncated)
Buffer[2] is (588,102,96) = 5 MB (truncated)
Buffer[3] is (362,126,75) = 3 MB (truncated)
Buffer[4] is (524,265,549) = 72 MB (truncated)
Buffer[5] is (477,367,187) = 31 MB (truncated)
Buffer[6] is (102,3,102) = 0 MB (truncated)
Buffer[7] is (524,351,539) = 94 MB (truncated)
Total size: 231 MB (truncated)
Initializing buffers
Initializing buffer 0
Initializing buffer 1
Initializing buffer 2
Initializing buffer 3
Initializing buffer 4
Initializing buffer 5
Initializing buffer 6
Initializing buffer 7
Executing 50 test operations selected at random.
0 Copy 6 offset (21,0,7) -> 3 offset (319,108,0) region (7x1x63 = 441)
Copy overlap reported, skipping copy buffer rect
1 Copy 1 offset (228,241,126) -> 6 offset (81,0,67) region (5x1x6 = 30)
2 Copy 2 offset (216,54,28) -> 2 offset (56,14,17) region (226x31x3 = 21018)
3 Read 5 offset (226,95,8) -> 7 offset (30,318,208) region (119x6x164 = 117096)
4 Copy 0 offset (18,344,196) -> 5 offset (257,110,63) region (12x201x102 = 246024)
5 Copy 4 offset (180,4,476) -> 3 offset (77,34,11) region (55x74x2 = 8140)
6 Read 3 offset (111,69,23) -> 3 offset (105,46,9) region (113x35x48 = 189840)
7 Read 7 offset (51,25,207) -> 2 offset (2,88,73) region (230x3x16 = 11040)
8 Copy 5 offset (11,321,45) -> 4 offset (195,132,484) region (56x20x17 = 19040)
9 Write 6 offset (80,0,38) -> 1 offset (143,188,63) region (16x1x5 = 80)
10 Read 2 offset (395,62,43) -> 2 offset (553,15,61) region (9x7x4 = 252)
11 Write 2 offset (265,69,47) -> 1 offset (15,238,1) region (174x5x17 = 14790)
12 Write 1 offset (211,117,42) -> 7 offset (276,218,90) region (50x85x70 = 297500)
13 Write 3 offset (1,58,7) -> 4 offset (214,41,449) region (29x24x3 = 2088)
14 Read 4 offset (414,73,466) -> 1 offset (156,168,57) region (19x49x5 = 4655)
15 Read 0 offset (10,354,67) -> 7 offset (295,113,292) region (21x143x229 = 687687)
16 Write 1 offset (57,170,78) -> 7 offset (165,139,300) region (150x124x26 = 483600)
17 Copy 5 offset (406,169,131) -> 6 offset (8,0,63) region (9x1x29 = 261)
18 Read 1 offset (50,299,74) -> 7 offset (351,269,493) region (70x3x31 = 6510)
19 Copy 6 offset (39,1,22) -> 1 offset (40,43,33) region (55x1x35 = 1925)
Copy overlap reported, skipping copy buffer rect
20 Write 6 offset (2,1,3) -> 4 offset (187,48,234) region (84x1x12 = 1008)
21 Write 0 offset (34,74,224) -> 1 offset (225,266,22) region (7x84x4 = 2352)
22 Write 6 offset (24,0,14) -> 5 offset (234,84,146) region (30x1x9 = 270)
23 Copy 6 offset (14,1,94) -> 6 offset (6,1,82) region (28x1x2 = 56)
24 Read 4 offset (374,41,146) -> 0 offset (16,324,133) region (2x73x26 = 3796)
25 Write 0 offset (17,507,54) -> 2 offset (356,13,18) region (24x41x73 = 71832)
26 Copy 2 offset (526,14,54) -> 3 offset (228,86,3) region (51x27x32 = 44064)
27 Copy 7 offset (174,269,71) -> 3 offset (275,19,9) region (54x47x9 = 22842)
28 Write 0 offset (9,225,24) -> 7 offset (412,94,260) region (14x156x44 = 96096)
29 Copy 1 offset (126,334,14) -> 2 offset (59,38,38) region (106x15x39 = 62010)
30 Copy 4 offset (229,139,10) -> 0 offset (2,147,303) region (14x93x21 = 27342)
31 Copy 5 offset (387,91,46) -> 5 offset (304,269,137) region (85x11x8 = 7480)
32 Write 3 offset (51,77,58) -> 0 offset (5,511,228) region (11x17x8 = 1496)
33 Write 2 offset (4,91,48) -> 6 offset (71,0,3) region (29x1x3 = 87)
34 Write 7 offset (171,131,1) -> 0 offset (7,212,15) region (17x48x49 = 39984)
35 Copy 6 offset (76,0,19) -> 3 offset (151,16,12) region (15x1x55 = 825)
Copy overlap reported, skipping copy buffer rect
36 Copy 1 offset (216,237,105) -> 0 offset (21,165,53) region (7x112x52 = 40768)
37 Read 4 offset (57,254,453) -> 2 offset (278,77,52) region (265x3x12 = 9540)
38 Write 0 offset (23,328,139) -> 1 offset (5,79,56) region (5x156x33 = 25740)
39 Write 5 offset (96,135,11) -> 2 offset (49,70,45) region (1x5x30 = 150)
40 Copy 3 offset (97,91,1) -> 5 offset (96,36,81) region (239x11x54 = 141966)
41 Copy 5 offset (448,30,34) -> 7 offset (440,48,336) region (8x197x42 = 66192)
42 Copy 6 offset (13,0,41) -> 0 offset (10,38,290) region (1x1x3 = 3)
43 Copy 2 offset (135,41,7) -> 0 offset (13,504,193) region (4x22x33 = 2904)
44 Write 4 offset (42,188,347) -> 5 offset (178,171,47) region (285x56x108 = 1723680)
45 Write 1 offset (146,47,87) -> 5 offset (357,135,114) region (77x38x15 = 43890)
46 Copy 2 offset (241,48,27) -> 4 offset (77,140,451) region (298x7x38 = 79268)
47 Copy 5 offset (355,252,14) -> 7 offset (389,75,171) region (105x101x80 = 848400)
48 Write 4 offset (233,19,156) -> 4 offset (143,106,141) region (225x138x323 = 10029150)
49 Read 5 offset (252,127,160) -> 3 offset (18,66,3) region (69x11x3 = 2277)
Verify 0 offset (0,0,0) region (44x561x359)
Verify 1 offset (0,0,0) region (263x353x177)
Verify 2 offset (0,0,0) region (588x102x96)
Verify 3 offset (0,0,0) region (362x126x75)
Verify 4 offset (0,0,0) region (524x265x549)
Verify 5 offset (0,0,0) region (477x367x187)
Verify 6 offset (0,0,0) region (102x3x102)
Verify 7 offset (0,0,0) region (524x351x539)
RECT read, write test passed
immutable_bufferreadwriterect passed
async_strided_copy_global_to_local...
Testing char
Global: 592896, local 1024, local buffer 3072b, global buffer 1778688b, copy stride 1, each work group will copy 3072 elements and each work item item will copy 3 elements.
Testing char
Global: 592896, local 1024, local buffer 3072b, global buffer 5336064b, copy stride 3, each work group will copy 3072 elements and each work item item will copy 3 elements.
Testing char
Global: 592896, local 1024, local buffer 3072b, global buffer 7114752b, copy stride 4, each work group will copy 3072 elements and each work item item will copy 3 elements.
Testing char
Global: 592896, local 1024, local buffer 3072b, global buffer 8893440b, copy stride 5, each work group will copy 3072 elements and each work item item will copy 3 elements.
Testing char2
Global: 592896, local 1024, local buffer 6144b, global buffer 3557376b, copy stride 1, each work group will copy 3072 elements and each work item item will copy 3 elements.
Testing char2
Global: 592896, local 1024, local buffer 6144b, global buffer 10672128b, copy stride 3, each work group will copy 3072 elements and each work item item will copy 3 elements.
Testing char2
Global: 592896, local 1024, local buffer 6144b, global buffer 14229504b, copy stride 4, each work group will copy 3072 elements and each work item item will copy 3 elements.
Testing char2
Global: 592896, local 1024, local buffer 6144b, global buffer 17786880b, copy stride 5, each work group will copy 3072 elements and each work item item will copy 3 elements.
Testing char3
Global: 592896, local 1024, local buffer 12288b, global buffer 7114752b, copy stride 1, each work group will copy 3072 elements and each work item item will copy 3 elements.
Testing char3
Global: 592896, local 1024, local buffer 12288b, global buffer 21344256b, copy stride 3, each work group will copy 3072 elements and each work item item will copy 3 elements.
Testing char3
Global: 592896, local 1024, local buffer 12288b, global buffer 28459008b, copy stride 4, each work group will copy 3072 elements and each work item item will copy 3 elements.
Testing char3
Global: 592896, local 1024, local buffer 12288b, global buffer 35573760b, copy stride 5, each work group will copy 3072 elements and each work item item will copy 3 elements.
Testing char4
Global: 592896, local 1024, local buffer 12288b, global buffer 7114752b, copy stride 1, each work group will copy 3072 elements and each work item item will copy 3 elements.
Testing char4
Global: 592896, local 1024, local buffer 12288b, global buffer 21344256b, copy stride 3, each work group will copy 3072 elements and each work item item will copy 3 elements.
Testing char4
Global: 592896, local 1024, local buffer 12288b, global buffer 28459008b, copy stride 4, each work group will copy 3072 elements and each work item item will copy 3 elements.
Testing char4
Global: 592896, local 1024, local buffer 12288b, global buffer 35573760b, copy stride 5, each work group will copy 3072 elements and each work item item will copy 3 elements.
Testing char8
Global: 394878, local 682, local buffer 16368b, global buffer 9477072b, copy stride 1, each work group will copy 2046 elements and each work item item will copy 3 elements.
Testing char8
Global: 394878, local 682, local buffer 16368b, global buffer 28431216b, copy stride 3, each work group will copy 2046 elements and each work item item will copy 3 elements.
Testing char8
Global: 394878, local 682, local buffer 16368b, global buffer 37908288b, copy stride 4, each work group will copy 2046 elements and each work item item will copy 3 elements.
Testing char8
Global: 394878, local 682, local buffer 16368b, global buffer 47385360b, copy stride 5, each work group will copy 2046 elements and each work item item will copy 3 elements.
Testing char16
Global: 197439, local 341, local buffer 16368b, global buffer 9477072b, copy stride 1, each work group will copy 1023 elements and each work item item will copy 3 elements.
Testing char16
Global: 197439, local 341, local buffer 16368b, global buffer 28431216b, copy stride 3, each work group will copy 1023 elements and each work item item will copy 3 elements.
Testing char16
Global: 197439, local 341, local buffer 16368b, global buffer 37908288b, copy stride 4, each work group will copy 1023 elements and each work item item will copy 3 elements.
Testing char16
Global: 197439, local 341, local buffer 16368b, global buffer 47385360b, copy stride 5, each work group will copy 1023 elements and each work item item will copy 3 elements.
Testing uchar
Global: 592896, local 1024, local buffer 3072b, global buffer 1778688b, copy stride 1, each work group will copy 3072 elements and each work item item will copy 3 elements.
Testing uchar
Global: 592896, local 1024, local buffer 3072b, global buffer 5336064b, copy stride 3, each work group will copy 3072 elements and each work item item will copy 3 elements.
Testing uchar
Global: 592896, local 1024, local buffer 3072b, global buffer 7114752b, copy stride 4, each work group will copy 3072 elements and each work item item will copy 3 elements.
Testing uchar
Global: 592896, local 1024, local buffer 3072b, global buffer 8893440b, copy stride 5, each work group will copy 3072 elements and each work item item will copy 3 elements.
Testing uchar2
Global: 592896, local 1024, local buffer 6144b, global buffer 3557376b, copy stride 1, each work group will copy 3072 elements and each work item item will copy 3 elements.
Testing uchar2
Global: 592896, local 1024, local buffer 6144b, global buffer 10672128b, copy stride 3, each work group will copy 3072 elements and each work item item will copy 3 elements.
Testing uchar2
Global: 592896, local 1024, local buffer 6144b, global buffer 14229504b, copy stride 4, each work group will copy 3072 elements and each work item item will copy 3 elements.
Testing uchar2
Global: 592896, local 1024, local buffer 6144b, global buffer 17786880b, copy stride 5, each work group will copy 3072 elements and each work item item will copy 3 elements.
Testing uchar3
Global: 592896, local 1024, local buffer 12288b, global buffer 7114752b, copy stride 1, each work group will copy 3072 elements and each work item item will copy 3 elements.
Testing uchar3
Global: 592896, local 1024, local buffer 12288b, global buffer 21344256b, copy stride 3, each work group will copy 3072 elements and each work item item will copy 3 elements.
Testing uchar3
Global: 592896, local 1024, local buffer 12288b, global buffer 28459008b, copy stride 4, each work group will copy 3072 elements and each work item item will copy 3 elements.
Testing uchar3
Global: 592896, local 1024, local buffer 12288b, global buffer 35573760b, copy stride 5, each work group will copy 3072 elements and each work item item will copy 3 elements.
Testing uchar4
Global: 592896, local 1024, local buffer 12288b, global buffer 7114752b, copy stride 1, each work group will copy 3072 elements and each work item item will copy 3 elements.
Testing uchar4
Global: 592896, local 1024, local buffer 12288b, global buffer 21344256b, copy stride 3, each work group will copy 3072 elements and each work item item will copy 3 elements.
Testing uchar4
Global: 592896, local 1024, local buffer 12288b, global buffer 28459008b, copy stride 4, each work group will copy 3072 elements and each work item item will copy 3 elements.
Testing uchar4
Global: 592896, local 1024, local buffer 12288b, global buffer 35573760b, copy stride 5, each work group will copy 3072 elements and each work item item will copy 3 elements.
Testing uchar8
Global: 394878, local 682, local buffer 16368b, global buffer 9477072b, copy stride 1, each work group will copy 2046 elements and each work item item will copy 3 elements.
Testing uchar8
Global: 394878, local 682, local buffer 16368b, global buffer 28431216b, copy stride 3, each work group will copy 2046 elements and each work item item will copy 3 elements.
Testing uchar8
Global: 394878, local 682, local buffer 16368b, global buffer 37908288b, copy stride 4, each work group will copy 2046 elements and each work item item will copy 3 elements.
Testing uchar8
Global: 394878, local 682, local buffer 16368b, global buffer 47385360b, copy stride 5, each work group will copy 2046 elements and each work item item will copy 3 elements.
Testing uchar16
Global: 197439, local 341, local buffer 16368b, global buffer 9477072b, copy stride 1, each work group will copy 1023 elements and each work item item will copy 3 elements.
Testing uchar16
Global: 197439, local 341, local buffer 16368b, global buffer 28431216b, copy stride 3, each work group will copy 1023 elements and each work item item will copy 3 elements.
Testing uchar16
Global: 197439, local 341, local buffer 16368b, global buffer 37908288b, copy stride 4, each work group will copy 1023 elements and each work item item will copy 3 elements.
Testing uchar16
Global: 197439, local 341, local buffer 16368b, global buffer 47385360b, copy stride 5, each work group will copy 1023 elements and each work item item will copy 3 elements.
Testing short
Global: 592896, local 1024, local buffer 6144b, global buffer 3557376b, copy stride 1, each work group will copy 3072 elements and each work item item will copy 3 elements.
Testing short
Global: 592896, local 1024, local buffer 6144b, global buffer 10672128b, copy stride 3, each work group will copy 3072 elements and each work item item will copy 3 elements.
Testing short
Global: 592896, local 1024, local buffer 6144b, global buffer 14229504b, copy stride 4, each work group will copy 3072 elements and each work item item will copy 3 elements.
Testing short
Global: 592896, local 1024, local buffer 6144b, global buffer 17786880b, copy stride 5, each work group will copy 3072 elements and each work item item will copy 3 elements.
Testing short2
Global: 592896, local 1024, local buffer 12288b, global buffer 7114752b, copy stride 1, each work group will copy 3072 elements and each work item item will copy 3 elements.
Testing short2
Global: 592896, local 1024, local buffer 12288b, global buffer 21344256b, copy stride 3, each work group will copy 3072 elements and each work item item will copy 3 elements.
Testing short2
Global: 592896, local 1024, local buffer 12288b, global buffer 28459008b, copy stride 4, each work group will copy 3072 elements and each work item item will copy 3 elements.
Testing short2
Global: 592896, local 1024, local buffer 12288b, global buffer 35573760b, copy stride 5, each work group will copy 3072 elements and each work item item will copy 3 elements.
Testing short3
Global: 394878, local 682, local buffer 16368b, global buffer 9477072b, copy stride 1, each work group will copy 2046 elements and each work item item will copy 3 elements.
Testing short3
Global: 394878, local 682, local buffer 16368b, global buffer 28431216b, copy stride 3, each work group will copy 2046 elements and each work item item will copy 3 elements.
Testing short3
Global: 394878, local 682, local buffer 16368b, global buffer 37908288b, copy stride 4, each work group will copy 2046 elements and each work item item will copy 3 elements.
Testing short3
Global: 394878, local 682, local buffer 16368b, global buffer 47385360b, copy stride 5, each work group will copy 2046 elements and each work item item will copy 3 elements.
Testing short4
Global: 394878, local 682, local buffer 16368b, global buffer 9477072b, copy stride 1, each work group will copy 2046 elements and each work item item will copy 3 elements.
Testing short4
Global: 394878, local 682, local buffer 16368b, global buffer 28431216b, copy stride 3, each work group will copy 2046 elements and each work item item will copy 3 elements.
Testing short4
Global: 394878, local 682, local buffer 16368b, global buffer 37908288b, copy stride 4, each work group will copy 2046 elements and each work item item will copy 3 elements.
Testing short4
Global: 394878, local 682, local buffer 16368b, global buffer 47385360b, copy stride 5, each work group will copy 2046 elements and each work item item will copy 3 elements.
Testing short8
Global: 197439, local 341, local buffer 16368b, global buffer 9477072b, copy stride 1, each work group will copy 1023 elements and each work item item will copy 3 elements.
Testing short8
Global: 197439, local 341, local buffer 16368b, global buffer 28431216b, copy stride 3, each work group will copy 1023 elements and each work item item will copy 3 elements.
Testing short8
Global: 197439, local 341, local buffer 16368b, global buffer 37908288b, copy stride 4, each work group will copy 1023 elements and each work item item will copy 3 elements.
Testing short8
Global: 197439, local 341, local buffer 16368b, global buffer 47385360b, copy stride 5, each work group will copy 1023 elements and each work item item will copy 3 elements.
Testing short16
Global: 98430, local 170, local buffer 16320b, global buffer 9449280b, copy stride 1, each work group will copy 510 elements and each work item item will copy 3 elements.
Testing short16
Global: 98430, local 170, local buffer 16320b, global buffer 28347840b, copy stride 3, each work group will copy 510 elements and each work item item will copy 3 elements.
Testing short16
Global: 98430, local 170, local buffer 16320b, global buffer 37797120b, copy stride 4, each work group will copy 510 elements and each work item item will copy 3 elements.
Testing short16
Global: 98430, local 170, local buffer 16320b, global buffer 47246400b, copy stride 5, each work group will copy 510 elements and each work item item will copy 3 elements.
Testing ushort
Global: 592896, local 1024, local buffer 6144b, global buffer 3557376b, copy stride 1, each work group will copy 3072 elements and each work item item will copy 3 elements.
Testing ushort
Global: 592896, local 1024, local buffer 6144b, global buffer 10672128b, copy stride 3, each work group will copy 3072 elements and each work item item will copy 3 elements.
Testing ushort
Global: 592896, local 1024, local buffer 6144b, global buffer 14229504b, copy stride 4, each work group will copy 3072 elements and each work item item will copy 3 elements.
Testing ushort
Global: 592896, local 1024, local buffer 6144b, global buffer 17786880b, copy stride 5, each work group will copy 3072 elements and each work item item will copy 3 elements.
Testing ushort2
Global: 592896, local 1024, local buffer 12288b, global buffer 7114752b, copy stride 1, each work group will copy 3072 elements and each work item item will copy 3 elements.
Testing ushort2
Global: 592896, local 1024, local buffer 12288b, global buffer 21344256b, copy stride 3, each work group will copy 3072 elements and each work item item will copy 3 elements.
Testing ushort2
Global: 592896, local 1024, local buffer 12288b, global buffer 28459008b, copy stride 4, each work group will copy 3072 elements and each work item item will copy 3 elements.
Testing ushort2
Global: 592896, local 1024, local buffer 12288b, global buffer 35573760b, copy stride 5, each work group will copy 3072 elements and each work item item will copy 3 elements.
Testing ushort3
Global: 394878, local 682, local buffer 16368b, global buffer 9477072b, copy stride 1, each work group will copy 2046 elements and each work item item will copy 3 elements.
Testing ushort3
Global: 394878, local 682, local buffer 16368b, global buffer 28431216b, copy stride 3, each work group will copy 2046 elements and each work item item will copy 3 elements.
Testing ushort3
Global: 394878, local 682, local buffer 16368b, global buffer 37908288b, copy stride 4, each work group will copy 2046 elements and each work item item will copy 3 elements.
Testing ushort3
Global: 394878, local 682, local buffer 16368b, global buffer 47385360b, copy stride 5, each work group will copy 2046 elements and each work item item will copy 3 elements.
Testing ushort4
Global: 394878, local 682, local buffer 16368b, global buffer 9477072b, copy stride 1, each work group will copy 2046 elements and each work item item will copy 3 elements.
Testing ushort4
Global: 394878, local 682, local buffer 16368b, global buffer 28431216b, copy stride 3, each work group will copy 2046 elements and each work item item will copy 3 elements.
Testing ushort4
Global: 394878, local 682, local buffer 16368b, global buffer 37908288b, copy stride 4, each work group will copy 2046 elements and each work item item will copy 3 elements.
Testing ushort4
Global: 394878, local 682, local buffer 16368b, global buffer 47385360b, copy stride 5, each work group will copy 2046 elements and each work item item will copy 3 elements.
Testing ushort8
Global: 197439, local 341, local buffer 16368b, global buffer 9477072b, copy stride 1, each work group will copy 1023 elements and each work item item will copy 3 elements.
Testing ushort8
Global: 197439, local 341, local buffer 16368b, global buffer 28431216b, copy stride 3, each work group will copy 1023 elements and each work item item will copy 3 elements.
Testing ushort8
Global: 197439, local 341, local buffer 16368b, global buffer 37908288b, copy stride 4, each work group will copy 1023 elements and each work item item will copy 3 elements.
Testing ushort8
Global: 197439, local 341, local buffer 16368b, global buffer 47385360b, copy stride 5, each work group will copy 1023 elements and each work item item will copy 3 elements.
Testing ushort16
Global: 98430, local 170, local buffer 16320b, global buffer 9449280b, copy stride 1, each work group will copy 510 elements and each work item item will copy 3 elements.
Testing ushort16
Global: 98430, local 170, local buffer 16320b, global buffer 28347840b, copy stride 3, each work group will copy 510 elements and each work item item will copy 3 elements.
Testing ushort16
Global: 98430, local 170, local buffer 16320b, global buffer 37797120b, copy stride 4, each work group will copy 510 elements and each work item item will copy 3 elements.
Testing ushort16
Global: 98430, local 170, local buffer 16320b, global buffer 47246400b, copy stride 5, each work group will copy 510 elements and each work item item will copy 3 elements.
Testing int
Global: 592896, local 1024, local buffer 12288b, global buffer 7114752b, copy stride 1, each work group will copy 3072 elements and each work item item will copy 3 elements.
Testing int
Global: 592896, local 1024, local buffer 12288b, global buffer 21344256b, copy stride 3, each work group will copy 3072 elements and each work item item will copy 3 elements.
Testing int
Global: 592896, local 1024, local buffer 12288b, global buffer 28459008b, copy stride 4, each work group will copy 3072 elements and each work item item will copy 3 elements.
Testing int
Global: 592896, local 1024, local buffer 12288b, global buffer 35573760b, copy stride 5, each work group will copy 3072 elements and each work item item will copy 3 elements.
Testing int2
Global: 394878, local 682, local buffer 16368b, global buffer 9477072b, copy stride 1, each work group will copy 2046 elements and each work item item will copy 3 elements.
Testing int2
Global: 394878, local 682, local buffer 16368b, global buffer 28431216b, copy stride 3, each work group will copy 2046 elements and each work item item will copy 3 elements.
Testing int2
Global: 394878, local 682, local buffer 16368b, global buffer 37908288b, copy stride 4, each work group will copy 2046 elements and each work item item will copy 3 elements.
Testing int2
Global: 394878, local 682, local buffer 16368b, global buffer 47385360b, copy stride 5, each work group will copy 2046 elements and each work item item will copy 3 elements.
Testing int3
Global: 197439, local 341, local buffer 16368b, global buffer 9477072b, copy stride 1, each work group will copy 1023 elements and each work item item will copy 3 elements.
Testing int3
Global: 197439, local 341, local buffer 16368b, global buffer 28431216b, copy stride 3, each work group will copy 1023 elements and each work item item will copy 3 elements.
Testing int3
Global: 197439, local 341, local buffer 16368b, global buffer 37908288b, copy stride 4, each work group will copy 1023 elements and each work item item will copy 3 elements.
Testing int3
Global: 197439, local 341, local buffer 16368b, global buffer 47385360b, copy stride 5, each work group will copy 1023 elements and each work item item will copy 3 elements.
Testing int4
Global: 197439, local 341, local buffer 16368b, global buffer 9477072b, copy stride 1, each work group will copy 1023 elements and each work item item will copy 3 elements.
Testing int4
Global: 197439, local 341, local buffer 16368b, global buffer 28431216b, copy stride 3, each work group will copy 1023 elements and each work item item will copy 3 elements.
Testing int4
Global: 197439, local 341, local buffer 16368b, global buffer 37908288b, copy stride 4, each work group will copy 1023 elements and each work item item will copy 3 elements.
Testing int4
Global: 197439, local 341, local buffer 16368b, global buffer 47385360b, copy stride 5, each work group will copy 1023 elements and each work item item will copy 3 elements.
Testing int8
Global: 98430, local 170, local buffer 16320b, global buffer 9449280b, copy stride 1, each work group will copy 510 elements and each work item item will copy 3 elements.
Testing int8
Global: 98430, local 170, local buffer 16320b, global buffer 28347840b, copy stride 3, each work group will copy 510 elements and each work item item will copy 3 elements.
Testing int8
Global: 98430, local 170, local buffer 16320b, global buffer 37797120b, copy stride 4, each work group will copy 510 elements and each work item item will copy 3 elements.
Testing int8
Global: 98430, local 170, local buffer 16320b, global buffer 47246400b, copy stride 5, each work group will copy 510 elements and each work item item will copy 3 elements.
Testing int16
Global: 49215, local 85, local buffer 16320b, global buffer 9449280b, copy stride 1, each work group will copy 255 elements and each work item item will copy 3 elements.
Testing int16
Global: 49215, local 85, local buffer 16320b, global buffer 28347840b, copy stride 3, each work group will copy 255 elements and each work item item will copy 3 elements.
Testing int16
Global: 49215, local 85, local buffer 16320b, global buffer 37797120b, copy stride 4, each work group will copy 255 elements and each work item item will copy 3 elements.
Testing int16
Global: 49215, local 85, local buffer 16320b, global buffer 47246400b, copy stride 5, each work group will copy 255 elements and each work item item will copy 3 elements.
Testing uint
Global: 592896, local 1024, local buffer 12288b, global buffer 7114752b, copy stride 1, each work group will copy 3072 elements and each work item item will copy 3 elements.
Testing uint
Global: 592896, local 1024, local buffer 12288b, global buffer 21344256b, copy stride 3, each work group will copy 3072 elements and each work item item will copy 3 elements.
Testing uint
Global: 592896, local 1024, local buffer 12288b, global buffer 28459008b, copy stride 4, each work group will copy 3072 elements and each work item item will copy 3 elements.
Testing uint
Global: 592896, local 1024, local buffer 12288b, global buffer 35573760b, copy stride 5, each work group will copy 3072 elements and each work item item will copy 3 elements.
Testing uint2
Global: 394878, local 682, local buffer 16368b, global buffer 9477072b, copy stride 1, each work group will copy 2046 elements and each work item item will copy 3 elements.
Testing uint2
Global: 394878, local 682, local buffer 16368b, global buffer 28431216b, copy stride 3, each work group will copy 2046 elements and each work item item will copy 3 elements.
Testing uint2
Global: 394878, local 682, local buffer 16368b, global buffer 37908288b, copy stride 4, each work group will copy 2046 elements and each work item item will copy 3 elements.
Testing uint2
Global: 394878, local 682, local buffer 16368b, global buffer 47385360b, copy stride 5, each work group will copy 2046 elements and each work item item will copy 3 elements.
Testing uint3
Global: 197439, local 341, local buffer 16368b, global buffer 9477072b, copy stride 1, each work group will copy 1023 elements and each work item item will copy 3 elements.
Testing uint3
Global: 197439, local 341, local buffer 16368b, global buffer 28431216b, copy stride 3, each work group will copy 1023 elements and each work item item will copy 3 elements.
Testing uint3
Global: 197439, local 341, local buffer 16368b, global buffer 37908288b, copy stride 4, each work group will copy 1023 elements and each work item item will copy 3 elements.
Testing uint3
Global: 197439, local 341, local buffer 16368b, global buffer 47385360b, copy stride 5, each work group will copy 1023 elements and each work item item will copy 3 elements.
Testing uint4
Global: 197439, local 341, local buffer 16368b, global buffer 9477072b, copy stride 1, each work group will copy 1023 elements and each work item item will copy 3 elements.
Testing uint4
Global: 197439, local 341, local buffer 16368b, global buffer 28431216b, copy stride 3, each work group will copy 1023 elements and each work item item will copy 3 elements.
Testing uint4
Global: 197439, local 341, local buffer 16368b, global buffer 37908288b, copy stride 4, each work group will copy 1023 elements and each work item item will copy 3 elements.
Testing uint4
Global: 197439, local 341, local buffer 16368b, global buffer 47385360b, copy stride 5, each work group will copy 1023 elements and each work item item will copy 3 elements.
Testing uint8
Global: 98430, local 170, local buffer 16320b, global buffer 9449280b, copy stride 1, each work group will copy 510 elements and each work item item will copy 3 elements.
Testing uint8
Global: 98430, local 170, local buffer 16320b, global buffer 28347840b, copy stride 3, each work group will copy 510 elements and each work item item will copy 3 elements.
Testing uint8
Global: 98430, local 170, local buffer 16320b, global buffer 37797120b, copy stride 4, each work group will copy 510 elements and each work item item will copy 3 elements.
Testing uint8
Global: 98430, local 170, local buffer 16320b, global buffer 47246400b, copy stride 5, each work group will copy 510 elements and each work item item will copy 3 elements.
Testing uint16
Global: 49215, local 85, local buffer 16320b, global buffer 9449280b, copy stride 1, each work group will copy 255 elements and each work item item will copy 3 elements.
Testing uint16
Global: 49215, local 85, local buffer 16320b, global buffer 28347840b, copy stride 3, each work group will copy 255 elements and each work item item will copy 3 elements.
Testing uint16
Global: 49215, local 85, local buffer 16320b, global buffer 37797120b, copy stride 4, each work group will copy 255 elements and each work item item will copy 3 elements.
Testing uint16
Global: 49215, local 85, local buffer 16320b, global buffer 47246400b, copy stride 5, each work group will copy 255 elements and each work item item will copy 3 elements.
Testing long
Global: 394878, local 682, local buffer 16368b, global buffer 9477072b, copy stride 1, each work group will copy 2046 elements and each work item item will copy 3 elements.
Testing long
Global: 394878, local 682, local buffer 16368b, global buffer 28431216b, copy stride 3, each work group will copy 2046 elements and each work item item will copy 3 elements.
Testing long
Global: 394878, local 682, local buffer 16368b, global buffer 37908288b, copy stride 4, each work group will copy 2046 elements and each work item item will copy 3 elements.
Testing long
Global: 394878, local 682, local buffer 16368b, global buffer 47385360b, copy stride 5, each work group will copy 2046 elements and each work item item will copy 3 elements.
Testing long2
Global: 197439, local 341, local buffer 16368b, global buffer 9477072b, copy stride 1, each work group will copy 1023 elements and each work item item will copy 3 elements.
Testing long2
Global: 197439, local 341, local buffer 16368b, global buffer 28431216b, copy stride 3, each work group will copy 1023 elements and each work item item will copy 3 elements.
Testing long2
Global: 197439, local 341, local buffer 16368b, global buffer 37908288b, copy stride 4, each work group will copy 1023 elements and each work item item will copy 3 elements.
Testing long2
Global: 197439, local 341, local buffer 16368b, global buffer 47385360b, copy stride 5, each work group will copy 1023 elements and each work item item will copy 3 elements.
Testing long3
Global: 98430, local 170, local buffer 16320b, global buffer 9449280b, copy stride 1, each work group will copy 510 elements and each work item item will copy 3 elements.
Testing long3
Global: 98430, local 170, local buffer 16320b, global buffer 28347840b, copy stride 3, each work group will copy 510 elements and each work item item will copy 3 elements.
Testing long3
Global: 98430, local 170, local buffer 16320b, global buffer 37797120b, copy stride 4, each work group will copy 510 elements and each work item item will copy 3 elements.
Testing long3
Global: 98430, local 170, local buffer 16320b, global buffer 47246400b, copy stride 5, each work group will copy 510 elements and each work item item will copy 3 elements.
Testing long4
Global: 98430, local 170, local buffer 16320b, global buffer 9449280b, copy stride 1, each work group will copy 510 elements and each work item item will copy 3 elements.
Testing long4
Global: 98430, local 170, local buffer 16320b, global buffer 28347840b, copy stride 3, each work group will copy 510 elements and each work item item will copy 3 elements.
Testing long4
Global: 98430, local 170, local buffer 16320b, global buffer 37797120b, copy stride 4, each work group will copy 510 elements and each work item item will copy 3 elements.
Testing long4
Global: 98430, local 170, local buffer 16320b, global buffer 47246400b, copy stride 5, each work group will copy 510 elements and each work item item will copy 3 elements.
Testing long8
Global: 49215, local 85, local buffer 16320b, global buffer 9449280b, copy stride 1, each work group will copy 255 elements and each work item item will copy 3 elements.
Testing long8
Global: 49215, local 85, local buffer 16320b, global buffer 28347840b, copy stride 3, each work group will copy 255 elements and each work item item will copy 3 elements.
Testing long8
Global: 49215, local 85, local buffer 16320b, global buffer 37797120b, copy stride 4, each work group will copy 255 elements and each work item item will copy 3 elements.
Testing long8
Global: 49215, local 85, local buffer 16320b, global buffer 47246400b, copy stride 5, each work group will copy 255 elements and each work item item will copy 3 elements.
Testing long16
Global: 24318, local 42, local buffer 16128b, global buffer 9338112b, copy stride 1, each work group will copy 126 elements and each work item item will copy 3 elements.
Testing long16
Global: 24318, local 42, local buffer 16128b, global buffer 28014336b, copy stride 3, each work group will copy 126 elements and each work item item will copy 3 elements.
Testing long16
Global: 24318, local 42, local buffer 16128b, global buffer 37352448b, copy stride 4, each work group will copy 126 elements and each work item item will copy 3 elements.
Testing long16
Global: 24318, local 42, local buffer 16128b, global buffer 46690560b, copy stride 5, each work group will copy 126 elements and each work item item will copy 3 elements.
Testing ulong
Global: 394878, local 682, local buffer 16368b, global buffer 9477072b, copy stride 1, each work group will copy 2046 elements and each work item item will copy 3 elements.
Testing ulong
Global: 394878, local 682, local buffer 16368b, global buffer 28431216b, copy stride 3, each work group will copy 2046 elements and each work item item will copy 3 elements.
Testing ulong
Global: 394878, local 682, local buffer 16368b, global buffer 37908288b, copy stride 4, each work group will copy 2046 elements and each work item item will copy 3 elements.
Testing ulong
Global: 394878, local 682, local buffer 16368b, global buffer 47385360b, copy stride 5, each work group will copy 2046 elements and each work item item will copy 3 elements.
Testing ulong2
Global: 197439, local 341, local buffer 16368b, global buffer 9477072b, copy stride 1, each work group will copy 1023 elements and each work item item will copy 3 elements.
Testing ulong2
Global: 197439, local 341, local buffer 16368b, global buffer 28431216b, copy stride 3, each work group will copy 1023 elements and each work item item will copy 3 elements.
Testing ulong2
Global: 197439, local 341, local buffer 16368b, global buffer 37908288b, copy stride 4, each work group will copy 1023 elements and each work item item will copy 3 elements.
Testing ulong2
Global: 197439, local 341, local buffer 16368b, global buffer 47385360b, copy stride 5, each work group will copy 1023 elements and each work item item will copy 3 elements.
Testing ulong3
Global: 98430, local 170, local buffer 16320b, global buffer 9449280b, copy stride 1, each work group will copy 510 elements and each work item item will copy 3 elements.
Testing ulong3
Global: 98430, local 170, local buffer 16320b, global buffer 28347840b, copy stride 3, each work group will copy 510 elements and each work item item will copy 3 elements.
Testing ulong3
Global: 98430, local 170, local buffer 16320b, global buffer 37797120b, copy stride 4, each work group will copy 510 elements and each work item item will copy 3 elements.
Testing ulong3
Global: 98430, local 170, local buffer 16320b, global buffer 47246400b, copy stride 5, each work group will copy 510 elements and each work item item will copy 3 elements.
Testing ulong4
Global: 98430, local 170, local buffer 16320b, global buffer 9449280b, copy stride 1, each work group will copy 510 elements and each work item item will copy 3 elements.
Testing ulong4
Global: 98430, local 170, local buffer 16320b, global buffer 28347840b, copy stride 3, each work group will copy 510 elements and each work item item will copy 3 elements.
Testing ulong4
Global: 98430, local 170, local buffer 16320b, global buffer 37797120b, copy stride 4, each work group will copy 510 elements and each work item item will copy 3 elements.
Testing ulong4
Global: 98430, local 170, local buffer 16320b, global buffer 47246400b, copy stride 5, each work group will copy 510 elements and each work item item will copy 3 elements.
Testing ulong8
Global: 49215, local 85, local buffer 16320b, global buffer 9449280b, copy stride 1, each work group will copy 255 elements and each work item item will copy 3 elements.
Testing ulong8
Global: 49215, local 85, local buffer 16320b, global buffer 28347840b, copy stride 3, each work group will copy 255 elements and each work item item will copy 3 elements.
Testing ulong8
Global: 49215, local 85, local buffer 16320b, global buffer 37797120b, copy stride 4, each work group will copy 255 elements and each work item item will copy 3 elements.
Testing ulong8
Global: 49215, local 85, local buffer 16320b, global buffer 47246400b, copy stride 5, each work group will copy 255 elements and each work item item will copy 3 elements.
Testing ulong16
Global: 24318, local 42, local buffer 16128b, global buffer 9338112b, copy stride 1, each work group will copy 126 elements and each work item item will copy 3 elements.
Testing ulong16
Global: 24318, local 42, local buffer 16128b, global buffer 28014336b, copy stride 3, each work group will copy 126 elements and each work item item will copy 3 elements.
Testing ulong16
Global: 24318, local 42, local buffer 16128b, global buffer 37352448b, copy stride 4, each work group will copy 126 elements and each work item item will copy 3 elements.
Testing ulong16
Global: 24318, local 42, local buffer 16128b, global buffer 46690560b, copy stride 5, each work group will copy 126 elements and each work item item will copy 3 elements.
Testing float
Global: 592896, local 1024, local buffer 12288b, global buffer 7114752b, copy stride 1, each work group will copy 3072 elements and each work item item will copy 3 elements.
Testing float
Global: 592896, local 1024, local buffer 12288b, global buffer 21344256b, copy stride 3, each work group will copy 3072 elements and each work item item will copy 3 elements.
Testing float
Global: 592896, local 1024, local buffer 12288b, global buffer 28459008b, copy stride 4, each work group will copy 3072 elements and each work item item will copy 3 elements.
Testing float
Global: 592896, local 1024, local buffer 12288b, global buffer 35573760b, copy stride 5, each work group will copy 3072 elements and each work item item will copy 3 elements.
Testing float2
Global: 394878, local 682, local buffer 16368b, global buffer 9477072b, copy stride 1, each work group will copy 2046 elements and each work item item will copy 3 elements.
Testing float2
Global: 394878, local 682, local buffer 16368b, global buffer 28431216b, copy stride 3, each work group will copy 2046 elements and each work item item will copy 3 elements.
Testing float2
Global: 394878, local 682, local buffer 16368b, global buffer 37908288b, copy stride 4, each work group will copy 2046 elements and each work item item will copy 3 elements.
Testing float2
Global: 394878, local 682, local buffer 16368b, global buffer 47385360b, copy stride 5, each work group will copy 2046 elements and each work item item will copy 3 elements.
Testing float3
Global: 197439, local 341, local buffer 16368b, global buffer 9477072b, copy stride 1, each work group will copy 1023 elements and each work item item will copy 3 elements.
Testing float3
Global: 197439, local 341, local buffer 16368b, global buffer 28431216b, copy stride 3, each work group will copy 1023 elements and each work item item will copy 3 elements.
Testing float3
Global: 197439, local 341, local buffer 16368b, global buffer 37908288b, copy stride 4, each work group will copy 1023 elements and each work item item will copy 3 elements.
Testing float3
Global: 197439, local 341, local buffer 16368b, global buffer 47385360b, copy stride 5, each work group will copy 1023 elements and each work item item will copy 3 elements.
Testing float4
Global: 197439, local 341, local buffer 16368b, global buffer 9477072b, copy stride 1, each work group will copy 1023 elements and each work item item will copy 3 elements.
Testing float4
Global: 197439, local 341, local buffer 16368b, global buffer 28431216b, copy stride 3, each work group will copy 1023 elements and each work item item will copy 3 elements.
Testing float4
Global: 197439, local 341, local buffer 16368b, global buffer 37908288b, copy stride 4, each work group will copy 1023 elements and each work item item will copy 3 elements.
Testing float4
Global: 197439, local 341, local buffer 16368b, global buffer 47385360b, copy stride 5, each work group will copy 1023 elements and each work item item will copy 3 elements.
Testing float8
Global: 98430, local 170, local buffer 16320b, global buffer 9449280b, copy stride 1, each work group will copy 510 elements and each work item item will copy 3 elements.
Testing float8
Global: 98430, local 170, local buffer 16320b, global buffer 28347840b, copy stride 3, each work group will copy 510 elements and each work item item will copy 3 elements.
Testing float8
Global: 98430, local 170, local buffer 16320b, global buffer 37797120b, copy stride 4, each work group will copy 510 elements and each work item item will copy 3 elements.
Testing float8
Global: 98430, local 170, local buffer 16320b, global buffer 47246400b, copy stride 5, each work group will copy 510 elements and each work item item will copy 3 elements.
Testing float16
Global: 49215, local 85, local buffer 16320b, global buffer 9449280b, copy stride 1, each work group will copy 255 elements and each work item item will copy 3 elements.
Testing float16
Global: 49215, local 85, local buffer 16320b, global buffer 28347840b, copy stride 3, each work group will copy 255 elements and each work item item will copy 3 elements.
Testing float16
Global: 49215, local 85, local buffer 16320b, global buffer 37797120b, copy stride 4, each work group will copy 255 elements and each work item item will copy 3 elements.
Testing float16
Global: 49215, local 85, local buffer 16320b, global buffer 47246400b, copy stride 5, each work group will copy 255 elements and each work item item will copy 3 elements.
Testing half
Global: 592896, local 1024, local buffer 6144b, global buffer 3557376b, copy stride 1, each work group will copy 3072 elements and each work item item will copy 3 elements.
Testing half
Global: 592896, local 1024, local buffer 6144b, global buffer 10672128b, copy stride 3, each work group will copy 3072 elements and each work item item will copy 3 elements.
Testing half
Global: 592896, local 1024, local buffer 6144b, global buffer 14229504b, copy stride 4, each work group will copy 3072 elements and each work item item will copy 3 elements.
Testing half
Global: 592896, local 1024, local buffer 6144b, global buffer 17786880b, copy stride 5, each work group will copy 3072 elements and each work item item will copy 3 elements.
Testing half2
Global: 592896, local 1024, local buffer 12288b, global buffer 7114752b, copy stride 1, each work group will copy 3072 elements and each work item item will copy 3 elements.
Testing half2
Global: 592896, local 1024, local buffer 12288b, global buffer 21344256b, copy stride 3, each work group will copy 3072 elements and each work item item will copy 3 elements.
Testing half2
Global: 592896, local 1024, local buffer 12288b, global buffer 28459008b, copy stride 4, each work group will copy 3072 elements and each work item item will copy 3 elements.
Testing half2
Global: 592896, local 1024, local buffer 12288b, global buffer 35573760b, copy stride 5, each work group will copy 3072 elements and each work item item will copy 3 elements.
Testing half3
Global: 394878, local 682, local buffer 16368b, global buffer 9477072b, copy stride 1, each work group will copy 2046 elements and each work item item will copy 3 elements.
Testing half3
Global: 394878, local 682, local buffer 16368b, global buffer 28431216b, copy stride 3, each work group will copy 2046 elements and each work item item will copy 3 elements.
Testing half3
Global: 394878, local 682, local buffer 16368b, global buffer 37908288b, copy stride 4, each work group will copy 2046 elements and each work item item will copy 3 elements.
Testing half3
Global: 394878, local 682, local buffer 16368b, global buffer 47385360b, copy stride 5, each work group will copy 2046 elements and each work item item will copy 3 elements.
Testing half4
Global: 394878, local 682, local buffer 16368b, global buffer 9477072b, copy stride 1, each work group will copy 2046 elements and each work item item will copy 3 elements.
Testing half4
Global: 394878, local 682, local buffer 16368b, global buffer 28431216b, copy stride 3, each work group will copy 2046 elements and each work item item will copy 3 elements.
Testing half4
Global: 394878, local 682, local buffer 16368b, global buffer 37908288b, copy stride 4, each work group will copy 2046 elements and each work item item will copy 3 elements.
Testing half4
Global: 394878, local 682, local buffer 16368b, global buffer 47385360b, copy stride 5, each work group will copy 2046 elements and each work item item will copy 3 elements.
Testing half8
Global: 197439, local 341, local buffer 16368b, global buffer 9477072b, copy stride 1, each work group will copy 1023 elements and each work item item will copy 3 elements.
Testing half8
Global: 197439, local 341, local buffer 16368b, global buffer 28431216b, copy stride 3, each work group will copy 1023 elements and each work item item will copy 3 elements.
Testing half8
Global: 197439, local 341, local buffer 16368b, global buffer 37908288b, copy stride 4, each work group will copy 1023 elements and each work item item will copy 3 elements.
Testing half8
Global: 197439, local 341, local buffer 16368b, global buffer 47385360b, copy stride 5, each work group will copy 1023 elements and each work item item will copy 3 elements.
Testing half16
Global: 98430, local 170, local buffer 16320b, global buffer 9449280b, copy stride 1, each work group will copy 510 elements and each work item item will copy 3 elements.
Testing half16
Global: 98430, local 170, local buffer 16320b, global buffer 28347840b, copy stride 3, each work group will copy 510 elements and each work item item will copy 3 elements.
Testing half16
Global: 98430, local 170, local buffer 16320b, global buffer 37797120b, copy stride 4, each work group will copy 510 elements and each work item item will copy 3 elements.
Testing half16
Global: 98430, local 170, local buffer 16320b, global buffer 47246400b, copy stride 5, each work group will copy 510 elements and each work item item will copy 3 elements.
async_strided_copy_global_to_local passed
async_strided_copy_local_to_global...
Testing char
Global: 592896, local 1024, local buffer 3072b, global buffer 1778688b, copy stride 1, each work group will copy 3072 elements and each work item item will copy 3 elements.
Testing char
Global: 592896, local 1024, local buffer 3072b, global buffer 5336064b, copy stride 3, each work group will copy 3072 elements and each work item item will copy 3 elements.
Testing char
Global: 592896, local 1024, local buffer 3072b, global buffer 7114752b, copy stride 4, each work group will copy 3072 elements and each work item item will copy 3 elements.
Testing char
Global: 592896, local 1024, local buffer 3072b, global buffer 8893440b, copy stride 5, each work group will copy 3072 elements and each work item item will copy 3 elements.
Testing char2
Global: 592896, local 1024, local buffer 6144b, global buffer 3557376b, copy stride 1, each work group will copy 3072 elements and each work item item will copy 3 elements.
Testing char2
Global: 592896, local 1024, local buffer 6144b, global buffer 10672128b, copy stride 3, each work group will copy 3072 elements and each work item item will copy 3 elements.
Testing char2
Global: 592896, local 1024, local buffer 6144b, global buffer 14229504b, copy stride 4, each work group will copy 3072 elements and each work item item will copy 3 elements.
Testing char2
Global: 592896, local 1024, local buffer 6144b, global buffer 17786880b, copy stride 5, each work group will copy 3072 elements and each work item item will copy 3 elements.
Testing char3
Global: 592896, local 1024, local buffer 12288b, global buffer 7114752b, copy stride 1, each work group will copy 3072 elements and each work item item will copy 3 elements.
Testing char3
Global: 592896, local 1024, local buffer 12288b, global buffer 21344256b, copy stride 3, each work group will copy 3072 elements and each work item item will copy 3 elements.
Testing char3
Global: 592896, local 1024, local buffer 12288b, global buffer 28459008b, copy stride 4, each work group will copy 3072 elements and each work item item will copy 3 elements.
Testing char3
Global: 592896, local 1024, local buffer 12288b, global buffer 35573760b, copy stride 5, each work group will copy 3072 elements and each work item item will copy 3 elements.
Testing char4
Global: 592896, local 1024, local buffer 12288b, global buffer 7114752b, copy stride 1, each work group will copy 3072 elements and each work item item will copy 3 elements.
Testing char4
Global: 592896, local 1024, local buffer 12288b, global buffer 21344256b, copy stride 3, each work group will copy 3072 elements and each work item item will copy 3 elements.
Testing char4
Global: 592896, local 1024, local buffer 12288b, global buffer 28459008b, copy stride 4, each work group will copy 3072 elements and each work item item will copy 3 elements.
Testing char4
Global: 592896, local 1024, local buffer 12288b, global buffer 35573760b, copy stride 5, each work group will copy 3072 elements and each work item item will copy 3 elements.
Testing char8
Global: 394878, local 682, local buffer 16368b, global buffer 9477072b, copy stride 1, each work group will copy 2046 elements and each work item item will copy 3 elements.
Testing char8
Global: 394878, local 682, local buffer 16368b, global buffer 28431216b, copy stride 3, each work group will copy 2046 elements and each work item item will copy 3 elements.
Testing char8
Global: 394878, local 682, local buffer 16368b, global buffer 37908288b, copy stride 4, each work group will copy 2046 elements and each work item item will copy 3 elements.
Testing char8
Global: 394878, local 682, local buffer 16368b, global buffer 47385360b, copy stride 5, each work group will copy 2046 elements and each work item item will copy 3 elements.
Testing char16
Global: 197439, local 341, local buffer 16368b, global buffer 9477072b, copy stride 1, each work group will copy 1023 elements and each work item item will copy 3 elements.
Testing char16
Global: 197439, local 341, local buffer 16368b, global buffer 28431216b, copy stride 3, each work group will copy 1023 elements and each work item item will copy 3 elements.
Testing char16
Global: 197439, local 341, local buffer 16368b, global buffer 37908288b, copy stride 4, each work group will copy 1023 elements and each work item item will copy 3 elements.
Testing char16
Global: 197439, local 341, local buffer 16368b, global buffer 47385360b, copy stride 5, each work group will copy 1023 elements and each work item item will copy 3 elements.
Testing uchar
Global: 592896, local 1024, local buffer 3072b, global buffer 1778688b, copy stride 1, each work group will copy 3072 elements and each work item item will copy 3 elements.
Testing uchar
Global: 592896, local 1024, local buffer 3072b, global buffer 5336064b, copy stride 3, each work group will copy 3072 elements and each work item item will copy 3 elements.
Testing uchar
Global: 592896, local 1024, local buffer 3072b, global buffer 7114752b, copy stride 4, each work group will copy 3072 elements and each work item item will copy 3 elements.
Testing uchar
Global: 592896, local 1024, local buffer 3072b, global buffer 8893440b, copy stride 5, each work group will copy 3072 elements and each work item item will copy 3 elements.
Testing uchar2
Global: 592896, local 1024, local buffer 6144b, global buffer 3557376b, copy stride 1, each work group will copy 3072 elements and each work item item will copy 3 elements.
Testing uchar2
Global: 592896, local 1024, local buffer 6144b, global buffer 10672128b, copy stride 3, each work group will copy 3072 elements and each work item item will copy 3 elements.
Testing uchar2
Global: 592896, local 1024, local buffer 6144b, global buffer 14229504b, copy stride 4, each work group will copy 3072 elements and each work item item will copy 3 elements.
Testing uchar2
Global: 592896, local 1024, local buffer 6144b, global buffer 17786880b, copy stride 5, each work group will copy 3072 elements and each work item item will copy 3 elements.
Testing uchar3
Global: 592896, local 1024, local buffer 12288b, global buffer 7114752b, copy stride 1, each work group will copy 3072 elements and each work item item will copy 3 elements.
Testing uchar3
Global: 592896, local 1024, local buffer 12288b, global buffer 21344256b, copy stride 3, each work group will copy 3072 elements and each work item item will copy 3 elements.
Testing uchar3
Global: 592896, local 1024, local buffer 12288b, global buffer 28459008b, copy stride 4, each work group will copy 3072 elements and each work item item will copy 3 elements.
Testing uchar3
Global: 592896, local 1024, local buffer 12288b, global buffer 35573760b, copy stride 5, each work group will copy 3072 elements and each work item item will copy 3 elements.
Testing uchar4
Global: 592896, local 1024, local buffer 12288b, global buffer 7114752b, copy stride 1, each work group will copy 3072 elements and each work item item will copy 3 elements.
Testing uchar4
Global: 592896, local 1024, local buffer 12288b, global buffer 21344256b, copy stride 3, each work group will copy 3072 elements and each work item item will copy 3 elements.
Testing uchar4
Global: 592896, local 1024, local buffer 12288b, global buffer 28459008b, copy stride 4, each work group will copy 3072 elements and each work item item will copy 3 elements.
Testing uchar4
Global: 592896, local 1024, local buffer 12288b, global buffer 35573760b, copy stride 5, each work group will copy 3072 elements and each work item item will copy 3 elements.
Testing uchar8
Global: 394878, local 682, local buffer 16368b, global buffer 9477072b, copy stride 1, each work group will copy 2046 elements and each work item item will copy 3 elements.
Testing uchar8
Global: 394878, local 682, local buffer 16368b, global buffer 28431216b, copy stride 3, each work group will copy 2046 elements and each work item item will copy 3 elements.
Testing uchar8
Global: 394878, local 682, local buffer 16368b, global buffer 37908288b, copy stride 4, each work group will copy 2046 elements and each work item item will copy 3 elements.
Testing uchar8
Global: 394878, local 682, local buffer 16368b, global buffer 47385360b, copy stride 5, each work group will copy 2046 elements and each work item item will copy 3 elements.
Testing uchar16
Global: 197439, local 341, local buffer 16368b, global buffer 9477072b, copy stride 1, each work group will copy 1023 elements and each work item item will copy 3 elements.
Testing uchar16
Global: 197439, local 341, local buffer 16368b, global buffer 28431216b, copy stride 3, each work group will copy 1023 elements and each work item item will copy 3 elements.
Testing uchar16
Global: 197439, local 341, local buffer 16368b, global buffer 37908288b, copy stride 4, each work group will copy 1023 elements and each work item item will copy 3 elements.
Testing uchar16
Global: 197439, local 341, local buffer 16368b, global buffer 47385360b, copy stride 5, each work group will copy 1023 elements and each work item item will copy 3 elements.
Testing short
Global: 592896, local 1024, local buffer 6144b, global buffer 3557376b, copy stride 1, each work group will copy 3072 elements and each work item item will copy 3 elements.
Testing short
Global: 592896, local 1024, local buffer 6144b, global buffer 10672128b, copy stride 3, each work group will copy 3072 elements and each work item item will copy 3 elements.
Testing short
Global: 592896, local 1024, local buffer 6144b, global buffer 14229504b, copy stride 4, each work group will copy 3072 elements and each work item item will copy 3 elements.
Testing short
Global: 592896, local 1024, local buffer 6144b, global buffer 17786880b, copy stride 5, each work group will copy 3072 elements and each work item item will copy 3 elements.
Testing short2
Global: 592896, local 1024, local buffer 12288b, global buffer 7114752b, copy stride 1, each work group will copy 3072 elements and each work item item will copy 3 elements.
Testing short2
Global: 592896, local 1024, local buffer 12288b, global buffer 21344256b, copy stride 3, each work group will copy 3072 elements and each work item item will copy 3 elements.
Testing short2
Global: 592896, local 1024, local buffer 12288b, global buffer 28459008b, copy stride 4, each work group will copy 3072 elements and each work item item will copy 3 elements.
Testing short2
Global: 592896, local 1024, local buffer 12288b, global buffer 35573760b, copy stride 5, each work group will copy 3072 elements and each work item item will copy 3 elements.
Testing short3
Global: 394878, local 682, local buffer 16368b, global buffer 9477072b, copy stride 1, each work group will copy 2046 elements and each work item item will copy 3 elements.
Testing short3
Global: 394878, local 682, local buffer 16368b, global buffer 28431216b, copy stride 3, each work group will copy 2046 elements and each work item item will copy 3 elements.
Testing short3
Global: 394878, local 682, local buffer 16368b, global buffer 37908288b, copy stride 4, each work group will copy 2046 elements and each work item item will copy 3 elements.
Testing short3
Global: 394878, local 682, local buffer 16368b, global buffer 47385360b, copy stride 5, each work group will copy 2046 elements and each work item item will copy 3 elements.
Testing short4
Global: 394878, local 682, local buffer 16368b, global buffer 9477072b, copy stride 1, each work group will copy 2046 elements and each work item item will copy 3 elements.
Testing short4
Global: 394878, local 682, local buffer 16368b, global buffer 28431216b, copy stride 3, each work group will copy 2046 elements and each work item item will copy 3 elements.
Testing short4
Global: 394878, local 682, local buffer 16368b, global buffer 37908288b, copy stride 4, each work group will copy 2046 elements and each work item item will copy 3 elements.
Testing short4
Global: 394878, local 682, local buffer 16368b, global buffer 47385360b, copy stride 5, each work group will copy 2046 elements and each work item item will copy 3 elements.
Testing short8
Global: 197439, local 341, local buffer 16368b, global buffer 9477072b, copy stride 1, each work group will copy 1023 elements and each work item item will copy 3 elements.
Testing short8
Global: 197439, local 341, local buffer 16368b, global buffer 28431216b, copy stride 3, each work group will copy 1023 elements and each work item item will copy 3 elements.
Testing short8
Global: 197439, local 341, local buffer 16368b, global buffer 37908288b, copy stride 4, each work group will copy 1023 elements and each work item item will copy 3 elements.
Testing short8
Global: 197439, local 341, local buffer 16368b, global buffer 47385360b, copy stride 5, each work group will copy 1023 elements and each work item item will copy 3 elements.
Testing short16
Global: 98430, local 170, local buffer 16320b, global buffer 9449280b, copy stride 1, each work group will copy 510 elements and each work item item will copy 3 elements.
Testing short16
Global: 98430, local 170, local buffer 16320b, global buffer 28347840b, copy stride 3, each work group will copy 510 elements and each work item item will copy 3 elements.
Testing short16
Global: 98430, local 170, local buffer 16320b, global buffer 37797120b, copy stride 4, each work group will copy 510 elements and each work item item will copy 3 elements.
Testing short16
Global: 98430, local 170, local buffer 16320b, global buffer 47246400b, copy stride 5, each work group will copy 510 elements and each work item item will copy 3 elements.
Testing ushort
Global: 592896, local 1024, local buffer 6144b, global buffer 3557376b, copy stride 1, each work group will copy 3072 elements and each work item item will copy 3 elements.
Testing ushort
Global: 592896, local 1024, local buffer 6144b, global buffer 10672128b, copy stride 3, each work group will copy 3072 elements and each work item item will copy 3 elements.
Testing ushort
Global: 592896, local 1024, local buffer 6144b, global buffer 14229504b, copy stride 4, each work group will copy 3072 elements and each work item item will copy 3 elements.
Testing ushort
Global: 592896, local 1024, local buffer 6144b, global buffer 17786880b, copy stride 5, each work group will copy 3072 elements and each work item item will copy 3 elements.
Testing ushort2
Global: 592896, local 1024, local buffer 12288b, global buffer 7114752b, copy stride 1, each work group will copy 3072 elements and each work item item will copy 3 elements.
Testing ushort2
Global: 592896, local 1024, local buffer 12288b, global buffer 21344256b, copy stride 3, each work group will copy 3072 elements and each work item item will copy 3 elements.
Testing ushort2
Global: 592896, local 1024, local buffer 12288b, global buffer 28459008b, copy stride 4, each work group will copy 3072 elements and each work item item will copy 3 elements.
Testing ushort2
Global: 592896, local 1024, local buffer 12288b, global buffer 35573760b, copy stride 5, each work group will copy 3072 elements and each work item item will copy 3 elements.
Testing ushort3
Global: 394878, local 682, local buffer 16368b, global buffer 9477072b, copy stride 1, each work group will copy 2046 elements and each work item item will copy 3 elements.
Testing ushort3
Global: 394878, local 682, local buffer 16368b, global buffer 28431216b, copy stride 3, each work group will copy 2046 elements and each work item item will copy 3 elements.
Testing ushort3
Global: 394878, local 682, local buffer 16368b, global buffer 37908288b, copy stride 4, each work group will copy 2046 elements and each work item item will copy 3 elements.
Testing ushort3
Global: 394878, local 682, local buffer 16368b, global buffer 47385360b, copy stride 5, each work group will copy 2046 elements and each work item item will copy 3 elements.
Testing ushort4
Global: 394878, local 682, local buffer 16368b, global buffer 9477072b, copy stride 1, each work group will copy 2046 elements and each work item item will copy 3 elements.
Testing ushort4
Global: 394878, local 682, local buffer 16368b, global buffer 28431216b, copy stride 3, each work group will copy 2046 elements and each work item item will copy 3 elements.
Testing ushort4
Global: 394878, local 682, local buffer 16368b, global buffer 37908288b, copy stride 4, each work group will copy 2046 elements and each work item item will copy 3 elements.
Testing ushort4
Global: 394878, local 682, local buffer 16368b, global buffer 47385360b, copy stride 5, each work group will copy 2046 elements and each work item item will copy 3 elements.
Testing ushort8
Global: 197439, local 341, local buffer 16368b, global buffer 9477072b, copy stride 1, each work group will copy 1023 elements and each work item item will copy 3 elements.
Testing ushort8
Global: 197439, local 341, local buffer 16368b, global buffer 28431216b, copy stride 3, each work group will copy 1023 elements and each work item item will copy 3 elements.
Testing ushort8
Global: 197439, local 341, local buffer 16368b, global buffer 37908288b, copy stride 4, each work group will copy 1023 elements and each work item item will copy 3 elements.
Testing ushort8
Global: 197439, local 341, local buffer 16368b, global buffer 47385360b, copy stride 5, each work group will copy 1023 elements and each work item item will copy 3 elements.
Testing ushort16
Global: 98430, local 170, local buffer 16320b, global buffer 9449280b, copy stride 1, each work group will copy 510 elements and each work item item will copy 3 elements.
Testing ushort16
Global: 98430, local 170, local buffer 16320b, global buffer 28347840b, copy stride 3, each work group will copy 510 elements and each work item item will copy 3 elements.
Testing ushort16
Global: 98430, local 170, local buffer 16320b, global buffer 37797120b, copy stride 4, each work group will copy 510 elements and each work item item will copy 3 elements.
Testing ushort16
Global: 98430, local 170, local buffer 16320b, global buffer 47246400b, copy stride 5, each work group will copy 510 elements and each work item item will copy 3 elements.
Testing int
Global: 592896, local 1024, local buffer 12288b, global buffer 7114752b, copy stride 1, each work group will copy 3072 elements and each work item item will copy 3 elements.
Testing int
Global: 592896, local 1024, local buffer 12288b, global buffer 21344256b, copy stride 3, each work group will copy 3072 elements and each work item item will copy 3 elements.
Testing int
Global: 592896, local 1024, local buffer 12288b, global buffer 28459008b, copy stride 4, each work group will copy 3072 elements and each work item item will copy 3 elements.
Testing int
Global: 592896, local 1024, local buffer 12288b, global buffer 35573760b, copy stride 5, each work group will copy 3072 elements and each work item item will copy 3 elements.
Testing int2
Global: 394878, local 682, local buffer 16368b, global buffer 9477072b, copy stride 1, each work group will copy 2046 elements and each work item item will copy 3 elements.
Testing int2
Global: 394878, local 682, local buffer 16368b, global buffer 28431216b, copy stride 3, each work group will copy 2046 elements and each work item item will copy 3 elements.
Testing int2
Global: 394878, local 682, local buffer 16368b, global buffer 37908288b, copy stride 4, each work group will copy 2046 elements and each work item item will copy 3 elements.
Testing int2
Global: 394878, local 682, local buffer 16368b, global buffer 47385360b, copy stride 5, each work group will copy 2046 elements and each work item item will copy 3 elements.
Testing int3
Global: 197439, local 341, local buffer 16368b, global buffer 9477072b, copy stride 1, each work group will copy 1023 elements and each work item item will copy 3 elements.
Testing int3
Global: 197439, local 341, local buffer 16368b, global buffer 28431216b, copy stride 3, each work group will copy 1023 elements and each work item item will copy 3 elements.
Testing int3
Global: 197439, local 341, local buffer 16368b, global buffer 37908288b, copy stride 4, each work group will copy 1023 elements and each work item item will copy 3 elements.
Testing int3
Global: 197439, local 341, local buffer 16368b, global buffer 47385360b, copy stride 5, each work group will copy 1023 elements and each work item item will copy 3 elements.
Testing int4
Global: 197439, local 341, local buffer 16368b, global buffer 9477072b, copy stride 1, each work group will copy 1023 elements and each work item item will copy 3 elements.
Testing int4
Global: 197439, local 341, local buffer 16368b, global buffer 28431216b, copy stride 3, each work group will copy 1023 elements and each work item item will copy 3 elements.
Testing int4
Global: 197439, local 341, local buffer 16368b, global buffer 37908288b, copy stride 4, each work group will copy 1023 elements and each work item item will copy 3 elements.
Testing int4
Global: 197439, local 341, local buffer 16368b, global buffer 47385360b, copy stride 5, each work group will copy 1023 elements and each work item item will copy 3 elements.
Testing int8
Global: 98430, local 170, local buffer 16320b, global buffer 9449280b, copy stride 1, each work group will copy 510 elements and each work item item will copy 3 elements.
Testing int8
Global: 98430, local 170, local buffer 16320b, global buffer 28347840b, copy stride 3, each work group will copy 510 elements and each work item item will copy 3 elements.
Testing int8
Global: 98430, local 170, local buffer 16320b, global buffer 37797120b, copy stride 4, each work group will copy 510 elements and each work item item will copy 3 elements.
Testing int8
Global: 98430, local 170, local buffer 16320b, global buffer 47246400b, copy stride 5, each work group will copy 510 elements and each work item item will copy 3 elements.
Testing int16
Global: 49215, local 85, local buffer 16320b, global buffer 9449280b, copy stride 1, each work group will copy 255 elements and each work item item will copy 3 elements.
Testing int16
Global: 49215, local 85, local buffer 16320b, global buffer 28347840b, copy stride 3, each work group will copy 255 elements and each work item item will copy 3 elements.
Testing int16
Global: 49215, local 85, local buffer 16320b, global buffer 37797120b, copy stride 4, each work group will copy 255 elements and each work item item will copy 3 elements.
Testing int16
Global: 49215, local 85, local buffer 16320b, global buffer 47246400b, copy stride 5, each work group will copy 255 elements and each work item item will copy 3 elements.
Testing uint
Global: 592896, local 1024, local buffer 12288b, global buffer 7114752b, copy stride 1, each work group will copy 3072 elements and each work item item will copy 3 elements.
Testing uint
Global: 592896, local 1024, local buffer 12288b, global buffer 21344256b, copy stride 3, each work group will copy 3072 elements and each work item item will copy 3 elements.
Testing uint
Global: 592896, local 1024, local buffer 12288b, global buffer 28459008b, copy stride 4, each work group will copy 3072 elements and each work item item will copy 3 elements.
Testing uint
Global: 592896, local 1024, local buffer 12288b, global buffer 35573760b, copy stride 5, each work group will copy 3072 elements and each work item item will copy 3 elements.
Testing uint2
Global: 394878, local 682, local buffer 16368b, global buffer 9477072b, copy stride 1, each work group will copy 2046 elements and each work item item will copy 3 elements.
Testing uint2
Global: 394878, local 682, local buffer 16368b, global buffer 28431216b, copy stride 3, each work group will copy 2046 elements and each work item item will copy 3 elements.
Testing uint2
Global: 394878, local 682, local buffer 16368b, global buffer 37908288b, copy stride 4, each work group will copy 2046 elements and each work item item will copy 3 elements.
Testing uint2
Global: 394878, local 682, local buffer 16368b, global buffer 47385360b, copy stride 5, each work group will copy 2046 elements and each work item item will copy 3 elements.
Testing uint3
Global: 197439, local 341, local buffer 16368b, global buffer 9477072b, copy stride 1, each work group will copy 1023 elements and each work item item will copy 3 elements.
Testing uint3
Global: 197439, local 341, local buffer 16368b, global buffer 28431216b, copy stride 3, each work group will copy 1023 elements and each work item item will copy 3 elements.
Testing uint3
Global: 197439, local 341, local buffer 16368b, global buffer 37908288b, copy stride 4, each work group will copy 1023 elements and each work item item will copy 3 elements.
Testing uint3
Global: 197439, local 341, local buffer 16368b, global buffer 47385360b, copy stride 5, each work group will copy 1023 elements and each work item item will copy 3 elements.
Testing uint4
Global: 197439, local 341, local buffer 16368b, global buffer 9477072b, copy stride 1, each work group will copy 1023 elements and each work item item will copy 3 elements.
Testing uint4
Global: 197439, local 341, local buffer 16368b, global buffer 28431216b, copy stride 3, each work group will copy 1023 elements and each work item item will copy 3 elements.
Testing uint4
Global: 197439, local 341, local buffer 16368b, global buffer 37908288b, copy stride 4, each work group will copy 1023 elements and each work item item will copy 3 elements.
Testing uint4
Global: 197439, local 341, local buffer 16368b, global buffer 47385360b, copy stride 5, each work group will copy 1023 elements and each work item item will copy 3 elements.
Testing uint8
Global: 98430, local 170, local buffer 16320b, global buffer 9449280b, copy stride 1, each work group will copy 510 elements and each work item item will copy 3 elements.
Testing uint8
Global: 98430, local 170, local buffer 16320b, global buffer 28347840b, copy stride 3, each work group will copy 510 elements and each work item item will copy 3 elements.
Testing uint8
Global: 98430, local 170, local buffer 16320b, global buffer 37797120b, copy stride 4, each work group will copy 510 elements and each work item item will copy 3 elements.
Testing uint8
Global: 98430, local 170, local buffer 16320b, global buffer 47246400b, copy stride 5, each work group will copy 510 elements and each work item item will copy 3 elements.
Testing uint16
Global: 49215, local 85, local buffer 16320b, global buffer 9449280b, copy stride 1, each work group will copy 255 elements and each work item item will copy 3 elements.
Testing uint16
Global: 49215, local 85, local buffer 16320b, global buffer 28347840b, copy stride 3, each work group will copy 255 elements and each work item item will copy 3 elements.
Testing uint16
Global: 49215, local 85, local buffer 16320b, global buffer 37797120b, copy stride 4, each work group will copy 255 elements and each work item item will copy 3 elements.
Testing uint16
Global: 49215, local 85, local buffer 16320b, global buffer 47246400b, copy stride 5, each work group will copy 255 elements and each work item item will copy 3 elements.
Testing long
Global: 394878, local 682, local buffer 16368b, global buffer 9477072b, copy stride 1, each work group will copy 2046 elements and each work item item will copy 3 elements.
Testing long
Global: 394878, local 682, local buffer 16368b, global buffer 28431216b, copy stride 3, each work group will copy 2046 elements and each work item item will copy 3 elements.
Testing long
Global: 394878, local 682, local buffer 16368b, global buffer 37908288b, copy stride 4, each work group will copy 2046 elements and each work item item will copy 3 elements.
Testing long
Global: 394878, local 682, local buffer 16368b, global buffer 47385360b, copy stride 5, each work group will copy 2046 elements and each work item item will copy 3 elements.
Testing long2
Global: 197439, local 341, local buffer 16368b, global buffer 9477072b, copy stride 1, each work group will copy 1023 elements and each work item item will copy 3 elements.
Testing long2
Global: 197439, local 341, local buffer 16368b, global buffer 28431216b, copy stride 3, each work group will copy 1023 elements and each work item item will copy 3 elements.
Testing long2
Global: 197439, local 341, local buffer 16368b, global buffer 37908288b, copy stride 4, each work group will copy 1023 elements and each work item item will copy 3 elements.
Testing long2
Global: 197439, local 341, local buffer 16368b, global buffer 47385360b, copy stride 5, each work group will copy 1023 elements and each work item item will copy 3 elements.
Testing long3
Global: 98430, local 170, local buffer 16320b, global buffer 9449280b, copy stride 1, each work group will copy 510 elements and each work item item will copy 3 elements.
Testing long3
Global: 98430, local 170, local buffer 16320b, global buffer 28347840b, copy stride 3, each work group will copy 510 elements and each work item item will copy 3 elements.
Testing long3
Global: 98430, local 170, local buffer 16320b, global buffer 37797120b, copy stride 4, each work group will copy 510 elements and each work item item will copy 3 elements.
Testing long3
Global: 98430, local 170, local buffer 16320b, global buffer 47246400b, copy stride 5, each work group will copy 510 elements and each work item item will copy 3 elements.
Testing long4
Global: 98430, local 170, local buffer 16320b, global buffer 9449280b, copy stride 1, each work group will copy 510 elements and each work item item will copy 3 elements.
Testing long4
Global: 98430, local 170, local buffer 16320b, global buffer 28347840b, copy stride 3, each work group will copy 510 elements and each work item item will copy 3 elements.
Testing long4
Global: 98430, local 170, local buffer 16320b, global buffer 37797120b, copy stride 4, each work group will copy 510 elements and each work item item will copy 3 elements.
Testing long4
Global: 98430, local 170, local buffer 16320b, global buffer 47246400b, copy stride 5, each work group will copy 510 elements and each work item item will copy 3 elements.
Testing long8
Global: 49215, local 85, local buffer 16320b, global buffer 9449280b, copy stride 1, each work group will copy 255 elements and each work item item will copy 3 elements.
Testing long8
Global: 49215, local 85, local buffer 16320b, global buffer 28347840b, copy stride 3, each work group will copy 255 elements and each work item item will copy 3 elements.
Testing long8
Global: 49215, local 85, local buffer 16320b, global buffer 37797120b, copy stride 4, each work group will copy 255 elements and each work item item will copy 3 elements.
Testing long8
Global: 49215, local 85, local buffer 16320b, global buffer 47246400b, copy stride 5, each work group will copy 255 elements and each work item item will copy 3 elements.
Testing long16
Global: 24318, local 42, local buffer 16128b, global buffer 9338112b, copy stride 1, each work group will copy 126 elements and each work item item will copy 3 elements.
Testing long16
Global: 24318, local 42, local buffer 16128b, global buffer 28014336b, copy stride 3, each work group will copy 126 elements and each work item item will copy 3 elements.
Testing long16
Global: 24318, local 42, local buffer 16128b, global buffer 37352448b, copy stride 4, each work group will copy 126 elements and each work item item will copy 3 elements.
Testing long16
Global: 24318, local 42, local buffer 16128b, global buffer 46690560b, copy stride 5, each work group will copy 126 elements and each work item item will copy 3 elements.
Testing ulong
Global: 394878, local 682, local buffer 16368b, global buffer 9477072b, copy stride 1, each work group will copy 2046 elements and each work item item will copy 3 elements.
Testing ulong
Global: 394878, local 682, local buffer 16368b, global buffer 28431216b, copy stride 3, each work group will copy 2046 elements and each work item item will copy 3 elements.
Testing ulong
Global: 394878, local 682, local buffer 16368b, global buffer 37908288b, copy stride 4, each work group will copy 2046 elements and each work item item will copy 3 elements.
Testing ulong
Global: 394878, local 682, local buffer 16368b, global buffer 47385360b, copy stride 5, each work group will copy 2046 elements and each work item item will copy 3 elements.
Testing ulong2
Global: 197439, local 341, local buffer 16368b, global buffer 9477072b, copy stride 1, each work group will copy 1023 elements and each work item item will copy 3 elements.
Testing ulong2
Global: 197439, local 341, local buffer 16368b, global buffer 28431216b, copy stride 3, each work group will copy 1023 elements and each work item item will copy 3 elements.
Testing ulong2
Global: 197439, local 341, local buffer 16368b, global buffer 37908288b, copy stride 4, each work group will copy 1023 elements and each work item item will copy 3 elements.
Testing ulong2
Global: 197439, local 341, local buffer 16368b, global buffer 47385360b, copy stride 5, each work group will copy 1023 elements and each work item item will copy 3 elements.
Testing ulong3
Global: 98430, local 170, local buffer 16320b, global buffer 9449280b, copy stride 1, each work group will copy 510 elements and each work item item will copy 3 elements.
Testing ulong3
Global: 98430, local 170, local buffer 16320b, global buffer 28347840b, copy stride 3, each work group will copy 510 elements and each work item item will copy 3 elements.
Testing ulong3
Global: 98430, local 170, local buffer 16320b, global buffer 37797120b, copy stride 4, each work group will copy 510 elements and each work item item will copy 3 elements.
Testing ulong3
Global: 98430, local 170, local buffer 16320b, global buffer 47246400b, copy stride 5, each work group will copy 510 elements and each work item item will copy 3 elements.
Testing ulong4
Global: 98430, local 170, local buffer 16320b, global buffer 9449280b, copy stride 1, each work group will copy 510 elements and each work item item will copy 3 elements.
Testing ulong4
Global: 98430, local 170, local buffer 16320b, global buffer 28347840b, copy stride 3, each work group will copy 510 elements and each work item item will copy 3 elements.
Testing ulong4
Global: 98430, local 170, local buffer 16320b, global buffer 37797120b, copy stride 4, each work group will copy 510 elements and each work item item will copy 3 elements.
Testing ulong4
Global: 98430, local 170, local buffer 16320b, global buffer 47246400b, copy stride 5, each work group will copy 510 elements and each work item item will copy 3 elements.
Testing ulong8
Global: 49215, local 85, local buffer 16320b, global buffer 9449280b, copy stride 1, each work group will copy 255 elements and each work item item will copy 3 elements.
Testing ulong8
Global: 49215, local 85, local buffer 16320b, global buffer 28347840b, copy stride 3, each work group will copy 255 elements and each work item item will copy 3 elements.
Testing ulong8
Global: 49215, local 85, local buffer 16320b, global buffer 37797120b, copy stride 4, each work group will copy 255 elements and each work item item will copy 3 elements.
Testing ulong8
Global: 49215, local 85, local buffer 16320b, global buffer 47246400b, copy stride 5, each work group will copy 255 elements and each work item item will copy 3 elements.
Testing ulong16
Global: 24318, local 42, local buffer 16128b, global buffer 9338112b, copy stride 1, each work group will copy 126 elements and each work item item will copy 3 elements.
Testing ulong16
Global: 24318, local 42, local buffer 16128b, global buffer 28014336b, copy stride 3, each work group will copy 126 elements and each work item item will copy 3 elements.
Testing ulong16
Global: 24318, local 42, local buffer 16128b, global buffer 37352448b, copy stride 4, each work group will copy 126 elements and each work item item will copy 3 elements.
Testing ulong16
Global: 24318, local 42, local buffer 16128b, global buffer 46690560b, copy stride 5, each work group will copy 126 elements and each work item item will copy 3 elements.
Testing float
Global: 592896, local 1024, local buffer 12288b, global buffer 7114752b, copy stride 1, each work group will copy 3072 elements and each work item item will copy 3 elements.
Testing float
Global: 592896, local 1024, local buffer 12288b, global buffer 21344256b, copy stride 3, each work group will copy 3072 elements and each work item item will copy 3 elements.
Testing float
Global: 592896, local 1024, local buffer 12288b, global buffer 28459008b, copy stride 4, each work group will copy 3072 elements and each work item item will copy 3 elements.
Testing float
Global: 592896, local 1024, local buffer 12288b, global buffer 35573760b, copy stride 5, each work group will copy 3072 elements and each work item item will copy 3 elements.
Testing float2
Global: 394878, local 682, local buffer 16368b, global buffer 9477072b, copy stride 1, each work group will copy 2046 elements and each work item item will copy 3 elements.
Testing float2
Global: 394878, local 682, local buffer 16368b, global buffer 28431216b, copy stride 3, each work group will copy 2046 elements and each work item item will copy 3 elements.
Testing float2
Global: 394878, local 682, local buffer 16368b, global buffer 37908288b, copy stride 4, each work group will copy 2046 elements and each work item item will copy 3 elements.
Testing float2
Global: 394878, local 682, local buffer 16368b, global buffer 47385360b, copy stride 5, each work group will copy 2046 elements and each work item item will copy 3 elements.
Testing float3
Global: 197439, local 341, local buffer 16368b, global buffer 9477072b, copy stride 1, each work group will copy 1023 elements and each work item item will copy 3 elements.
Testing float3
Global: 197439, local 341, local buffer 16368b, global buffer 28431216b, copy stride 3, each work group will copy 1023 elements and each work item item will copy 3 elements.
Testing float3
Global: 197439, local 341, local buffer 16368b, global buffer 37908288b, copy stride 4, each work group will copy 1023 elements and each work item item will copy 3 elements.
Testing float3
Global: 197439, local 341, local buffer 16368b, global buffer 47385360b, copy stride 5, each work group will copy 1023 elements and each work item item will copy 3 elements.
Testing float4
Global: 197439, local 341, local buffer 16368b, global buffer 9477072b, copy stride 1, each work group will copy 1023 elements and each work item item will copy 3 elements.
Testing float4
Global: 197439, local 341, local buffer 16368b, global buffer 28431216b, copy stride 3, each work group will copy 1023 elements and each work item item will copy 3 elements.
Testing float4
Global: 197439, local 341, local buffer 16368b, global buffer 37908288b, copy stride 4, each work group will copy 1023 elements and each work item item will copy 3 elements.
Testing float4
Global: 197439, local 341, local buffer 16368b, global buffer 47385360b, copy stride 5, each work group will copy 1023 elements and each work item item will copy 3 elements.
Testing float8
Global: 98430, local 170, local buffer 16320b, global buffer 9449280b, copy stride 1, each work group will copy 510 elements and each work item item will copy 3 elements.
Testing float8
Global: 98430, local 170, local buffer 16320b, global buffer 28347840b, copy stride 3, each work group will copy 510 elements and each work item item will copy 3 elements.
Testing float8
Global: 98430, local 170, local buffer 16320b, global buffer 37797120b, copy stride 4, each work group will copy 510 elements and each work item item will copy 3 elements.
Testing float8
Global: 98430, local 170, local buffer 16320b, global buffer 47246400b, copy stride 5, each work group will copy 510 elements and each work item item will copy 3 elements.
Testing float16
Global: 49215, local 85, local buffer 16320b, global buffer 9449280b, copy stride 1, each work group will copy 255 elements and each work item item will copy 3 elements.
Testing float16
Global: 49215, local 85, local buffer 16320b, global buffer 28347840b, copy stride 3, each work group will copy 255 elements and each work item item will copy 3 elements.
Testing float16
Global: 49215, local 85, local buffer 16320b, global buffer 37797120b, copy stride 4, each work group will copy 255 elements and each work item item will copy 3 elements.
Testing float16
Global: 49215, local 85, local buffer 16320b, global buffer 47246400b, copy stride 5, each work group will copy 255 elements and each work item item will copy 3 elements.
Testing half
Global: 592896, local 1024, local buffer 6144b, global buffer 3557376b, copy stride 1, each work group will copy 3072 elements and each work item item will copy 3 elements.
Testing half
Global: 592896, local 1024, local buffer 6144b, global buffer 10672128b, copy stride 3, each work group will copy 3072 elements and each work item item will copy 3 elements.
Testing half
Global: 592896, local 1024, local buffer 6144b, global buffer 14229504b, copy stride 4, each work group will copy 3072 elements and each work item item will copy 3 elements.
Testing half
Global: 592896, local 1024, local buffer 6144b, global buffer 17786880b, copy stride 5, each work group will copy 3072 elements and each work item item will copy 3 elements.
Testing half2
Global: 592896, local 1024, local buffer 12288b, global buffer 7114752b, copy stride 1, each work group will copy 3072 elements and each work item item will copy 3 elements.
Testing half2
Global: 592896, local 1024, local buffer 12288b, global buffer 21344256b, copy stride 3, each work group will copy 3072 elements and each work item item will copy 3 elements.
Testing half2
Global: 592896, local 1024, local buffer 12288b, global buffer 28459008b, copy stride 4, each work group will copy 3072 elements and each work item item will copy 3 elements.
Testing half2
Global: 592896, local 1024, local buffer 12288b, global buffer 35573760b, copy stride 5, each work group will copy 3072 elements and each work item item will copy 3 elements.
Testing half3
Global: 394878, local 682, local buffer 16368b, global buffer 9477072b, copy stride 1, each work group will copy 2046 elements and each work item item will copy 3 elements.
Testing half3
Global: 394878, local 682, local buffer 16368b, global buffer 28431216b, copy stride 3, each work group will copy 2046 elements and each work item item will copy 3 elements.
Testing half3
Global: 394878, local 682, local buffer 16368b, global buffer 37908288b, copy stride 4, each work group will copy 2046 elements and each work item item will copy 3 elements.
Testing half3
Global: 394878, local 682, local buffer 16368b, global buffer 47385360b, copy stride 5, each work group will copy 2046 elements and each work item item will copy 3 elements.
Testing half4
Global: 394878, local 682, local buffer 16368b, global buffer 9477072b, copy stride 1, each work group will copy 2046 elements and each work item item will copy 3 elements.
Testing half4
Global: 394878, local 682, local buffer 16368b, global buffer 28431216b, copy stride 3, each work group will copy 2046 elements and each work item item will copy 3 elements.
Testing half4
Global: 394878, local 682, local buffer 16368b, global buffer 37908288b, copy stride 4, each work group will copy 2046 elements and each work item item will copy 3 elements.
Testing half4
Global: 394878, local 682, local buffer 16368b, global buffer 47385360b, copy stride 5, each work group will copy 2046 elements and each work item item will copy 3 elements.
Testing half8
Global: 197439, local 341, local buffer 16368b, global buffer 9477072b, copy stride 1, each work group will copy 1023 elements and each work item item will copy 3 elements.
Testing half8
Global: 197439, local 341, local buffer 16368b, global buffer 28431216b, copy stride 3, each work group will copy 1023 elements and each work item item will copy 3 elements.
Testing half8
Global: 197439, local 341, local buffer 16368b, global buffer 37908288b, copy stride 4, each work group will copy 1023 elements and each work item item will copy 3 elements.
Testing half8
Global: 197439, local 341, local buffer 16368b, global buffer 47385360b, copy stride 5, each work group will copy 1023 elements and each work item item will copy 3 elements.
Testing half16
Global: 98430, local 170, local buffer 16320b, global buffer 9449280b, copy stride 1, each work group will copy 510 elements and each work item item will copy 3 elements.
Testing half16
Global: 98430, local 170, local buffer 16320b, global buffer 28347840b, copy stride 3, each work group will copy 510 elements and each work item item will copy 3 elements.
Testing half16
Global: 98430, local 170, local buffer 16320b, global buffer 37797120b, copy stride 4, each work group will copy 510 elements and each work item item will copy 3 elements.
Testing half16
Global: 98430, local 170, local buffer 16320b, global buffer 47246400b, copy stride 5, each work group will copy 510 elements and each work item item will copy 3 elements.
async_strided_copy_local_to_global passed
kernel_preprocessor_macros...
kernel_preprocessor_macros passed
kernel_memory_alignment_local...
Testing char...
	Testing parameter kernel...
	Testing local kernel...
Testing uchar...
	Testing parameter kernel...
	Testing local kernel...
Testing short...
	Testing parameter kernel...
	Testing local kernel...
Testing ushort...
	Testing parameter kernel...
	Testing local kernel...
Testing int...
	Testing parameter kernel...
	Testing local kernel...
Testing uint...
	Testing parameter kernel...
	Testing local kernel...
Testing long...
	Testing parameter kernel...
	Testing local kernel...
Testing ulong...
	Testing parameter kernel...
	Testing local kernel...
Testing float...
	Testing parameter kernel...
	Testing local kernel...
Extension cl_khr_fp64 not supported; skipping double tests.
kernel_memory_alignment_local passed
kernel_memory_alignment_global...
Testing char...
	Testing parameter kernel...
Testing uchar...
	Testing parameter kernel...
Testing short...
	Testing parameter kernel...
Testing ushort...
	Testing parameter kernel...
Testing int...
	Testing parameter kernel...
Testing uint...
	Testing parameter kernel...
Testing long...
	Testing parameter kernel...
Testing ulong...
	Testing parameter kernel...
Testing float...
	Testing parameter kernel...
Extension cl_khr_fp64 not supported; skipping double tests.
kernel_memory_alignment_global passed
kernel_memory_alignment_constant...
Device version string: "OpenCL 3.1 "
Testing char...
	Testing parameter kernel...
	Testing constant kernel...
Testing uchar...
	Testing parameter kernel...
	Testing constant kernel...
Testing short...
	Testing parameter kernel...
	Testing constant kernel...
Testing ushort...
	Testing parameter kernel...
	Testing constant kernel...
Testing int...
	Testing parameter kernel...
	Testing constant kernel...
Testing uint...
	Testing parameter kernel...
	Testing constant kernel...
Testing long...
	Testing parameter kernel...
	Testing constant kernel...
Testing ulong...
	Testing parameter kernel...
	Testing constant kernel...
Testing float...
	Testing parameter kernel...
	Testing constant kernel...
Extension cl_khr_fp64 not supported; skipping double tests.
kernel_memory_alignment_constant passed
kernel_memory_alignment_private...
Testing char...
	Testing local kernel...
Testing uchar...
	Testing local kernel...
Testing short...
	Testing local kernel...
Testing ushort...
	Testing local kernel...
Testing int...
	Testing local kernel...
Testing uint...
	Testing local kernel...
Testing long...
	Testing local kernel...
Testing ulong...
	Testing local kernel...
Testing float...
	Testing local kernel...
Extension cl_khr_fp64 not supported; skipping double tests.
kernel_memory_alignment_private passed
global_work_offsets...
	Testing 18,10,16 (18,10,4) with offsets (216,154,220)...
	Testing 18,14,7 (18,14,1) with offsets (160,165,98)...
	Testing 15,5,49 (15,5,7) with offsets (14,247,70)...
	Testing 13,8,31 (13,8,1) with offsets (208,135,123)...
	Testing 19,7,28 (19,7,7) with offsets (214,18,86)...
	Testing 3,11,3 (3,11,3) with offsets (94,213,245)...
	Testing 25,3,47 (25,3,1) with offsets (223,251,121)...
	Testing 26,13,6 (26,13,3) with offsets (133,200,174)...
	Testing 4,12,55 (4,12,11) with offsets (149,36,138)...
	Testing 31,13,6 (31,13,2) with offsets (27,106,121)...
	Testing 9,3,117 (9,3,13) with offsets (189,117,55)...
	Testing 19,3,2 (19,3,2) with offsets (83,158,38)...
	Testing 20,4,32 (20,4,8) with offsets (99,242,231)...
	Testing 22,8,9 (22,8,3) with offsets (157,112,231)...
	Testing 23,2,6 (23,2,6) with offsets (249,171,167)...
	Testing 22,3,14 (22,3,14) with offsets (92,33,192)...
global_work_offsets passed
get_global_offset...
	Testing 18,10,16 (18,10,4) with offsets (216,154,220)...
	Testing 18,14,7 (18,14,1) with offsets (160,165,98)...
	Testing 15,5,49 (15,5,7) with offsets (14,247,70)...
	Testing 13,8,31 (13,8,1) with offsets (208,135,123)...
	Testing 19,7,28 (19,7,7) with offsets (214,18,86)...
	Testing 3,11,3 (3,11,3) with offsets (94,213,245)...
	Testing 25,3,47 (25,3,1) with offsets (223,251,121)...
	Testing 26,13,6 (26,13,3) with offsets (133,200,174)...
	Testing 4,12,55 (4,12,11) with offsets (149,36,138)...
	Testing 31,13,6 (31,13,2) with offsets (27,106,121)...
	Testing 9,3,117 (9,3,13) with offsets (189,117,55)...
	Testing 19,3,2 (19,3,2) with offsets (83,158,38)...
	Testing 20,4,32 (20,4,8) with offsets (99,242,231)...
	Testing 22,8,9 (22,8,3) with offsets (157,112,231)...
	Testing 23,2,6 (23,2,6) with offsets (249,171,167)...
	Testing 22,3,14 (22,3,14) with offsets (92,33,192)...
get_global_offset passed
kernel_call_kernel_function...
Testing kernel calling kernel...
Passed kernel calling kernel...
Testing kernel calling function...
Passed kernel calling function...
Testing calling the kernel we called from another kernel before...
Passed calling the kernel we called from another kernel before...
kernel_call_kernel_function passed
local_kernel_scope...
	Testing with 4 groups, 256 elements per group...
local_kernel_scope passed
progvar_prog_scope_misc...
Skipping progvar_prog_scope_misc since it is optionally not supported on this device
progvar_prog_scope_misc test not supported
progvar_prog_scope_uninit...
Skipping progvar_prog_scope_uninit since it is optionally not supported on this device
progvar_prog_scope_uninit test not supported
progvar_prog_scope_init...
Skipping progvar_prog_scope_init since it is optionally not supported on this device
progvar_prog_scope_init test not supported
progvar_func_scope...
Skipping progvar_func_scope since it is optionally not supported on this device
progvar_func_scope test not supported
global_linear_id...
get_global_linear_id passed
get_global_linear_id passed
global_linear_id passed
local_linear_id...
get_local_linear_id passed
get_local_linear_id passed
local_linear_id passed
enqueued_local_size...
Non-uniform work group sizes are not supported, enqueuing with uniform workgroups
get_enqueued_local_size passed
get_enqueued_local_size passed
enqueued_local_size passed
simple_read_image_pitch...
simple_read_image_pitch passed
simple_write_image_pitch...
simple_write_image_pitch passed
get_linear_ids...
  testing offset=54881 global=3264 local=816...
  testing offset=(71519,84427) global=(52,60) local=(52,15)...
  testing offset=(54488,84726,42365) global=(14,14,10) local=(14,14,5)...
  testing offset=43759 global=2656 local=664...
  testing offset=(89178,5671) global=(64,40) local=(64,10)...
  testing offset=(38344,47766,79173) global=(16,12,12) local=(16,12,4)...
  testing offset=56805 global=2852 local=713...
  testing offset=(92560,83608) global=(32,44) local=(32,22)...
  testing offset=(8713,64817,2021) global=(10,16,16) local=(10,16,4)...
  testing offset=77816 global=2332 local=583...
  testing offset=(87002,87009) global=(64,48) local=(64,16)...
  testing offset=(79916,80091,46148) global=(12,14,14) local=(12,14,2)...
get_linear_ids passed
rw_image_access_qualifier...
rw_image_access_qualifier passed
FAILED 1 of 108 tests.
